key_hash,config_name,config_path,model,operation,batch_size,seq,tp,dp,pp,sp,cp,physical_topology,num_gpus,logical_topology,wall_time,gpu_time,comm_time,overlap,compute_util,memory_util,status,created_at
7b8d07db5b87f5c39182b12a07c9089b1c4cc7e0edc6539d31de1f3e90deec88,dp16_h100_alltoall_16gpus_direct_qwen_decode_bypass_bs64_sl1024,/home/haotian/waferchip/mesh2D/astra_sim_picasso/examples/run_scripts/analytical/congestion_aware/configs/dp16_h100_alltoall_16gpus_direct_qwen_decode_bypass_bs64_sl1024.json,qwen,decode_bypass,64,1024,,16,,,,alltoall,16gpus,direct,9785822,9785822,,,34.461,67.902,SUCCESS,2026-01-31 23:44:38
99b7d4c22c6fe681d08c2e338ccdbf5b74114e3c58366cb14d7a1fdc015a47eb,dp16_h100_alltoall_16gpus_ring_qwen_decode_bypass_bs64_sl1024,/home/haotian/waferchip/mesh2D/astra_sim_picasso/examples/run_scripts/analytical/congestion_aware/configs/dp16_h100_alltoall_16gpus_ring_qwen_decode_bypass_bs64_sl1024.json,qwen,decode_bypass,64,1024,,16,,,,alltoall,16gpus,ring,9785822,9785822,,,34.461,67.902,SUCCESS,2026-01-31 23:44:40
ab2e52693df9f3cf61892af8c2f8e2a15236f17290beeff9a0b274a35489432c,dp16_h100_mesh2d_4x4_direct_qwen_decode_bypass_bs64_sl1024,/home/haotian/waferchip/mesh2D/astra_sim_picasso/examples/run_scripts/analytical/congestion_aware/configs/dp16_h100_mesh2d_4x4_direct_qwen_decode_bypass_bs64_sl1024.json,qwen,decode_bypass,64,1024,,16,,,,mesh2d,4x4,direct,9785822,9785822,,,34.461,67.902,SUCCESS,2026-01-31 23:44:43
8a5dafe3a5638a008e8569c7c83a91f2935f69b96ad386a78461d7691e3ff61f,dp16_h100_mesh2d_4x4_ring_qwen_decode_bypass_bs64_sl1024,/home/haotian/waferchip/mesh2D/astra_sim_picasso/examples/run_scripts/analytical/congestion_aware/configs/dp16_h100_mesh2d_4x4_ring_qwen_decode_bypass_bs64_sl1024.json,qwen,decode_bypass,64,1024,,16,,,,mesh2d,4x4,ring,9785822,9785822,,,34.461,67.902,SUCCESS,2026-01-31 23:44:45
7ff1620a24b66657f2f00c9eb116935ddb6adaa2c12258ea00b15e4f241cfc11,tp16_h100_alltoall_16gpus_direct_qwen_decode_bypass_tp16_bs64_sl1024,/home/haotian/waferchip/mesh2D/astra_sim_picasso/examples/run_scripts/analytical/congestion_aware/configs/tp16_h100_alltoall_16gpus_direct_qwen_decode_bypass_tp16_bs64_sl1024.json,qwen,decode_bypass_tp16,64,1024,16,,,,,alltoall,16gpus,direct,15069946,11609422,7052820,3592296,29.77,72.724,SUCCESS,2026-01-31 23:45:00
086ed24f99846cfbe8ac33dfea873f41ced635d283b6709f1ac1e6f6b4bb329d,tp16_h100_alltoall_16gpus_ring_qwen_decode_bypass_tp16_bs64_sl1024,/home/haotian/waferchip/mesh2D/astra_sim_picasso/examples/run_scripts/analytical/congestion_aware/configs/tp16_h100_alltoall_16gpus_ring_qwen_decode_bypass_tp16_bs64_sl1024.json,qwen,decode_bypass_tp16,64,1024,16,,,,,alltoall,16gpus,ring,261431144,11609422,260335444,10513722,29.77,72.724,SUCCESS,2026-01-31 23:45:15
ca4bcb12096d004b57676db5c4abf588dae1f9aef375752c1758b92cd6f5cd15,tp16_h100_mesh2d_4x4_direct_qwen_decode_bypass_tp16_bs64_sl1024,/home/haotian/waferchip/mesh2D/astra_sim_picasso/examples/run_scripts/analytical/congestion_aware/configs/tp16_h100_mesh2d_4x4_direct_qwen_decode_bypass_tp16_bs64_sl1024.json,qwen,decode_bypass_tp16,64,1024,16,,,,,mesh2d,4x4,direct,24709645,11609422,22892793,9792570,29.77,72.724,SUCCESS,2026-01-31 23:48:41
7bd12dbcb974a599d4776e7b1849a13f6caea3562719444764c940aaadf52fac,tp16_h100_mesh2d_4x4_ring_qwen_decode_bypass_tp16_bs64_sl1024,/home/haotian/waferchip/mesh2D/astra_sim_picasso/examples/run_scripts/analytical/congestion_aware/configs/tp16_h100_mesh2d_4x4_ring_qwen_decode_bypass_tp16_bs64_sl1024.json,qwen,decode_bypass_tp16,64,1024,16,,,,,mesh2d,4x4,ring,42308496,11609422,41212796,10513722,29.77,72.724,SUCCESS,2026-01-31 23:54:04
c7b17ec55ba6fb2a8eedfeebd75c26e7aa6a312c13005b78be59db01c61b59dc,comm_tp16_all_gather_fc_ring,/home/haotian/waferchip/mesh2D/astra_sim_picasso/examples/run_scripts/analytical/congestion_aware/configs/comm_tp16_all_gather_fc_ring.json,,,,,,,,,,,,,127672,,127672,,0.0,0.0,SUCCESS,2026-02-01 06:24:13
fe9e7116bfc82eb7cb273a2d38fb2992340f4b5354d29f7f4ddd83577e6460a3,comm_tp16_all_gather_mesh2d_ring,/home/haotian/waferchip/mesh2D/astra_sim_picasso/examples/run_scripts/analytical/congestion_aware/configs/comm_tp16_all_gather_mesh2d_ring.json,,,,,,,,,,,,,38344,,38344,,0.0,0.0,SUCCESS,2026-02-01 06:24:13
f0dabf73c5686727795687fb7b08c505e97a75f453117db7b94d618611daaabc,comm_tp16_all_to_all_fc_ring,/home/haotian/waferchip/mesh2D/astra_sim_picasso/examples/run_scripts/analytical/congestion_aware/configs/comm_tp16_all_to_all_fc_ring.json,,,,,,,,,,,,,882329,,882329,,0.0,0.0,SUCCESS,2026-02-01 06:24:14
d4ae39ef8f272d7ec5ecaa015a6da9bfc893342319bde70841fce4282aca8a07,comm_tp16_all_to_all_mesh2d_ring,/home/haotian/waferchip/mesh2D/astra_sim_picasso/examples/run_scripts/analytical/congestion_aware/configs/comm_tp16_all_to_all_mesh2d_ring.json,,,,,,,,,,,,,68134,,68134,,0.0,0.0,SUCCESS,2026-02-01 06:24:14
d429873cb3c350091026fca8f3de85cbe3c6b81846e2dae041ff101c6fc3222f,comm_tp16_broadcast_fc_ring,/home/haotian/waferchip/mesh2D/astra_sim_picasso/examples/run_scripts/analytical/congestion_aware/configs/comm_tp16_broadcast_fc_ring.json,,,,,,,,,,,,,1,,1,,0.0,0.0,SUCCESS,2026-02-01 06:24:15
2906af9d8960aacbaab9645914e7c272171b59d3c5bbd61703894877d8425e00,comm_tp16_broadcast_mesh2d_ring,/home/haotian/waferchip/mesh2D/astra_sim_picasso/examples/run_scripts/analytical/congestion_aware/configs/comm_tp16_broadcast_mesh2d_ring.json,,,,,,,,,,,,,1,,1,,0.0,0.0,SUCCESS,2026-02-01 06:24:15
4209d566f2eea344a0e17294f890d536fdf6b457ed4e7caff7a7105ccec72870,comm_tp16_reduce_scatter_fc_ring,/home/haotian/waferchip/mesh2D/astra_sim_picasso/examples/run_scripts/analytical/congestion_aware/configs/comm_tp16_reduce_scatter_fc_ring.json,,,,,,,,,,,,,110729,,110729,,0.0,0.0,SUCCESS,2026-02-01 06:24:16
5e0382201095dbe583b93e91e2e8a762318aeab37184e18f58f6b0d3e40b29fd,comm_tp16_reduce_scatter_mesh2d_ring,/home/haotian/waferchip/mesh2D/astra_sim_picasso/examples/run_scripts/analytical/congestion_aware/configs/comm_tp16_reduce_scatter_mesh2d_ring.json,,,,,,,,,,,,,34414,,34414,,0.0,0.0,SUCCESS,2026-02-01 06:24:16
0884c9041e808204541e62e73d7dc1f5091501ec07ad210543d3ef0f683692b6,tp16_h100_mesh2d_4x4_onering_qwen_decode_bypass_tp16_bs64_sl1024,/home/haotian/waferchip/mesh2D/astra_sim_picasso/examples/run_scripts/analytical/congestion_aware/configs/tp16_h100_mesh2d_4x4_onering_qwen_decode_bypass_tp16_bs64_sl1024.json,qwen,decode_bypass_tp16,64,1024,16,,,,,mesh2d,4x4,onering,486782984,11609422,485687284,10513722,29.77,72.724,SUCCESS,2026-02-02 10:55:37
ebd47223b9efa3b83d776bdb103692eac214a4adefc68702dc5085354c9f2870,comm_all_reduce_2gpus_mesh2d_ring,/home/haotian/waferchip/mesh2D/astra_sim_picasso/examples/run_scripts/analytical/congestion_aware/configs/comm_all_reduce_2gpus_mesh2d_ring.json,,,,,,,,,,,,,157168,,157168,,0.0,0.0,SUCCESS,2026-02-05 00:24:10
06b4e224a25151f62dd0b23591e5c904e99686c0e56b2d34379d6d8338afb899,comm_all_reduce_8gpus_mesh2d_ring,/home/haotian/waferchip/mesh2D/astra_sim_picasso/examples/run_scripts/analytical/congestion_aware/configs/comm_all_reduce_8gpus_mesh2d_ring.json,,,,,,,,,,,,,367468,,367468,,0.0,0.0,SUCCESS,2026-02-05 00:24:11
bb046fafa554a0707e0e585a0fa79ea09b52dee03b6ad172807a99388d54de55,comm_all_reduce_4gpus_mesh2d_ring,/home/haotian/waferchip/mesh2D/astra_sim_picasso/examples/run_scripts/analytical/congestion_aware/configs/comm_all_reduce_4gpus_mesh2d_ring.json,,,,,,,,,,,,,157168,,157168,,0.0,0.0,SUCCESS,2026-02-05 00:24:11
bddd91a3f2015467b0eb1e2e39d8825cb36286baa1668982c0ddda5ecce05e28,comm_all_reduce_2gpus_mesh2d_onering,/home/haotian/waferchip/mesh2D/astra_sim_picasso/examples/run_scripts/analytical/congestion_aware/configs/comm_all_reduce_2gpus_mesh2d_onering.json,,,,,,,,,,,,,157168,,157168,,0.0,0.0,SUCCESS,2026-02-04 23:37:15
8f8c414c8262847c97600af5797c1d32ae9b4ee03a62886f327e1b599ee72f47,comm_all_reduce_4gpus_mesh2d_onering,/home/haotian/waferchip/mesh2D/astra_sim_picasso/examples/run_scripts/analytical/congestion_aware/configs/comm_all_reduce_4gpus_mesh2d_onering.json,,,,,,,,,,,,,247346,,247346,,0.0,0.0,SUCCESS,2026-02-04 23:37:15
34e468d71fe942e25383e2f089b158ef6c61a6ad7193684a268868e4fbd2d78d,comm_all_reduce_8gpus_mesh2d_onering,/home/haotian/waferchip/mesh2D/astra_sim_picasso/examples/run_scripts/analytical/congestion_aware/configs/comm_all_reduce_8gpus_mesh2d_onering.json,,,,,,,,,,,,,367468,,367468,,0.0,0.0,SUCCESS,2026-02-04 23:37:15
4739d87dc0ad6746402493a9220beec35ff11dc20cfce0f49fd8f1676cf8c6d8,comm_all_reduce_2gpus_fc_ring,/home/haotian/waferchip/mesh2D/astra_sim_picasso/examples/run_scripts/analytical/congestion_aware/configs/comm_all_reduce_2gpus_fc_ring.json,,,,,,,,,,,,,157168,,157168,,0.0,0.0,SUCCESS,2026-02-05 00:24:10
a2a0d0a587877cc9a4b69167ca40adb206ca71794dce5b2bb989e70e49d01a17,comm_all_reduce_4gpus_fc_ring,/home/haotian/waferchip/mesh2D/astra_sim_picasso/examples/run_scripts/analytical/congestion_aware/configs/comm_all_reduce_4gpus_fc_ring.json,,,,,,,,,,,,,235280,,235280,,0.0,0.0,SUCCESS,2026-02-05 00:24:11
a40f382d0ccd7bdebc49a7ced5328c077551cb87aada41a056e5120ffe7c558c,comm_all_reduce_8gpus_fc_ring,/home/haotian/waferchip/mesh2D/astra_sim_picasso/examples/run_scripts/analytical/congestion_aware/configs/comm_all_reduce_8gpus_fc_ring.json,,,,,,,,,,,,,274312,,274312,,0.0,0.0,SUCCESS,2026-02-05 00:24:11
c2776a478cc9e7b6e60016ba260b09d6a896e468468e3d145c8d93e33ea4d905,comm_all_reduce_4gpus_torus_ring,/home/haotian/waferchip/mesh2D/astra_sim_picasso/examples/run_scripts/analytical/congestion_aware/configs/comm_all_reduce_4gpus_torus_ring.json,,,,,,,,,,,,,235280,,235280,,0.0,0.0,SUCCESS,2026-02-05 00:24:11
8422f7bc33b496190e8cf61b1ea776fc49bba981dab687d74969c1759cd12e0e,comm_all_reduce_8gpus_torus_ring,/home/haotian/waferchip/mesh2D/astra_sim_picasso/examples/run_scripts/analytical/congestion_aware/configs/comm_all_reduce_8gpus_torus_ring.json,,,,,,,,,,,,,274312,,274312,,0.0,0.0,SUCCESS,2026-02-05 00:24:11
1c08b4c27c1060367a91999c170eb1176325478805820556f33fc2481a2dd9ef,tp16_h100_mesh2d_4x4_direct_qwen_decode_bypass_baseline_fwd_bs64_sl1024,/home/haotian/waferchip/mesh2D/astra_sim_picasso/examples/run_scripts/analytical/congestion_aware/configs/tp16_h100_mesh2d_4x4_direct_qwen_decode_bypass_baseline_fwd_bs64_sl1024.json,qwen,decode_bypass_baseline_fwd,64,1024,16,,,,,mesh2d,4x4,direct,78692074,73873898,5019056,200880,48.03,53.698,SUCCESS,2026-02-25 00:55:57
62670e0d51aa6a50eff3fa3aff83e0658c885936caae7e1c3e946ceb9cd75413,tp16_h100_mesh2d_4x4_direct_qwen_decode_bypass_hmp_fwd_bs64_sl1024,/home/haotian/waferchip/mesh2D/astra_sim_picasso/examples/run_scripts/analytical/congestion_aware/configs/tp16_h100_mesh2d_4x4_direct_qwen_decode_bypass_hmp_fwd_bs64_sl1024.json,qwen,decode_bypass_hmp_fwd,64,1024,16,,,,,mesh2d,4x4,direct,78900194,74004218,5096856,200880,48.121,53.616,SUCCESS,2026-02-25 00:57:45
d640226c92a9cf427322754ea27861b04ab99686151a9d585aadb25a837392c9,tp16_h100_mesh2d_4x4_onering_qwen_decode_bypass_baseline_fwd_bs64_sl1024,/home/haotian/waferchip/mesh2D/astra_sim_picasso/examples/run_scripts/analytical/congestion_aware/configs/tp16_h100_mesh2d_4x4_onering_qwen_decode_bypass_baseline_fwd_bs64_sl1024.json,qwen,decode_bypass_baseline_fwd,64,1024,16,,,,,mesh2d,4x4,onering,78692074,73873898,5019056,200880,48.03,53.698,SUCCESS,2026-02-25 00:59:46
b9a3d297fbec45b5becaf33649302f45b6b6ee1e70f8d18d24454253d9ffcbaf,tp16_h100_mesh2d_4x4_onering_qwen_decode_bypass_hmp_fwd_bs64_sl1024,/home/haotian/waferchip/mesh2D/astra_sim_picasso/examples/run_scripts/analytical/congestion_aware/configs/tp16_h100_mesh2d_4x4_onering_qwen_decode_bypass_hmp_fwd_bs64_sl1024.json,qwen,decode_bypass_hmp_fwd,64,1024,16,,,,,mesh2d,4x4,onering,78900194,74004218,5096856,200880,48.121,53.616,SUCCESS,2026-02-25 01:01:33
8b3baa8a55dc238b682e43039907a826549f2a758c87f5a8e9c841ca6b44ec01,tp16_h100_mesh2d_4x4_ring_qwen_decode_bypass_baseline_fwd_bs64_sl1024,/home/haotian/waferchip/mesh2D/astra_sim_picasso/examples/run_scripts/analytical/congestion_aware/configs/tp16_h100_mesh2d_4x4_ring_qwen_decode_bypass_baseline_fwd_bs64_sl1024.json,qwen,decode_bypass_baseline_fwd,64,1024,16,,,,,mesh2d,4x4,ring,78692074,73873898,5019056,200880,48.03,53.698,SUCCESS,2026-02-25 01:03:34
d81ba96bc9223fbd76205e93b8fa19d71721add41bba1b8f6dc44f5d720486d1,tp16_h100_mesh2d_4x4_ring_qwen_decode_bypass_hmp_fwd_bs64_sl1024,/home/haotian/waferchip/mesh2D/astra_sim_picasso/examples/run_scripts/analytical/congestion_aware/configs/tp16_h100_mesh2d_4x4_ring_qwen_decode_bypass_hmp_fwd_bs64_sl1024.json,qwen,decode_bypass_hmp_fwd,64,1024,16,,,,,mesh2d,4x4,ring,78900194,74004218,5096856,200880,48.121,53.616,SUCCESS,2026-02-25 01:05:21
6b71d71390642aef399374286d00d1f0d793403ef1104614ca4ce0f068338568,tp16_hbm4_mesh2d_4x4_onering_qwen_decode_bypass_baseline_fwd_bs64_sl1024,/home/haotian/waferchip/mesh2D/astra_sim_picasso/examples/run_scripts/analytical/congestion_aware/configs/tp16_hbm4_mesh2d_4x4_onering_qwen_decode_bypass_baseline_fwd_bs64_sl1024.json,qwen,decode_bypass_baseline_fwd,64,1024,16,,,,,mesh2d,4x4,onering,58949760,40159950,18868864,79054,96.357,5.286,SUCCESS,2026-02-26 23:00:39
b0dd2b9c422005b7db76315fdcab1cd76e28ac9e64359a7cb37ab73978e9ec76,tp16_hbm4_mesh2d_4x4_onering_qwen_decode_bypass_hmp_fwd_bs64_sl1024,/home/haotian/waferchip/mesh2D/astra_sim_picasso/examples/run_scripts/analytical/congestion_aware/configs/tp16_hbm4_mesh2d_4x4_onering_qwen_decode_bypass_hmp_fwd_bs64_sl1024.json,qwen,decode_bypass_hmp_fwd,64,1024,16,,,,,mesh2d,4x4,onering,58849758,41790568,17217298,158108,96.151,5.479,SUCCESS,2026-02-26 23:00:41
bc6c091d51fd39a883d641e32d206893f42c4b86c695d6498ca1c46fec616498,tp16_hbm4_mesh2d_4x4_onering_qwen_decode_bypass_tp16_bs64_sl1024,/home/haotian/waferchip/mesh2D/astra_sim_picasso/examples/run_scripts/analytical/congestion_aware/configs/tp16_hbm4_mesh2d_4x4_onering_qwen_decode_bypass_tp16_bs64_sl1024.json,qwen,decode_bypass_tp16,64,1024,16,,,,,mesh2d,4x4,onering,19854382,6344702,13509680,,18.793,82.569,SUCCESS,2026-02-26 02:37:50
1ea2ffe5f5b9977299ea1cc3c26f759e3ab3094553ff010c09ab2946485a7e35,tp16_hbm4_mesh2d_4x4_onering_qwen_decode_bypass_tp16_bs64_sl1024,/home/haotian/waferchip/mesh2D/astra_sim_picasso/examples/run_scripts/analytical/congestion_aware/configs/tp16_hbm4_mesh2d_4x4_onering_qwen_decode_bypass_tp16_bs64_sl1024.json,qwen,decode_bypass_tp16,64,1024,16,,,,,mesh2d,4x4,onering,59083090,45573410,13509680,,86.956,15.404,SUCCESS,2026-02-26 23:00:43
6066286947ba2463d0f4ae1f1ecff6408efc2558914386232094177758c9c7ac,comm_all_reduce_16gpus_fc_ring,/home/haotian/waferchip/mesh2D/astra_sim_picasso/examples/run_scripts/analytical/congestion_aware/configs/comm_all_reduce_16gpus_fc_ring.json,,,,,,,,,,,,,292821,,292821,,0.0,0.0,SUCCESS,2026-02-26 22:59:54
8649382eca473a4ebc4c752ba7fb0861c12333afb9fff9f4689c965cd471c44d,comm_all_reduce_16gpus_mesh2d_onering,/home/haotian/waferchip/mesh2D/astra_sim_picasso/examples/run_scripts/analytical/congestion_aware/configs/comm_all_reduce_16gpus_mesh2d_onering.json,,,,,,,,,,,,,315786,,315786,,0.0,0.0,SUCCESS,2026-02-26 22:59:58
a20dbd60e096be590241790f56a8185fa0f58fb6e74b88d440c84b300b28f24a,comm_all_reduce_16gpus_mesh2d_onering_HBM4,/home/haotian/waferchip/mesh2D/astra_sim_picasso/examples/run_scripts/analytical/congestion_aware/configs/comm_all_reduce_16gpus_mesh2d_onering_HBM4.json,,,,,,,,,,,,,139978,,139978,,0.0,0.0,SUCCESS,2026-02-26 23:00:01
5a8377dbad7edbbc5649b589019e16cbde3a2893b3b675bee1f1e088e9576df6,comm_all_reduce_16gpus_mesh2d_ring,/home/haotian/waferchip/mesh2D/astra_sim_picasso/examples/run_scripts/analytical/congestion_aware/configs/comm_all_reduce_16gpus_mesh2d_ring.json,,,,,,,,,,,,,239241,,239241,,0.0,0.0,SUCCESS,2026-02-26 23:00:02
d1d3c500c9311ab4918db7007cd8fc4cc7f2d65a1a400088ce2ab02bb1dea0c0,comm_all_reduce_16gpus_mesh2d_ring_HBM4,/home/haotian/waferchip/mesh2D/astra_sim_picasso/examples/run_scripts/analytical/congestion_aware/configs/comm_all_reduce_16gpus_mesh2d_ring_HBM4.json,,,,,,,,,,,,,76296,,76296,,0.0,0.0,SUCCESS,2026-02-26 23:00:03
bbe97c0f7bc57edb654b45821e83b6ee8a137af498845e056817375fd8e0ff85,comm_all_reduce_16gpus_sparsemesh2d_onering_ring,/home/haotian/waferchip/mesh2D/astra_sim_picasso/examples/run_scripts/analytical/congestion_aware/configs/comm_all_reduce_16gpus_sparsemesh2d_onering_ring.json,,,,,,,,,,,,,294043,,294043,,0.0,0.0,SUCCESS,2026-02-26 23:00:04
4b90e4897925c3dddc338ae0d439fca3eda3f763033270fd67b56f040703a70e,comm_all_reduce_16gpus_torus_ring,/home/haotian/waferchip/mesh2D/astra_sim_picasso/examples/run_scripts/analytical/congestion_aware/configs/comm_all_reduce_16gpus_torus_ring.json,,,,,,,,,,,,,292821,,292821,,0.0,0.0,SUCCESS,2026-02-26 23:00:04
d61225eb7e8f971fb17340fd3da19606a7b00c3e1a03c81b8b70b6087cf1d684,comm_all_reduce_2gpus_mesh2d_onering_HBM4,/home/haotian/waferchip/mesh2D/astra_sim_picasso/examples/run_scripts/analytical/congestion_aware/configs/comm_all_reduce_2gpus_mesh2d_onering_HBM4.json,,,,,,,,,,,,,43796,,43796,,0.0,0.0,SUCCESS,2026-02-26 23:00:04
40340eb77741a0950cd1826185088037b8ec1274fe35f4bf852dc7340aab2f9f,comm_all_reduce_2gpus_mesh2d_ring_HBM4,/home/haotian/waferchip/mesh2D/astra_sim_picasso/examples/run_scripts/analytical/congestion_aware/configs/comm_all_reduce_2gpus_mesh2d_ring_HBM4.json,,,,,,,,,,,,,43796,,43796,,0.0,0.0,SUCCESS,2026-02-26 23:00:04
a286c43cc377a4f2bcad4a7e47f115064c1be465dae3ada39f50a3a88c5652f5,comm_all_reduce_2gpus_sparsemesh2d_onering_ring,/home/haotian/waferchip/mesh2D/astra_sim_picasso/examples/run_scripts/analytical/congestion_aware/configs/comm_all_reduce_2gpus_sparsemesh2d_onering_ring.json,,,,,,,,,,,,,156269,,156269,,0.0,0.0,SUCCESS,2026-02-26 23:00:04
f14b3ee3d389f407d8bafe3a0cbb10d2cbc2d553a03ef48f5e7f3fc1f2312d6f,comm_all_reduce_4gpus_mesh2d_onering_HBM4,/home/haotian/waferchip/mesh2D/astra_sim_picasso/examples/run_scripts/analytical/congestion_aware/configs/comm_all_reduce_4gpus_mesh2d_onering_HBM4.json,,,,,,,,,,,,,74332,,74332,,0.0,0.0,SUCCESS,2026-02-26 23:00:04
620a0aeec80446928657f6e603567bef38e5f837a6617d0d92671c486d316700,comm_all_reduce_4gpus_mesh2d_ring_HBM4,/home/haotian/waferchip/mesh2D/astra_sim_picasso/examples/run_scripts/analytical/congestion_aware/configs/comm_all_reduce_4gpus_mesh2d_ring_HBM4.json,,,,,,,,,,,,,43906,,43906,,0.0,0.0,SUCCESS,2026-02-26 23:00:05
891548dc0837e16c8bf1e9397b7f3570ac7dc281e295ecdf939bb4c2d8d04431,comm_all_reduce_4gpus_sparsemesh2d_onering_ring,/home/haotian/waferchip/mesh2D/astra_sim_picasso/examples/run_scripts/analytical/congestion_aware/configs/comm_all_reduce_4gpus_sparsemesh2d_onering_ring.json,,,,,,,,,,,,,234381,,234381,,0.0,0.0,SUCCESS,2026-02-26 23:00:05
1e68b445c06fbcaa8c631af053678db4035c1b5e3328c6a169856980d503ec14,comm_all_reduce_4gpus_torus_ring,/home/haotian/waferchip/mesh2D/astra_sim_picasso/examples/run_scripts/analytical/congestion_aware/configs/comm_all_reduce_4gpus_torus_ring.json,,,,,,,,,,,,,234381,,234381,,0.0,0.0,SUCCESS,2026-02-26 23:00:05
314884feda71b6d679623bc7dc041e9780053cdb13b062fb7d13d9b1e3356654,comm_all_reduce_8gpus_mesh2d_onering_HBM4,/home/haotian/waferchip/mesh2D/astra_sim_picasso/examples/run_scripts/analytical/congestion_aware/configs/comm_all_reduce_8gpus_mesh2d_onering_HBM4.json,,,,,,,,,,,,,95042,,95042,,0.0,0.0,SUCCESS,2026-02-26 23:00:05
5893af15baa73fc037e6fa7d0d6fecfadd35e794d8e46317bc56b52c43f006d5,comm_all_reduce_8gpus_mesh2d_ring_HBM4,/home/haotian/waferchip/mesh2D/astra_sim_picasso/examples/run_scripts/analytical/congestion_aware/configs/comm_all_reduce_8gpus_mesh2d_ring_HBM4.json,,,,,,,,,,,,,75352,,75352,,0.0,0.0,SUCCESS,2026-02-26 23:00:05
f137bb012bc0c61c5ddea89283392eb7bdda53f2293479e196fe5035c65f4916,comm_all_reduce_8gpus_sparsemesh2d_onering_ring,/home/haotian/waferchip/mesh2D/astra_sim_picasso/examples/run_scripts/analytical/congestion_aware/configs/comm_all_reduce_8gpus_sparsemesh2d_onering_ring.json,,,,,,,,,,,,,273413,,273413,,0.0,0.0,SUCCESS,2026-02-26 23:00:05
14aa967b44d39fb4731f7db6ea0219cc77b296efb62a03f2a40405ddc6d19830,comm_all_reduce_8gpus_torus_ring,/home/haotian/waferchip/mesh2D/astra_sim_picasso/examples/run_scripts/analytical/congestion_aware/configs/comm_all_reduce_8gpus_torus_ring.json,,,,,,,,,,,,,273413,,273413,,0.0,0.0,SUCCESS,2026-02-26 23:00:05
ce49266e65b41b7841e4cf979fc9bf8890cea2ad863febab939bd99af07808e9,comm_tp16_all_gather_fc_ring,/home/haotian/waferchip/mesh2D/astra_sim_picasso/examples/run_scripts/analytical/congestion_aware/configs/comm_tp16_all_gather_fc_ring.json,,,,,,,,,,,,,36501,,36501,,0.0,0.0,SUCCESS,2026-02-26 23:00:05
28cb8ec812f3c38072f2934fac308c9e076e243a47cbf24137b9873e7e62c1d2,comm_tp16_all_reduce_fc_ring,/home/haotian/waferchip/mesh2D/astra_sim_picasso/examples/run_scripts/analytical/congestion_aware/configs/comm_tp16_all_reduce_fc_ring.json,,,,,,,,,,,,,5249,,5249,,0.0,0.0,SUCCESS,2026-02-26 23:00:05
7e511cafd27e0ceee73048e94345776c3af7bdd5efa233bb27ec29e05c00f319,comm_tp16_all_reduce_sparsemesh2d_onering_ring,/home/haotian/waferchip/mesh2D/astra_sim_picasso/examples/run_scripts/analytical/congestion_aware/configs/comm_tp16_all_reduce_sparsemesh2d_onering_ring.json,,,,,,,,,,,,,3865,,3865,,0.0,0.0,SUCCESS,2026-02-26 23:00:06
aed3e38a2ad3d2cecfa387a6385b7ec25ebd3eec6ee0ede920dd7badd0e2ea81,comm_tp16_all_to_all_fc_ring,/home/haotian/waferchip/mesh2D/astra_sim_picasso/examples/run_scripts/analytical/congestion_aware/configs/comm_tp16_all_to_all_fc_ring.json,,,,,,,,,,,,,19289,,19289,,0.0,0.0,SUCCESS,2026-02-26 23:00:06
1594b7732b55172acc576a593bc85467e966297754416ff0794d84732d441f42,comm_tp16_broadcast_fc_ring,/home/haotian/waferchip/mesh2D/astra_sim_picasso/examples/run_scripts/analytical/congestion_aware/configs/comm_tp16_broadcast_fc_ring.json,,,,,,,,,,,,,1,,1,,0.0,0.0,SUCCESS,2026-02-26 23:00:06
22179bd492384f6594c843c959a7c99bc8c760406acb99fee59efb73f108dca6,comm_tp16_reduce_scatter_fc_ring,/home/haotian/waferchip/mesh2D/astra_sim_picasso/examples/run_scripts/analytical/congestion_aware/configs/comm_tp16_reduce_scatter_fc_ring.json,,,,,,,,,,,,,2849,,2849,,0.0,0.0,SUCCESS,2026-02-26 23:00:06
59c6655cea67d63128fb4bf24bad553c23d4692bcde02fdd63ad3f0fce3d155f,dp16_h100_alltoall_16gpus_direct_qwen_decode_bypass_bs64_sl1024,/home/haotian/waferchip/mesh2D/astra_sim_picasso/examples/run_scripts/analytical/congestion_aware/configs/dp16_h100_alltoall_16gpus_direct_qwen_decode_bypass_bs64_sl1024.json,qwen,decode_bypass,64,1024,,16,,,,alltoall,16gpus,direct,9785822,9785822,,,34.461,67.902,SUCCESS,2026-02-26 23:00:08
6ec1b1fcfce2f1f0db287973f21cf2b7190291df6e743c5e0829e1e0aadc7d10,dp16_h100_alltoall_16gpus_ring_qwen_decode_bypass_bs64_sl1024,/home/haotian/waferchip/mesh2D/astra_sim_picasso/examples/run_scripts/analytical/congestion_aware/configs/dp16_h100_alltoall_16gpus_ring_qwen_decode_bypass_bs64_sl1024.json,qwen,decode_bypass,64,1024,,16,,,,alltoall,16gpus,ring,9785822,9785822,,,34.461,67.902,SUCCESS,2026-02-26 23:00:10
61089f497e795926c515d91394143cbcc87f8822b4a9799f2b095d8c359d638a,tp16_h100_alltoall_16gpus_direct_qwen_decode_bypass_tp16_bs64_sl1024,/home/haotian/waferchip/mesh2D/astra_sim_picasso/examples/run_scripts/analytical/congestion_aware/configs/tp16_h100_alltoall_16gpus_direct_qwen_decode_bypass_tp16_bs64_sl1024.json,qwen,decode_bypass_tp16,64,1024,16,,,,,alltoall,16gpus,direct,10053848,6353350,3700498,,18.916,82.457,SUCCESS,2026-02-26 23:00:13
f865ad1a6a4ba8a3f9d6b6a133f1145f49f0494cf1633e8f708806ce2d5f5bd8,tp16_h100_alltoall_16gpus_ring_qwen_decode_bypass_tp16_bs64_sl1024,/home/haotian/waferchip/mesh2D/astra_sim_picasso/examples/run_scripts/analytical/congestion_aware/configs/tp16_h100_alltoall_16gpus_ring_qwen_decode_bypass_tp16_bs64_sl1024.json,qwen,decode_bypass_tp16,64,1024,16,,,,,alltoall,16gpus,ring,61725272,6353350,55371922,,18.916,82.457,SUCCESS,2026-02-26 23:00:14
0f3827d09692f12a205a4f38be08a2d962a8f73b7dbf806be46ff25a7c14969f,tp16_hbm4_mesh2d_4x4_onering_qwen_gqa_baseline_fwd_bs64_sl1024,/home/haotian/waferchip/mesh2D/astra_sim_picasso/examples/run_scripts/analytical/congestion_aware/configs/tp16_gqa/tp16_hbm4_mesh2d_4x4_onering_qwen_gqa_baseline_fwd_bs64_sl1024.json,qwen,gqa_baseline_fwd,64,1024,16,,,,,mesh2d,4x4,onering,94159,14820,79759,420,94.786,6.234,SUCCESS,2026-03-02 20:32:59
75817cb9c9066dfdb930d49d9f7b908715f5ff2cb5712bd767a8a6d87cf80a33,tp16_hbm4_mesh2d_4x4_onering_qwen_gqa_hmp_fwd_bs64_sl1024,/home/haotian/waferchip/mesh2D/astra_sim_picasso/examples/run_scripts/analytical/congestion_aware/configs/tp16_gqa/tp16_hbm4_mesh2d_4x4_onering_qwen_gqa_hmp_fwd_bs64_sl1024.json,qwen,gqa_hmp_fwd,64,1024,16,,,,,mesh2d,4x4,onering,63333,21531,42222,420,96.411,4.656,SUCCESS,2026-03-02 20:32:59
3f7e839b7dc382a79368ad0efa08205f77bf21f955609621cb2845f3223d0ef0,tp16_hbm4_mesh2d_4x4_onering_qwen_gqa_tp16_fwd_bs64_sl1024,/home/haotian/waferchip/mesh2D/astra_sim_picasso/examples/run_scripts/analytical/congestion_aware/configs/tp16_gqa/tp16_hbm4_mesh2d_4x4_onering_qwen_gqa_tp16_fwd_bs64_sl1024.json,qwen,gqa_tp16_fwd,64,1024,16,,,,,mesh2d,4x4,onering,110414,83934,26480,,41.311,64.242,SUCCESS,2026-03-02 20:32:59
21db3686f7ab7523d3c20d5465730b9ec59f634d1f7c5989f5c99702920b57e7,tp16_hbm4_mesh2d_4x4_onering_qwen_gqa_baseline_fwd_bs64_sl1024,/home/haotian/waferchip/mesh2D/astra_sim_picasso/examples/run_scripts/analytical/congestion_aware/configs/tp16_gqa/tp16_hbm4_real_mesh2d_4x4_onering_qwen_gqa_baseline_fwd_bs64_sl1024.json,qwen,gqa_baseline_fwd,64,1024,16,,,,,mesh2d,4x4,onering,65993,29647,37187,841,94.778,6.158,SUCCESS,2026-03-02 20:36:25
990059c5fa6f1863c5f86f2f4d067532c4a151490df182b5f4c73a63e3dbc7a7,tp16_hbm4_mesh2d_4x4_onering_qwen_gqa_hmp_fwd_bs64_sl1024,/home/haotian/waferchip/mesh2D/astra_sim_picasso/examples/run_scripts/analytical/congestion_aware/configs/tp16_gqa/tp16_hbm4_real_mesh2d_4x4_onering_qwen_gqa_hmp_fwd_bs64_sl1024.json,qwen,gqa_hmp_fwd,64,1024,16,,,,,mesh2d,4x4,onering,59938,43069,17710,841,96.405,4.421,SUCCESS,2026-03-02 20:36:27
0db3b614af751772dd23bfce024ede913d6cb362b1ba26368bfbe4f0e5ea776a,tp16_hbm4_mesh2d_4x4_onering_qwen_gqa_tp16_fwd_bs64_sl1024,/home/haotian/waferchip/mesh2D/astra_sim_picasso/examples/run_scripts/analytical/congestion_aware/configs/tp16_gqa/tp16_hbm4_real_mesh2d_4x4_onering_qwen_gqa_tp16_fwd_bs64_sl1024.json,qwen,gqa_tp16_fwd,64,1024,16,,,,,mesh2d,4x4,onering,268484,268484,,,81.652,20.23,SUCCESS,2026-03-02 20:40:43
d5c0398785642b3f5d7da6f751d4326996f67e3ab5e52f6d30ffa5f7b0d68172,tp16_hbm4_mesh2d_4x4_onering_qwen_decode_bypass_baseline_fwd_bs64_sl1024,/home/haotian/waferchip/mesh2D/astra_sim_picasso/examples/run_scripts/analytical/congestion_aware/configs/tp16_e2e/tp16_hbm4_real_mesh2d_4x4_onering_qwen_decode_bypass_baseline_fwd_bs64_sl1024.json,qwen,decode_bypass_baseline_fwd,64,1024,16,,,,,mesh2d,4x4,onering,48168034,40159950,8087138,79054,96.357,5.286,SUCCESS,2026-02-27 17:43:11
525a0e53bbc48d749d252bfbc185fd7ab27d870353e82c8ef569062344d70493,tp16_hbm4_mesh2d_4x4_onering_qwen_decode_bypass_hmp_fwd_bs64_sl1024,/home/haotian/waferchip/mesh2D/astra_sim_picasso/examples/run_scripts/analytical/congestion_aware/configs/tp16_e2e/tp16_hbm4_real_mesh2d_4x4_onering_qwen_decode_bypass_hmp_fwd_bs64_sl1024.json,qwen,decode_bypass_hmp_fwd,64,1024,16,,,,,mesh2d,4x4,onering,48851514,41790568,7219054,158108,96.151,5.479,SUCCESS,2026-02-27 17:45:22
f813bd94ff39af13ef5c05229797388e3a57b40b6d0397561902b8c52c221717,tp16_hbm4_mesh2d_4x4_onering_qwen_decode_bypass_tp16_bs64_sl1024,/home/haotian/waferchip/mesh2D/astra_sim_picasso/examples/run_scripts/analytical/congestion_aware/configs/tp16_e2e/tp16_hbm4_real_mesh2d_4x4_onering_qwen_decode_bypass_tp16_bs64_sl1024.json,qwen,decode_bypass_tp16,64,1024,16,,,,,mesh2d,4x4,onering,62721554,45573410,17148144,,86.956,15.404,SUCCESS,2026-02-27 17:49:38
31fdc0ad6ba07c3aa5e762ff4d09212d75cba569f17e368fd78366bedb3c15e3,comm_all_reduce_16gpus_fc_ring,/home/haotian/waferchip/mesh2D/astra_sim_picasso/examples/run_scripts/analytical/congestion_aware/configs/comm_allreduce/comm_all_reduce_16gpus_fc_ring.json,,,,,,,,,,,,,292821,,292821,,0.0,0.0,SUCCESS,2026-02-27 19:20:06
dcfed995ca36e21b9413a099e3759f1e504e73eb45738642df422e01fa912133,comm_all_reduce_16gpus_mesh2d_onering,/home/haotian/waferchip/mesh2D/astra_sim_picasso/examples/run_scripts/analytical/congestion_aware/configs/comm_allreduce/comm_all_reduce_16gpus_mesh2d_onering.json,,,,,,,,,,,,,315786,,315786,,0.0,0.0,SUCCESS,2026-02-27 19:20:09
d18b40fde042093a24948e32fc0d38017afafc3569b6a993a76c6107c0ed5a14,comm_all_reduce_16gpus_mesh2d_onering_HBM4,/home/haotian/waferchip/mesh2D/astra_sim_picasso/examples/run_scripts/analytical/congestion_aware/configs/comm_allreduce/comm_all_reduce_16gpus_mesh2d_onering_HBM4.json,,,,,,,,,,,,,139978,,139978,,0.0,0.0,SUCCESS,2026-02-27 19:20:11
8f899d43e1c6ebab2dec657f5f4438992fb52936d534c58fa66514e325cab03c,comm_all_reduce_16gpus_mesh2d_ring,/home/haotian/waferchip/mesh2D/astra_sim_picasso/examples/run_scripts/analytical/congestion_aware/configs/comm_allreduce/comm_all_reduce_16gpus_mesh2d_ring.json,,,,,,,,,,,,,239241,,239241,,0.0,0.0,SUCCESS,2026-02-27 19:20:12
b2343747d1f504d696518019a6efb6ac7e3f268be120c27d3a4e5e9fe24c2973,comm_all_reduce_16gpus_mesh2d_ring_HBM4,/home/haotian/waferchip/mesh2D/astra_sim_picasso/examples/run_scripts/analytical/congestion_aware/configs/comm_allreduce/comm_all_reduce_16gpus_mesh2d_ring_HBM4.json,,,,,,,,,,,,,76296,,76296,,0.0,0.0,SUCCESS,2026-02-27 19:20:13
20a358712d8bc2edd272c90ba153ccc5108c749735829e5b08b64260f30de334,comm_all_reduce_16gpus_sparsemesh2d_onering_ring,/home/haotian/waferchip/mesh2D/astra_sim_picasso/examples/run_scripts/analytical/congestion_aware/configs/comm_allreduce/comm_all_reduce_16gpus_sparsemesh2d_onering_ring.json,,,,,,,,,,,,,294043,,294043,,0.0,0.0,SUCCESS,2026-02-27 19:20:14
45ae2a67bf2e4df3cde63b0946766eb80f37029a61e498822f3eb90dc4da629e,comm_all_reduce_16gpus_torus_ring,/home/haotian/waferchip/mesh2D/astra_sim_picasso/examples/run_scripts/analytical/congestion_aware/configs/comm_allreduce/comm_all_reduce_16gpus_torus_ring.json,,,,,,,,,,,,,292821,,292821,,0.0,0.0,SUCCESS,2026-02-27 19:20:14
505473928af307378be6f9929230a4c31c4844aaa3b3d460d2530bcf82eb3522,comm_all_reduce_2gpus_fc_ring,/home/haotian/waferchip/mesh2D/astra_sim_picasso/examples/run_scripts/analytical/congestion_aware/configs/comm_allreduce/comm_all_reduce_2gpus_fc_ring.json,,,,,,,,,,,,,156269,,156269,,0.0,0.0,SUCCESS,2026-02-27 19:20:14
6127eb05b5dbbb61c8bad41c2bdec4a029f55edc473fc32c4d6a22139115e64c,comm_all_reduce_2gpus_mesh2d_onering,/home/haotian/waferchip/mesh2D/astra_sim_picasso/examples/run_scripts/analytical/congestion_aware/configs/comm_allreduce/comm_all_reduce_2gpus_mesh2d_onering.json,,,,,,,,,,,,,156269,,156269,,0.0,0.0,SUCCESS,2026-02-27 19:20:14
9aff2e8189b36ba83cd720617e7dd7268621fcb6c0cc1ced17446420c5e24c8f,comm_all_reduce_2gpus_mesh2d_onering_HBM4,/home/haotian/waferchip/mesh2D/astra_sim_picasso/examples/run_scripts/analytical/congestion_aware/configs/comm_allreduce/comm_all_reduce_2gpus_mesh2d_onering_HBM4.json,,,,,,,,,,,,,43796,,43796,,0.0,0.0,SUCCESS,2026-02-27 19:20:14
b29f525f453038b87edb7bb727b91073ef02d3cb9491a5520dd09472aeaa413c,comm_all_reduce_2gpus_mesh2d_ring,/home/haotian/waferchip/mesh2D/astra_sim_picasso/examples/run_scripts/analytical/congestion_aware/configs/comm_allreduce/comm_all_reduce_2gpus_mesh2d_ring.json,,,,,,,,,,,,,156269,,156269,,0.0,0.0,SUCCESS,2026-02-27 19:20:14
0f6c09435ab25d10ebcae1c508b7102fd2290e8bdc2e0da3c8f7f74acb2a594a,comm_all_reduce_2gpus_mesh2d_ring_HBM4,/home/haotian/waferchip/mesh2D/astra_sim_picasso/examples/run_scripts/analytical/congestion_aware/configs/comm_allreduce/comm_all_reduce_2gpus_mesh2d_ring_HBM4.json,,,,,,,,,,,,,43796,,43796,,0.0,0.0,SUCCESS,2026-02-27 19:20:14
ac01f18ab3bf487514a245decff20acdca87fc535a6ccbdb6367f3479c3cc3c8,comm_all_reduce_2gpus_sparsemesh2d_onering_ring,/home/haotian/waferchip/mesh2D/astra_sim_picasso/examples/run_scripts/analytical/congestion_aware/configs/comm_allreduce/comm_all_reduce_2gpus_sparsemesh2d_onering_ring.json,,,,,,,,,,,,,156269,,156269,,0.0,0.0,SUCCESS,2026-02-27 19:20:14
eef59aa89a8a5099ea250f03f7d2c5671dcc1295c7eef94551720859c6a14546,comm_all_reduce_4gpus_fc_ring,/home/haotian/waferchip/mesh2D/astra_sim_picasso/examples/run_scripts/analytical/congestion_aware/configs/comm_allreduce/comm_all_reduce_4gpus_fc_ring.json,,,,,,,,,,,,,234381,,234381,,0.0,0.0,SUCCESS,2026-02-27 19:20:14
c8bf38b883a42103a42b6683b1bd1d62d3e03690bb945caf7797a97460d24736,comm_all_reduce_4gpus_mesh2d_onering,/home/haotian/waferchip/mesh2D/astra_sim_picasso/examples/run_scripts/analytical/congestion_aware/configs/comm_allreduce/comm_all_reduce_4gpus_mesh2d_onering.json,,,,,,,,,,,,,244147,,244147,,0.0,0.0,SUCCESS,2026-02-27 19:20:14
cd0be7af62faa527fa72a2d4f7370816a8f79da9b453ecdbc0fb3f0c252f8fea,comm_all_reduce_4gpus_mesh2d_onering_HBM4,/home/haotian/waferchip/mesh2D/astra_sim_picasso/examples/run_scripts/analytical/congestion_aware/configs/comm_allreduce/comm_all_reduce_4gpus_mesh2d_onering_HBM4.json,,,,,,,,,,,,,74332,,74332,,0.0,0.0,SUCCESS,2026-02-27 19:20:14
b559a2581f5a95c7eaf27ac1d129f0ca60659b803b5fbc1f7de6196a4df5b73d,comm_all_reduce_4gpus_mesh2d_ring,/home/haotian/waferchip/mesh2D/astra_sim_picasso/examples/run_scripts/analytical/congestion_aware/configs/comm_allreduce/comm_all_reduce_4gpus_mesh2d_ring.json,,,,,,,,,,,,,156269,,156269,,0.0,0.0,SUCCESS,2026-02-27 19:20:14
9bbede1fa1b2fdcda24a8608fc73a74f7b208e7eca41dd986a15ee599cc5526d,comm_all_reduce_4gpus_mesh2d_ring_HBM4,/home/haotian/waferchip/mesh2D/astra_sim_picasso/examples/run_scripts/analytical/congestion_aware/configs/comm_allreduce/comm_all_reduce_4gpus_mesh2d_ring_HBM4.json,,,,,,,,,,,,,43906,,43906,,0.0,0.0,SUCCESS,2026-02-27 19:20:15
77b1153d8a42be9b7b761d2f9ffdac26cc77d4300f6ac2a411935f1806809c76,comm_all_reduce_4gpus_sparsemesh2d_onering_ring,/home/haotian/waferchip/mesh2D/astra_sim_picasso/examples/run_scripts/analytical/congestion_aware/configs/comm_allreduce/comm_all_reduce_4gpus_sparsemesh2d_onering_ring.json,,,,,,,,,,,,,234381,,234381,,0.0,0.0,SUCCESS,2026-02-27 19:20:15
f0073025fd0ca60576ce3424f0b5a30b4813a7a742c3323e97faec6ed49dad28,comm_all_reduce_4gpus_torus_ring,/home/haotian/waferchip/mesh2D/astra_sim_picasso/examples/run_scripts/analytical/congestion_aware/configs/comm_allreduce/comm_all_reduce_4gpus_torus_ring.json,,,,,,,,,,,,,234381,,234381,,0.0,0.0,SUCCESS,2026-02-27 19:20:15
7953c92c233a2ac20e0a829aea85553628413b9fdfda9c801228aa9b3dd68bca,comm_all_reduce_8gpus_fc_ring,/home/haotian/waferchip/mesh2D/astra_sim_picasso/examples/run_scripts/analytical/congestion_aware/configs/comm_allreduce/comm_all_reduce_8gpus_fc_ring.json,,,,,,,,,,,,,273413,,273413,,0.0,0.0,SUCCESS,2026-02-27 19:20:15
0681f5db361bcfda39e8083a423c9a73f88af634e586992f90497e0f2c88b100,comm_all_reduce_8gpus_mesh2d_onering,/home/haotian/waferchip/mesh2D/astra_sim_picasso/examples/run_scripts/analytical/congestion_aware/configs/comm_allreduce/comm_all_reduce_8gpus_mesh2d_onering.json,,,,,,,,,,,,,290273,,290273,,0.0,0.0,SUCCESS,2026-02-27 19:20:15
c2effc848995d76cf91dde0513db4746de4e26f2a425d5231fc855a1118a7971,comm_all_reduce_8gpus_mesh2d_onering_HBM4,/home/haotian/waferchip/mesh2D/astra_sim_picasso/examples/run_scripts/analytical/congestion_aware/configs/comm_allreduce/comm_all_reduce_8gpus_mesh2d_onering_HBM4.json,,,,,,,,,,,,,95042,,95042,,0.0,0.0,SUCCESS,2026-02-27 19:20:15
5692b32a7abd7087f26c33f0e055f9de4c0da985a5dfe06fd72e01be235fade6,comm_all_reduce_8gpus_mesh2d_ring,/home/haotian/waferchip/mesh2D/astra_sim_picasso/examples/run_scripts/analytical/congestion_aware/configs/comm_allreduce/comm_all_reduce_8gpus_mesh2d_ring.json,,,,,,,,,,,,,244123,,244123,,0.0,0.0,SUCCESS,2026-02-27 19:20:16
eb26ecb12b8380e7cc9c6112e08dececa2bb45848b0d27f3f4c53ad6b51b45ab,comm_all_reduce_8gpus_mesh2d_ring_HBM4,/home/haotian/waferchip/mesh2D/astra_sim_picasso/examples/run_scripts/analytical/congestion_aware/configs/comm_allreduce/comm_all_reduce_8gpus_mesh2d_ring_HBM4.json,,,,,,,,,,,,,75352,,75352,,0.0,0.0,SUCCESS,2026-02-27 19:20:16
07aeff6f84148edf621c842c81d18852ba6d949639be2d9db39308b4504e3c16,comm_all_reduce_8gpus_sparsemesh2d_onering_ring,/home/haotian/waferchip/mesh2D/astra_sim_picasso/examples/run_scripts/analytical/congestion_aware/configs/comm_allreduce/comm_all_reduce_8gpus_sparsemesh2d_onering_ring.json,,,,,,,,,,,,,273413,,273413,,0.0,0.0,SUCCESS,2026-02-27 19:20:16
a87d7eb6a8c121af865d4457b9912a08a1341e0e1e5f29dc82d1c92623b140d6,comm_all_reduce_8gpus_torus_ring,/home/haotian/waferchip/mesh2D/astra_sim_picasso/examples/run_scripts/analytical/congestion_aware/configs/comm_allreduce/comm_all_reduce_8gpus_torus_ring.json,,,,,,,,,,,,,273413,,273413,,0.0,0.0,SUCCESS,2026-02-27 19:20:16
55699c71f3ed3514fb2ebe55ece71b4511345a0b82069cef4bae5ff5bbcd547d,comm_tp16_all_gather_fc_ring,/home/haotian/waferchip/mesh2D/astra_sim_picasso/examples/run_scripts/analytical/congestion_aware/configs/comm_tp16/comm_tp16_all_gather_fc_ring.json,,,,,,,,,,,,,36501,,36501,,0.0,0.0,SUCCESS,2026-02-27 19:20:16
870b8df8dc091b50c8456eb4837992eabb8eaea7000cb494e05371b9aa0ffd5f,comm_tp16_all_gather_mesh2d_ring,/home/haotian/waferchip/mesh2D/astra_sim_picasso/examples/run_scripts/analytical/congestion_aware/configs/comm_tp16/comm_tp16_all_gather_mesh2d_ring.json,,,,,,,,,,,,,7623,,7623,,0.0,0.0,SUCCESS,2026-02-27 19:20:16
afe4e2b310c58f9e8d67eee2da94b6b7f66da5440c033e8afcad25521a9f3494,comm_tp16_all_reduce_fc_ring,/home/haotian/waferchip/mesh2D/astra_sim_picasso/examples/run_scripts/analytical/congestion_aware/configs/comm_tp16/comm_tp16_all_reduce_fc_ring.json,,,,,,,,,,,,,5249,,5249,,0.0,0.0,SUCCESS,2026-02-27 19:20:16
8c120ba9d3baa1e2d7ee373ea677366130e0868ce03cc7fd383140724027a07e,comm_tp16_all_reduce_mesh2d_ring,/home/haotian/waferchip/mesh2D/astra_sim_picasso/examples/run_scripts/analytical/congestion_aware/configs/comm_tp16/comm_tp16_all_reduce_mesh2d_ring.json,,,,,,,,,,,,,3865,,3865,,0.0,0.0,SUCCESS,2026-02-27 19:20:17
35343d79e7d316e7aec298e0c6fe2dbf3be70f43c7002783bd0ece2e1484d3b8,comm_tp16_all_reduce_sparsemesh2d_onering_ring,/home/haotian/waferchip/mesh2D/astra_sim_picasso/examples/run_scripts/analytical/congestion_aware/configs/comm_tp16/comm_tp16_all_reduce_sparsemesh2d_onering_ring.json,,,,,,,,,,,,,3865,,3865,,0.0,0.0,SUCCESS,2026-02-27 19:20:17
be8fd44892ad18c9932e35fca06fd9da70356186a7ebbbdd1c77fafb93ae329c,comm_tp16_all_to_all_fc_ring,/home/haotian/waferchip/mesh2D/astra_sim_picasso/examples/run_scripts/analytical/congestion_aware/configs/comm_tp16/comm_tp16_all_to_all_fc_ring.json,,,,,,,,,,,,,19289,,19289,,0.0,0.0,SUCCESS,2026-02-27 19:20:17
294035b5d7facc28a5961d618b0d07dd2a15f2e4c98552b20dacf278dd614d20,comm_tp16_all_to_all_mesh2d_ring,/home/haotian/waferchip/mesh2D/astra_sim_picasso/examples/run_scripts/analytical/congestion_aware/configs/comm_tp16/comm_tp16_all_to_all_mesh2d_ring.json,,,,,,,,,,,,,3757,,3757,,0.0,0.0,SUCCESS,2026-02-27 19:20:17
42f7e87714a45875d4a06625b95e9f02bc75641f9c740e6c6e1e70491c0da722,comm_tp16_broadcast_fc_ring,/home/haotian/waferchip/mesh2D/astra_sim_picasso/examples/run_scripts/analytical/congestion_aware/configs/comm_tp16/comm_tp16_broadcast_fc_ring.json,,,,,,,,,,,,,1,,1,,0.0,0.0,SUCCESS,2026-02-27 19:20:18
37259fea1fef1c433c9b00b03135b3b0a6d93fb3625c9b38f18cf6b973d058df,comm_tp16_broadcast_mesh2d_ring,/home/haotian/waferchip/mesh2D/astra_sim_picasso/examples/run_scripts/analytical/congestion_aware/configs/comm_tp16/comm_tp16_broadcast_mesh2d_ring.json,,,,,,,,,,,,,1,,1,,0.0,0.0,SUCCESS,2026-02-27 19:20:18
3d2704748925c58d5f127c9471d8099b413111b9ff5729adf3c76aa1bb44c525,comm_tp16_reduce_scatter_fc_ring,/home/haotian/waferchip/mesh2D/astra_sim_picasso/examples/run_scripts/analytical/congestion_aware/configs/comm_tp16/comm_tp16_reduce_scatter_fc_ring.json,,,,,,,,,,,,,2849,,2849,,0.0,0.0,SUCCESS,2026-02-27 19:20:18
ca5083412fae50747d3d52376720bf787e25dec676cea0dbf267861574e0c9f8,comm_tp16_reduce_scatter_mesh2d_ring,/home/haotian/waferchip/mesh2D/astra_sim_picasso/examples/run_scripts/analytical/congestion_aware/configs/comm_tp16/comm_tp16_reduce_scatter_mesh2d_ring.json,,,,,,,,,,,,,2095,,2095,,0.0,0.0,SUCCESS,2026-02-27 19:20:19
6d94b09ea4d39ce270eeb941fdf7594f931f98fb35110d1115dfdafc5d65a4f6,dp16_h100_alltoall_16gpus_direct_qwen_decode_bypass_bs64_sl1024,/home/haotian/waferchip/mesh2D/astra_sim_picasso/examples/run_scripts/analytical/congestion_aware/configs/dp16/dp16_h100_alltoall_16gpus_direct_qwen_decode_bypass_bs64_sl1024.json,qwen,decode_bypass,64,1024,,16,,,,alltoall,16gpus,direct,9785822,9785822,,,34.461,67.902,SUCCESS,2026-02-27 19:20:21
59ab5d2166369fa966fcf456f65dacd32ec1963e2ff22e82cdffaf4a9d0edbeb,dp16_h100_alltoall_16gpus_ring_qwen_decode_bypass_bs64_sl1024,/home/haotian/waferchip/mesh2D/astra_sim_picasso/examples/run_scripts/analytical/congestion_aware/configs/dp16/dp16_h100_alltoall_16gpus_ring_qwen_decode_bypass_bs64_sl1024.json,qwen,decode_bypass,64,1024,,16,,,,alltoall,16gpus,ring,9785822,9785822,,,34.461,67.902,SUCCESS,2026-02-27 19:20:23
dc37169d9268cd0a624b3004d4b7721b553f717f48e8c3b476f53a71aa9ed73c,dp16_h100_mesh2d_4x4_direct_qwen_decode_bypass_bs64_sl1024,/home/haotian/waferchip/mesh2D/astra_sim_picasso/examples/run_scripts/analytical/congestion_aware/configs/dp16/dp16_h100_mesh2d_4x4_direct_qwen_decode_bypass_bs64_sl1024.json,qwen,decode_bypass,64,1024,,16,,,,mesh2d,4x4,direct,9785822,9785822,,,34.461,67.902,SUCCESS,2026-02-27 19:20:25
cdfe9bd65183def382929189379ff72626acbc4205e791b788dcb34d0d20bedd,dp16_h100_mesh2d_4x4_ring_qwen_decode_bypass_bs64_sl1024,/home/haotian/waferchip/mesh2D/astra_sim_picasso/examples/run_scripts/analytical/congestion_aware/configs/dp16/dp16_h100_mesh2d_4x4_ring_qwen_decode_bypass_bs64_sl1024.json,qwen,decode_bypass,64,1024,,16,,,,mesh2d,4x4,ring,9785822,9785822,,,34.461,67.902,SUCCESS,2026-02-27 19:20:27
362633ab8f311fa0f97749b7442b93fd484e15f81176d9b4dedced797e9e4870,tp16_h100_alltoall_16gpus_direct_qwen_decode_bypass_tp16_bs64_sl1024,/home/haotian/waferchip/mesh2D/astra_sim_picasso/examples/run_scripts/analytical/congestion_aware/configs/tp16_e2e/tp16_h100_alltoall_16gpus_direct_qwen_decode_bypass_tp16_bs64_sl1024.json,qwen,decode_bypass_tp16,64,1024,16,,,,,alltoall,16gpus,direct,10053848,6353350,3700498,,18.916,82.457,SUCCESS,2026-02-27 19:20:30
13d051eba83a1e126a8fd99386210c45a867002e656d687bf0615ac105103853,tp16_h100_alltoall_16gpus_ring_qwen_decode_bypass_tp16_bs64_sl1024,/home/haotian/waferchip/mesh2D/astra_sim_picasso/examples/run_scripts/analytical/congestion_aware/configs/tp16_e2e/tp16_h100_alltoall_16gpus_ring_qwen_decode_bypass_tp16_bs64_sl1024.json,qwen,decode_bypass_tp16,64,1024,16,,,,,alltoall,16gpus,ring,61725272,6353350,55371922,,18.916,82.457,SUCCESS,2026-02-27 19:20:32
91611187e3d141e57a833497702df104d17189c79ac2c9c5091da2a085a97c4f,tp16_hbm4_mesh2d_4x4_onering_qwen_gqa_baseline_fwd_block2x2_bs64_sl1024,/home/haotian/waferchip/mesh2D/astra_sim_picasso/examples/run_scripts/analytical/congestion_aware/configs/tp16_gqa/tp16_hbm4_real_mesh2d_4x4_onering_qwen_gqa_baseline_fwd_block2x2_bs64_sl1024.json,qwen,gqa_baseline_fwd_block2x2,64,1024,16,,,,,mesh2d,4x4,onering,59261,29647,30455,841,94.778,6.158,SUCCESS,2026-03-02 20:39:42
0947f718445c997d1882592e7506a35f48211b6840c7f8d3311011d0adcb6682,tp16_hbm4_mesh2d_4x4_onering_qwen_gqa_hmp_fwd_block2x2_bs64_sl1024,/home/haotian/waferchip/mesh2D/astra_sim_picasso/examples/run_scripts/analytical/congestion_aware/configs/tp16_gqa/tp16_hbm4_real_mesh2d_4x4_onering_qwen_gqa_hmp_fwd_block2x2_bs64_sl1024.json,qwen,gqa_hmp_fwd_block2x2,64,1024,16,,,,,mesh2d,4x4,onering,54418,43069,12190,841,96.405,4.421,SUCCESS,2026-03-02 20:39:43
2bdded97657593f6aaea906eb1dac0e125b8146e63805819623ed57dcb0653ee,tp16_hbm4_mesh2d_4x4_onering_qwen_decode_bypass_baseline_fwd_block2x2_bs64_sl1024,/home/haotian/waferchip/mesh2D/astra_sim_picasso/examples/run_scripts/analytical/congestion_aware/configs/tp16_e2e/tp16_hbm4_real_mesh2d_4x4_onering_qwen_decode_bypass_baseline_fwd_block2x2_bs64_sl1024.json,qwen,decode_bypass_baseline_fwd_block2x2,64,1024,16,,,,,mesh2d,4x4,onering,49562864,40159950,9481968,79054,96.357,5.286,SUCCESS,2026-02-27 19:35:19
1d952ff286da6fc2376ecf7e9f0425919231f615dd443a9db38ebd067bc9be30,tp16_hbm4_mesh2d_4x4_onering_qwen_decode_bypass_hmp_fwd_block2x2_bs64_sl1024,/home/haotian/waferchip/mesh2D/astra_sim_picasso/examples/run_scripts/analytical/congestion_aware/configs/tp16_e2e/tp16_hbm4_real_mesh2d_4x4_onering_qwen_decode_bypass_hmp_fwd_block2x2_bs64_sl1024.json,qwen,decode_bypass_hmp_fwd_block2x2,64,1024,16,,,,,mesh2d,4x4,onering,50294560,41790568,8662100,158108,96.151,5.479,SUCCESS,2026-02-27 19:37:29
0ea773d758cc28210c02bf1b6b4927fbc45763b5d5cadb409e1926855fba68a6,tp16_hbm4_mesh2d_4x4_onering_qwen_gqa_tp16_v2_fwd_bs64_sl1024,/home/haotian/waferchip/mesh2D/astra_sim_picasso/examples/run_scripts/analytical/congestion_aware/configs/tp16_gqa/tp16_hbm4_real_mesh2d_4x4_onering_qwen_gqa_tp16_v2_fwd_bs64_sl1024.json,qwen,gqa_tp16_v2_fwd,64,1024,16,,,,,mesh2d,4x4,onering,35034,10623,24411,,71.034,32.73,SUCCESS,2026-03-02 18:47:50
719bc03b3f2b4e632ad95256acd3e83036b77faafd0ec8822961a01ec644ecdb,tp16_hbm4_mesh2d_4x4_onering_qwen_gqa_tp16_v2_fwd_bs64_sl1024,/home/haotian/waferchip/mesh2D/astra_sim_picasso/examples/run_scripts/analytical/congestion_aware/configs/tp16_gqa/tp16_hbm4_real_mesh2d_4x4_onering_qwen_gqa_tp16_v2_fwd_bs64_sl1024.json,qwen,gqa_tp16_v2_fwd,64,1024,16,,,,,mesh2d,4x4,onering,37063,21253,15810,,71.03,32.246,SUCCESS,2026-03-02 20:36:31
904aa7ff0e2dce0ef39bcf5b8c3526f65cfcf8427a25656651f372e38049376d,tp16_h100_mesh2d_4x4_direct_qwen_gqa_baseline_fwd_bs64_sl1024,/home/haotian/waferchip/mesh2D/astra_sim_picasso/examples/run_scripts/analytical/congestion_aware/configs/tp16_gqa/tp16_h100_mesh2d_4x4_direct_qwen_gqa_baseline_fwd_bs64_sl1024.json,qwen,gqa_baseline_fwd,64,1024,16,,,,,mesh2d,4x4,direct,10444,1049,9708,313,40.298,65.566,SUCCESS,2026-03-02 20:32:48
6c7b00fd17980488ef952b6d629973c9222c97519e93451b298796b802ea58fd,tp16_h100_mesh2d_4x4_direct_qwen_gqa_hmp_fwd_bs64_sl1024,/home/haotian/waferchip/mesh2D/astra_sim_picasso/examples/run_scripts/analytical/congestion_aware/configs/tp16_gqa/tp16_h100_mesh2d_4x4_direct_qwen_gqa_hmp_fwd_bs64_sl1024.json,qwen,gqa_hmp_fwd,64,1024,16,,,,,mesh2d,4x4,direct,8403,1253,7463,313,50.01,59.59,SUCCESS,2026-03-02 20:32:49
33549f732d40b598c5544b722a15ddb133482e1a945ad79c070599d4abcd1060,tp16_h100_mesh2d_4x4_direct_qwen_gqa_tp16_fwd_bs64_sl1024,/home/haotian/waferchip/mesh2D/astra_sim_picasso/examples/run_scripts/analytical/congestion_aware/configs/tp16_gqa/tp16_h100_mesh2d_4x4_direct_qwen_gqa_tp16_fwd_bs64_sl1024.json,qwen,gqa_tp16_fwd,64,1024,16,,,,,mesh2d,4x4,direct,42193,41015,1178,,2.557,98.104,SUCCESS,2026-03-02 20:32:50
c32442ec9564711430a130315fb922dec97930a5358211065df341bafcdbd05b,tp16_h100_mesh2d_4x4_onering_qwen_gqa_baseline_fwd_bs64_sl1024,/home/haotian/waferchip/mesh2D/astra_sim_picasso/examples/run_scripts/analytical/congestion_aware/configs/tp16_gqa/tp16_h100_mesh2d_4x4_onering_qwen_gqa_baseline_fwd_bs64_sl1024.json,qwen,gqa_baseline_fwd,64,1024,16,,,,,mesh2d,4x4,onering,10444,1049,9708,313,40.298,65.566,SUCCESS,2026-03-02 20:32:52
70a2835e181f1f5bb3286ca216f192bae3b36c8e426ec057820f7bd1c966d222,tp16_h100_mesh2d_4x4_onering_qwen_gqa_hmp_fwd_bs64_sl1024,/home/haotian/waferchip/mesh2D/astra_sim_picasso/examples/run_scripts/analytical/congestion_aware/configs/tp16_gqa/tp16_h100_mesh2d_4x4_onering_qwen_gqa_hmp_fwd_bs64_sl1024.json,qwen,gqa_hmp_fwd,64,1024,16,,,,,mesh2d,4x4,onering,8403,1253,7463,313,50.01,59.59,SUCCESS,2026-03-02 20:32:53
7de392108b154d6e8b257be7c2b253f40c8a49c73ca213aeebc366d14b000b71,tp16_h100_mesh2d_4x4_onering_qwen_gqa_tp16_fwd_bs64_sl1024,/home/haotian/waferchip/mesh2D/astra_sim_picasso/examples/run_scripts/analytical/congestion_aware/configs/tp16_gqa/tp16_h100_mesh2d_4x4_onering_qwen_gqa_tp16_fwd_bs64_sl1024.json,qwen,gqa_tp16_fwd,64,1024,16,,,,,mesh2d,4x4,onering,44847,41015,3832,,2.557,98.104,SUCCESS,2026-03-02 20:32:55
6b78a74f069baee57542744f4f14b272fca16d695e6f911d628ea36cbfb9f6f7,tp16_h100_mesh2d_4x4_ring_qwen_gqa_baseline_fwd_bs64_sl1024,/home/haotian/waferchip/mesh2D/astra_sim_picasso/examples/run_scripts/analytical/congestion_aware/configs/tp16_gqa/tp16_h100_mesh2d_4x4_ring_qwen_gqa_baseline_fwd_bs64_sl1024.json,qwen,gqa_baseline_fwd,64,1024,16,,,,,mesh2d,4x4,ring,10444,1049,9708,313,40.298,65.566,SUCCESS,2026-03-02 20:32:57
17964a5cb2f8271ec00b990fca1a4f2844b20a8232756058e60a2f0ee65f375d,tp16_h100_mesh2d_4x4_ring_qwen_gqa_hmp_fwd_bs64_sl1024,/home/haotian/waferchip/mesh2D/astra_sim_picasso/examples/run_scripts/analytical/congestion_aware/configs/tp16_gqa/tp16_h100_mesh2d_4x4_ring_qwen_gqa_hmp_fwd_bs64_sl1024.json,qwen,gqa_hmp_fwd,64,1024,16,,,,,mesh2d,4x4,ring,8403,1253,7463,313,50.01,59.59,SUCCESS,2026-03-02 20:32:58
140f2cb3be2b55f8a2a33df5b0320a1ef9bf2c7fb4ec161574ce55ee637ffb49,tp16_h100_mesh2d_4x4_ring_qwen_gqa_tp16_fwd_bs64_sl1024,/home/haotian/waferchip/mesh2D/astra_sim_picasso/examples/run_scripts/analytical/congestion_aware/configs/tp16_gqa/tp16_h100_mesh2d_4x4_ring_qwen_gqa_tp16_fwd_bs64_sl1024.json,qwen,gqa_tp16_fwd,64,1024,16,,,,,mesh2d,4x4,ring,42376,41015,1361,,2.557,98.104,SUCCESS,2026-03-02 20:32:59
ef26ddd9ef444075885f3672811e021e235cc1bac1d28fa1506bcdcc722e87f4,tp16_h100_mesh2d_4x4_direct_qwen_decode_bypass_baseline_fwd_bs64_sl1024,/home/haotian/waferchip/mesh2D/astra_sim_picasso/examples/run_scripts/analytical/congestion_aware/configs/tp16_e2e/tp16_h100_mesh2d_4x4_direct_qwen_decode_bypass_baseline_fwd_bs64_sl1024.json,qwen,decode_bypass_baseline_fwd,64,1024,16,,,,,mesh2d,4x4,direct,27182834,2689794,24551978,58938,43.632,58.899,SUCCESS,2026-03-02 20:37:18
08b4dd6da470480b9dff2c243df91f5e54e8d44c3103ecdfbd9a0d16ea4de4dc,tp16_h100_mesh2d_4x4_direct_qwen_decode_bypass_tp16_bs64_sl1024,/home/haotian/waferchip/mesh2D/astra_sim_picasso/examples/run_scripts/analytical/congestion_aware/configs/tp16_e2e/tp16_h100_mesh2d_4x4_direct_qwen_decode_bypass_tp16_bs64_sl1024.json,qwen,decode_bypass_tp16,64,1024,16,,,,,mesh2d,4x4,direct,21378593,6353350,15025243,,18.916,82.457,SUCCESS,2026-03-02 20:38:08
5870fa5566879088b90ec8b32dd25f8dd3b70232c92b59a0e549b06a946bb52b,tp16_h100_mesh2d_4x4_onering_qwen_decode_bypass_baseline_fwd_bs64_sl1024,/home/haotian/waferchip/mesh2D/astra_sim_picasso/examples/run_scripts/analytical/congestion_aware/configs/tp16_e2e/tp16_h100_mesh2d_4x4_onering_qwen_decode_bypass_baseline_fwd_bs64_sl1024.json,qwen,decode_bypass_baseline_fwd,64,1024,16,,,,,mesh2d,4x4,onering,27182834,2689794,24551978,58938,43.632,58.899,SUCCESS,2026-03-02 20:42:02
990d80a6dbb0764480f4872e0fd4cab72bfd9e4e39b40c065e154dfdbd08dc5b,tp16_h100_mesh2d_4x4_onering_qwen_decode_bypass_hmp_fwd_bs64_sl1024,/home/haotian/waferchip/mesh2D/astra_sim_picasso/examples/run_scripts/analytical/congestion_aware/configs/tp16_e2e/tp16_h100_mesh2d_4x4_onering_qwen_decode_bypass_hmp_fwd_bs64_sl1024.json,qwen,decode_bypass_hmp_fwd,64,1024,16,,,,,mesh2d,4x4,onering,28592484,2852884,25857570,117970,42.716,59.893,SUCCESS,2026-03-02 20:44:52
fcb1651cbe4a37ea2316af265a25c0d3d3bf6b16ceb328d0d1f7a9ffbb26ca32,tp16_h100_mesh2d_4x4_ring_qwen_decode_bypass_hmp_fwd_bs64_sl1024,/home/haotian/waferchip/mesh2D/astra_sim_picasso/examples/run_scripts/analytical/congestion_aware/configs/tp16_e2e/tp16_h100_mesh2d_4x4_ring_qwen_decode_bypass_hmp_fwd_bs64_sl1024.json,qwen,decode_bypass_hmp_fwd,64,1024,16,,,,,mesh2d,4x4,ring,28592484,2852884,25857570,117970,42.716,59.893,SUCCESS,2026-03-02 20:47:01
c2194df88a1d01388c2a80a678606db2563532a34767af4e5e875662b0a152c7,tp16_h100_mesh2d_4x4_ring_qwen_decode_bypass_tp16_bs64_sl1024,/home/haotian/waferchip/mesh2D/astra_sim_picasso/examples/run_scripts/analytical/congestion_aware/configs/tp16_e2e/tp16_h100_mesh2d_4x4_ring_qwen_decode_bypass_tp16_bs64_sl1024.json,qwen,decode_bypass_tp16,64,1024,16,,,,,mesh2d,4x4,ring,17954100,6353350,11600750,,18.916,82.457,SUCCESS,2026-03-02 20:48:06
9d5e1bbf2d7b365217ef54e8b0e6197602dc63ff6ed0acc4f4a7f3d2900cd1a3,tp16_hbm4_mesh2d_4x4_onering_qwen_decode_bypass_baseline_fwd_bs64_sl1024,/home/haotian/waferchip/mesh2D/astra_sim_picasso/examples/run_scripts/analytical/congestion_aware/configs/tp16_e2e/tp16_hbm4_mesh2d_4x4_onering_qwen_decode_bypass_baseline_fwd_bs64_sl1024.json,qwen,decode_bypass_baseline_fwd,64,1024,16,,,,,mesh2d,4x4,onering,58949760,40159950,18868864,79054,96.357,5.286,SUCCESS,2026-03-02 20:48:09
b4185c11e14def8e8e26e10f56cbdc04752a36560b95c24708c1cf858f5e098b,tp16_hbm4_mesh2d_4x4_onering_qwen_decode_bypass_hmp_fwd_bs64_sl1024,/home/haotian/waferchip/mesh2D/astra_sim_picasso/examples/run_scripts/analytical/congestion_aware/configs/tp16_e2e/tp16_hbm4_mesh2d_4x4_onering_qwen_decode_bypass_hmp_fwd_bs64_sl1024.json,qwen,decode_bypass_hmp_fwd,64,1024,16,,,,,mesh2d,4x4,onering,58849758,41790568,17217298,158108,96.151,5.479,SUCCESS,2026-03-02 20:48:11
c79c01aa9c2ee9e755fb2342805334bf55a88fdaee3f6fec92785cf0b5953d7f,tp16_hbm4_mesh2d_4x4_onering_qwen_decode_bypass_tp16_bs64_sl1024,/home/haotian/waferchip/mesh2D/astra_sim_picasso/examples/run_scripts/analytical/congestion_aware/configs/tp16_e2e/tp16_hbm4_mesh2d_4x4_onering_qwen_decode_bypass_tp16_bs64_sl1024.json,qwen,decode_bypass_tp16,64,1024,16,,,,,mesh2d,4x4,onering,59083090,45573410,13509680,,86.956,15.404,SUCCESS,2026-03-02 20:48:12
3fbb54714745f9efc9a58e8ad804262a15157fd97045c00f94c0e39d76a07c52,tp16_hbm4_mesh2d_4x4_onering_qwen_gqa_baseline_fwd_bs64_sl1024,/home/haotian/waferchip/mesh2D/astra_sim_picasso/examples/run_scripts/analytical/congestion_aware/configs/gqa_seq_scaling/tp16_hbm4_real_mesh2d_4x4_onering_qwen_gqa_baseline_fwd_bs64_sl1024.json,qwen,gqa_baseline_fwd,64,1024,16,,,,,mesh2d,4x4,onering,50262,30785,19477,,94.965,5.936,SUCCESS,2026-03-04 21:41:07
061459413fffc464ab7f69252f8a3f72efa8bf279c3a5c269fb6ab33d9fd2b53,tp16_hbm4_mesh2d_4x4_onering_qwen_gqa_baseline_fwd_bs64_sl2048,/home/haotian/waferchip/mesh2D/astra_sim_picasso/examples/run_scripts/analytical/congestion_aware/configs/gqa_seq_scaling/tp16_hbm4_real_mesh2d_4x4_onering_qwen_gqa_baseline_fwd_bs64_sl2048.json,qwen,gqa_baseline_fwd,64,2048,16,,,,,mesh2d,4x4,onering,56412,36935,19477,,91.644,9.486,SUCCESS,2026-03-04 21:41:19
68f27c9f4eaba66883bab49bf0e6a6b3cb16745ef2e38d4f5825f0897043e0ba,tp16_hbm4_mesh2d_4x4_onering_qwen_gqa_baseline_fwd_bs64_sl4096,/home/haotian/waferchip/mesh2D/astra_sim_picasso/examples/run_scripts/analytical/congestion_aware/configs/gqa_seq_scaling/tp16_hbm4_real_mesh2d_4x4_onering_qwen_gqa_baseline_fwd_bs64_sl4096.json,qwen,gqa_baseline_fwd,64,4096,16,,,,,mesh2d,4x4,onering,68716,49239,19477,,87.484,13.931,SUCCESS,2026-03-04 21:41:22
f23dd62175af1e2e5d3bc2d87fe6ec91530d84eecb51e6ee5bc2e54b1dd9e7d5,tp16_hbm4_mesh2d_4x4_onering_qwen_gqa_baseline_fwd_bs64_sl65536,/home/haotian/waferchip/mesh2D/astra_sim_picasso/examples/run_scripts/analytical/congestion_aware/configs/gqa_seq_scaling/tp16_hbm4_real_mesh2d_4x4_onering_qwen_gqa_baseline_fwd_bs64_sl65536.json,qwen,gqa_baseline_fwd,64,65536,16,,,,,mesh2d,4x4,onering,437815,418338,19477,,76.469,25.703,SUCCESS,2026-03-04 21:41:28
c5300dd572a2142ccd2be00bfbc39f3c951b024ae174c1fd7127ba12fce4d4af,tp16_hbm4_mesh2d_4x4_onering_qwen_gqa_hmp_fwd_bs64_sl1024,/home/haotian/waferchip/mesh2D/astra_sim_picasso/examples/run_scripts/analytical/congestion_aware/configs/gqa_seq_scaling/tp16_hbm4_real_mesh2d_4x4_onering_qwen_gqa_hmp_fwd_bs64_sl1024.json,qwen,gqa_hmp_fwd,64,1024,16,,,,,mesh2d,4x4,onering,44207,44207,,,96.493,4.312,SUCCESS,2026-03-04 21:41:33
7546133deab5b16d244ba15523eff50abd35b045ac004a257df86e71806f0942,tp16_hbm4_mesh2d_4x4_onering_qwen_gqa_hmp_fwd_bs64_sl2048,/home/haotian/waferchip/mesh2D/astra_sim_picasso/examples/run_scripts/analytical/congestion_aware/configs/gqa_seq_scaling/tp16_hbm4_real_mesh2d_4x4_onering_qwen_gqa_hmp_fwd_bs64_sl2048.json,qwen,gqa_hmp_fwd,64,2048,16,,,,,mesh2d,4x4,onering,50357,50357,,,93.871,7.114,SUCCESS,2026-03-04 21:41:33
234ddae2f54dbeda0c6aecd36827f87619ec2b04df4f208cc75dbf7f89374901,tp16_hbm4_mesh2d_4x4_onering_qwen_gqa_hmp_fwd_bs64_sl4096,/home/haotian/waferchip/mesh2D/astra_sim_picasso/examples/run_scripts/analytical/congestion_aware/configs/gqa_seq_scaling/tp16_hbm4_real_mesh2d_4x4_onering_qwen_gqa_hmp_fwd_bs64_sl4096.json,qwen,gqa_hmp_fwd,64,4096,16,,,,,mesh2d,4x4,onering,62661,62661,,,90.165,11.073,SUCCESS,2026-03-04 21:41:34
22e086222b46f992027136ee360bac3f5a21461679283c5dabf6b8551cf29edb,tp16_hbm4_mesh2d_4x4_onering_qwen_gqa_hmp_fwd_bs64_sl65536,/home/haotian/waferchip/mesh2D/astra_sim_picasso/examples/run_scripts/analytical/congestion_aware/configs/gqa_seq_scaling/tp16_hbm4_real_mesh2d_4x4_onering_qwen_gqa_hmp_fwd_bs64_sl65536.json,qwen,gqa_hmp_fwd,64,65536,16,,,,,mesh2d,4x4,onering,431760,431760,,,77.201,24.922,SUCCESS,2026-03-04 21:41:34
67aef3d26bef850ace2666b3750e6fb1a59595b88c66ca4a13dfca845a4a03bb,tp16_hbm4_mesh2d_4x4_onering_qwen_gqa_baseline_fwd_bs64_sl1022,/home/haotian/waferchip/mesh2D/astra_sim_picasso/examples/run_scripts/analytical/congestion_aware/configs/gqa_seq_scaling/tp16_hbm4_real_mesh2d_4x4_onering_qwen_gqa_baseline_fwd_bs64_sl1022.json,qwen,gqa_baseline_fwd,64,1022,16,,,,,mesh2d,4x4,onering,50262,30785,19477,,94.965,5.936,SUCCESS,2026-03-04 21:41:04
bd2ea5090cc499dae154f21f7b644048e492e16441ce3993144b27c3036a1674,tp16_hbm4_mesh2d_4x4_onering_qwen_gqa_baseline_fwd_bs64_sl1023,/home/haotian/waferchip/mesh2D/astra_sim_picasso/examples/run_scripts/analytical/congestion_aware/configs/gqa_seq_scaling/tp16_hbm4_real_mesh2d_4x4_onering_qwen_gqa_baseline_fwd_bs64_sl1023.json,qwen,gqa_baseline_fwd,64,1023,16,,,,,mesh2d,4x4,onering,50262,30785,19477,,94.965,5.936,SUCCESS,2026-03-04 21:41:05
0be021edf46ed150efd39ef7c56d4330a414a97a43b7b4b5364d2f2ba90afd59,tp16_hbm4_mesh2d_4x4_onering_qwen_gqa_tp16_fwd_bs64_sl1024,/home/haotian/waferchip/mesh2D/astra_sim_picasso/examples/run_scripts/analytical/congestion_aware/configs/gqa_seq_scaling/tp16_hbm4_real_mesh2d_4x4_onering_qwen_gqa_tp16_fwd_bs64_sl1024.json,qwen,gqa_tp16_fwd,64,1024,16,,,,,mesh2d,4x4,onering,69851,22371,47480,,72.478,30.635,SUCCESS,2026-03-04 21:41:37
3261472f002bd678bf833289f34117e433c7676d8b890a70536c7c14f98396d4,tp16_hbm4_mesh2d_4x4_onering_qwen_gqa_tp16_fwd_bs64_sl2048,/home/haotian/waferchip/mesh2D/astra_sim_picasso/examples/run_scripts/analytical/congestion_aware/configs/gqa_seq_scaling/tp16_hbm4_real_mesh2d_4x4_onering_qwen_gqa_tp16_fwd_bs64_sl2048.json,qwen,gqa_tp16_fwd,64,2048,16,,,,,mesh2d,4x4,onering,81035,33555,47480,,63.321,40.421,SUCCESS,2026-03-04 21:42:02
14299f2baf023f8b800be0f196501ce90a672055e353ecae6a73e3e97d75f631,tp16_hbm4_mesh2d_4x4_onering_qwen_gqa_tp16_fwd_bs64_sl4096,/home/haotian/waferchip/mesh2D/astra_sim_picasso/examples/run_scripts/analytical/congestion_aware/configs/gqa_seq_scaling/tp16_hbm4_real_mesh2d_4x4_onering_qwen_gqa_tp16_fwd_bs64_sl4096.json,qwen,gqa_tp16_fwd,64,4096,16,,,,,mesh2d,4x4,onering,103405,55925,47480,,55.992,48.252,SUCCESS,2026-03-04 21:42:09
afe07da16ff52a3cea4c1ddacd2b0810e858ab2367a420971fc1e67c66f0daa2,tp16_hbm4_mesh2d_4x4_onering_qwen_gqa_tp16_fwd_bs64_sl65536,/home/haotian/waferchip/mesh2D/astra_sim_picasso/examples/run_scripts/analytical/congestion_aware/configs/gqa_seq_scaling/tp16_hbm4_real_mesh2d_4x4_onering_qwen_gqa_tp16_fwd_bs64_sl65536.json,qwen,gqa_tp16_fwd,64,65536,16,,,,,mesh2d,4x4,onering,774495,727015,47480,,45.846,59.096,SUCCESS,2026-03-04 21:42:19
c52a6a9ca08ae82ea6b55e5128c85b2e6cd782655a460a7e75f9e4ee7d4d0f49,tp16_hbm4_mesh2d_4x4_onering_qwen_gqa_baseline_fwd_bs64_sl10240,/home/haotian/waferchip/mesh2D/astra_sim_picasso/examples/run_scripts/analytical/congestion_aware/configs/gqa_seq_scaling/tp16_hbm4_real_mesh2d_4x4_onering_qwen_gqa_baseline_fwd_bs64_sl10240.json,qwen,gqa_baseline_fwd,64,10240,16,,,,,mesh2d,4x4,onering,105625,86148,19477,,82.136,19.647,SUCCESS,2026-03-04 21:41:09
e25e86bc0e48e38755133738ea8d2073f9778778f760d1781cbdfa3ec579ea3b,tp16_hbm4_mesh2d_4x4_onering_qwen_gqa_baseline_fwd_bs64_sl11264,/home/haotian/waferchip/mesh2D/astra_sim_picasso/examples/run_scripts/analytical/congestion_aware/configs/gqa_seq_scaling/tp16_hbm4_real_mesh2d_4x4_onering_qwen_gqa_baseline_fwd_bs64_sl11264.json,qwen,gqa_baseline_fwd,64,11264,16,,,,,mesh2d,4x4,onering,111777,92300,19477,,81.66,20.155,SUCCESS,2026-03-04 21:41:10
f55735139236ae00bbd82b4d7a59ef8bb539a56ae313ed4e1b02149313db164c,tp16_hbm4_mesh2d_4x4_onering_qwen_gqa_baseline_fwd_bs64_sl12288,/home/haotian/waferchip/mesh2D/astra_sim_picasso/examples/run_scripts/analytical/congestion_aware/configs/gqa_seq_scaling/tp16_hbm4_real_mesh2d_4x4_onering_qwen_gqa_baseline_fwd_bs64_sl12288.json,qwen,gqa_baseline_fwd,64,12288,16,,,,,mesh2d,4x4,onering,117929,98452,19477,,81.244,20.6,SUCCESS,2026-03-04 21:41:12
0d511d9b063177111b52ccb6cd32b3ddb7dc389dfcc1b31964aa40669867b8ea,tp16_hbm4_mesh2d_4x4_onering_qwen_gqa_baseline_fwd_bs64_sl13312,/home/haotian/waferchip/mesh2D/astra_sim_picasso/examples/run_scripts/analytical/congestion_aware/configs/gqa_seq_scaling/tp16_hbm4_real_mesh2d_4x4_onering_qwen_gqa_baseline_fwd_bs64_sl13312.json,qwen,gqa_baseline_fwd,64,13312,16,,,,,mesh2d,4x4,onering,124081,104604,19477,,80.876,20.993,SUCCESS,2026-03-04 21:41:14
ce407b069d596b7aa099df02c633858b9b4990e2ce38ee9fd4f4cc0b16beb531,tp16_hbm4_mesh2d_4x4_onering_qwen_gqa_baseline_fwd_bs64_sl14336,/home/haotian/waferchip/mesh2D/astra_sim_picasso/examples/run_scripts/analytical/congestion_aware/configs/gqa_seq_scaling/tp16_hbm4_real_mesh2d_4x4_onering_qwen_gqa_baseline_fwd_bs64_sl14336.json,qwen,gqa_baseline_fwd,64,14336,16,,,,,mesh2d,4x4,onering,130233,110756,19477,,80.55,21.342,SUCCESS,2026-03-04 21:41:16
c5c5dbbc6f775e71ad21730ab48ac1cb840ee5a81e742bc5d18b370418928fc4,tp16_hbm4_mesh2d_4x4_onering_qwen_gqa_baseline_fwd_bs64_sl15360,/home/haotian/waferchip/mesh2D/astra_sim_picasso/examples/run_scripts/analytical/congestion_aware/configs/gqa_seq_scaling/tp16_hbm4_real_mesh2d_4x4_onering_qwen_gqa_baseline_fwd_bs64_sl15360.json,qwen,gqa_baseline_fwd,64,15360,16,,,,,mesh2d,4x4,onering,136385,116908,19477,,80.257,21.654,SUCCESS,2026-03-04 21:41:17
c2909c20871ddd4383c0292cc8bcffafe92f623b144bbd664fc2036a24df21c1,tp16_hbm4_mesh2d_4x4_onering_qwen_gqa_baseline_fwd_bs64_sl3072,/home/haotian/waferchip/mesh2D/astra_sim_picasso/examples/run_scripts/analytical/congestion_aware/configs/gqa_seq_scaling/tp16_hbm4_real_mesh2d_4x4_onering_qwen_gqa_baseline_fwd_bs64_sl3072.json,qwen,gqa_baseline_fwd,64,3072,16,,,,,mesh2d,4x4,onering,62564,43087,19477,,89.267,12.026,SUCCESS,2026-03-04 21:41:21
cbc18d04366e84f64b7fb6158b60e253848804a2a67d152b4bbd5f6d42f17bb5,tp16_hbm4_mesh2d_4x4_onering_qwen_gqa_baseline_fwd_bs64_sl5120,/home/haotian/waferchip/mesh2D/astra_sim_picasso/examples/run_scripts/analytical/congestion_aware/configs/gqa_seq_scaling/tp16_hbm4_real_mesh2d_4x4_onering_qwen_gqa_baseline_fwd_bs64_sl5120.json,qwen,gqa_baseline_fwd,64,5120,16,,,,,mesh2d,4x4,onering,74868,55391,19477,,86.097,15.413,SUCCESS,2026-03-04 21:41:24
43be11bd74e660f2859b3a27d0762b7026037a6ed2832f115ab288d6a0ff1695,tp16_hbm4_mesh2d_4x4_onering_qwen_gqa_baseline_fwd_bs64_sl6144,/home/haotian/waferchip/mesh2D/astra_sim_picasso/examples/run_scripts/analytical/congestion_aware/configs/gqa_seq_scaling/tp16_hbm4_real_mesh2d_4x4_onering_qwen_gqa_baseline_fwd_bs64_sl6144.json,qwen,gqa_baseline_fwd,64,6144,16,,,,,mesh2d,4x4,onering,81020,61543,19477,,84.988,16.599,SUCCESS,2026-03-04 21:41:26
18d175a6ef954155230cd7ed2132855a1d57b54e902a0f40e736edc43daee365,tp16_hbm4_mesh2d_4x4_onering_qwen_gqa_baseline_fwd_bs64_sl7168,/home/haotian/waferchip/mesh2D/astra_sim_picasso/examples/run_scripts/analytical/congestion_aware/configs/gqa_seq_scaling/tp16_hbm4_real_mesh2d_4x4_onering_qwen_gqa_baseline_fwd_bs64_sl7168.json,qwen,gqa_baseline_fwd,64,7168,16,,,,,mesh2d,4x4,onering,87171,67694,19477,,84.08,17.569,SUCCESS,2026-03-04 21:41:29
db63185ec8c7af9ed6c449d2cb6b9d4854551c599eac4dae9c22aae95580c6e7,tp16_hbm4_mesh2d_4x4_onering_qwen_gqa_baseline_fwd_bs64_sl8192,/home/haotian/waferchip/mesh2D/astra_sim_picasso/examples/run_scripts/analytical/congestion_aware/configs/gqa_seq_scaling/tp16_hbm4_real_mesh2d_4x4_onering_qwen_gqa_baseline_fwd_bs64_sl8192.json,qwen,gqa_baseline_fwd,64,8192,16,,,,,mesh2d,4x4,onering,93323,73846,19477,,83.323,18.378,SUCCESS,2026-03-04 21:41:31
ccfb986c365edb468b72ec0c453a18a2cecdd49c4e9c5cf6e417274cb7a5e76d,tp16_hbm4_mesh2d_4x4_onering_qwen_gqa_baseline_fwd_bs64_sl9216,/home/haotian/waferchip/mesh2D/astra_sim_picasso/examples/run_scripts/analytical/congestion_aware/configs/gqa_seq_scaling/tp16_hbm4_real_mesh2d_4x4_onering_qwen_gqa_baseline_fwd_bs64_sl9216.json,qwen,gqa_baseline_fwd,64,9216,16,,,,,mesh2d,4x4,onering,99475,79998,19477,,82.683,19.062,SUCCESS,2026-03-04 21:41:33
e3c56c4d6d3aee5321cae299108b529f085eee7adac8b144527cce8e407f73e2,tp16_hbm4_mesh2d_4x4_onering_qwen_gqa_hmp_fwd_bs64_sl10240,/home/haotian/waferchip/mesh2D/astra_sim_picasso/examples/run_scripts/analytical/congestion_aware/configs/gqa_seq_scaling/tp16_hbm4_real_mesh2d_4x4_onering_qwen_gqa_hmp_fwd_bs64_sl10240.json,qwen,gqa_hmp_fwd,64,10240,16,,,,,mesh2d,4x4,onering,99570,99570,,,84.544,17.078,SUCCESS,2026-03-04 21:41:33
a42cab100486b099284152c6d5b2d1a0be427ad4cde316bd42c8ed15a6eb5c57,tp16_hbm4_mesh2d_4x4_onering_qwen_gqa_hmp_fwd_bs64_sl11264,/home/haotian/waferchip/mesh2D/astra_sim_picasso/examples/run_scripts/analytical/congestion_aware/configs/gqa_seq_scaling/tp16_hbm4_real_mesh2d_4x4_onering_qwen_gqa_hmp_fwd_bs64_sl11264.json,qwen,gqa_hmp_fwd,64,11264,16,,,,,mesh2d,4x4,onering,105722,105722,,,83.988,17.671,SUCCESS,2026-03-04 21:41:33
53704a8a64d0cf78b2e9380d13ab1b417d1205e960836b15b23f1f56a00e42bd,tp16_hbm4_mesh2d_4x4_onering_qwen_gqa_hmp_fwd_bs64_sl12288,/home/haotian/waferchip/mesh2D/astra_sim_picasso/examples/run_scripts/analytical/congestion_aware/configs/gqa_seq_scaling/tp16_hbm4_real_mesh2d_4x4_onering_qwen_gqa_hmp_fwd_bs64_sl12288.json,qwen,gqa_hmp_fwd,64,12288,16,,,,,mesh2d,4x4,onering,111874,111874,,,83.494,18.199,SUCCESS,2026-03-04 21:41:33
586c33463a57832714892f6769f3a2eab111d1ba1b8da77781e2bc7f0aae1824,tp16_hbm4_mesh2d_4x4_onering_qwen_gqa_hmp_fwd_bs64_sl13312,/home/haotian/waferchip/mesh2D/astra_sim_picasso/examples/run_scripts/analytical/congestion_aware/configs/gqa_seq_scaling/tp16_hbm4_real_mesh2d_4x4_onering_qwen_gqa_hmp_fwd_bs64_sl13312.json,qwen,gqa_hmp_fwd,64,13312,16,,,,,mesh2d,4x4,onering,118026,118026,,,83.051,18.672,SUCCESS,2026-03-04 21:41:33
11fa250a0ff4b99de9322f308645fe3bfeb469a578de63e3b65251e5de5552b3,tp16_hbm4_mesh2d_4x4_onering_qwen_gqa_hmp_fwd_bs64_sl14336,/home/haotian/waferchip/mesh2D/astra_sim_picasso/examples/run_scripts/analytical/congestion_aware/configs/gqa_seq_scaling/tp16_hbm4_real_mesh2d_4x4_onering_qwen_gqa_hmp_fwd_bs64_sl14336.json,qwen,gqa_hmp_fwd,64,14336,16,,,,,mesh2d,4x4,onering,124178,124178,,,82.652,19.098,SUCCESS,2026-03-04 21:41:33
1620aa472d4c1a38b33c45e7e8be9d5e18f36749162cf6e53bd674d263f1ce7b,tp16_hbm4_mesh2d_4x4_onering_qwen_gqa_hmp_fwd_bs64_sl15360,/home/haotian/waferchip/mesh2D/astra_sim_picasso/examples/run_scripts/analytical/congestion_aware/configs/gqa_seq_scaling/tp16_hbm4_real_mesh2d_4x4_onering_qwen_gqa_hmp_fwd_bs64_sl15360.json,qwen,gqa_hmp_fwd,64,15360,16,,,,,mesh2d,4x4,onering,130330,130330,,,82.291,19.484,SUCCESS,2026-03-04 21:41:33
b9be96608f3269f0a4cd56868ba4bcd4020775e7fe8140cfb7c1d3b899aa8dfd,tp16_hbm4_mesh2d_4x4_onering_qwen_gqa_hmp_fwd_bs64_sl3072,/home/haotian/waferchip/mesh2D/astra_sim_picasso/examples/run_scripts/analytical/congestion_aware/configs/gqa_seq_scaling/tp16_hbm4_real_mesh2d_4x4_onering_qwen_gqa_hmp_fwd_bs64_sl3072.json,qwen,gqa_hmp_fwd,64,3072,16,,,,,mesh2d,4x4,onering,56509,56509,,,91.816,9.309,SUCCESS,2026-03-04 21:41:33
3f5184b6de20b669f5c24ccf258aeffa9d8520dcb5a17f2e095446745b8f7dcc,tp16_hbm4_mesh2d_4x4_onering_qwen_gqa_hmp_fwd_bs64_sl5120,/home/haotian/waferchip/mesh2D/astra_sim_picasso/examples/run_scripts/analytical/congestion_aware/configs/gqa_seq_scaling/tp16_hbm4_real_mesh2d_4x4_onering_qwen_gqa_hmp_fwd_bs64_sl5120.json,qwen,gqa_hmp_fwd,64,5120,16,,,,,mesh2d,4x4,onering,68813,68813,,,88.809,12.521,SUCCESS,2026-03-04 21:41:34
9e0a163bd9a0f63ad4947546b64b33043131da8b1894d73268441d595f335013,tp16_hbm4_mesh2d_4x4_onering_qwen_gqa_hmp_fwd_bs64_sl6144,/home/haotian/waferchip/mesh2D/astra_sim_picasso/examples/run_scripts/analytical/congestion_aware/configs/gqa_seq_scaling/tp16_hbm4_real_mesh2d_4x4_onering_qwen_gqa_hmp_fwd_bs64_sl6144.json,qwen,gqa_hmp_fwd,64,6144,16,,,,,mesh2d,4x4,onering,74965,74965,,,87.676,13.732,SUCCESS,2026-03-04 21:41:34
6ce2c2df4cb0a34cb265fd59b88674873f6b85d15b90907bb6734b764b3bdf97,tp16_hbm4_mesh2d_4x4_onering_qwen_gqa_hmp_fwd_bs64_sl7168,/home/haotian/waferchip/mesh2D/astra_sim_picasso/examples/run_scripts/analytical/congestion_aware/configs/gqa_seq_scaling/tp16_hbm4_real_mesh2d_4x4_onering_qwen_gqa_hmp_fwd_bs64_sl7168.json,qwen,gqa_hmp_fwd,64,7168,16,,,,,mesh2d,4x4,onering,81116,81116,,,86.714,14.759,SUCCESS,2026-03-04 21:41:34
f2e02262b6b5bec8e997e28a24dc8d1856cb34c16a1c632e5bd9ee40bf9d8e42,tp16_hbm4_mesh2d_4x4_onering_qwen_gqa_hmp_fwd_bs64_sl8192,/home/haotian/waferchip/mesh2D/astra_sim_picasso/examples/run_scripts/analytical/congestion_aware/configs/gqa_seq_scaling/tp16_hbm4_real_mesh2d_4x4_onering_qwen_gqa_hmp_fwd_bs64_sl8192.json,qwen,gqa_hmp_fwd,64,8192,16,,,,,mesh2d,4x4,onering,87268,87268,,,85.888,15.642,SUCCESS,2026-03-04 21:41:34
6a089f05dbf752c9bb1a80ae8eebb868d882109b5e0408c4b828943a9ca22c57,tp16_hbm4_mesh2d_4x4_onering_qwen_gqa_hmp_fwd_bs64_sl9216,/home/haotian/waferchip/mesh2D/astra_sim_picasso/examples/run_scripts/analytical/congestion_aware/configs/gqa_seq_scaling/tp16_hbm4_real_mesh2d_4x4_onering_qwen_gqa_hmp_fwd_bs64_sl9216.json,qwen,gqa_hmp_fwd,64,9216,16,,,,,mesh2d,4x4,onering,93420,93420,,,85.171,16.408,SUCCESS,2026-03-04 21:41:34
3e08a169e76899539644c3ef81a7ea351e0c3016fb22c3333aba64ae07047a5c,tp16_hbm4_mesh2d_4x4_onering_qwen_gqa_tp16_fwd_bs64_sl10240,/home/haotian/waferchip/mesh2D/astra_sim_picasso/examples/run_scripts/analytical/congestion_aware/configs/gqa_seq_scaling/tp16_hbm4_real_mesh2d_4x4_onering_qwen_gqa_tp16_fwd_bs64_sl10240.json,qwen,gqa_tp16_fwd,64,10240,16,,,,,mesh2d,4x4,onering,170515,123035,47480,,49.997,54.66,SUCCESS,2026-03-04 21:41:41
89b087816f78da858b7ce3d3aa0e9f3a8fd7ea681f7fe9c4c2d3887c37c3ac0f,tp16_hbm4_mesh2d_4x4_onering_qwen_gqa_tp16_fwd_bs64_sl11264,/home/haotian/waferchip/mesh2D/astra_sim_picasso/examples/run_scripts/analytical/congestion_aware/configs/gqa_seq_scaling/tp16_hbm4_real_mesh2d_4x4_onering_qwen_gqa_tp16_fwd_bs64_sl11264.json,qwen,gqa_tp16_fwd,64,11264,16,,,,,mesh2d,4x4,onering,181699,134219,47480,,49.581,55.105,SUCCESS,2026-03-04 21:41:44
0cff1ca93b46337a6eb169eca0f513944d90625bff1353ba6cc87edf6e323023,tp16_hbm4_mesh2d_4x4_onering_qwen_gqa_tp16_fwd_bs64_sl12288,/home/haotian/waferchip/mesh2D/astra_sim_picasso/examples/run_scripts/analytical/congestion_aware/configs/gqa_seq_scaling/tp16_hbm4_real_mesh2d_4x4_onering_qwen_gqa_tp16_fwd_bs64_sl12288.json,qwen,gqa_tp16_fwd,64,12288,16,,,,,mesh2d,4x4,onering,192885,145405,47480,,49.228,55.482,SUCCESS,2026-03-04 21:41:48
b7cd400138f82a214595117c902e4e0bc9beaba0e7772423ef350c6bbd3df61b,tp16_hbm4_mesh2d_4x4_onering_qwen_gqa_tp16_fwd_bs64_sl13312,/home/haotian/waferchip/mesh2D/astra_sim_picasso/examples/run_scripts/analytical/congestion_aware/configs/gqa_seq_scaling/tp16_hbm4_real_mesh2d_4x4_onering_qwen_gqa_tp16_fwd_bs64_sl13312.json,qwen,gqa_tp16_fwd,64,13312,16,,,,,mesh2d,4x4,onering,204069,156589,47480,,48.926,55.804,SUCCESS,2026-03-04 21:41:51
4a115da2ad539afac462002163ae3ef39ecc99f31a5a4959879ccda5aa249a28,tp16_hbm4_mesh2d_4x4_onering_qwen_gqa_tp16_fwd_bs64_sl14336,/home/haotian/waferchip/mesh2D/astra_sim_picasso/examples/run_scripts/analytical/congestion_aware/configs/gqa_seq_scaling/tp16_hbm4_real_mesh2d_4x4_onering_qwen_gqa_tp16_fwd_bs64_sl14336.json,qwen,gqa_tp16_fwd,64,14336,16,,,,,mesh2d,4x4,onering,215254,167774,47480,,48.664,56.084,SUCCESS,2026-03-04 21:41:55
39cbeefeedb6d18bb6db5cf9a887e5cd1528cb32368c550443e029f3a74bdd88,tp16_hbm4_mesh2d_4x4_onering_qwen_gqa_tp16_fwd_bs64_sl15360,/home/haotian/waferchip/mesh2D/astra_sim_picasso/examples/run_scripts/analytical/congestion_aware/configs/gqa_seq_scaling/tp16_hbm4_real_mesh2d_4x4_onering_qwen_gqa_tp16_fwd_bs64_sl15360.json,qwen,gqa_tp16_fwd,64,15360,16,,,,,mesh2d,4x4,onering,226438,178958,47480,,48.435,56.329,SUCCESS,2026-03-04 21:41:58
7f2a5e37c435b5c6b9b662c89ac25e460004846839f97fcf4346f440bfc2c138,tp16_hbm4_mesh2d_4x4_onering_qwen_gqa_tp16_fwd_bs64_sl3072,/home/haotian/waferchip/mesh2D/astra_sim_picasso/examples/run_scripts/analytical/congestion_aware/configs/gqa_seq_scaling/tp16_hbm4_real_mesh2d_4x4_onering_qwen_gqa_tp16_fwd_bs64_sl3072.json,qwen,gqa_tp16_fwd,64,3072,16,,,,,mesh2d,4x4,onering,92221,44741,47480,,58.739,45.317,SUCCESS,2026-03-04 21:42:05
b05584689faa3e4c3fecdc4469aade01ce8ae76fc64cdbc226f4a60fc7d0c3f1,tp16_hbm4_mesh2d_4x4_onering_qwen_gqa_tp16_fwd_bs64_sl5120,/home/haotian/waferchip/mesh2D/astra_sim_picasso/examples/run_scripts/analytical/congestion_aware/configs/gqa_seq_scaling/tp16_hbm4_real_mesh2d_4x4_onering_qwen_gqa_tp16_fwd_bs64_sl5120.json,qwen,gqa_tp16_fwd,64,5120,16,,,,,mesh2d,4x4,onering,114591,67111,47480,,54.16,50.211,SUCCESS,2026-03-04 21:42:12
ffc62f7face5e0e7e6e1a4e90aec2135c11dea901ba391592e2e0c839366a326,tp16_hbm4_mesh2d_4x4_onering_qwen_gqa_tp16_fwd_bs64_sl6144,/home/haotian/waferchip/mesh2D/astra_sim_picasso/examples/run_scripts/analytical/congestion_aware/configs/gqa_seq_scaling/tp16_hbm4_real_mesh2d_4x4_onering_qwen_gqa_tp16_fwd_bs64_sl6144.json,qwen,gqa_tp16_fwd,64,6144,16,,,,,mesh2d,4x4,onering,125775,78295,47480,,52.852,51.609,SUCCESS,2026-03-04 21:42:16
7e0476528a27ad3fb3afece2137d65d3643e07dc21e29811d44bdb48d12ceb8a,tp16_hbm4_mesh2d_4x4_onering_qwen_gqa_tp16_fwd_bs64_sl7168,/home/haotian/waferchip/mesh2D/astra_sim_picasso/examples/run_scripts/analytical/congestion_aware/configs/gqa_seq_scaling/tp16_hbm4_real_mesh2d_4x4_onering_qwen_gqa_tp16_fwd_bs64_sl7168.json,qwen,gqa_tp16_fwd,64,7168,16,,,,,mesh2d,4x4,onering,136961,89481,47480,,51.87,52.658,SUCCESS,2026-03-04 21:42:23
6274d80d39710ca98fca585d0c5d089606a2679dcfbac0a351758ac01aa285ac,tp16_hbm4_mesh2d_4x4_onering_qwen_gqa_tp16_fwd_bs64_sl8192,/home/haotian/waferchip/mesh2D/astra_sim_picasso/examples/run_scripts/analytical/congestion_aware/configs/gqa_seq_scaling/tp16_hbm4_real_mesh2d_4x4_onering_qwen_gqa_tp16_fwd_bs64_sl8192.json,qwen,gqa_tp16_fwd,64,8192,16,,,,,mesh2d,4x4,onering,148145,100665,47480,,51.107,53.473,SUCCESS,2026-03-04 21:42:26
b3c02f8679d15149adc9b795e81f04758d25217534c5860134fd073520e6cc48,tp16_hbm4_mesh2d_4x4_onering_qwen_gqa_tp16_fwd_bs64_sl9216,/home/haotian/waferchip/mesh2D/astra_sim_picasso/examples/run_scripts/analytical/congestion_aware/configs/gqa_seq_scaling/tp16_hbm4_real_mesh2d_4x4_onering_qwen_gqa_tp16_fwd_bs64_sl9216.json,qwen,gqa_tp16_fwd,64,9216,16,,,,,mesh2d,4x4,onering,159329,111849,47480,,50.497,54.126,SUCCESS,2026-03-04 21:42:30
cc1d8225030a10d8ba2f2d110fbcb5f039f68cf331b2e3335a7fb18e55851478,tp16_hbm4_torus2d_4x4_onering_qwen_gqa_tp16_fwd_bs64_sl1024,/home/haotian/waferchip/mesh2D/astra_sim_picasso/examples/run_scripts/analytical/congestion_aware/configs/gqa_seq_scaling/tp16_hbm4_ring_real_mesh2d_4x4_onering_qwen_gqa_tp16_fwd_bs64_sl1024.json,qwen,gqa_tp16_fwd,64,1024,16,,,,,torus2d,4x4,onering,48851,22371,26480,,72.478,30.635,SUCCESS,2026-03-04 21:42:30
ac0121897f6a90a52cdfc8b7c1509200ebe8f356d3e5abe89ec2819f8541b6de,tp16_hbm4_torus2d_4x4_onering_qwen_gqa_tp16_fwd_bs64_sl10240,/home/haotian/waferchip/mesh2D/astra_sim_picasso/examples/run_scripts/analytical/congestion_aware/configs/gqa_seq_scaling/tp16_hbm4_ring_real_mesh2d_4x4_onering_qwen_gqa_tp16_fwd_bs64_sl10240.json,qwen,gqa_tp16_fwd,64,10240,16,,,,,torus2d,4x4,onering,149515,123035,26480,,49.997,54.66,SUCCESS,2026-03-04 21:42:30
6ac74589e7773cc3f141a88bd688791534056abe8fa287b3b5e700cd878c18a3,tp16_hbm4_torus2d_4x4_onering_qwen_gqa_tp16_fwd_bs64_sl11264,/home/haotian/waferchip/mesh2D/astra_sim_picasso/examples/run_scripts/analytical/congestion_aware/configs/gqa_seq_scaling/tp16_hbm4_ring_real_mesh2d_4x4_onering_qwen_gqa_tp16_fwd_bs64_sl11264.json,qwen,gqa_tp16_fwd,64,11264,16,,,,,torus2d,4x4,onering,160699,134219,26480,,49.581,55.105,SUCCESS,2026-03-04 21:42:30
d54ea538aef1e2c3beb7f90ea8d5b2ad37230ac869c27b68c6b8ab9aaab710ac,tp16_hbm4_torus2d_4x4_onering_qwen_gqa_tp16_fwd_bs64_sl12288,/home/haotian/waferchip/mesh2D/astra_sim_picasso/examples/run_scripts/analytical/congestion_aware/configs/gqa_seq_scaling/tp16_hbm4_ring_real_mesh2d_4x4_onering_qwen_gqa_tp16_fwd_bs64_sl12288.json,qwen,gqa_tp16_fwd,64,12288,16,,,,,torus2d,4x4,onering,171885,145405,26480,,49.228,55.482,SUCCESS,2026-03-04 21:42:30
cd13913879420e6ff4960dd02929186c055b10bcac98825122e172770922e913,tp16_hbm4_torus2d_4x4_onering_qwen_gqa_tp16_fwd_bs64_sl13312,/home/haotian/waferchip/mesh2D/astra_sim_picasso/examples/run_scripts/analytical/congestion_aware/configs/gqa_seq_scaling/tp16_hbm4_ring_real_mesh2d_4x4_onering_qwen_gqa_tp16_fwd_bs64_sl13312.json,qwen,gqa_tp16_fwd,64,13312,16,,,,,torus2d,4x4,onering,183069,156589,26480,,48.926,55.804,SUCCESS,2026-03-04 21:42:30
43bc1ec775eb881c3e6373de0a66c80e9ac11bb57e8890fcb5f7ac09d09299de,tp16_hbm4_torus2d_4x4_onering_qwen_gqa_tp16_fwd_bs64_sl14336,/home/haotian/waferchip/mesh2D/astra_sim_picasso/examples/run_scripts/analytical/congestion_aware/configs/gqa_seq_scaling/tp16_hbm4_ring_real_mesh2d_4x4_onering_qwen_gqa_tp16_fwd_bs64_sl14336.json,qwen,gqa_tp16_fwd,64,14336,16,,,,,torus2d,4x4,onering,194254,167774,26480,,48.664,56.084,SUCCESS,2026-03-04 21:42:30
e9d652dfa74efa7dcb5f754262ea247757c234fe4349ab6bdfb9d54311461452,tp16_hbm4_torus2d_4x4_onering_qwen_gqa_tp16_fwd_bs64_sl15360,/home/haotian/waferchip/mesh2D/astra_sim_picasso/examples/run_scripts/analytical/congestion_aware/configs/gqa_seq_scaling/tp16_hbm4_ring_real_mesh2d_4x4_onering_qwen_gqa_tp16_fwd_bs64_sl15360.json,qwen,gqa_tp16_fwd,64,15360,16,,,,,torus2d,4x4,onering,205438,178958,26480,,48.435,56.329,SUCCESS,2026-03-04 21:42:30
0178f6bcb52d24daa3d57114fecdd4a46e03aab7bb6f2903c53a601f82692bf9,tp16_hbm4_torus2d_4x4_onering_qwen_gqa_tp16_fwd_bs64_sl2048,/home/haotian/waferchip/mesh2D/astra_sim_picasso/examples/run_scripts/analytical/congestion_aware/configs/gqa_seq_scaling/tp16_hbm4_ring_real_mesh2d_4x4_onering_qwen_gqa_tp16_fwd_bs64_sl2048.json,qwen,gqa_tp16_fwd,64,2048,16,,,,,torus2d,4x4,onering,60035,33555,26480,,63.321,40.421,SUCCESS,2026-03-04 21:42:30
72c533c047a59069ddb2c9490516d0cd3addd645b5116d30157b3553fca31c05,tp16_hbm4_torus2d_4x4_onering_qwen_gqa_tp16_fwd_bs64_sl3072,/home/haotian/waferchip/mesh2D/astra_sim_picasso/examples/run_scripts/analytical/congestion_aware/configs/gqa_seq_scaling/tp16_hbm4_ring_real_mesh2d_4x4_onering_qwen_gqa_tp16_fwd_bs64_sl3072.json,qwen,gqa_tp16_fwd,64,3072,16,,,,,torus2d,4x4,onering,71221,44741,26480,,58.739,45.317,SUCCESS,2026-03-04 21:42:30
e1c7d5a93f5948249120dc2976d03bf3de5ff60cfda06d86f6570839450e9148,tp16_hbm4_torus2d_4x4_onering_qwen_gqa_tp16_fwd_bs64_sl4096,/home/haotian/waferchip/mesh2D/astra_sim_picasso/examples/run_scripts/analytical/congestion_aware/configs/gqa_seq_scaling/tp16_hbm4_ring_real_mesh2d_4x4_onering_qwen_gqa_tp16_fwd_bs64_sl4096.json,qwen,gqa_tp16_fwd,64,4096,16,,,,,torus2d,4x4,onering,82405,55925,26480,,55.992,48.252,SUCCESS,2026-03-04 21:42:30
19ed178db9ceaf78ac9c486d6b08aae0d4728dab37ba841cb19e4cedc07d37fd,tp16_hbm4_torus2d_4x4_onering_qwen_gqa_tp16_fwd_bs64_sl5120,/home/haotian/waferchip/mesh2D/astra_sim_picasso/examples/run_scripts/analytical/congestion_aware/configs/gqa_seq_scaling/tp16_hbm4_ring_real_mesh2d_4x4_onering_qwen_gqa_tp16_fwd_bs64_sl5120.json,qwen,gqa_tp16_fwd,64,5120,16,,,,,torus2d,4x4,onering,93591,67111,26480,,54.16,50.211,SUCCESS,2026-03-04 21:42:31
0ec9fe6c587c5b3784bd7024665b549635dbd2673f64797cb402e7c78afe4a13,tp16_hbm4_torus2d_4x4_onering_qwen_gqa_tp16_fwd_bs64_sl6144,/home/haotian/waferchip/mesh2D/astra_sim_picasso/examples/run_scripts/analytical/congestion_aware/configs/gqa_seq_scaling/tp16_hbm4_ring_real_mesh2d_4x4_onering_qwen_gqa_tp16_fwd_bs64_sl6144.json,qwen,gqa_tp16_fwd,64,6144,16,,,,,torus2d,4x4,onering,104775,78295,26480,,52.852,51.609,SUCCESS,2026-03-04 21:42:31
ac335e4ceff6d4935c9b284e9984bccd27e5e1d1dbf04da87293087e6543fe0c,tp16_hbm4_torus2d_4x4_onering_qwen_gqa_tp16_fwd_bs64_sl65536,/home/haotian/waferchip/mesh2D/astra_sim_picasso/examples/run_scripts/analytical/congestion_aware/configs/gqa_seq_scaling/tp16_hbm4_ring_real_mesh2d_4x4_onering_qwen_gqa_tp16_fwd_bs64_sl65536.json,qwen,gqa_tp16_fwd,64,65536,16,,,,,torus2d,4x4,onering,753495,727015,26480,,45.846,59.096,SUCCESS,2026-03-04 21:42:31
3a11ece67196065231a795f29774b1db903486b9faa0194a02887879e5a6fd53,tp16_hbm4_torus2d_4x4_onering_qwen_gqa_tp16_fwd_bs64_sl7168,/home/haotian/waferchip/mesh2D/astra_sim_picasso/examples/run_scripts/analytical/congestion_aware/configs/gqa_seq_scaling/tp16_hbm4_ring_real_mesh2d_4x4_onering_qwen_gqa_tp16_fwd_bs64_sl7168.json,qwen,gqa_tp16_fwd,64,7168,16,,,,,torus2d,4x4,onering,115961,89481,26480,,51.87,52.658,SUCCESS,2026-03-04 21:42:31
0220219989e4ddd0932030ce089b5732f464662098179ee340b3677e70f4a8de,tp16_hbm4_torus2d_4x4_onering_qwen_gqa_tp16_fwd_bs64_sl8192,/home/haotian/waferchip/mesh2D/astra_sim_picasso/examples/run_scripts/analytical/congestion_aware/configs/gqa_seq_scaling/tp16_hbm4_ring_real_mesh2d_4x4_onering_qwen_gqa_tp16_fwd_bs64_sl8192.json,qwen,gqa_tp16_fwd,64,8192,16,,,,,torus2d,4x4,onering,127145,100665,26480,,51.107,53.473,SUCCESS,2026-03-04 21:42:31
d449b8e6a3687999e8dee0a7324c6a3e77a663b985b4286bc98e718f41e9a419,tp16_hbm4_torus2d_4x4_onering_qwen_gqa_tp16_fwd_bs64_sl9216,/home/haotian/waferchip/mesh2D/astra_sim_picasso/examples/run_scripts/analytical/congestion_aware/configs/gqa_seq_scaling/tp16_hbm4_ring_real_mesh2d_4x4_onering_qwen_gqa_tp16_fwd_bs64_sl9216.json,qwen,gqa_tp16_fwd,64,9216,16,,,,,torus2d,4x4,onering,138329,111849,26480,,50.497,54.126,SUCCESS,2026-03-04 21:42:31
dc00440a0aaceba1c2d4c0eb275dfb6ac5a835c7238379a3f6835f0d09fd5d50,tp16_hbm4_mesh2d_4x4_onering_baseline_sl4096_ns1,/home/haotian/waferchip/mesh2D/astra_sim_picasso/examples/run_scripts/analytical/congestion_aware/configs/gqa_congestion_test/tp16_hbm4_real_mesh2d_4x4_onering_baseline_sl4096_ns1.json,baseline,ns1,64,4096,16,,,,,mesh2d,4x4,onering,68716,49239,19477,,87.484,13.931,SUCCESS,2026-03-04 01:06:26
4136a169a67bb7de7304f03de92dfa02cb1563daea69356075f1fb0c933cdca8,tp16_hbm4_mesh2d_4x4_onering_baseline_sl4096_ns16,/home/haotian/waferchip/mesh2D/astra_sim_picasso/examples/run_scripts/analytical/congestion_aware/configs/gqa_congestion_test/tp16_hbm4_real_mesh2d_4x4_onering_baseline_sl4096_ns16.json,baseline,ns16,64,4096,16,,,,,mesh2d,4x4,onering,1099456,787824,311632,,87.486,13.931,SUCCESS,2026-03-04 01:06:40
dfcd93cad33e9dec57ef4c911dafb709046539c3ba19519cbf4f1ff1d3a5d54f,tp16_hbm4_mesh2d_4x4_onering_baseline_sl4096_ns2,/home/haotian/waferchip/mesh2D/astra_sim_picasso/examples/run_scripts/analytical/congestion_aware/configs/gqa_congestion_test/tp16_hbm4_real_mesh2d_4x4_onering_baseline_sl4096_ns2.json,baseline,ns2,64,4096,16,,,,,mesh2d,4x4,onering,137432,98478,38954,,87.485,13.931,SUCCESS,2026-03-04 01:06:41
fd23658b9df3130258ebf9dc6ff9de8f0a91290761be85ab78f66309fd7801a1,tp16_hbm4_mesh2d_4x4_onering_baseline_sl4096_ns4,/home/haotian/waferchip/mesh2D/astra_sim_picasso/examples/run_scripts/analytical/congestion_aware/configs/gqa_congestion_test/tp16_hbm4_real_mesh2d_4x4_onering_baseline_sl4096_ns4.json,baseline,ns4,64,4096,16,,,,,mesh2d,4x4,onering,274864,196956,77908,,87.485,13.931,SUCCESS,2026-03-04 01:06:45
6c7b844ce944b0f81bf42ec967c3b48d030fc5738f1cbcaa3b30c60f2d57927d,tp16_hbm4_mesh2d_4x4_onering_baseline_sl4096_ns8,/home/haotian/waferchip/mesh2D/astra_sim_picasso/examples/run_scripts/analytical/congestion_aware/configs/gqa_congestion_test/tp16_hbm4_real_mesh2d_4x4_onering_baseline_sl4096_ns8.json,baseline,ns8,64,4096,16,,,,,mesh2d,4x4,onering,549728,393912,155816,,87.486,13.931,SUCCESS,2026-03-04 01:06:52
26c2c5a18adcc889a01ad86fe8e2c22fb92fdcdc1f4cdbc93d2d90c7fe3fe83e,tp16_hbm4_mesh2d_4x4_onering_qwen_gqa_hmp_fwd_block2x2_bs1_sl65536,/home/haotian/waferchip/mesh2D/astra_sim_picasso/examples/run_scripts/analytical/congestion_aware/configs/gqa_batch_scaling/tp16_hbm4_mesh2d_4x4_onering_qwen_gqa_hmp_fwd_block2x2_bs1_sl65536.json,qwen,gqa_hmp_fwd_block2x2,1,65536,16,,,,,mesh2d,4x4,onering,7338,7338,,,80.951,24.325,SUCCESS,2026-03-10 17:55:50
73d4c18722fbdc11675dba26a1dc94efecdf3f1efb2405d2b150de42b8d45249,tp16_hbm4_mesh2d_4x4_onering_qwen_gqa_baseline_fwd_block2x2_bs1_sl65536,/home/haotian/waferchip/mesh2D/astra_sim_picasso/examples/run_scripts/analytical/congestion_aware/configs/gqa_batch_scaling/tp16_hbm4_mesh2d_4x4_onering_qwen_gqa_baseline_fwd_block2x2_bs1_sl65536.json,qwen,gqa_baseline_fwd_block2x2,1,65536,16,,,,,mesh2d,4x4,onering,23845,5605,18240,,73.823,31.804,SUCCESS,2026-03-10 18:09:56
26c2c5a18adcc889a01ad86fe8e2c22fb92fdcdc1f4cdbc93d2d90c7fe3fe83e,tp16_hbm4_mesh2d_4x4_onering_qwen_gqa_hmp_fwd_block2x2_bs1_sl65536,/home/haotian/waferchip/mesh2D/astra_sim_picasso/examples/run_scripts/analytical/congestion_aware/configs/gqa_batch_scaling/tp16_hbm4_mesh2d_4x4_onering_qwen_gqa_hmp_fwd_block2x2_bs1_sl65536.json,qwen,gqa_hmp_fwd_block2x2,1,65536,16,,,,,mesh2d,4x4,onering,5921,5921,,,75.211,30.145,SUCCESS,2026-03-10 18:09:56
a7470543073a44a2ab489990cca89a753d860fe7087c6f3ddd10555d032147ff,tp16_hbm4_ring_mesh2d_4x4_onering_qwen_gqa_tp16_fwd_bs1_sl65536,/home/haotian/waferchip/mesh2D/astra_sim_picasso/examples/run_scripts/analytical/congestion_aware/configs/gqa_batch_scaling/tp16_hbm4_ring_mesh2d_4x4_onering_qwen_gqa_tp16_fwd_bs1_sl65536.json,onering,qwen_gqa_tp16_fwd,1,65536,16,,,,,ring,mesh2d,4x4,54314,5251,49063,,72.058,39.934,SUCCESS,2026-03-10 18:09:56
73d4c18722fbdc11675dba26a1dc94efecdf3f1efb2405d2b150de42b8d45249,tp16_hbm4_mesh2d_4x4_onering_qwen_gqa_baseline_fwd_block2x2_bs1_sl65536,/home/haotian/waferchip/mesh2D/astra_sim_picasso/examples/run_scripts/analytical/congestion_aware/configs/gqa_batch_scaling/tp16_hbm4_mesh2d_4x4_onering_qwen_gqa_baseline_fwd_block2x2_bs1_sl65536.json,qwen,gqa_baseline_fwd_block2x2,1,65536,16,,,,,mesh2d,4x4,onering,23845,5605,18240,,73.823,31.804,SUCCESS,2026-03-10 18:10:11
df199923418d953ec4216fe35bc2a8de5efb8e5f7766c1a52e0b7c7e8de9c340,tp16_hbm4_80t_mesh2d_4x4_onering_qwen_gqa_baseline_fwd_block2x2_bs1_sl65536,/home/haotian/waferchip/mesh2D/astra_sim_picasso/examples/run_scripts/analytical/congestion_aware/configs/gqa_80t_test/tp16_hbm4_80t_mesh2d_4x4_onering_qwen_gqa_baseline_fwd_block2x2_bs1_sl65536.json,onering,qwen_gqa_baseline_fwd_block2x2,1,65536,16,,,,,80t,mesh2d,4x4,21722,3482,18240,,54.859,51.171,SUCCESS,2026-03-10 18:49:48
7e6b68fe134f01ae338f33f9abf0f7f4315c95457768a0eb5f3cc461aeb8bbce,tp16_hbm4_80t_mesh2d_4x4_onering_qwen_gqa_hmp_fwd_block2x2_bs1_sl65536,/home/haotian/waferchip/mesh2D/astra_sim_picasso/examples/run_scripts/analytical/congestion_aware/configs/gqa_80t_test/tp16_hbm4_80t_mesh2d_4x4_onering_qwen_gqa_hmp_fwd_block2x2_bs1_sl65536.json,onering,qwen_gqa_hmp_fwd_block2x2,1,65536,16,,,,,80t,mesh2d,4x4,3640,3640,,,56.798,49.011,SUCCESS,2026-03-10 18:49:48
449c5dab04da12a83bbe7bb87c883e18670f203f25a56d7a3141abf5ae75f3b7,tp16_hbm4_80t_mesh2d_4x4_onering_qwen_gqa_tp16_fwd_bs1_sl65536,/home/haotian/waferchip/mesh2D/astra_sim_picasso/examples/run_scripts/analytical/congestion_aware/configs/gqa_80t_test/tp16_hbm4_80t_mesh2d_4x4_onering_qwen_gqa_tp16_fwd_bs1_sl65536.json,onering,qwen_gqa_tp16_fwd,1,65536,16,,,,,80t,mesh2d,4x4,27685,3462,24223,,54.599,60.556,SUCCESS,2026-03-10 18:49:49
fb518ad9c946a72b4541e01e3f712231fa8659b9df1135de0d673d2a6bc91264,tp16_hbm4_80t_mesh2d_4x4_onering_qwen_gqa_baseline_fwd_block2x2_bs1_sl1024_split4,/home/haotian/waferchip/mesh2D/astra_sim_picasso/examples/run_scripts/analytical/congestion_aware/configs/gqa_seq_scaling/tp16_hbm4_80t_mesh2d_4x4_onering_qwen_gqa_baseline_fwd_block2x2_bs1_sl1024_split4.json,onering,qwen_gqa_baseline_fwd_block2x2_split4,1,1024,16,,,,,80t,mesh2d,4x4,2462,182,2280,,86.134,15.926,SUCCESS,2026-03-11 22:29:12
b5d700250ff3b06ba0b934e7eeeb2b94bd1ddd1604e219a2ac76ef19f7d6ae62,tp16_hbm4_80t_mesh2d_4x4_onering_qwen_gqa_baseline_fwd_block2x2_bs1_sl16384_split4,/home/haotian/waferchip/mesh2D/astra_sim_picasso/examples/run_scripts/analytical/congestion_aware/configs/gqa_seq_scaling/tp16_hbm4_80t_mesh2d_4x4_onering_qwen_gqa_baseline_fwd_block2x2_bs1_sl16384_split4.json,onering,qwen_gqa_baseline_fwd_block2x2_split4,1,16384,16,,,,,80t,mesh2d,4x4,3246,966,2280,,59.372,46.086,SUCCESS,2026-03-11 22:29:12
c7f54a84a7f3aabd2372278cf4bd23f23696579bed2219e821ef933b5ff55f04,tp16_hbm4_80t_mesh2d_4x4_onering_qwen_gqa_baseline_fwd_block2x2_bs1_sl2048_split4,/home/haotian/waferchip/mesh2D/astra_sim_picasso/examples/run_scripts/analytical/congestion_aware/configs/gqa_seq_scaling/tp16_hbm4_80t_mesh2d_4x4_onering_qwen_gqa_baseline_fwd_block2x2_bs1_sl2048_split4.json,onering,qwen_gqa_baseline_fwd_block2x2_split4,1,2048,16,,,,,80t,mesh2d,4x4,2514,234,2280,,78.83,24.158,SUCCESS,2026-03-11 22:29:12
f81d8c0a3bb35215ae5212f7fd9f25e18ff12614113936d9bb628de9893e767f,tp16_hbm4_80t_mesh2d_4x4_onering_qwen_gqa_baseline_fwd_block2x2_bs1_sl32768_split4,/home/haotian/waferchip/mesh2D/astra_sim_picasso/examples/run_scripts/analytical/congestion_aware/configs/gqa_seq_scaling/tp16_hbm4_80t_mesh2d_4x4_onering_qwen_gqa_baseline_fwd_block2x2_bs1_sl32768_split4.json,onering,qwen_gqa_baseline_fwd_block2x2_split4,1,32768,16,,,,,80t,mesh2d,4x4,4086,1806,2280,,56.468,49.358,SUCCESS,2026-03-11 22:29:12
b1c1479eba56d21b0e7d5c80f2757bc817d73738ac20cfb95cff4b471f6d034d,tp16_hbm4_80t_mesh2d_4x4_onering_qwen_gqa_baseline_fwd_block2x2_bs1_sl4096_split4,/home/haotian/waferchip/mesh2D/astra_sim_picasso/examples/run_scripts/analytical/congestion_aware/configs/gqa_seq_scaling/tp16_hbm4_80t_mesh2d_4x4_onering_qwen_gqa_baseline_fwd_block2x2_bs1_sl4096_split4.json,onering,qwen_gqa_baseline_fwd_block2x2_split4,1,4096,16,,,,,80t,mesh2d,4x4,2618,338,2280,,70.944,33.045,SUCCESS,2026-03-11 22:29:13
2dc72ef573eb78e2c377d4cadac362cdb97bdf4d252e3530d31e0a2c207ee50b,tp16_hbm4_80t_mesh2d_4x4_onering_qwen_gqa_baseline_fwd_block2x2_bs1_sl65536_split4,/home/haotian/waferchip/mesh2D/astra_sim_picasso/examples/run_scripts/analytical/congestion_aware/configs/gqa_seq_scaling/tp16_hbm4_80t_mesh2d_4x4_onering_qwen_gqa_baseline_fwd_block2x2_bs1_sl65536_split4.json,onering,qwen_gqa_baseline_fwd_block2x2_split4,1,65536,16,,,,,80t,mesh2d,4x4,5762,3482,2280,,54.859,51.171,SUCCESS,2026-03-11 22:29:13
db667448c5fbe46a07d9cb1911803b5401843ffefb97f4135af6fe83037811e1,tp16_hbm4_80t_mesh2d_4x4_onering_qwen_gqa_baseline_fwd_block2x2_bs1_sl8192_split4,/home/haotian/waferchip/mesh2D/astra_sim_picasso/examples/run_scripts/analytical/congestion_aware/configs/gqa_seq_scaling/tp16_hbm4_80t_mesh2d_4x4_onering_qwen_gqa_baseline_fwd_block2x2_bs1_sl8192_split4.json,onering,qwen_gqa_baseline_fwd_block2x2_split4,1,8192,16,,,,,80t,mesh2d,4x4,2826,546,2280,,64.168,40.681,SUCCESS,2026-03-11 22:29:13
71dfbd68d558fe207aa1d7f633a80a64894990a0f294ddf19a9f07bdf2786249,tp16_hbm4_80t_mesh2d_4x4_onering_qwen_gqa_hmp_fwd_block2x2_bs1_sl1024_split4,/home/haotian/waferchip/mesh2D/astra_sim_picasso/examples/run_scripts/analytical/congestion_aware/configs/gqa_seq_scaling/tp16_hbm4_80t_mesh2d_4x4_onering_qwen_gqa_hmp_fwd_block2x2_bs1_sl1024_split4.json,onering,qwen_gqa_hmp_fwd_block2x2_split4,1,1024,16,,,,,80t,mesh2d,4x4,340,340,,,92.339,9.2,SUCCESS,2026-03-11 22:29:13
bbdb70555af42c8a18248e813e79918c571871e656ee7b85a0b33df58546896f,tp16_hbm4_80t_mesh2d_4x4_onering_qwen_gqa_hmp_fwd_block2x2_bs1_sl16384_split4,/home/haotian/waferchip/mesh2D/astra_sim_picasso/examples/run_scripts/analytical/congestion_aware/configs/gqa_seq_scaling/tp16_hbm4_80t_mesh2d_4x4_onering_qwen_gqa_hmp_fwd_block2x2_bs1_sl16384_split4.json,onering,qwen_gqa_hmp_fwd_block2x2_split4,1,16384,16,,,,,80t,mesh2d,4x4,1124,1124,,,65.011,39.811,SUCCESS,2026-03-11 22:29:13
bf861eb460c2f4d09149adb1f22a488a5559675cba6c3a7582845f3a796e5191,tp16_hbm4_80t_mesh2d_4x4_onering_qwen_gqa_hmp_fwd_block2x2_bs1_sl2048_split4,/home/haotian/waferchip/mesh2D/astra_sim_picasso/examples/run_scripts/analytical/congestion_aware/configs/gqa_seq_scaling/tp16_hbm4_80t_mesh2d_4x4_onering_qwen_gqa_hmp_fwd_block2x2_bs1_sl2048_split4.json,onering,qwen_gqa_hmp_fwd_block2x2_split4,1,2048,16,,,,,80t,mesh2d,4x4,392,392,,,87.15,15.012,SUCCESS,2026-03-11 22:29:13
0287961c50170d1fe2c90271f2d5371b63b2d1d308aa94550d11cd49d7f5db04,tp16_hbm4_80t_mesh2d_4x4_onering_qwen_gqa_hmp_fwd_block2x2_bs1_sl32768_split4,/home/haotian/waferchip/mesh2D/astra_sim_picasso/examples/run_scripts/analytical/congestion_aware/configs/gqa_seq_scaling/tp16_hbm4_80t_mesh2d_4x4_onering_qwen_gqa_hmp_fwd_block2x2_bs1_sl32768_split4.json,onering,qwen_gqa_hmp_fwd_block2x2_split4,1,32768,16,,,,,80t,mesh2d,4x4,1964,1964,,,59.93,45.503,SUCCESS,2026-03-11 22:29:13
0f5ef71b655e01c2b9a05dcfc719f80a2aa63c5880035f940dcccfb36696fc9a,tp16_hbm4_80t_mesh2d_4x4_onering_qwen_gqa_hmp_fwd_block2x2_bs1_sl4096_split4,/home/haotian/waferchip/mesh2D/astra_sim_picasso/examples/run_scripts/analytical/congestion_aware/configs/gqa_seq_scaling/tp16_hbm4_80t_mesh2d_4x4_onering_qwen_gqa_hmp_fwd_block2x2_bs1_sl4096_split4.json,onering,qwen_gqa_hmp_fwd_block2x2_split4,1,4096,16,,,,,80t,mesh2d,4x4,496,496,,,80.03,22.988,SUCCESS,2026-03-11 22:29:13
4199a4ea30ede2dc37e20a54476a8bf26520e447b415a0bb1e00970983d539a4,tp16_hbm4_80t_mesh2d_4x4_onering_qwen_gqa_hmp_fwd_block2x2_bs1_sl65536_split4,/home/haotian/waferchip/mesh2D/astra_sim_picasso/examples/run_scripts/analytical/congestion_aware/configs/gqa_seq_scaling/tp16_hbm4_80t_mesh2d_4x4_onering_qwen_gqa_hmp_fwd_block2x2_bs1_sl65536_split4.json,onering,qwen_gqa_hmp_fwd_block2x2_split4,1,65536,16,,,,,80t,mesh2d,4x4,3640,3640,,,56.798,49.011,SUCCESS,2026-03-11 22:29:13
239192c7f98726a50534a8a1851c2d2d96cadeeb61e24a7ed0827835c96a31b6,tp16_hbm4_80t_mesh2d_4x4_onering_qwen_gqa_hmp_fwd_block2x2_bs1_sl8192_split4,/home/haotian/waferchip/mesh2D/astra_sim_picasso/examples/run_scripts/analytical/congestion_aware/configs/gqa_seq_scaling/tp16_hbm4_80t_mesh2d_4x4_onering_qwen_gqa_hmp_fwd_block2x2_bs1_sl8192_split4.json,onering,qwen_gqa_hmp_fwd_block2x2_split4,1,8192,16,,,,,80t,mesh2d,4x4,704,704,,,72.092,31.879,SUCCESS,2026-03-11 22:29:13
7480440f9dbe5baba16e908d74effc8e58633f64cf3f048b2bd166b9490db563,tp16_hbm4_80t_mesh2d_4x4_onering_qwen_gqa_tp16_fwd_bs1_sl1024_split4,/home/haotian/waferchip/mesh2D/astra_sim_picasso/examples/run_scripts/analytical/congestion_aware/configs/gqa_seq_scaling/tp16_hbm4_80t_mesh2d_4x4_onering_qwen_gqa_tp16_fwd_bs1_sl1024_split4.json,onering,qwen_gqa_tp16_fwd_split4,1,1024,16,,,,,80t,mesh2d,4x4,3172,162,3010,,84.433,21.199,SUCCESS,2026-03-11 22:29:14
a25996d61bde280b29fa6cdf15887c296997e809142ce9870ee5d55ed19e030f,tp16_hbm4_80t_mesh2d_4x4_onering_qwen_gqa_tp16_fwd_bs1_sl16384_split4,/home/haotian/waferchip/mesh2D/astra_sim_picasso/examples/run_scripts/analytical/congestion_aware/configs/gqa_seq_scaling/tp16_hbm4_80t_mesh2d_4x4_onering_qwen_gqa_tp16_fwd_bs1_sl16384_split4.json,onering,qwen_gqa_tp16_fwd_split4,1,16384,16,,,,,80t,mesh2d,4x4,4087,946,3141,,58.514,55.391,SUCCESS,2026-03-11 22:29:14
690160eff92f39f260f7678698e018cfa59765140b53cb9e94020d85f002cd02,tp16_hbm4_80t_mesh2d_4x4_onering_qwen_gqa_tp16_fwd_bs1_sl2048_split4,/home/haotian/waferchip/mesh2D/astra_sim_picasso/examples/run_scripts/analytical/congestion_aware/configs/gqa_seq_scaling/tp16_hbm4_80t_mesh2d_4x4_onering_qwen_gqa_tp16_fwd_bs1_sl2048_split4.json,onering,qwen_gqa_tp16_fwd_split4,1,2048,16,,,,,80t,mesh2d,4x4,3224,214,3010,,76.86,31.188,SUCCESS,2026-03-11 22:29:14
2a3ecabf12496f17e463f035f6a5f2306dcd3ebeb27962d131833e16f4c67764,tp16_hbm4_80t_mesh2d_4x4_onering_qwen_gqa_tp16_fwd_bs1_sl32768_split4,/home/haotian/waferchip/mesh2D/astra_sim_picasso/examples/run_scripts/analytical/congestion_aware/configs/gqa_seq_scaling/tp16_hbm4_80t_mesh2d_4x4_onering_qwen_gqa_tp16_fwd_bs1_sl32768_split4.json,onering,qwen_gqa_tp16_fwd_split4,1,32768,16,,,,,80t,mesh2d,4x4,5078,1786,3292,,55.981,58.733,SUCCESS,2026-03-11 22:29:15
c53c7d6fac9aae5a2c62320630f1d803f8cfd0ca964cd1ae93548751f233e9f9,tp16_hbm4_80t_mesh2d_4x4_onering_qwen_gqa_tp16_fwd_bs1_sl4096_split4,/home/haotian/waferchip/mesh2D/astra_sim_picasso/examples/run_scripts/analytical/congestion_aware/configs/gqa_seq_scaling/tp16_hbm4_80t_mesh2d_4x4_onering_qwen_gqa_tp16_fwd_bs1_sl4096_split4.json,onering,qwen_gqa_tp16_fwd_split4,1,4096,16,,,,,80t,mesh2d,4x4,3348,318,3030,,69.122,41.396,SUCCESS,2026-03-11 22:29:15
0724d4b1001bf28c80d96b8a590177058d8dab33a99f3a0714d0bb968682a38f,tp16_hbm4_80t_mesh2d_4x4_onering_qwen_gqa_tp16_fwd_bs1_sl65536_split4,/home/haotian/waferchip/mesh2D/astra_sim_picasso/examples/run_scripts/analytical/congestion_aware/configs/gqa_seq_scaling/tp16_hbm4_80t_mesh2d_4x4_onering_qwen_gqa_tp16_fwd_bs1_sl65536_split4.json,onering,qwen_gqa_tp16_fwd_split4,1,65536,16,,,,,80t,mesh2d,4x4,7036,3462,3574,,54.599,60.556,SUCCESS,2026-03-11 22:29:15
257d193acea0bccfe07e22c8f581923dff045f5357da0d4911d1d9aaa0afb621,tp16_hbm4_80t_mesh2d_4x4_onering_qwen_gqa_tp16_fwd_bs1_sl8192_split4,/home/haotian/waferchip/mesh2D/astra_sim_picasso/examples/run_scripts/analytical/congestion_aware/configs/gqa_seq_scaling/tp16_hbm4_80t_mesh2d_4x4_onering_qwen_gqa_tp16_fwd_bs1_sl8192_split4.json,onering,qwen_gqa_tp16_fwd_split4,1,8192,16,,,,,80t,mesh2d,4x4,3596,526,3070,,62.808,49.726,SUCCESS,2026-03-11 22:29:16
5709caa616537ecd82830acc9390a4718cf4cd657ab3218d961460da261afb5c,tp16_hbm4_80t_mesh2d_4x4_onering_qwen_gqa_baseline_fwd_block2x2_bs1_sl1048576_split4,/home/haotian/waferchip/mesh2D/astra_sim_picasso/examples/run_scripts/analytical/congestion_aware/configs/gqa_seq_scaling/tp16_hbm4_80t_mesh2d_4x4_onering_qwen_gqa_baseline_fwd_block2x2_bs1_sl1048576_split4.json,onering,qwen_gqa_baseline_fwd_block2x2_split4,1,1048576,16,,,,,80t,mesh2d,4x4,56094,53814,2280,,53.237,52.999,SUCCESS,2026-03-12 06:09:49
faf00751ff841ad98a1a6acfbad7dd2a6ffd5ab2931b62e4552679aa65fb2985,tp16_hbm4_80t_mesh2d_4x4_onering_qwen_gqa_baseline_fwd_block2x2_bs1_sl131072_split4,/home/haotian/waferchip/mesh2D/astra_sim_picasso/examples/run_scripts/analytical/congestion_aware/configs/gqa_seq_scaling/tp16_hbm4_80t_mesh2d_4x4_onering_qwen_gqa_baseline_fwd_block2x2_bs1_sl131072_split4.json,onering,qwen_gqa_baseline_fwd_block2x2_split4,1,131072,16,,,,,80t,mesh2d,4x4,9118,6838,2280,,54.008,52.13,SUCCESS,2026-03-12 06:09:49
522206090daab827ad90ee601863d4e738bd272779673c0bc26970a3237751c4,tp16_hbm4_80t_mesh2d_4x4_onering_qwen_gqa_baseline_fwd_block2x2_bs1_sl262144_split4,/home/haotian/waferchip/mesh2D/astra_sim_picasso/examples/run_scripts/analytical/congestion_aware/configs/gqa_seq_scaling/tp16_hbm4_80t_mesh2d_4x4_onering_qwen_gqa_baseline_fwd_block2x2_bs1_sl262144_split4.json,onering,qwen_gqa_baseline_fwd_block2x2_split4,1,262144,16,,,,,80t,mesh2d,4x4,15830,13550,2280,,53.571,52.623,SUCCESS,2026-03-12 06:09:49
1ca25f2004376bf760f1f220693c0657e3e47a6e18cbe8933b92139d4a2b2f65,tp16_hbm4_80t_mesh2d_4x4_onering_qwen_gqa_baseline_fwd_block2x2_bs1_sl524288_split4,/home/haotian/waferchip/mesh2D/astra_sim_picasso/examples/run_scripts/analytical/congestion_aware/configs/gqa_seq_scaling/tp16_hbm4_80t_mesh2d_4x4_onering_qwen_gqa_baseline_fwd_block2x2_bs1_sl524288_split4.json,onering,qwen_gqa_baseline_fwd_block2x2_split4,1,524288,16,,,,,80t,mesh2d,4x4,29250,26970,2280,,53.349,52.873,SUCCESS,2026-03-12 06:09:50
3a4cb0240abe3c8ac2a9a9cbd7626e951b685a45b79db0b263b765dd5a4b922d,tp16_hbm4_80t_mesh2d_4x4_onering_qwen_gqa_hmp_fwd_block2x2_bs1_sl1048576_split4,/home/haotian/waferchip/mesh2D/astra_sim_picasso/examples/run_scripts/analytical/congestion_aware/configs/gqa_seq_scaling/tp16_hbm4_80t_mesh2d_4x4_onering_qwen_gqa_hmp_fwd_block2x2_bs1_sl1048576_split4.json,onering,qwen_gqa_hmp_fwd_block2x2_split4,1,1048576,16,,,,,80t,mesh2d,4x4,53972,53972,,,53.373,52.848,SUCCESS,2026-03-12 06:09:50
ff20096942fef992b990461ebb672cd03254c1ac5e025236502477ef4178983c,tp16_hbm4_80t_mesh2d_4x4_onering_qwen_gqa_hmp_fwd_block2x2_bs1_sl131072_split4,/home/haotian/waferchip/mesh2D/astra_sim_picasso/examples/run_scripts/analytical/congestion_aware/configs/gqa_seq_scaling/tp16_hbm4_80t_mesh2d_4x4_onering_qwen_gqa_hmp_fwd_block2x2_bs1_sl131072_split4.json,onering,qwen_gqa_hmp_fwd_block2x2_split4,1,131072,16,,,,,80t,mesh2d,4x4,6996,6996,,,55.036,50.984,SUCCESS,2026-03-12 06:09:50
abf7c6a3af5fc626cea3f058791c427eae6953ea50d6a1fe512a8df3f5d45717,tp16_hbm4_80t_mesh2d_4x4_onering_qwen_gqa_hmp_fwd_block2x2_bs1_sl262144_split4,/home/haotian/waferchip/mesh2D/astra_sim_picasso/examples/run_scripts/analytical/congestion_aware/configs/gqa_seq_scaling/tp16_hbm4_80t_mesh2d_4x4_onering_qwen_gqa_hmp_fwd_block2x2_bs1_sl262144_split4.json,onering,qwen_gqa_hmp_fwd_block2x2_split4,1,262144,16,,,,,80t,mesh2d,4x4,13708,13708,,,54.1,52.032,SUCCESS,2026-03-12 06:09:50
414126233f4c081eff85b52feba680cbefb77d3d542c4545633132216801383b,tp16_hbm4_80t_mesh2d_4x4_onering_qwen_gqa_hmp_fwd_block2x2_bs1_sl524288_split4,/home/haotian/waferchip/mesh2D/astra_sim_picasso/examples/run_scripts/analytical/congestion_aware/configs/gqa_seq_scaling/tp16_hbm4_80t_mesh2d_4x4_onering_qwen_gqa_hmp_fwd_block2x2_bs1_sl524288_split4.json,onering,qwen_gqa_hmp_fwd_block2x2_split4,1,524288,16,,,,,80t,mesh2d,4x4,27128,27128,,,53.618,52.573,SUCCESS,2026-03-12 06:09:50
323fd44fc7ca1d7cfd117b5efe6e2445545692f1d46037d61633c8f4a269d871,tp16_hbm4_80t_mesh2d_4x4_onering_qwen_gqa_tp16_fwd_bs1_sl1048576_split4,/home/haotian/waferchip/mesh2D/astra_sim_picasso/examples/run_scripts/analytical/congestion_aware/configs/gqa_seq_scaling/tp16_hbm4_80t_mesh2d_4x4_onering_qwen_gqa_tp16_fwd_bs1_sl1048576_split4.json,onering,qwen_gqa_tp16_fwd_split4,1,1048576,16,,,,,80t,mesh2d,4x4,69049,53794,15255,,53.22,62.375,SUCCESS,2026-03-12 06:09:51
e4085893e1686b707560846df0f94d099699b1d13e4f7e34fbeb35f7262c2a02,tp16_hbm4_80t_mesh2d_4x4_onering_qwen_gqa_tp16_fwd_bs1_sl131072_split4,/home/haotian/waferchip/mesh2D/astra_sim_picasso/examples/run_scripts/analytical/congestion_aware/configs/gqa_seq_scaling/tp16_hbm4_80t_mesh2d_4x4_onering_qwen_gqa_tp16_fwd_bs1_sl131072_split4.json,onering,qwen_gqa_tp16_fwd_split4,1,131072,16,,,,,80t,mesh2d,4x4,11113,6818,4295,,53.873,61.513,SUCCESS,2026-03-12 06:09:51
b0a2ddb9b7a88a54e8f6e57c710d288052fea1314e1ba3188916578d441bfa5f,tp16_hbm4_80t_mesh2d_4x4_onering_qwen_gqa_tp16_fwd_bs1_sl262144_split4,/home/haotian/waferchip/mesh2D/astra_sim_picasso/examples/run_scripts/analytical/congestion_aware/configs/gqa_seq_scaling/tp16_hbm4_80t_mesh2d_4x4_onering_qwen_gqa_tp16_fwd_bs1_sl262144_split4.json,onering,qwen_gqa_tp16_fwd_split4,1,262144,16,,,,,80t,mesh2d,4x4,19362,13530,5832,,53.502,62.002,SUCCESS,2026-03-12 06:09:51
4abed0c7ee18ccaf12cb9c73f9f81ab3cdce19266b0ca35f5887bcb3527bb2d6,tp16_hbm4_80t_mesh2d_4x4_onering_qwen_gqa_tp16_fwd_bs1_sl524288_split4,/home/haotian/waferchip/mesh2D/astra_sim_picasso/examples/run_scripts/analytical/congestion_aware/configs/gqa_seq_scaling/tp16_hbm4_80t_mesh2d_4x4_onering_qwen_gqa_tp16_fwd_bs1_sl524288_split4.json,onering,qwen_gqa_tp16_fwd_split4,1,524288,16,,,,,80t,mesh2d,4x4,35923,26950,8973,,53.314,62.25,SUCCESS,2026-03-12 06:09:52
139719ae14d1d90950d616f87aae0db15603dde590a482ace80de5de008ab2d8,tp16_hbm4_80t_mesh2d_4x4_onering_qwen_gqa_baseline_fwd_block2x2_bs1_sl1024_split4_d2d15ns,/home/haotian/waferchip/mesh2D/astra_sim_picasso/examples/run_scripts/analytical/congestion_aware/configs/gqa_seq_scaling/tp16_hbm4_80t_mesh2d_4x4_onering_qwen_gqa_baseline_fwd_block2x2_bs1_sl1024_split4_d2d15ns.json,onering,qwen_gqa_baseline_fwd_block2x2_split4_d2d15ns,1,1024,16,,,,,80t,mesh2d,4x4,677,182,495,,86.134,15.926,SUCCESS,2026-03-15 05:46:22
29cdfd1316c289fa13725ec875b0ec8a3f42cb80ff2f8512f0734ccfe69a0a41,tp16_hbm4_80t_mesh2d_4x4_onering_qwen_gqa_baseline_fwd_block2x2_bs1_sl1048576_split4_d2d15ns,/home/haotian/waferchip/mesh2D/astra_sim_picasso/examples/run_scripts/analytical/congestion_aware/configs/gqa_seq_scaling/tp16_hbm4_80t_mesh2d_4x4_onering_qwen_gqa_baseline_fwd_block2x2_bs1_sl1048576_split4_d2d15ns.json,onering,qwen_gqa_baseline_fwd_block2x2_split4_d2d15ns,1,1048576,16,,,,,80t,mesh2d,4x4,54309,53814,495,,53.237,52.999,SUCCESS,2026-03-15 05:46:23
26a8a794d71c88283e90bd956b62b7e3b66f23ed7de1cbd76b9aef3290ebe59f,tp16_hbm4_80t_mesh2d_4x4_onering_qwen_gqa_baseline_fwd_block2x2_bs1_sl131072_split4_d2d15ns,/home/haotian/waferchip/mesh2D/astra_sim_picasso/examples/run_scripts/analytical/congestion_aware/configs/gqa_seq_scaling/tp16_hbm4_80t_mesh2d_4x4_onering_qwen_gqa_baseline_fwd_block2x2_bs1_sl131072_split4_d2d15ns.json,onering,qwen_gqa_baseline_fwd_block2x2_split4_d2d15ns,1,131072,16,,,,,80t,mesh2d,4x4,7333,6838,495,,54.008,52.13,SUCCESS,2026-03-15 05:46:23
cfd18a6f0d7896986ffc003b3f476e18e57a986ed4e8459b6875e2c7fd9d4b29,tp16_hbm4_80t_mesh2d_4x4_onering_qwen_gqa_baseline_fwd_block2x2_bs1_sl16384_split4_d2d15ns,/home/haotian/waferchip/mesh2D/astra_sim_picasso/examples/run_scripts/analytical/congestion_aware/configs/gqa_seq_scaling/tp16_hbm4_80t_mesh2d_4x4_onering_qwen_gqa_baseline_fwd_block2x2_bs1_sl16384_split4_d2d15ns.json,onering,qwen_gqa_baseline_fwd_block2x2_split4_d2d15ns,1,16384,16,,,,,80t,mesh2d,4x4,1461,966,495,,59.372,46.086,SUCCESS,2026-03-15 05:46:23
99dd0dbc0fc7e21922d71864a3beb3a34b559488656c1f7d15789010c479b157,tp16_hbm4_80t_mesh2d_4x4_onering_qwen_gqa_baseline_fwd_block2x2_bs1_sl2048_split4_d2d15ns,/home/haotian/waferchip/mesh2D/astra_sim_picasso/examples/run_scripts/analytical/congestion_aware/configs/gqa_seq_scaling/tp16_hbm4_80t_mesh2d_4x4_onering_qwen_gqa_baseline_fwd_block2x2_bs1_sl2048_split4_d2d15ns.json,onering,qwen_gqa_baseline_fwd_block2x2_split4_d2d15ns,1,2048,16,,,,,80t,mesh2d,4x4,729,234,495,,78.83,24.158,SUCCESS,2026-03-15 05:46:24
082c7fba57423af83e024665406534734cab1853799ebaa351866033711da722,tp16_hbm4_80t_mesh2d_4x4_onering_qwen_gqa_baseline_fwd_block2x2_bs1_sl262144_split4_d2d15ns,/home/haotian/waferchip/mesh2D/astra_sim_picasso/examples/run_scripts/analytical/congestion_aware/configs/gqa_seq_scaling/tp16_hbm4_80t_mesh2d_4x4_onering_qwen_gqa_baseline_fwd_block2x2_bs1_sl262144_split4_d2d15ns.json,onering,qwen_gqa_baseline_fwd_block2x2_split4_d2d15ns,1,262144,16,,,,,80t,mesh2d,4x4,14045,13550,495,,53.571,52.623,SUCCESS,2026-03-15 05:46:24
a28979303831db5fff671ede0d24098e9f3bcbb66ffe565592e5ca9be73a243c,tp16_hbm4_80t_mesh2d_4x4_onering_qwen_gqa_baseline_fwd_block2x2_bs1_sl32768_split4_d2d15ns,/home/haotian/waferchip/mesh2D/astra_sim_picasso/examples/run_scripts/analytical/congestion_aware/configs/gqa_seq_scaling/tp16_hbm4_80t_mesh2d_4x4_onering_qwen_gqa_baseline_fwd_block2x2_bs1_sl32768_split4_d2d15ns.json,onering,qwen_gqa_baseline_fwd_block2x2_split4_d2d15ns,1,32768,16,,,,,80t,mesh2d,4x4,2301,1806,495,,56.468,49.358,SUCCESS,2026-03-15 05:46:24
470cc4ad22ad885d84b95fca631bd315b26fc0137692f35918a9e79c88b07534,tp16_hbm4_80t_mesh2d_4x4_onering_qwen_gqa_baseline_fwd_block2x2_bs1_sl4096_split4_d2d15ns,/home/haotian/waferchip/mesh2D/astra_sim_picasso/examples/run_scripts/analytical/congestion_aware/configs/gqa_seq_scaling/tp16_hbm4_80t_mesh2d_4x4_onering_qwen_gqa_baseline_fwd_block2x2_bs1_sl4096_split4_d2d15ns.json,onering,qwen_gqa_baseline_fwd_block2x2_split4_d2d15ns,1,4096,16,,,,,80t,mesh2d,4x4,833,338,495,,70.944,33.045,SUCCESS,2026-03-15 05:46:24
9ac3791f26baa950e52f85ea69525086c25b440d7a7198f24f34bdb07883d198,tp16_hbm4_80t_mesh2d_4x4_onering_qwen_gqa_baseline_fwd_block2x2_bs1_sl524288_split4_d2d15ns,/home/haotian/waferchip/mesh2D/astra_sim_picasso/examples/run_scripts/analytical/congestion_aware/configs/gqa_seq_scaling/tp16_hbm4_80t_mesh2d_4x4_onering_qwen_gqa_baseline_fwd_block2x2_bs1_sl524288_split4_d2d15ns.json,onering,qwen_gqa_baseline_fwd_block2x2_split4_d2d15ns,1,524288,16,,,,,80t,mesh2d,4x4,27465,26970,495,,53.349,52.873,SUCCESS,2026-03-15 05:46:25
26729d34706541bb1611ea0540d0975b0503a2902e963f202d7bdab72877b127,tp16_hbm4_80t_mesh2d_4x4_onering_qwen_gqa_baseline_fwd_block2x2_bs1_sl65536_split4_d2d15ns,/home/haotian/waferchip/mesh2D/astra_sim_picasso/examples/run_scripts/analytical/congestion_aware/configs/gqa_seq_scaling/tp16_hbm4_80t_mesh2d_4x4_onering_qwen_gqa_baseline_fwd_block2x2_bs1_sl65536_split4_d2d15ns.json,onering,qwen_gqa_baseline_fwd_block2x2_split4_d2d15ns,1,65536,16,,,,,80t,mesh2d,4x4,3977,3482,495,,54.859,51.171,SUCCESS,2026-03-15 05:46:25
ab035e30bc2c2fc9aadcb825423f2a181d703d54f062651a0adbde337dcdc18c,tp16_hbm4_80t_mesh2d_4x4_onering_qwen_gqa_baseline_fwd_block2x2_bs1_sl8192_split4_d2d15ns,/home/haotian/waferchip/mesh2D/astra_sim_picasso/examples/run_scripts/analytical/congestion_aware/configs/gqa_seq_scaling/tp16_hbm4_80t_mesh2d_4x4_onering_qwen_gqa_baseline_fwd_block2x2_bs1_sl8192_split4_d2d15ns.json,onering,qwen_gqa_baseline_fwd_block2x2_split4_d2d15ns,1,8192,16,,,,,80t,mesh2d,4x4,1041,546,495,,64.168,40.681,SUCCESS,2026-03-15 05:46:25
523db68a5cd5849b445cdea54f9aa30cff937ea0299a3d1bfd8c8f5dfcb5be14,tp16_hbm4_80t_mesh2d_4x4_onering_qwen_gqa_hmp_fwd_block2x2_bs1_sl1024_split4_d2d15ns,/home/haotian/waferchip/mesh2D/astra_sim_picasso/examples/run_scripts/analytical/congestion_aware/configs/gqa_seq_scaling/tp16_hbm4_80t_mesh2d_4x4_onering_qwen_gqa_hmp_fwd_block2x2_bs1_sl1024_split4_d2d15ns.json,onering,qwen_gqa_hmp_fwd_block2x2_split4_d2d15ns,1,1024,16,,,,,80t,mesh2d,4x4,340,340,,,92.339,9.2,SUCCESS,2026-03-15 05:46:25
cf7286ff1ef7bf69b0bbb7b04d548a86d40e9101eb4f8f11fc8fd4c8978f5034,tp16_hbm4_80t_mesh2d_4x4_onering_qwen_gqa_hmp_fwd_block2x2_bs1_sl1048576_split4_d2d15ns,/home/haotian/waferchip/mesh2D/astra_sim_picasso/examples/run_scripts/analytical/congestion_aware/configs/gqa_seq_scaling/tp16_hbm4_80t_mesh2d_4x4_onering_qwen_gqa_hmp_fwd_block2x2_bs1_sl1048576_split4_d2d15ns.json,onering,qwen_gqa_hmp_fwd_block2x2_split4_d2d15ns,1,1048576,16,,,,,80t,mesh2d,4x4,53972,53972,,,53.373,52.848,SUCCESS,2026-03-15 05:46:25
fd446930a2c216fabedb816b9abbc317df79b0854e99cd3c82438f6fe32031d9,tp16_hbm4_80t_mesh2d_4x4_onering_qwen_gqa_hmp_fwd_block2x2_bs1_sl131072_split4_d2d15ns,/home/haotian/waferchip/mesh2D/astra_sim_picasso/examples/run_scripts/analytical/congestion_aware/configs/gqa_seq_scaling/tp16_hbm4_80t_mesh2d_4x4_onering_qwen_gqa_hmp_fwd_block2x2_bs1_sl131072_split4_d2d15ns.json,onering,qwen_gqa_hmp_fwd_block2x2_split4_d2d15ns,1,131072,16,,,,,80t,mesh2d,4x4,6996,6996,,,55.036,50.984,SUCCESS,2026-03-15 05:46:25
3847a16028e1c082783ade73f0ed2c96d5ca9f6901908b870c8163b12818d9e6,tp16_hbm4_80t_mesh2d_4x4_onering_qwen_gqa_hmp_fwd_block2x2_bs1_sl16384_split4_d2d15ns,/home/haotian/waferchip/mesh2D/astra_sim_picasso/examples/run_scripts/analytical/congestion_aware/configs/gqa_seq_scaling/tp16_hbm4_80t_mesh2d_4x4_onering_qwen_gqa_hmp_fwd_block2x2_bs1_sl16384_split4_d2d15ns.json,onering,qwen_gqa_hmp_fwd_block2x2_split4_d2d15ns,1,16384,16,,,,,80t,mesh2d,4x4,1124,1124,,,65.011,39.811,SUCCESS,2026-03-15 05:46:25
dbc99c29e6350782e105cb9d5d4b2d0f6b70d2fd36d6c8c71de0cd36e8c789ff,tp16_hbm4_80t_mesh2d_4x4_onering_qwen_gqa_hmp_fwd_block2x2_bs1_sl2048_split4_d2d15ns,/home/haotian/waferchip/mesh2D/astra_sim_picasso/examples/run_scripts/analytical/congestion_aware/configs/gqa_seq_scaling/tp16_hbm4_80t_mesh2d_4x4_onering_qwen_gqa_hmp_fwd_block2x2_bs1_sl2048_split4_d2d15ns.json,onering,qwen_gqa_hmp_fwd_block2x2_split4_d2d15ns,1,2048,16,,,,,80t,mesh2d,4x4,392,392,,,87.15,15.012,SUCCESS,2026-03-15 05:46:25
7e78632659c7e37922159484f9493f3c87e88be474cc11faa8ff771ac9c2c75e,tp16_hbm4_80t_mesh2d_4x4_onering_qwen_gqa_hmp_fwd_block2x2_bs1_sl262144_split4_d2d15ns,/home/haotian/waferchip/mesh2D/astra_sim_picasso/examples/run_scripts/analytical/congestion_aware/configs/gqa_seq_scaling/tp16_hbm4_80t_mesh2d_4x4_onering_qwen_gqa_hmp_fwd_block2x2_bs1_sl262144_split4_d2d15ns.json,onering,qwen_gqa_hmp_fwd_block2x2_split4_d2d15ns,1,262144,16,,,,,80t,mesh2d,4x4,13708,13708,,,54.1,52.032,SUCCESS,2026-03-15 05:46:25
b8fc3719d643784d01f26415683008b50315b166a23624030f7346f2633ed297,tp16_hbm4_80t_mesh2d_4x4_onering_qwen_gqa_hmp_fwd_block2x2_bs1_sl32768_split4_d2d15ns,/home/haotian/waferchip/mesh2D/astra_sim_picasso/examples/run_scripts/analytical/congestion_aware/configs/gqa_seq_scaling/tp16_hbm4_80t_mesh2d_4x4_onering_qwen_gqa_hmp_fwd_block2x2_bs1_sl32768_split4_d2d15ns.json,onering,qwen_gqa_hmp_fwd_block2x2_split4_d2d15ns,1,32768,16,,,,,80t,mesh2d,4x4,1964,1964,,,59.93,45.503,SUCCESS,2026-03-15 05:46:26
d40c000687c76c22678f5131ca5f9349e88b6d885a140e4ada9efd7fc2e63ea5,tp16_hbm4_80t_mesh2d_4x4_onering_qwen_gqa_hmp_fwd_block2x2_bs1_sl4096_split4_d2d15ns,/home/haotian/waferchip/mesh2D/astra_sim_picasso/examples/run_scripts/analytical/congestion_aware/configs/gqa_seq_scaling/tp16_hbm4_80t_mesh2d_4x4_onering_qwen_gqa_hmp_fwd_block2x2_bs1_sl4096_split4_d2d15ns.json,onering,qwen_gqa_hmp_fwd_block2x2_split4_d2d15ns,1,4096,16,,,,,80t,mesh2d,4x4,496,496,,,80.03,22.988,SUCCESS,2026-03-15 05:46:26
c0c9c76acdf5dc44994508ef3a8a81e1d444388e3ddf56ad8f983f9badcf48a9,tp16_hbm4_80t_mesh2d_4x4_onering_qwen_gqa_hmp_fwd_block2x2_bs1_sl524288_split4_d2d15ns,/home/haotian/waferchip/mesh2D/astra_sim_picasso/examples/run_scripts/analytical/congestion_aware/configs/gqa_seq_scaling/tp16_hbm4_80t_mesh2d_4x4_onering_qwen_gqa_hmp_fwd_block2x2_bs1_sl524288_split4_d2d15ns.json,onering,qwen_gqa_hmp_fwd_block2x2_split4_d2d15ns,1,524288,16,,,,,80t,mesh2d,4x4,27128,27128,,,53.618,52.573,SUCCESS,2026-03-15 05:46:26
3e69b73b675a54f890686bf2d7ac4d15bfdbb0f60a73e40a5c649b4f5cd86474,tp16_hbm4_80t_mesh2d_4x4_onering_qwen_gqa_hmp_fwd_block2x2_bs1_sl65536_split4_d2d15ns,/home/haotian/waferchip/mesh2D/astra_sim_picasso/examples/run_scripts/analytical/congestion_aware/configs/gqa_seq_scaling/tp16_hbm4_80t_mesh2d_4x4_onering_qwen_gqa_hmp_fwd_block2x2_bs1_sl65536_split4_d2d15ns.json,onering,qwen_gqa_hmp_fwd_block2x2_split4_d2d15ns,1,65536,16,,,,,80t,mesh2d,4x4,3640,3640,,,56.798,49.011,SUCCESS,2026-03-15 05:46:26
4f80c359d8e7144216f3de92a2c643f7f398893365421920edd51a01a74eecc0,tp16_hbm4_80t_mesh2d_4x4_onering_qwen_gqa_hmp_fwd_block2x2_bs1_sl8192_split4_d2d15ns,/home/haotian/waferchip/mesh2D/astra_sim_picasso/examples/run_scripts/analytical/congestion_aware/configs/gqa_seq_scaling/tp16_hbm4_80t_mesh2d_4x4_onering_qwen_gqa_hmp_fwd_block2x2_bs1_sl8192_split4_d2d15ns.json,onering,qwen_gqa_hmp_fwd_block2x2_split4_d2d15ns,1,8192,16,,,,,80t,mesh2d,4x4,704,704,,,72.092,31.879,SUCCESS,2026-03-15 05:46:26
677896538c5cddf6cccefe0bc04c21af529573ae84dd6dfc58ec1f7f67c3b4ea,tp16_hbm4_80t_mesh2d_4x4_onering_qwen_gqa_tp16_fwd_bs1_sl1024_split4_d2d15ns,/home/haotian/waferchip/mesh2D/astra_sim_picasso/examples/run_scripts/analytical/congestion_aware/configs/gqa_seq_scaling/tp16_hbm4_80t_mesh2d_4x4_onering_qwen_gqa_tp16_fwd_bs1_sl1024_split4_d2d15ns.json,onering,qwen_gqa_tp16_fwd_split4_d2d15ns,1,1024,16,,,,,80t,mesh2d,4x4,792,162,630,,84.433,21.199,SUCCESS,2026-03-15 05:46:26
94aefc732ee59e1fbc1248e9262f7b8f84ea143d3e6fa1e41f96fd0e085d88b7,tp16_hbm4_80t_mesh2d_4x4_onering_qwen_gqa_tp16_fwd_bs1_sl1048576_split4_d2d15ns,/home/haotian/waferchip/mesh2D/astra_sim_picasso/examples/run_scripts/analytical/congestion_aware/configs/gqa_seq_scaling/tp16_hbm4_80t_mesh2d_4x4_onering_qwen_gqa_tp16_fwd_bs1_sl1048576_split4_d2d15ns.json,onering,qwen_gqa_tp16_fwd_split4_d2d15ns,1,1048576,16,,,,,80t,mesh2d,4x4,66927,53794,13133,,53.22,62.375,SUCCESS,2026-03-15 05:46:26
8e94ad20312452fa4c9fcd63c701e8831dab3f72ea05fd767972006bb1bb9205,tp16_hbm4_80t_mesh2d_4x4_onering_qwen_gqa_tp16_fwd_bs1_sl131072_split4_d2d15ns,/home/haotian/waferchip/mesh2D/astra_sim_picasso/examples/run_scripts/analytical/congestion_aware/configs/gqa_seq_scaling/tp16_hbm4_80t_mesh2d_4x4_onering_qwen_gqa_tp16_fwd_bs1_sl131072_split4_d2d15ns.json,onering,qwen_gqa_tp16_fwd_split4_d2d15ns,1,131072,16,,,,,80t,mesh2d,4x4,8959,6818,2141,,53.873,61.513,SUCCESS,2026-03-15 05:46:27
7001ec5cb20e81cc7d6b3bbfeee4cfdbdf6df076be202c90543a6b19a34afa35,tp16_hbm4_80t_mesh2d_4x4_onering_qwen_gqa_tp16_fwd_bs1_sl16384_split4_d2d15ns,/home/haotian/waferchip/mesh2D/astra_sim_picasso/examples/run_scripts/analytical/congestion_aware/configs/gqa_seq_scaling/tp16_hbm4_80t_mesh2d_4x4_onering_qwen_gqa_tp16_fwd_bs1_sl16384_split4_d2d15ns.json,onering,qwen_gqa_tp16_fwd_split4_d2d15ns,1,16384,16,,,,,80t,mesh2d,4x4,1707,946,761,,58.514,55.391,SUCCESS,2026-03-15 05:46:27
2f1cc9c8acec10c6c47ed74381231851d2dc287b38e2bacbd3ba182bbe29c562,tp16_hbm4_80t_mesh2d_4x4_onering_qwen_gqa_tp16_fwd_bs1_sl2048_split4_d2d15ns,/home/haotian/waferchip/mesh2D/astra_sim_picasso/examples/run_scripts/analytical/congestion_aware/configs/gqa_seq_scaling/tp16_hbm4_80t_mesh2d_4x4_onering_qwen_gqa_tp16_fwd_bs1_sl2048_split4_d2d15ns.json,onering,qwen_gqa_tp16_fwd_split4_d2d15ns,1,2048,16,,,,,80t,mesh2d,4x4,844,214,630,,76.86,31.188,SUCCESS,2026-03-15 05:46:27
fbc9374accd8c3c296337a157be5f5686cd3e4bcc192347a2af0940cceb3d792,tp16_hbm4_80t_mesh2d_4x4_onering_qwen_gqa_tp16_fwd_bs1_sl262144_split4_d2d15ns,/home/haotian/waferchip/mesh2D/astra_sim_picasso/examples/run_scripts/analytical/congestion_aware/configs/gqa_seq_scaling/tp16_hbm4_80t_mesh2d_4x4_onering_qwen_gqa_tp16_fwd_bs1_sl262144_split4_d2d15ns.json,onering,qwen_gqa_tp16_fwd_split4_d2d15ns,1,262144,16,,,,,80t,mesh2d,4x4,17237,13530,3707,,53.502,62.002,SUCCESS,2026-03-15 05:46:28
289f738734be6d2d5210566fae9089baf8c1ffb316b7ea2d76fd3b093115fc3f,tp16_hbm4_80t_mesh2d_4x4_onering_qwen_gqa_tp16_fwd_bs1_sl32768_split4_d2d15ns,/home/haotian/waferchip/mesh2D/astra_sim_picasso/examples/run_scripts/analytical/congestion_aware/configs/gqa_seq_scaling/tp16_hbm4_80t_mesh2d_4x4_onering_qwen_gqa_tp16_fwd_bs1_sl32768_split4_d2d15ns.json,onering,qwen_gqa_tp16_fwd_split4_d2d15ns,1,32768,16,,,,,80t,mesh2d,4x4,2738,1786,952,,55.981,58.733,SUCCESS,2026-03-15 05:46:28
6e2e722e90650849a7454fba2a3eb05062e1d592ec98672cfc03486097f88e91,tp16_hbm4_80t_mesh2d_4x4_onering_qwen_gqa_tp16_fwd_bs1_sl4096_split4_d2d15ns,/home/haotian/waferchip/mesh2D/astra_sim_picasso/examples/run_scripts/analytical/congestion_aware/configs/gqa_seq_scaling/tp16_hbm4_80t_mesh2d_4x4_onering_qwen_gqa_tp16_fwd_bs1_sl4096_split4_d2d15ns.json,onering,qwen_gqa_tp16_fwd_split4_d2d15ns,1,4096,16,,,,,80t,mesh2d,4x4,968,318,650,,69.122,41.396,SUCCESS,2026-03-15 05:46:28
933e5f6d6263be292dba594db6f00884a7fe918ce756f696d31ea1a164bd2e98,tp16_hbm4_80t_mesh2d_4x4_onering_qwen_gqa_tp16_fwd_bs1_sl524288_split4_d2d15ns,/home/haotian/waferchip/mesh2D/astra_sim_picasso/examples/run_scripts/analytical/congestion_aware/configs/gqa_seq_scaling/tp16_hbm4_80t_mesh2d_4x4_onering_qwen_gqa_tp16_fwd_bs1_sl524288_split4_d2d15ns.json,onering,qwen_gqa_tp16_fwd_split4_d2d15ns,1,524288,16,,,,,80t,mesh2d,4x4,33798,26950,6848,,53.314,62.25,SUCCESS,2026-03-15 05:46:29
1425624cb4707bd40161a200a213193edd32948b4fe7e6484bdbf68a7c860d19,tp16_hbm4_80t_mesh2d_4x4_onering_qwen_gqa_tp16_fwd_bs1_sl65536_split4_d2d15ns,/home/haotian/waferchip/mesh2D/astra_sim_picasso/examples/run_scripts/analytical/congestion_aware/configs/gqa_seq_scaling/tp16_hbm4_80t_mesh2d_4x4_onering_qwen_gqa_tp16_fwd_bs1_sl65536_split4_d2d15ns.json,onering,qwen_gqa_tp16_fwd_split4_d2d15ns,1,65536,16,,,,,80t,mesh2d,4x4,4811,3462,1349,,54.599,60.556,SUCCESS,2026-03-15 05:46:29
8a989db84d4f42d07bcb8566e91feb0007cb64792f6df83372d25d6f1ec45bf2,tp16_hbm4_80t_mesh2d_4x4_onering_qwen_gqa_tp16_fwd_bs1_sl8192_split4_d2d15ns,/home/haotian/waferchip/mesh2D/astra_sim_picasso/examples/run_scripts/analytical/congestion_aware/configs/gqa_seq_scaling/tp16_hbm4_80t_mesh2d_4x4_onering_qwen_gqa_tp16_fwd_bs1_sl8192_split4_d2d15ns.json,onering,qwen_gqa_tp16_fwd_split4_d2d15ns,1,8192,16,,,,,80t,mesh2d,4x4,1216,526,690,,62.808,49.726,SUCCESS,2026-03-15 05:46:29
b29d2b6eb6462695a29d1e6851fcefbb9d46dca2b9fc20b8c0d14290285b2d8c,tp16_hbm4_80t_mesh2d_4x4_onering_qwen_gqa_baseline_fwd_block2x2_bs1_sl1024_split4_bw1500,/home/haotian/waferchip/mesh2D/astra_sim_picasso/examples/run_scripts/analytical/congestion_aware/configs/gqa_seq_scaling/tp16_hbm4_80t_mesh2d_4x4_onering_qwen_gqa_baseline_fwd_block2x2_bs1_sl1024_split4_bw1500.json,onering,qwen_gqa_baseline_fwd_block2x2_split4_bw1500,1,1024,16,,,,,80t,mesh2d,4x4,677,182,495,,86.134,15.926,SUCCESS,2026-03-18 02:46:24
7907650a885465d32bc1ee5321c1097cdfb630bf3a3fc44f7a13ef20e411677c,tp16_hbm4_80t_mesh2d_4x4_onering_qwen_gqa_baseline_fwd_block2x2_bs1_sl16384_split4_bw1500,/home/haotian/waferchip/mesh2D/astra_sim_picasso/examples/run_scripts/analytical/congestion_aware/configs/gqa_seq_scaling/tp16_hbm4_80t_mesh2d_4x4_onering_qwen_gqa_baseline_fwd_block2x2_bs1_sl16384_split4_bw1500.json,onering,qwen_gqa_baseline_fwd_block2x2_split4_bw1500,1,16384,16,,,,,80t,mesh2d,4x4,1461,966,495,,59.372,46.086,SUCCESS,2026-03-18 02:46:24
b184ffb0712b853b062ad2ba75872ee01ea8150de978597effa405172fef6cb0,tp16_hbm4_80t_mesh2d_4x4_onering_qwen_gqa_baseline_fwd_block2x2_bs1_sl2048_split4_bw1500,/home/haotian/waferchip/mesh2D/astra_sim_picasso/examples/run_scripts/analytical/congestion_aware/configs/gqa_seq_scaling/tp16_hbm4_80t_mesh2d_4x4_onering_qwen_gqa_baseline_fwd_block2x2_bs1_sl2048_split4_bw1500.json,onering,qwen_gqa_baseline_fwd_block2x2_split4_bw1500,1,2048,16,,,,,80t,mesh2d,4x4,729,234,495,,78.83,24.158,SUCCESS,2026-03-18 02:46:24
a4e8d51076fa65d1b1988272b2a2646ed0f3100cc492dcfc42462d2d8c99bedf,tp16_hbm4_80t_mesh2d_4x4_onering_qwen_gqa_baseline_fwd_block2x2_bs1_sl32768_split4_bw1500,/home/haotian/waferchip/mesh2D/astra_sim_picasso/examples/run_scripts/analytical/congestion_aware/configs/gqa_seq_scaling/tp16_hbm4_80t_mesh2d_4x4_onering_qwen_gqa_baseline_fwd_block2x2_bs1_sl32768_split4_bw1500.json,onering,qwen_gqa_baseline_fwd_block2x2_split4_bw1500,1,32768,16,,,,,80t,mesh2d,4x4,2301,1806,495,,56.468,49.358,SUCCESS,2026-03-18 02:46:24
ee34324d56356971836fed370255f5011fba432095356690bb163583be134e0b,tp16_hbm4_80t_mesh2d_4x4_onering_qwen_gqa_baseline_fwd_block2x2_bs1_sl4096_split4_bw1500,/home/haotian/waferchip/mesh2D/astra_sim_picasso/examples/run_scripts/analytical/congestion_aware/configs/gqa_seq_scaling/tp16_hbm4_80t_mesh2d_4x4_onering_qwen_gqa_baseline_fwd_block2x2_bs1_sl4096_split4_bw1500.json,onering,qwen_gqa_baseline_fwd_block2x2_split4_bw1500,1,4096,16,,,,,80t,mesh2d,4x4,833,338,495,,70.944,33.045,SUCCESS,2026-03-18 02:46:25
42b2ec8062f812b03b37b711cd95bfad9c00b8429e7cebbf78183507ec172b2e,tp16_hbm4_80t_mesh2d_4x4_onering_qwen_gqa_baseline_fwd_block2x2_bs1_sl65536_split4_bw1500,/home/haotian/waferchip/mesh2D/astra_sim_picasso/examples/run_scripts/analytical/congestion_aware/configs/gqa_seq_scaling/tp16_hbm4_80t_mesh2d_4x4_onering_qwen_gqa_baseline_fwd_block2x2_bs1_sl65536_split4_bw1500.json,onering,qwen_gqa_baseline_fwd_block2x2_split4_bw1500,1,65536,16,,,,,80t,mesh2d,4x4,3977,3482,495,,54.859,51.171,SUCCESS,2026-03-18 02:46:25
992eb8fa65d828e3d02e86ac931050265cd446f816d66a537fe3d1381b05fe70,tp16_hbm4_80t_mesh2d_4x4_onering_qwen_gqa_baseline_fwd_block2x2_bs1_sl8192_split4_bw1500,/home/haotian/waferchip/mesh2D/astra_sim_picasso/examples/run_scripts/analytical/congestion_aware/configs/gqa_seq_scaling/tp16_hbm4_80t_mesh2d_4x4_onering_qwen_gqa_baseline_fwd_block2x2_bs1_sl8192_split4_bw1500.json,onering,qwen_gqa_baseline_fwd_block2x2_split4_bw1500,1,8192,16,,,,,80t,mesh2d,4x4,1041,546,495,,64.168,40.681,SUCCESS,2026-03-18 02:46:25
6363b78bd35732677aed77902c2e6f8b2f120fc9c075599207ae75dba4bcb240,tp16_hbm4_80t_mesh2d_4x4_onering_qwen_gqa_hmp_fwd_block2x2_bs1_sl1024_split4_bw1500,/home/haotian/waferchip/mesh2D/astra_sim_picasso/examples/run_scripts/analytical/congestion_aware/configs/gqa_seq_scaling/tp16_hbm4_80t_mesh2d_4x4_onering_qwen_gqa_hmp_fwd_block2x2_bs1_sl1024_split4_bw1500.json,onering,qwen_gqa_hmp_fwd_block2x2_split4_bw1500,1,1024,16,,,,,80t,mesh2d,4x4,340,340,,,92.339,9.2,SUCCESS,2026-03-18 02:46:25
a40431a901ad52daa2ae4ecb0838e57f8a5ffd597ee6061b560769c23f94953b,tp16_hbm4_80t_mesh2d_4x4_onering_qwen_gqa_hmp_fwd_block2x2_bs1_sl16384_split4_bw1500,/home/haotian/waferchip/mesh2D/astra_sim_picasso/examples/run_scripts/analytical/congestion_aware/configs/gqa_seq_scaling/tp16_hbm4_80t_mesh2d_4x4_onering_qwen_gqa_hmp_fwd_block2x2_bs1_sl16384_split4_bw1500.json,onering,qwen_gqa_hmp_fwd_block2x2_split4_bw1500,1,16384,16,,,,,80t,mesh2d,4x4,1124,1124,,,65.011,39.811,SUCCESS,2026-03-18 02:46:26
0287bbeefa0aeab5bc17b8df1327628cc02758893f21e3a7bc8c35a1fbe1e510,tp16_hbm4_80t_mesh2d_4x4_onering_qwen_gqa_hmp_fwd_block2x2_bs1_sl2048_split4_bw1500,/home/haotian/waferchip/mesh2D/astra_sim_picasso/examples/run_scripts/analytical/congestion_aware/configs/gqa_seq_scaling/tp16_hbm4_80t_mesh2d_4x4_onering_qwen_gqa_hmp_fwd_block2x2_bs1_sl2048_split4_bw1500.json,onering,qwen_gqa_hmp_fwd_block2x2_split4_bw1500,1,2048,16,,,,,80t,mesh2d,4x4,392,392,,,87.15,15.012,SUCCESS,2026-03-18 02:46:26
096761b52ec7ee650f140639d01dcfb384ecffbcd5c0759872afcc5a7317897b,tp16_hbm4_80t_mesh2d_4x4_onering_qwen_gqa_hmp_fwd_block2x2_bs1_sl32768_split4_bw1500,/home/haotian/waferchip/mesh2D/astra_sim_picasso/examples/run_scripts/analytical/congestion_aware/configs/gqa_seq_scaling/tp16_hbm4_80t_mesh2d_4x4_onering_qwen_gqa_hmp_fwd_block2x2_bs1_sl32768_split4_bw1500.json,onering,qwen_gqa_hmp_fwd_block2x2_split4_bw1500,1,32768,16,,,,,80t,mesh2d,4x4,1964,1964,,,59.93,45.503,SUCCESS,2026-03-18 02:46:26
142840168413e3f1648bdbf34e28c98c1f9664e6a5ec4db8a39087c27dc75e46,tp16_hbm4_80t_mesh2d_4x4_onering_qwen_gqa_hmp_fwd_block2x2_bs1_sl4096_split4_bw1500,/home/haotian/waferchip/mesh2D/astra_sim_picasso/examples/run_scripts/analytical/congestion_aware/configs/gqa_seq_scaling/tp16_hbm4_80t_mesh2d_4x4_onering_qwen_gqa_hmp_fwd_block2x2_bs1_sl4096_split4_bw1500.json,onering,qwen_gqa_hmp_fwd_block2x2_split4_bw1500,1,4096,16,,,,,80t,mesh2d,4x4,496,496,,,80.03,22.988,SUCCESS,2026-03-18 02:46:26
dc8b8ac85f90a34d07f233fc85503d543def73ab081ca99fa48fed109758537e,tp16_hbm4_80t_mesh2d_4x4_onering_qwen_gqa_hmp_fwd_block2x2_bs1_sl65536_split4_bw1500,/home/haotian/waferchip/mesh2D/astra_sim_picasso/examples/run_scripts/analytical/congestion_aware/configs/gqa_seq_scaling/tp16_hbm4_80t_mesh2d_4x4_onering_qwen_gqa_hmp_fwd_block2x2_bs1_sl65536_split4_bw1500.json,onering,qwen_gqa_hmp_fwd_block2x2_split4_bw1500,1,65536,16,,,,,80t,mesh2d,4x4,3640,3640,,,56.798,49.011,SUCCESS,2026-03-18 02:46:26
8affcd1f46ad6f3c0b61927e85133f23b678428854f08323fe0217ca5eede7db,tp16_hbm4_80t_mesh2d_4x4_onering_qwen_gqa_hmp_fwd_block2x2_bs1_sl8192_split4_bw1500,/home/haotian/waferchip/mesh2D/astra_sim_picasso/examples/run_scripts/analytical/congestion_aware/configs/gqa_seq_scaling/tp16_hbm4_80t_mesh2d_4x4_onering_qwen_gqa_hmp_fwd_block2x2_bs1_sl8192_split4_bw1500.json,onering,qwen_gqa_hmp_fwd_block2x2_split4_bw1500,1,8192,16,,,,,80t,mesh2d,4x4,704,704,,,72.092,31.879,SUCCESS,2026-03-18 02:46:26
f195332a8fa1ed5595b00f518aa928f3180351b3693c4a91f7fa4fd806f3065b,tp16_hbm4_80t_mesh2d_4x4_onering_qwen_gqa_tp16_fwd_bs1_sl1024_split4_bw1500,/home/haotian/waferchip/mesh2D/astra_sim_picasso/examples/run_scripts/analytical/congestion_aware/configs/gqa_seq_scaling/tp16_hbm4_80t_mesh2d_4x4_onering_qwen_gqa_tp16_fwd_bs1_sl1024_split4_bw1500.json,onering,qwen_gqa_tp16_fwd_split4_bw1500,1,1024,16,,,,,80t,mesh2d,4x4,792,162,630,,84.433,21.199,SUCCESS,2026-03-18 02:46:26
d62201b1bb1522a61bf063d2e58105ad95fbac2be0cb24130b2207303979b651,tp16_hbm4_80t_mesh2d_4x4_onering_qwen_gqa_tp16_fwd_bs1_sl16384_split4_bw1500,/home/haotian/waferchip/mesh2D/astra_sim_picasso/examples/run_scripts/analytical/congestion_aware/configs/gqa_seq_scaling/tp16_hbm4_80t_mesh2d_4x4_onering_qwen_gqa_tp16_fwd_bs1_sl16384_split4_bw1500.json,onering,qwen_gqa_tp16_fwd_split4_bw1500,1,16384,16,,,,,80t,mesh2d,4x4,1750,946,804,,58.514,55.391,SUCCESS,2026-03-18 02:46:27
96a72def1ad2e29f6229bb2ce123c73b5d97c530e5d686989020e61e73105ad1,tp16_hbm4_80t_mesh2d_4x4_onering_qwen_gqa_tp16_fwd_bs1_sl2048_split4_bw1500,/home/haotian/waferchip/mesh2D/astra_sim_picasso/examples/run_scripts/analytical/congestion_aware/configs/gqa_seq_scaling/tp16_hbm4_80t_mesh2d_4x4_onering_qwen_gqa_tp16_fwd_bs1_sl2048_split4_bw1500.json,onering,qwen_gqa_tp16_fwd_split4_bw1500,1,2048,16,,,,,80t,mesh2d,4x4,855,214,641,,76.86,31.188,SUCCESS,2026-03-18 02:46:27
84e745647722e9504c98202de537e75843418d6af4cdcbe6757ca062ea515c95,tp16_hbm4_80t_mesh2d_4x4_onering_qwen_gqa_tp16_fwd_bs1_sl32768_split4_bw1500,/home/haotian/waferchip/mesh2D/astra_sim_picasso/examples/run_scripts/analytical/congestion_aware/configs/gqa_seq_scaling/tp16_hbm4_80t_mesh2d_4x4_onering_qwen_gqa_tp16_fwd_bs1_sl32768_split4_bw1500.json,onering,qwen_gqa_tp16_fwd_split4_bw1500,1,32768,16,,,,,80t,mesh2d,4x4,2823,1786,1037,,55.981,58.733,SUCCESS,2026-03-18 02:46:27
8c8dac759707ce28c1c46daf5d5732eba149dd83015808be04c2fd63fad09118,tp16_hbm4_80t_mesh2d_4x4_onering_qwen_gqa_tp16_fwd_bs1_sl4096_split4_bw1500,/home/haotian/waferchip/mesh2D/astra_sim_picasso/examples/run_scripts/analytical/congestion_aware/configs/gqa_seq_scaling/tp16_hbm4_80t_mesh2d_4x4_onering_qwen_gqa_tp16_fwd_bs1_sl4096_split4_bw1500.json,onering,qwen_gqa_tp16_fwd_split4_bw1500,1,4096,16,,,,,80t,mesh2d,4x4,979,318,661,,69.122,41.396,SUCCESS,2026-03-18 02:46:28
c5d02d85adbd844a63adba0d6de0e72ab5c4d11bab2534362f7ffbb70bc6321f,tp16_hbm4_80t_mesh2d_4x4_onering_qwen_gqa_tp16_fwd_bs1_sl65536_split4_bw1500,/home/haotian/waferchip/mesh2D/astra_sim_picasso/examples/run_scripts/analytical/congestion_aware/configs/gqa_seq_scaling/tp16_hbm4_80t_mesh2d_4x4_onering_qwen_gqa_tp16_fwd_bs1_sl65536_split4_bw1500.json,onering,qwen_gqa_tp16_fwd_split4_bw1500,1,65536,16,,,,,80t,mesh2d,4x4,4973,3462,1511,,54.599,60.556,SUCCESS,2026-03-18 02:46:28
840e6da6087d060578f74ba55b30b88f8abd3e22d770bc2ce74a7d7301546894,tp16_hbm4_80t_mesh2d_4x4_onering_qwen_gqa_tp16_fwd_bs1_sl8192_split4_bw1500,/home/haotian/waferchip/mesh2D/astra_sim_picasso/examples/run_scripts/analytical/congestion_aware/configs/gqa_seq_scaling/tp16_hbm4_80t_mesh2d_4x4_onering_qwen_gqa_tp16_fwd_bs1_sl8192_split4_bw1500.json,onering,qwen_gqa_tp16_fwd_split4_bw1500,1,8192,16,,,,,80t,mesh2d,4x4,1238,526,712,,62.808,49.726,SUCCESS,2026-03-18 02:46:28
cc021495107d59e569b224a16d6beacf3e6ee28c5607b992ae88524807d08567,tp16_hbm4_80t_mesh2d_4x4_onering_qwen_gqa_baseline_fwd_block2x2_bs1_sl131072_split4_bw1500,/home/haotian/waferchip/mesh2D/astra_sim_picasso/examples/run_scripts/analytical/congestion_aware/configs/gqa_seq_scaling/tp16_hbm4_80t_mesh2d_4x4_onering_qwen_gqa_baseline_fwd_block2x2_bs1_sl131072_split4_bw1500.json,onering,qwen_gqa_baseline_fwd_block2x2_split4_bw1500,1,131072,16,,,,,80t,mesh2d,4x4,7333,6838,495,,54.008,52.13,SUCCESS,2026-03-18 04:50:48
ee69909b5d37b3487168b6c5a7a19a5d389865f8cce97c40ab1d78ed5638ca25,tp16_hbm4_80t_mesh2d_4x4_onering_qwen_gqa_hmp_fwd_block2x2_bs1_sl131072_split4_bw1500,/home/haotian/waferchip/mesh2D/astra_sim_picasso/examples/run_scripts/analytical/congestion_aware/configs/gqa_seq_scaling/tp16_hbm4_80t_mesh2d_4x4_onering_qwen_gqa_hmp_fwd_block2x2_bs1_sl131072_split4_bw1500.json,onering,qwen_gqa_hmp_fwd_block2x2_split4_bw1500,1,131072,16,,,,,80t,mesh2d,4x4,6996,6996,,,55.036,50.984,SUCCESS,2026-03-18 04:50:48
7dee8c44373686b7a780e8ec1b0693a74e416ae83ba268669384096d36e96412,tp16_hbm4_80t_mesh2d_4x4_onering_qwen_gqa_tp16_fwd_bs1_sl131072_split4_bw1500,/home/haotian/waferchip/mesh2D/astra_sim_picasso/examples/run_scripts/analytical/congestion_aware/configs/gqa_seq_scaling/tp16_hbm4_80t_mesh2d_4x4_onering_qwen_gqa_tp16_fwd_bs1_sl131072_split4_bw1500.json,onering,qwen_gqa_tp16_fwd_split4_bw1500,1,131072,16,,,,,80t,mesh2d,4x4,9369,6818,2551,,53.873,61.513,SUCCESS,2026-03-18 04:50:48
63e27362cea2d23524e0887cb2db6f8f272b994bce6f13dc9c1de1315a295ea1,tp16_hbm4_80t_mesh2d_4x4_onering_qwen_gqa_baseline_fwd_block2x2_bs1_sl1048576_split4_bw1500,/home/haotian/waferchip/mesh2D/astra_sim_picasso/examples/run_scripts/analytical/congestion_aware/configs/gqa_seq_scaling/tp16_hbm4_80t_mesh2d_4x4_onering_qwen_gqa_baseline_fwd_block2x2_bs1_sl1048576_split4_bw1500.json,onering,qwen_gqa_baseline_fwd_block2x2_split4_bw1500,1,1048576,16,,,,,80t,mesh2d,4x4,54309,53814,495,,53.237,52.999,SUCCESS,2026-03-18 04:52:08
d4f831e6dcde93e403e831d395fa0cb16e0c2b5dc76f9eeddd4fb54a51f3d1f4,tp16_hbm4_80t_mesh2d_4x4_onering_qwen_gqa_hmp_fwd_block2x2_bs1_sl1048576_split4_bw1500,/home/haotian/waferchip/mesh2D/astra_sim_picasso/examples/run_scripts/analytical/congestion_aware/configs/gqa_seq_scaling/tp16_hbm4_80t_mesh2d_4x4_onering_qwen_gqa_hmp_fwd_block2x2_bs1_sl1048576_split4_bw1500.json,onering,qwen_gqa_hmp_fwd_block2x2_split4_bw1500,1,1048576,16,,,,,80t,mesh2d,4x4,53972,53972,,,53.373,52.848,SUCCESS,2026-03-18 04:52:08
73ebabd54a9dbc641f5e752e08061b4f29a87719642c59186d15006d3814fddf,tp16_hbm4_80t_mesh2d_4x4_onering_qwen_gqa_tp16_fwd_bs1_sl1048576_split4_bw1500,/home/haotian/waferchip/mesh2D/astra_sim_picasso/examples/run_scripts/analytical/congestion_aware/configs/gqa_seq_scaling/tp16_hbm4_80t_mesh2d_4x4_onering_qwen_gqa_tp16_fwd_bs1_sl1048576_split4_bw1500.json,onering,qwen_gqa_tp16_fwd_split4_bw1500,1,1048576,16,,,,,80t,mesh2d,4x4,71165,53794,17371,,53.22,62.375,SUCCESS,2026-03-18 04:52:08
1462a2fab7397461e2f8e819c8594bcba11978cb2337c55f83e9fac6fcf85a0d,tp16_hbm4_80t_mesh2d_4x4_onering_qwen_gqa_baseline_fwd_block2x2_bs1_sl262144_split4_bw1500,/home/haotian/waferchip/mesh2D/astra_sim_picasso/examples/run_scripts/analytical/congestion_aware/configs/gqa_seq_scaling/tp16_hbm4_80t_mesh2d_4x4_onering_qwen_gqa_baseline_fwd_block2x2_bs1_sl262144_split4_bw1500.json,onering,qwen_gqa_baseline_fwd_block2x2_split4_bw1500,1,262144,16,,,,,80t,mesh2d,4x4,14045,13550,495,,53.571,52.623,SUCCESS,2026-03-18 04:52:28
53d3bd795b6f244b7eb144520594628935f0d9de702bd40eae356e33206d4ebe,tp16_hbm4_80t_mesh2d_4x4_onering_qwen_gqa_baseline_fwd_block2x2_bs1_sl524288_split4_bw1500,/home/haotian/waferchip/mesh2D/astra_sim_picasso/examples/run_scripts/analytical/congestion_aware/configs/gqa_seq_scaling/tp16_hbm4_80t_mesh2d_4x4_onering_qwen_gqa_baseline_fwd_block2x2_bs1_sl524288_split4_bw1500.json,onering,qwen_gqa_baseline_fwd_block2x2_split4_bw1500,1,524288,16,,,,,80t,mesh2d,4x4,27465,26970,495,,53.349,52.873,SUCCESS,2026-03-18 04:52:28
b57dcb8c26a36738801c066c4932e673af7ebe69d50a2f17f505b114e2c4ce29,tp16_hbm4_80t_mesh2d_4x4_onering_qwen_gqa_hmp_fwd_block2x2_bs1_sl262144_split4_bw1500,/home/haotian/waferchip/mesh2D/astra_sim_picasso/examples/run_scripts/analytical/congestion_aware/configs/gqa_seq_scaling/tp16_hbm4_80t_mesh2d_4x4_onering_qwen_gqa_hmp_fwd_block2x2_bs1_sl262144_split4_bw1500.json,onering,qwen_gqa_hmp_fwd_block2x2_split4_bw1500,1,262144,16,,,,,80t,mesh2d,4x4,13708,13708,,,54.1,52.032,SUCCESS,2026-03-18 04:52:28
a2f681efd265b7714c251915b11985f18bf46d01b8865b47a3fa36a899788a1f,tp16_hbm4_80t_mesh2d_4x4_onering_qwen_gqa_hmp_fwd_block2x2_bs1_sl524288_split4_bw1500,/home/haotian/waferchip/mesh2D/astra_sim_picasso/examples/run_scripts/analytical/congestion_aware/configs/gqa_seq_scaling/tp16_hbm4_80t_mesh2d_4x4_onering_qwen_gqa_hmp_fwd_block2x2_bs1_sl524288_split4_bw1500.json,onering,qwen_gqa_hmp_fwd_block2x2_split4_bw1500,1,524288,16,,,,,80t,mesh2d,4x4,27128,27128,,,53.618,52.573,SUCCESS,2026-03-18 04:52:28
cd43fdf1fa7468ff2e59378c7921b2cf7d04d2cbea1821673a1168606233e09a,tp16_hbm4_80t_mesh2d_4x4_onering_qwen_gqa_tp16_fwd_bs1_sl262144_split4_bw1500,/home/haotian/waferchip/mesh2D/astra_sim_picasso/examples/run_scripts/analytical/congestion_aware/configs/gqa_seq_scaling/tp16_hbm4_80t_mesh2d_4x4_onering_qwen_gqa_tp16_fwd_bs1_sl262144_split4_bw1500.json,onering,qwen_gqa_tp16_fwd_split4_bw1500,1,262144,16,,,,,80t,mesh2d,4x4,18187,13530,4657,,53.502,62.002,SUCCESS,2026-03-18 04:52:28
8641a95888da90f0a33a8495a5cf05edda205e85562ddf2ad75d2243af3e4f15,tp16_hbm4_80t_mesh2d_4x4_onering_qwen_gqa_tp16_fwd_bs1_sl524288_split4_bw1500,/home/haotian/waferchip/mesh2D/astra_sim_picasso/examples/run_scripts/analytical/congestion_aware/configs/gqa_seq_scaling/tp16_hbm4_80t_mesh2d_4x4_onering_qwen_gqa_tp16_fwd_bs1_sl524288_split4_bw1500.json,onering,qwen_gqa_tp16_fwd_split4_bw1500,1,524288,16,,,,,80t,mesh2d,4x4,35845,26950,8895,,53.314,62.25,SUCCESS,2026-03-18 04:52:29
