key_hash,config_name,config_path,model,operation,batch_size,seq,tp,dp,pp,sp,cp,physical_topology,num_gpus,logical_topology,wall_time,gpu_time,comm_time,overlap,compute_util,memory_util,status,created_at
018eff382dd3999ba52b349b35d66da06bb65d5d14056f09de84c96372caaadd,tp16_hbm4_mesh2d_4x4_onering_qwen_gqa_baseline_fwd_block2x2_bs1_sl65536,/home/haotian/waferchip/mesh2D/astra_sim_picasso/examples/run_scripts/analytical/congestion_aware/configs/gqa_batch_scaling/tp16_hbm4_mesh2d_4x4_onering_qwen_gqa_baseline_fwd_block2x2_bs1_sl65536.json,qwen,gqa_baseline_fwd_block2x2,64,65536,16,,,,,mesh2d,4x4,onering,293429,275164,18265,,64.226,41.515,SUCCESS,2026-03-06 17:21:37
8435845383f9115e4186166b080b9a530057fa9e856bc639387105275868a28e,tp16_hbm4_mesh2d_4x4_onering_qwen_gqa_hmp_fwd_block2x2_bs1_sl65536,/home/haotian/waferchip/mesh2D/astra_sim_picasso/examples/run_scripts/analytical/congestion_aware/configs/gqa_batch_scaling/tp16_hbm4_mesh2d_4x4_onering_qwen_gqa_hmp_fwd_block2x2_bs1_sl65536.json,qwen,gqa_hmp_fwd_block2x2,64,65536,16,,,,,mesh2d,4x4,onering,288690,288690,,,65.878,39.633,SUCCESS,2026-03-06 17:21:37
52350c8ddd3d8e03ed6f4f963ac4760311048b1d53b217bdccd954f90ec078ae,tp16_hbm4_mesh2d_4x4_onering_qwen_gqa_baseline_fwd_block2x2_bs2_sl65536,/home/haotian/waferchip/mesh2D/astra_sim_picasso/examples/run_scripts/analytical/congestion_aware/configs/gqa_batch_scaling/tp16_hbm4_mesh2d_4x4_onering_qwen_gqa_baseline_fwd_block2x2_bs2_sl65536.json,qwen,gqa_baseline_fwd_block2x2,64,65536,16,,,,,mesh2d,4x4,onering,293429,275164,18265,,64.226,41.515,SUCCESS,2026-03-06 17:21:39
8ada5a3ac30b753df4788d388d30e7c25d30b03cf980f24f1844d8d5f236a8e2,tp16_hbm4_mesh2d_4x4_onering_qwen_gqa_hmp_fwd_block2x2_bs2_sl65536,/home/haotian/waferchip/mesh2D/astra_sim_picasso/examples/run_scripts/analytical/congestion_aware/configs/gqa_batch_scaling/tp16_hbm4_mesh2d_4x4_onering_qwen_gqa_hmp_fwd_block2x2_bs2_sl65536.json,qwen,gqa_hmp_fwd_block2x2,64,65536,16,,,,,mesh2d,4x4,onering,288690,288690,,,65.878,39.633,SUCCESS,2026-03-06 17:21:39
d7b51c06b1e5975a9c8dc1744fac15666be5fca1b0fd647fd140daeb63645971,tp16_hbm4_mesh2d_4x4_onering_qwen_gqa_baseline_fwd_block2x2_bs4_sl65536,/home/haotian/waferchip/mesh2D/astra_sim_picasso/examples/run_scripts/analytical/congestion_aware/configs/gqa_batch_scaling/tp16_hbm4_mesh2d_4x4_onering_qwen_gqa_baseline_fwd_block2x2_bs4_sl65536.json,qwen,gqa_baseline_fwd_block2x2,64,65536,16,,,,,mesh2d,4x4,onering,293429,275164,18265,,64.226,41.515,SUCCESS,2026-03-06 17:21:42
91d4017369b4e2689472be6a20624483203304a3c945cc24ba456e47b6bfe136,tp16_hbm4_mesh2d_4x4_onering_qwen_gqa_hmp_fwd_block2x2_bs4_sl65536,/home/haotian/waferchip/mesh2D/astra_sim_picasso/examples/run_scripts/analytical/congestion_aware/configs/gqa_batch_scaling/tp16_hbm4_mesh2d_4x4_onering_qwen_gqa_hmp_fwd_block2x2_bs4_sl65536.json,qwen,gqa_hmp_fwd_block2x2,64,65536,16,,,,,mesh2d,4x4,onering,288690,288690,,,65.878,39.633,SUCCESS,2026-03-06 17:21:42
1aec638f2c8e1f72c410ab9ccdc08c171a0f698156a8f48213d9a608a43681ce,tp16_hbm4_mesh2d_4x4_onering_qwen_gqa_baseline_fwd_block2x2_bs8_sl65536,/home/haotian/waferchip/mesh2D/astra_sim_picasso/examples/run_scripts/analytical/congestion_aware/configs/gqa_batch_scaling/tp16_hbm4_mesh2d_4x4_onering_qwen_gqa_baseline_fwd_block2x2_bs8_sl65536.json,qwen,gqa_baseline_fwd_block2x2,64,65536,16,,,,,mesh2d,4x4,onering,293429,275164,18265,,64.226,41.515,SUCCESS,2026-03-06 17:21:44
7d2f49e0448b8b5d4eae3299487fb5d03fdef2efb2f6652113ce45ffbaa95d96,tp16_hbm4_mesh2d_4x4_onering_qwen_gqa_hmp_fwd_block2x2_bs8_sl65536,/home/haotian/waferchip/mesh2D/astra_sim_picasso/examples/run_scripts/analytical/congestion_aware/configs/gqa_batch_scaling/tp16_hbm4_mesh2d_4x4_onering_qwen_gqa_hmp_fwd_block2x2_bs8_sl65536.json,qwen,gqa_hmp_fwd_block2x2,64,65536,16,,,,,mesh2d,4x4,onering,288690,288690,,,65.878,39.633,SUCCESS,2026-03-06 17:21:44
0e9f7aeff6364d13b18fa6511aec1ba513849763d7bbd2ba85192a7306cb2dbc,tp16_hbm4_mesh2d_4x4_onering_qwen_gqa_baseline_fwd_block2x2_bs16_sl65536,/home/haotian/waferchip/mesh2D/astra_sim_picasso/examples/run_scripts/analytical/congestion_aware/configs/gqa_batch_scaling/tp16_hbm4_mesh2d_4x4_onering_qwen_gqa_baseline_fwd_block2x2_bs16_sl65536.json,qwen,gqa_baseline_fwd_block2x2,64,65536,16,,,,,mesh2d,4x4,onering,293429,275164,18265,,64.226,41.515,SUCCESS,2026-03-06 17:21:47
51d4ba56a757ad3d2e8fe9fd64f1fde8b76c3476769fbb2914eca3b3fbcc6d17,tp16_hbm4_mesh2d_4x4_onering_qwen_gqa_hmp_fwd_block2x2_bs16_sl65536,/home/haotian/waferchip/mesh2D/astra_sim_picasso/examples/run_scripts/analytical/congestion_aware/configs/gqa_batch_scaling/tp16_hbm4_mesh2d_4x4_onering_qwen_gqa_hmp_fwd_block2x2_bs16_sl65536.json,qwen,gqa_hmp_fwd_block2x2,64,65536,16,,,,,mesh2d,4x4,onering,288690,288690,,,65.878,39.633,SUCCESS,2026-03-06 17:21:47
49c8d1d691f1ae1c2779a7ccdd2a4b4685a53b94fab019fc1769cd7738165372,tp16_hbm4_mesh2d_4x4_onering_qwen_gqa_baseline_fwd_block2x2_bs32_sl65536,/home/haotian/waferchip/mesh2D/astra_sim_picasso/examples/run_scripts/analytical/congestion_aware/configs/gqa_batch_scaling/tp16_hbm4_mesh2d_4x4_onering_qwen_gqa_baseline_fwd_block2x2_bs32_sl65536.json,qwen,gqa_baseline_fwd_block2x2,64,65536,16,,,,,mesh2d,4x4,onering,293429,275164,18265,,64.226,41.515,SUCCESS,2026-03-06 17:21:49
eb7b1c79787be387c8f0837da2cc3afb0363872caf2b4d76c6e1fcc96f9d99cf,tp16_hbm4_mesh2d_4x4_onering_qwen_gqa_hmp_fwd_block2x2_bs32_sl65536,/home/haotian/waferchip/mesh2D/astra_sim_picasso/examples/run_scripts/analytical/congestion_aware/configs/gqa_batch_scaling/tp16_hbm4_mesh2d_4x4_onering_qwen_gqa_hmp_fwd_block2x2_bs32_sl65536.json,qwen,gqa_hmp_fwd_block2x2,64,65536,16,,,,,mesh2d,4x4,onering,288690,288690,,,65.878,39.633,SUCCESS,2026-03-06 17:21:49
188caaae69180686e6c1ad718dacbe1a5283c7026d439ff6702fd738c674a870,tp16_hbm4_mesh2d_4x4_onering_qwen_gqa_baseline_fwd_block2x2_bs64_sl65536,/home/haotian/waferchip/mesh2D/astra_sim_picasso/examples/run_scripts/analytical/congestion_aware/configs/gqa_batch_scaling/tp16_hbm4_mesh2d_4x4_onering_qwen_gqa_baseline_fwd_block2x2_bs64_sl65536.json,qwen,gqa_baseline_fwd_block2x2,64,65536,16,,,,,mesh2d,4x4,onering,293429,275164,18265,,64.226,41.515,SUCCESS,2026-03-06 17:21:52
fb21531bafafc631c0cd38649a0079c9b037f7b2b641952496477969c3a3149e,tp16_hbm4_mesh2d_4x4_onering_qwen_gqa_hmp_fwd_block2x2_bs64_sl65536,/home/haotian/waferchip/mesh2D/astra_sim_picasso/examples/run_scripts/analytical/congestion_aware/configs/gqa_batch_scaling/tp16_hbm4_mesh2d_4x4_onering_qwen_gqa_hmp_fwd_block2x2_bs64_sl65536.json,qwen,gqa_hmp_fwd_block2x2,64,65536,16,,,,,mesh2d,4x4,onering,288690,288690,,,65.878,39.633,SUCCESS,2026-03-06 17:21:52
fcb3cb464d6ee48b67ddea10d364a5e5b86df0a4695acb926db9d3ffee360cbd,tp16_hbm4_ring_mesh2d_4x4_onering_qwen_gqa_tp16_fwd_bs1_sl65536,/home/haotian/waferchip/mesh2D/astra_sim_picasso/examples/run_scripts/analytical/congestion_aware/configs/gqa_batch_scaling/tp16_hbm4_ring_mesh2d_4x4_onering_qwen_gqa_tp16_fwd_bs1_sl65536.json,onering,qwen_gqa_tp16_fwd,64,65536,16,,,,,ring,mesh2d,4x4,496581,260043,236538,,62.15,51.664,SUCCESS,2026-03-06 17:22:01
b1959c22a49115fee98fb8acc5e3756c1ef3cec0ac8531400fe5972a893bc7ed,tp16_hbm4_ring_mesh2d_4x4_onering_qwen_gqa_tp16_fwd_bs2_sl65536,/home/haotian/waferchip/mesh2D/astra_sim_picasso/examples/run_scripts/analytical/congestion_aware/configs/gqa_batch_scaling/tp16_hbm4_ring_mesh2d_4x4_onering_qwen_gqa_tp16_fwd_bs2_sl65536.json,onering,qwen_gqa_tp16_fwd,64,65536,16,,,,,ring,mesh2d,4x4,496581,260043,236538,,62.15,51.664,SUCCESS,2026-03-06 17:22:02
b7ae4f8ec062e74b891f49815278cfc39e661fb4417e85f971b6bc50f055c8e7,tp16_hbm4_ring_mesh2d_4x4_onering_qwen_gqa_tp16_fwd_bs4_sl65536,/home/haotian/waferchip/mesh2D/astra_sim_picasso/examples/run_scripts/analytical/congestion_aware/configs/gqa_batch_scaling/tp16_hbm4_ring_mesh2d_4x4_onering_qwen_gqa_tp16_fwd_bs4_sl65536.json,onering,qwen_gqa_tp16_fwd,64,65536,16,,,,,ring,mesh2d,4x4,496581,260043,236538,,62.15,51.664,SUCCESS,2026-03-06 17:22:03
5384ca3a2b0ad0b5705b734dae58fc2ab3e38c3f0674d1f45370a4a8897e2211,tp16_hbm4_ring_mesh2d_4x4_onering_qwen_gqa_tp16_fwd_bs8_sl65536,/home/haotian/waferchip/mesh2D/astra_sim_picasso/examples/run_scripts/analytical/congestion_aware/configs/gqa_batch_scaling/tp16_hbm4_ring_mesh2d_4x4_onering_qwen_gqa_tp16_fwd_bs8_sl65536.json,onering,qwen_gqa_tp16_fwd,64,65536,16,,,,,ring,mesh2d,4x4,496581,260043,236538,,62.15,51.664,SUCCESS,2026-03-06 17:22:04
e726719851271c1495db666192800319df1e8d13bf8aa684896adc1d0ecb72da,tp16_hbm4_ring_mesh2d_4x4_onering_qwen_gqa_tp16_fwd_bs16_sl65536,/home/haotian/waferchip/mesh2D/astra_sim_picasso/examples/run_scripts/analytical/congestion_aware/configs/gqa_batch_scaling/tp16_hbm4_ring_mesh2d_4x4_onering_qwen_gqa_tp16_fwd_bs16_sl65536.json,onering,qwen_gqa_tp16_fwd,64,65536,16,,,,,ring,mesh2d,4x4,496581,260043,236538,,62.15,51.664,SUCCESS,2026-03-06 17:22:04
c47ba4d84d7a761e76ebf831343f60349a262e801a740b661b5551725e2d8d85,tp16_hbm4_ring_mesh2d_4x4_onering_qwen_gqa_tp16_fwd_bs32_sl65536,/home/haotian/waferchip/mesh2D/astra_sim_picasso/examples/run_scripts/analytical/congestion_aware/configs/gqa_batch_scaling/tp16_hbm4_ring_mesh2d_4x4_onering_qwen_gqa_tp16_fwd_bs32_sl65536.json,onering,qwen_gqa_tp16_fwd,64,65536,16,,,,,ring,mesh2d,4x4,496581,260043,236538,,62.15,51.664,SUCCESS,2026-03-06 17:22:05
18f55d0fb90d55a36f359e22ce12a4a2bacdad5f7ca2f8625901e30be9d31b8d,tp16_hbm4_ring_mesh2d_4x4_onering_qwen_gqa_tp16_fwd_bs64_sl65536,/home/haotian/waferchip/mesh2D/astra_sim_picasso/examples/run_scripts/analytical/congestion_aware/configs/gqa_batch_scaling/tp16_hbm4_ring_mesh2d_4x4_onering_qwen_gqa_tp16_fwd_bs64_sl65536.json,onering,qwen_gqa_tp16_fwd,64,65536,16,,,,,ring,mesh2d,4x4,496581,260043,236538,,62.15,51.664,SUCCESS,2026-03-06 17:22:06
0e9f7aeff6364d13b18fa6511aec1ba513849763d7bbd2ba85192a7306cb2dbc,tp16_hbm4_mesh2d_4x4_onering_qwen_gqa_baseline_fwd_block2x2_bs16_sl65536,/home/haotian/waferchip/mesh2D/astra_sim_picasso/examples/run_scripts/analytical/congestion_aware/configs/gqa_batch_scaling/tp16_hbm4_mesh2d_4x4_onering_qwen_gqa_baseline_fwd_block2x2_bs16_sl65536.json,qwen,gqa_baseline_fwd_block2x2,64,65536,16,,,,,mesh2d,4x4,onering,293429,275164,18265,,64.226,41.515,SUCCESS,2026-03-06 17:33:44
73d4c18722fbdc11675dba26a1dc94efecdf3f1efb2405d2b150de42b8d45249,tp16_hbm4_mesh2d_4x4_onering_qwen_gqa_baseline_fwd_block2x2_bs1_sl65536,/home/haotian/waferchip/mesh2D/astra_sim_picasso/examples/run_scripts/analytical/congestion_aware/configs/gqa_batch_scaling/tp16_hbm4_mesh2d_4x4_onering_qwen_gqa_baseline_fwd_block2x2_bs1_sl65536.json,qwen,gqa_baseline_fwd_block2x2,1,65536,16,,,,,mesh2d,4x4,onering,22534,4294,18240,,64.206,41.512,SUCCESS,2026-03-06 17:33:45
52350c8ddd3d8e03ed6f4f963ac4760311048b1d53b217bdccd954f90ec078ae,tp16_hbm4_mesh2d_4x4_onering_qwen_gqa_baseline_fwd_block2x2_bs2_sl65536,/home/haotian/waferchip/mesh2D/astra_sim_picasso/examples/run_scripts/analytical/congestion_aware/configs/gqa_batch_scaling/tp16_hbm4_mesh2d_4x4_onering_qwen_gqa_baseline_fwd_block2x2_bs2_sl65536.json,qwen,gqa_baseline_fwd_block2x2,64,65536,16,,,,,mesh2d,4x4,onering,293429,275164,18265,,64.226,41.515,SUCCESS,2026-03-06 17:33:46
49c8d1d691f1ae1c2779a7ccdd2a4b4685a53b94fab019fc1769cd7738165372,tp16_hbm4_mesh2d_4x4_onering_qwen_gqa_baseline_fwd_block2x2_bs32_sl65536,/home/haotian/waferchip/mesh2D/astra_sim_picasso/examples/run_scripts/analytical/congestion_aware/configs/gqa_batch_scaling/tp16_hbm4_mesh2d_4x4_onering_qwen_gqa_baseline_fwd_block2x2_bs32_sl65536.json,qwen,gqa_baseline_fwd_block2x2,64,65536,16,,,,,mesh2d,4x4,onering,293429,275164,18265,,64.226,41.515,SUCCESS,2026-03-06 17:33:47
d7b51c06b1e5975a9c8dc1744fac15666be5fca1b0fd647fd140daeb63645971,tp16_hbm4_mesh2d_4x4_onering_qwen_gqa_baseline_fwd_block2x2_bs4_sl65536,/home/haotian/waferchip/mesh2D/astra_sim_picasso/examples/run_scripts/analytical/congestion_aware/configs/gqa_batch_scaling/tp16_hbm4_mesh2d_4x4_onering_qwen_gqa_baseline_fwd_block2x2_bs4_sl65536.json,qwen,gqa_baseline_fwd_block2x2,64,65536,16,,,,,mesh2d,4x4,onering,293429,275164,18265,,64.226,41.515,SUCCESS,2026-03-06 17:33:48
188caaae69180686e6c1ad718dacbe1a5283c7026d439ff6702fd738c674a870,tp16_hbm4_mesh2d_4x4_onering_qwen_gqa_baseline_fwd_block2x2_bs64_sl65536,/home/haotian/waferchip/mesh2D/astra_sim_picasso/examples/run_scripts/analytical/congestion_aware/configs/gqa_batch_scaling/tp16_hbm4_mesh2d_4x4_onering_qwen_gqa_baseline_fwd_block2x2_bs64_sl65536.json,qwen,gqa_baseline_fwd_block2x2,64,65536,16,,,,,mesh2d,4x4,onering,293429,275164,18265,,64.226,41.515,SUCCESS,2026-03-06 17:33:48
1aec638f2c8e1f72c410ab9ccdc08c171a0f698156a8f48213d9a608a43681ce,tp16_hbm4_mesh2d_4x4_onering_qwen_gqa_baseline_fwd_block2x2_bs8_sl65536,/home/haotian/waferchip/mesh2D/astra_sim_picasso/examples/run_scripts/analytical/congestion_aware/configs/gqa_batch_scaling/tp16_hbm4_mesh2d_4x4_onering_qwen_gqa_baseline_fwd_block2x2_bs8_sl65536.json,qwen,gqa_baseline_fwd_block2x2,64,65536,16,,,,,mesh2d,4x4,onering,293429,275164,18265,,64.226,41.515,SUCCESS,2026-03-06 17:33:50
51d4ba56a757ad3d2e8fe9fd64f1fde8b76c3476769fbb2914eca3b3fbcc6d17,tp16_hbm4_mesh2d_4x4_onering_qwen_gqa_hmp_fwd_block2x2_bs16_sl65536,/home/haotian/waferchip/mesh2D/astra_sim_picasso/examples/run_scripts/analytical/congestion_aware/configs/gqa_batch_scaling/tp16_hbm4_mesh2d_4x4_onering_qwen_gqa_hmp_fwd_block2x2_bs16_sl65536.json,qwen,gqa_hmp_fwd_block2x2,64,65536,16,,,,,mesh2d,4x4,onering,288690,288690,,,65.878,39.633,SUCCESS,2026-03-06 17:33:50
26c2c5a18adcc889a01ad86fe8e2c22fb92fdcdc1f4cdbc93d2d90c7fe3fe83e,tp16_hbm4_mesh2d_4x4_onering_qwen_gqa_hmp_fwd_block2x2_bs1_sl65536,/home/haotian/waferchip/mesh2D/astra_sim_picasso/examples/run_scripts/analytical/congestion_aware/configs/gqa_batch_scaling/tp16_hbm4_mesh2d_4x4_onering_qwen_gqa_hmp_fwd_block2x2_bs1_sl65536.json,qwen,gqa_hmp_fwd_block2x2,1,65536,16,,,,,mesh2d,4x4,onering,4505,4505,,,65.868,39.618,SUCCESS,2026-03-06 17:33:50
8ada5a3ac30b753df4788d388d30e7c25d30b03cf980f24f1844d8d5f236a8e2,tp16_hbm4_mesh2d_4x4_onering_qwen_gqa_hmp_fwd_block2x2_bs2_sl65536,/home/haotian/waferchip/mesh2D/astra_sim_picasso/examples/run_scripts/analytical/congestion_aware/configs/gqa_batch_scaling/tp16_hbm4_mesh2d_4x4_onering_qwen_gqa_hmp_fwd_block2x2_bs2_sl65536.json,qwen,gqa_hmp_fwd_block2x2,64,65536,16,,,,,mesh2d,4x4,onering,288690,288690,,,65.878,39.633,SUCCESS,2026-03-06 17:33:50
eb7b1c79787be387c8f0837da2cc3afb0363872caf2b4d76c6e1fcc96f9d99cf,tp16_hbm4_mesh2d_4x4_onering_qwen_gqa_hmp_fwd_block2x2_bs32_sl65536,/home/haotian/waferchip/mesh2D/astra_sim_picasso/examples/run_scripts/analytical/congestion_aware/configs/gqa_batch_scaling/tp16_hbm4_mesh2d_4x4_onering_qwen_gqa_hmp_fwd_block2x2_bs32_sl65536.json,qwen,gqa_hmp_fwd_block2x2,64,65536,16,,,,,mesh2d,4x4,onering,288690,288690,,,65.878,39.633,SUCCESS,2026-03-06 17:33:50
91d4017369b4e2689472be6a20624483203304a3c945cc24ba456e47b6bfe136,tp16_hbm4_mesh2d_4x4_onering_qwen_gqa_hmp_fwd_block2x2_bs4_sl65536,/home/haotian/waferchip/mesh2D/astra_sim_picasso/examples/run_scripts/analytical/congestion_aware/configs/gqa_batch_scaling/tp16_hbm4_mesh2d_4x4_onering_qwen_gqa_hmp_fwd_block2x2_bs4_sl65536.json,qwen,gqa_hmp_fwd_block2x2,64,65536,16,,,,,mesh2d,4x4,onering,288690,288690,,,65.878,39.633,SUCCESS,2026-03-06 17:33:50
fb21531bafafc631c0cd38649a0079c9b037f7b2b641952496477969c3a3149e,tp16_hbm4_mesh2d_4x4_onering_qwen_gqa_hmp_fwd_block2x2_bs64_sl65536,/home/haotian/waferchip/mesh2D/astra_sim_picasso/examples/run_scripts/analytical/congestion_aware/configs/gqa_batch_scaling/tp16_hbm4_mesh2d_4x4_onering_qwen_gqa_hmp_fwd_block2x2_bs64_sl65536.json,qwen,gqa_hmp_fwd_block2x2,64,65536,16,,,,,mesh2d,4x4,onering,288690,288690,,,65.878,39.633,SUCCESS,2026-03-06 17:33:50
7d2f49e0448b8b5d4eae3299487fb5d03fdef2efb2f6652113ce45ffbaa95d96,tp16_hbm4_mesh2d_4x4_onering_qwen_gqa_hmp_fwd_block2x2_bs8_sl65536,/home/haotian/waferchip/mesh2D/astra_sim_picasso/examples/run_scripts/analytical/congestion_aware/configs/gqa_batch_scaling/tp16_hbm4_mesh2d_4x4_onering_qwen_gqa_hmp_fwd_block2x2_bs8_sl65536.json,qwen,gqa_hmp_fwd_block2x2,64,65536,16,,,,,mesh2d,4x4,onering,288690,288690,,,65.878,39.633,SUCCESS,2026-03-06 17:33:50
e726719851271c1495db666192800319df1e8d13bf8aa684896adc1d0ecb72da,tp16_hbm4_ring_mesh2d_4x4_onering_qwen_gqa_tp16_fwd_bs16_sl65536,/home/haotian/waferchip/mesh2D/astra_sim_picasso/examples/run_scripts/analytical/congestion_aware/configs/gqa_batch_scaling/tp16_hbm4_ring_mesh2d_4x4_onering_qwen_gqa_tp16_fwd_bs16_sl65536.json,onering,qwen_gqa_tp16_fwd,64,65536,16,,,,,ring,mesh2d,4x4,496581,260043,236538,,62.15,51.664,SUCCESS,2026-03-06 17:33:50
fcb3cb464d6ee48b67ddea10d364a5e5b86df0a4695acb926db9d3ffee360cbd,tp16_hbm4_ring_mesh2d_4x4_onering_qwen_gqa_tp16_fwd_bs1_sl65536,/home/haotian/waferchip/mesh2D/astra_sim_picasso/examples/run_scripts/analytical/congestion_aware/configs/gqa_batch_scaling/tp16_hbm4_ring_mesh2d_4x4_onering_qwen_gqa_tp16_fwd_bs1_sl65536.json,onering,qwen_gqa_tp16_fwd,64,65536,16,,,,,ring,mesh2d,4x4,496581,260043,236538,,62.15,51.664,SUCCESS,2026-03-06 17:33:50
b1959c22a49115fee98fb8acc5e3756c1ef3cec0ac8531400fe5972a893bc7ed,tp16_hbm4_ring_mesh2d_4x4_onering_qwen_gqa_tp16_fwd_bs2_sl65536,/home/haotian/waferchip/mesh2D/astra_sim_picasso/examples/run_scripts/analytical/congestion_aware/configs/gqa_batch_scaling/tp16_hbm4_ring_mesh2d_4x4_onering_qwen_gqa_tp16_fwd_bs2_sl65536.json,onering,qwen_gqa_tp16_fwd,64,65536,16,,,,,ring,mesh2d,4x4,496581,260043,236538,,62.15,51.664,SUCCESS,2026-03-06 17:33:50
c47ba4d84d7a761e76ebf831343f60349a262e801a740b661b5551725e2d8d85,tp16_hbm4_ring_mesh2d_4x4_onering_qwen_gqa_tp16_fwd_bs32_sl65536,/home/haotian/waferchip/mesh2D/astra_sim_picasso/examples/run_scripts/analytical/congestion_aware/configs/gqa_batch_scaling/tp16_hbm4_ring_mesh2d_4x4_onering_qwen_gqa_tp16_fwd_bs32_sl65536.json,onering,qwen_gqa_tp16_fwd,64,65536,16,,,,,ring,mesh2d,4x4,496581,260043,236538,,62.15,51.664,SUCCESS,2026-03-06 17:33:50
b7ae4f8ec062e74b891f49815278cfc39e661fb4417e85f971b6bc50f055c8e7,tp16_hbm4_ring_mesh2d_4x4_onering_qwen_gqa_tp16_fwd_bs4_sl65536,/home/haotian/waferchip/mesh2D/astra_sim_picasso/examples/run_scripts/analytical/congestion_aware/configs/gqa_batch_scaling/tp16_hbm4_ring_mesh2d_4x4_onering_qwen_gqa_tp16_fwd_bs4_sl65536.json,onering,qwen_gqa_tp16_fwd,64,65536,16,,,,,ring,mesh2d,4x4,496581,260043,236538,,62.15,51.664,SUCCESS,2026-03-06 17:33:50
18f55d0fb90d55a36f359e22ce12a4a2bacdad5f7ca2f8625901e30be9d31b8d,tp16_hbm4_ring_mesh2d_4x4_onering_qwen_gqa_tp16_fwd_bs64_sl65536,/home/haotian/waferchip/mesh2D/astra_sim_picasso/examples/run_scripts/analytical/congestion_aware/configs/gqa_batch_scaling/tp16_hbm4_ring_mesh2d_4x4_onering_qwen_gqa_tp16_fwd_bs64_sl65536.json,onering,qwen_gqa_tp16_fwd,64,65536,16,,,,,ring,mesh2d,4x4,496581,260043,236538,,62.15,51.664,SUCCESS,2026-03-06 17:33:50
5384ca3a2b0ad0b5705b734dae58fc2ab3e38c3f0674d1f45370a4a8897e2211,tp16_hbm4_ring_mesh2d_4x4_onering_qwen_gqa_tp16_fwd_bs8_sl65536,/home/haotian/waferchip/mesh2D/astra_sim_picasso/examples/run_scripts/analytical/congestion_aware/configs/gqa_batch_scaling/tp16_hbm4_ring_mesh2d_4x4_onering_qwen_gqa_tp16_fwd_bs8_sl65536.json,onering,qwen_gqa_tp16_fwd,64,65536,16,,,,,ring,mesh2d,4x4,496581,260043,236538,,62.15,51.664,SUCCESS,2026-03-06 17:33:50
0e9f7aeff6364d13b18fa6511aec1ba513849763d7bbd2ba85192a7306cb2dbc,tp16_hbm4_mesh2d_4x4_onering_qwen_gqa_baseline_fwd_block2x2_bs16_sl65536,/home/haotian/waferchip/mesh2D/astra_sim_picasso/examples/run_scripts/analytical/congestion_aware/configs/gqa_batch_scaling/tp16_hbm4_mesh2d_4x4_onering_qwen_gqa_baseline_fwd_block2x2_bs16_sl65536.json,qwen,gqa_baseline_fwd_block2x2,64,65536,16,,,,,mesh2d,4x4,onering,293429,275164,18265,,64.226,41.515,SUCCESS,2026-03-06 17:33:51
73d4c18722fbdc11675dba26a1dc94efecdf3f1efb2405d2b150de42b8d45249,tp16_hbm4_mesh2d_4x4_onering_qwen_gqa_baseline_fwd_block2x2_bs1_sl65536,/home/haotian/waferchip/mesh2D/astra_sim_picasso/examples/run_scripts/analytical/congestion_aware/configs/gqa_batch_scaling/tp16_hbm4_mesh2d_4x4_onering_qwen_gqa_baseline_fwd_block2x2_bs1_sl65536.json,qwen,gqa_baseline_fwd_block2x2,1,65536,16,,,,,mesh2d,4x4,onering,22534,4294,18240,,64.206,41.512,SUCCESS,2026-03-06 17:33:52
077ed65204d3d78fc8e3ea95e07c42281df5bdc5434a3eea4f04715b9b90fa18,tp16_hbm4_mesh2d_4x4_onering_qwen_gqa_baseline_fwd_block2x2_bs2_sl65536,/home/haotian/waferchip/mesh2D/astra_sim_picasso/examples/run_scripts/analytical/congestion_aware/configs/gqa_batch_scaling/tp16_hbm4_mesh2d_4x4_onering_qwen_gqa_baseline_fwd_block2x2_bs2_sl65536.json,qwen,gqa_baseline_fwd_block2x2,2,65536,16,,,,,mesh2d,4x4,onering,26835,8595,18240,,64.222,41.508,SUCCESS,2026-03-06 17:33:53
49c8d1d691f1ae1c2779a7ccdd2a4b4685a53b94fab019fc1769cd7738165372,tp16_hbm4_mesh2d_4x4_onering_qwen_gqa_baseline_fwd_block2x2_bs32_sl65536,/home/haotian/waferchip/mesh2D/astra_sim_picasso/examples/run_scripts/analytical/congestion_aware/configs/gqa_batch_scaling/tp16_hbm4_mesh2d_4x4_onering_qwen_gqa_baseline_fwd_block2x2_bs32_sl65536.json,qwen,gqa_baseline_fwd_block2x2,64,65536,16,,,,,mesh2d,4x4,onering,293429,275164,18265,,64.226,41.515,SUCCESS,2026-03-06 17:33:54
d7b51c06b1e5975a9c8dc1744fac15666be5fca1b0fd647fd140daeb63645971,tp16_hbm4_mesh2d_4x4_onering_qwen_gqa_baseline_fwd_block2x2_bs4_sl65536,/home/haotian/waferchip/mesh2D/astra_sim_picasso/examples/run_scripts/analytical/congestion_aware/configs/gqa_batch_scaling/tp16_hbm4_mesh2d_4x4_onering_qwen_gqa_baseline_fwd_block2x2_bs4_sl65536.json,qwen,gqa_baseline_fwd_block2x2,64,65536,16,,,,,mesh2d,4x4,onering,293429,275164,18265,,64.226,41.515,SUCCESS,2026-03-06 17:33:55
188caaae69180686e6c1ad718dacbe1a5283c7026d439ff6702fd738c674a870,tp16_hbm4_mesh2d_4x4_onering_qwen_gqa_baseline_fwd_block2x2_bs64_sl65536,/home/haotian/waferchip/mesh2D/astra_sim_picasso/examples/run_scripts/analytical/congestion_aware/configs/gqa_batch_scaling/tp16_hbm4_mesh2d_4x4_onering_qwen_gqa_baseline_fwd_block2x2_bs64_sl65536.json,qwen,gqa_baseline_fwd_block2x2,64,65536,16,,,,,mesh2d,4x4,onering,293429,275164,18265,,64.226,41.515,SUCCESS,2026-03-06 17:33:56
1aec638f2c8e1f72c410ab9ccdc08c171a0f698156a8f48213d9a608a43681ce,tp16_hbm4_mesh2d_4x4_onering_qwen_gqa_baseline_fwd_block2x2_bs8_sl65536,/home/haotian/waferchip/mesh2D/astra_sim_picasso/examples/run_scripts/analytical/congestion_aware/configs/gqa_batch_scaling/tp16_hbm4_mesh2d_4x4_onering_qwen_gqa_baseline_fwd_block2x2_bs8_sl65536.json,qwen,gqa_baseline_fwd_block2x2,64,65536,16,,,,,mesh2d,4x4,onering,293429,275164,18265,,64.226,41.515,SUCCESS,2026-03-06 17:33:57
51d4ba56a757ad3d2e8fe9fd64f1fde8b76c3476769fbb2914eca3b3fbcc6d17,tp16_hbm4_mesh2d_4x4_onering_qwen_gqa_hmp_fwd_block2x2_bs16_sl65536,/home/haotian/waferchip/mesh2D/astra_sim_picasso/examples/run_scripts/analytical/congestion_aware/configs/gqa_batch_scaling/tp16_hbm4_mesh2d_4x4_onering_qwen_gqa_hmp_fwd_block2x2_bs16_sl65536.json,qwen,gqa_hmp_fwd_block2x2,64,65536,16,,,,,mesh2d,4x4,onering,288690,288690,,,65.878,39.633,SUCCESS,2026-03-06 17:33:57
26c2c5a18adcc889a01ad86fe8e2c22fb92fdcdc1f4cdbc93d2d90c7fe3fe83e,tp16_hbm4_mesh2d_4x4_onering_qwen_gqa_hmp_fwd_block2x2_bs1_sl65536,/home/haotian/waferchip/mesh2D/astra_sim_picasso/examples/run_scripts/analytical/congestion_aware/configs/gqa_batch_scaling/tp16_hbm4_mesh2d_4x4_onering_qwen_gqa_hmp_fwd_block2x2_bs1_sl65536.json,qwen,gqa_hmp_fwd_block2x2,1,65536,16,,,,,mesh2d,4x4,onering,4505,4505,,,65.868,39.618,SUCCESS,2026-03-06 17:33:57
da97ae261c8686381504406cb773791374ac6a5023914f744dbb6052303200d7,tp16_hbm4_mesh2d_4x4_onering_qwen_gqa_hmp_fwd_block2x2_bs2_sl65536,/home/haotian/waferchip/mesh2D/astra_sim_picasso/examples/run_scripts/analytical/congestion_aware/configs/gqa_batch_scaling/tp16_hbm4_mesh2d_4x4_onering_qwen_gqa_hmp_fwd_block2x2_bs2_sl65536.json,qwen,gqa_hmp_fwd_block2x2,2,65536,16,,,,,mesh2d,4x4,onering,9018,9018,,,65.878,39.622,SUCCESS,2026-03-06 17:33:57
eb7b1c79787be387c8f0837da2cc3afb0363872caf2b4d76c6e1fcc96f9d99cf,tp16_hbm4_mesh2d_4x4_onering_qwen_gqa_hmp_fwd_block2x2_bs32_sl65536,/home/haotian/waferchip/mesh2D/astra_sim_picasso/examples/run_scripts/analytical/congestion_aware/configs/gqa_batch_scaling/tp16_hbm4_mesh2d_4x4_onering_qwen_gqa_hmp_fwd_block2x2_bs32_sl65536.json,qwen,gqa_hmp_fwd_block2x2,64,65536,16,,,,,mesh2d,4x4,onering,288690,288690,,,65.878,39.633,SUCCESS,2026-03-06 17:33:57
91d4017369b4e2689472be6a20624483203304a3c945cc24ba456e47b6bfe136,tp16_hbm4_mesh2d_4x4_onering_qwen_gqa_hmp_fwd_block2x2_bs4_sl65536,/home/haotian/waferchip/mesh2D/astra_sim_picasso/examples/run_scripts/analytical/congestion_aware/configs/gqa_batch_scaling/tp16_hbm4_mesh2d_4x4_onering_qwen_gqa_hmp_fwd_block2x2_bs4_sl65536.json,qwen,gqa_hmp_fwd_block2x2,64,65536,16,,,,,mesh2d,4x4,onering,288690,288690,,,65.878,39.633,SUCCESS,2026-03-06 17:33:57
fb21531bafafc631c0cd38649a0079c9b037f7b2b641952496477969c3a3149e,tp16_hbm4_mesh2d_4x4_onering_qwen_gqa_hmp_fwd_block2x2_bs64_sl65536,/home/haotian/waferchip/mesh2D/astra_sim_picasso/examples/run_scripts/analytical/congestion_aware/configs/gqa_batch_scaling/tp16_hbm4_mesh2d_4x4_onering_qwen_gqa_hmp_fwd_block2x2_bs64_sl65536.json,qwen,gqa_hmp_fwd_block2x2,64,65536,16,,,,,mesh2d,4x4,onering,288690,288690,,,65.878,39.633,SUCCESS,2026-03-06 17:33:57
7d2f49e0448b8b5d4eae3299487fb5d03fdef2efb2f6652113ce45ffbaa95d96,tp16_hbm4_mesh2d_4x4_onering_qwen_gqa_hmp_fwd_block2x2_bs8_sl65536,/home/haotian/waferchip/mesh2D/astra_sim_picasso/examples/run_scripts/analytical/congestion_aware/configs/gqa_batch_scaling/tp16_hbm4_mesh2d_4x4_onering_qwen_gqa_hmp_fwd_block2x2_bs8_sl65536.json,qwen,gqa_hmp_fwd_block2x2,64,65536,16,,,,,mesh2d,4x4,onering,288690,288690,,,65.878,39.633,SUCCESS,2026-03-06 17:33:57
e726719851271c1495db666192800319df1e8d13bf8aa684896adc1d0ecb72da,tp16_hbm4_ring_mesh2d_4x4_onering_qwen_gqa_tp16_fwd_bs16_sl65536,/home/haotian/waferchip/mesh2D/astra_sim_picasso/examples/run_scripts/analytical/congestion_aware/configs/gqa_batch_scaling/tp16_hbm4_ring_mesh2d_4x4_onering_qwen_gqa_tp16_fwd_bs16_sl65536.json,onering,qwen_gqa_tp16_fwd,64,65536,16,,,,,ring,mesh2d,4x4,496581,260043,236538,,62.15,51.664,SUCCESS,2026-03-06 17:33:57
fcb3cb464d6ee48b67ddea10d364a5e5b86df0a4695acb926db9d3ffee360cbd,tp16_hbm4_ring_mesh2d_4x4_onering_qwen_gqa_tp16_fwd_bs1_sl65536,/home/haotian/waferchip/mesh2D/astra_sim_picasso/examples/run_scripts/analytical/congestion_aware/configs/gqa_batch_scaling/tp16_hbm4_ring_mesh2d_4x4_onering_qwen_gqa_tp16_fwd_bs1_sl65536.json,onering,qwen_gqa_tp16_fwd,64,65536,16,,,,,ring,mesh2d,4x4,496581,260043,236538,,62.15,51.664,SUCCESS,2026-03-06 17:33:57
b1959c22a49115fee98fb8acc5e3756c1ef3cec0ac8531400fe5972a893bc7ed,tp16_hbm4_ring_mesh2d_4x4_onering_qwen_gqa_tp16_fwd_bs2_sl65536,/home/haotian/waferchip/mesh2D/astra_sim_picasso/examples/run_scripts/analytical/congestion_aware/configs/gqa_batch_scaling/tp16_hbm4_ring_mesh2d_4x4_onering_qwen_gqa_tp16_fwd_bs2_sl65536.json,onering,qwen_gqa_tp16_fwd,64,65536,16,,,,,ring,mesh2d,4x4,496581,260043,236538,,62.15,51.664,SUCCESS,2026-03-06 17:33:57
c47ba4d84d7a761e76ebf831343f60349a262e801a740b661b5551725e2d8d85,tp16_hbm4_ring_mesh2d_4x4_onering_qwen_gqa_tp16_fwd_bs32_sl65536,/home/haotian/waferchip/mesh2D/astra_sim_picasso/examples/run_scripts/analytical/congestion_aware/configs/gqa_batch_scaling/tp16_hbm4_ring_mesh2d_4x4_onering_qwen_gqa_tp16_fwd_bs32_sl65536.json,onering,qwen_gqa_tp16_fwd,64,65536,16,,,,,ring,mesh2d,4x4,496581,260043,236538,,62.15,51.664,SUCCESS,2026-03-06 17:33:58
b7ae4f8ec062e74b891f49815278cfc39e661fb4417e85f971b6bc50f055c8e7,tp16_hbm4_ring_mesh2d_4x4_onering_qwen_gqa_tp16_fwd_bs4_sl65536,/home/haotian/waferchip/mesh2D/astra_sim_picasso/examples/run_scripts/analytical/congestion_aware/configs/gqa_batch_scaling/tp16_hbm4_ring_mesh2d_4x4_onering_qwen_gqa_tp16_fwd_bs4_sl65536.json,onering,qwen_gqa_tp16_fwd,64,65536,16,,,,,ring,mesh2d,4x4,496581,260043,236538,,62.15,51.664,SUCCESS,2026-03-06 17:33:58
18f55d0fb90d55a36f359e22ce12a4a2bacdad5f7ca2f8625901e30be9d31b8d,tp16_hbm4_ring_mesh2d_4x4_onering_qwen_gqa_tp16_fwd_bs64_sl65536,/home/haotian/waferchip/mesh2D/astra_sim_picasso/examples/run_scripts/analytical/congestion_aware/configs/gqa_batch_scaling/tp16_hbm4_ring_mesh2d_4x4_onering_qwen_gqa_tp16_fwd_bs64_sl65536.json,onering,qwen_gqa_tp16_fwd,64,65536,16,,,,,ring,mesh2d,4x4,496581,260043,236538,,62.15,51.664,SUCCESS,2026-03-06 17:33:58
5384ca3a2b0ad0b5705b734dae58fc2ab3e38c3f0674d1f45370a4a8897e2211,tp16_hbm4_ring_mesh2d_4x4_onering_qwen_gqa_tp16_fwd_bs8_sl65536,/home/haotian/waferchip/mesh2D/astra_sim_picasso/examples/run_scripts/analytical/congestion_aware/configs/gqa_batch_scaling/tp16_hbm4_ring_mesh2d_4x4_onering_qwen_gqa_tp16_fwd_bs8_sl65536.json,onering,qwen_gqa_tp16_fwd,64,65536,16,,,,,ring,mesh2d,4x4,496581,260043,236538,,62.15,51.664,SUCCESS,2026-03-06 17:33:58
0e9f7aeff6364d13b18fa6511aec1ba513849763d7bbd2ba85192a7306cb2dbc,tp16_hbm4_mesh2d_4x4_onering_qwen_gqa_baseline_fwd_block2x2_bs16_sl65536,/home/haotian/waferchip/mesh2D/astra_sim_picasso/examples/run_scripts/analytical/congestion_aware/configs/gqa_batch_scaling/tp16_hbm4_mesh2d_4x4_onering_qwen_gqa_baseline_fwd_block2x2_bs16_sl65536.json,qwen,gqa_baseline_fwd_block2x2,64,65536,16,,,,,mesh2d,4x4,onering,293429,275164,18265,,64.226,41.515,SUCCESS,2026-03-06 17:33:59
73d4c18722fbdc11675dba26a1dc94efecdf3f1efb2405d2b150de42b8d45249,tp16_hbm4_mesh2d_4x4_onering_qwen_gqa_baseline_fwd_block2x2_bs1_sl65536,/home/haotian/waferchip/mesh2D/astra_sim_picasso/examples/run_scripts/analytical/congestion_aware/configs/gqa_batch_scaling/tp16_hbm4_mesh2d_4x4_onering_qwen_gqa_baseline_fwd_block2x2_bs1_sl65536.json,qwen,gqa_baseline_fwd_block2x2,1,65536,16,,,,,mesh2d,4x4,onering,22534,4294,18240,,64.206,41.512,SUCCESS,2026-03-06 17:34:00
077ed65204d3d78fc8e3ea95e07c42281df5bdc5434a3eea4f04715b9b90fa18,tp16_hbm4_mesh2d_4x4_onering_qwen_gqa_baseline_fwd_block2x2_bs2_sl65536,/home/haotian/waferchip/mesh2D/astra_sim_picasso/examples/run_scripts/analytical/congestion_aware/configs/gqa_batch_scaling/tp16_hbm4_mesh2d_4x4_onering_qwen_gqa_baseline_fwd_block2x2_bs2_sl65536.json,qwen,gqa_baseline_fwd_block2x2,2,65536,16,,,,,mesh2d,4x4,onering,26835,8595,18240,,64.222,41.508,SUCCESS,2026-03-06 17:34:01
49c8d1d691f1ae1c2779a7ccdd2a4b4685a53b94fab019fc1769cd7738165372,tp16_hbm4_mesh2d_4x4_onering_qwen_gqa_baseline_fwd_block2x2_bs32_sl65536,/home/haotian/waferchip/mesh2D/astra_sim_picasso/examples/run_scripts/analytical/congestion_aware/configs/gqa_batch_scaling/tp16_hbm4_mesh2d_4x4_onering_qwen_gqa_baseline_fwd_block2x2_bs32_sl65536.json,qwen,gqa_baseline_fwd_block2x2,64,65536,16,,,,,mesh2d,4x4,onering,293429,275164,18265,,64.226,41.515,SUCCESS,2026-03-06 17:34:01
2701c574e15e4f1c665527572aeaebcaff4c741c5b6258c190f83cc342145e7d,tp16_hbm4_mesh2d_4x4_onering_qwen_gqa_baseline_fwd_block2x2_bs4_sl65536,/home/haotian/waferchip/mesh2D/astra_sim_picasso/examples/run_scripts/analytical/congestion_aware/configs/gqa_batch_scaling/tp16_hbm4_mesh2d_4x4_onering_qwen_gqa_baseline_fwd_block2x2_bs4_sl65536.json,qwen,gqa_baseline_fwd_block2x2,4,65536,16,,,,,mesh2d,4x4,onering,35434,17194,18240,,64.223,41.512,SUCCESS,2026-03-06 17:34:02
188caaae69180686e6c1ad718dacbe1a5283c7026d439ff6702fd738c674a870,tp16_hbm4_mesh2d_4x4_onering_qwen_gqa_baseline_fwd_block2x2_bs64_sl65536,/home/haotian/waferchip/mesh2D/astra_sim_picasso/examples/run_scripts/analytical/congestion_aware/configs/gqa_batch_scaling/tp16_hbm4_mesh2d_4x4_onering_qwen_gqa_baseline_fwd_block2x2_bs64_sl65536.json,qwen,gqa_baseline_fwd_block2x2,64,65536,16,,,,,mesh2d,4x4,onering,293429,275164,18265,,64.226,41.515,SUCCESS,2026-03-06 17:34:03
1aec638f2c8e1f72c410ab9ccdc08c171a0f698156a8f48213d9a608a43681ce,tp16_hbm4_mesh2d_4x4_onering_qwen_gqa_baseline_fwd_block2x2_bs8_sl65536,/home/haotian/waferchip/mesh2D/astra_sim_picasso/examples/run_scripts/analytical/congestion_aware/configs/gqa_batch_scaling/tp16_hbm4_mesh2d_4x4_onering_qwen_gqa_baseline_fwd_block2x2_bs8_sl65536.json,qwen,gqa_baseline_fwd_block2x2,64,65536,16,,,,,mesh2d,4x4,onering,293429,275164,18265,,64.226,41.515,SUCCESS,2026-03-06 17:34:05
51d4ba56a757ad3d2e8fe9fd64f1fde8b76c3476769fbb2914eca3b3fbcc6d17,tp16_hbm4_mesh2d_4x4_onering_qwen_gqa_hmp_fwd_block2x2_bs16_sl65536,/home/haotian/waferchip/mesh2D/astra_sim_picasso/examples/run_scripts/analytical/congestion_aware/configs/gqa_batch_scaling/tp16_hbm4_mesh2d_4x4_onering_qwen_gqa_hmp_fwd_block2x2_bs16_sl65536.json,qwen,gqa_hmp_fwd_block2x2,64,65536,16,,,,,mesh2d,4x4,onering,288690,288690,,,65.878,39.633,SUCCESS,2026-03-06 17:34:05
26c2c5a18adcc889a01ad86fe8e2c22fb92fdcdc1f4cdbc93d2d90c7fe3fe83e,tp16_hbm4_mesh2d_4x4_onering_qwen_gqa_hmp_fwd_block2x2_bs1_sl65536,/home/haotian/waferchip/mesh2D/astra_sim_picasso/examples/run_scripts/analytical/congestion_aware/configs/gqa_batch_scaling/tp16_hbm4_mesh2d_4x4_onering_qwen_gqa_hmp_fwd_block2x2_bs1_sl65536.json,qwen,gqa_hmp_fwd_block2x2,1,65536,16,,,,,mesh2d,4x4,onering,4505,4505,,,65.868,39.618,SUCCESS,2026-03-06 17:34:05
da97ae261c8686381504406cb773791374ac6a5023914f744dbb6052303200d7,tp16_hbm4_mesh2d_4x4_onering_qwen_gqa_hmp_fwd_block2x2_bs2_sl65536,/home/haotian/waferchip/mesh2D/astra_sim_picasso/examples/run_scripts/analytical/congestion_aware/configs/gqa_batch_scaling/tp16_hbm4_mesh2d_4x4_onering_qwen_gqa_hmp_fwd_block2x2_bs2_sl65536.json,qwen,gqa_hmp_fwd_block2x2,2,65536,16,,,,,mesh2d,4x4,onering,9018,9018,,,65.878,39.622,SUCCESS,2026-03-06 17:34:05
eb7b1c79787be387c8f0837da2cc3afb0363872caf2b4d76c6e1fcc96f9d99cf,tp16_hbm4_mesh2d_4x4_onering_qwen_gqa_hmp_fwd_block2x2_bs32_sl65536,/home/haotian/waferchip/mesh2D/astra_sim_picasso/examples/run_scripts/analytical/congestion_aware/configs/gqa_batch_scaling/tp16_hbm4_mesh2d_4x4_onering_qwen_gqa_hmp_fwd_block2x2_bs32_sl65536.json,qwen,gqa_hmp_fwd_block2x2,64,65536,16,,,,,mesh2d,4x4,onering,288690,288690,,,65.878,39.633,SUCCESS,2026-03-06 17:34:05
9ed86a4d683c8ede0c69dba4f3a93d819aa4eae7ac57410643afd5c2abac42b8,tp16_hbm4_mesh2d_4x4_onering_qwen_gqa_hmp_fwd_block2x2_bs4_sl65536,/home/haotian/waferchip/mesh2D/astra_sim_picasso/examples/run_scripts/analytical/congestion_aware/configs/gqa_batch_scaling/tp16_hbm4_mesh2d_4x4_onering_qwen_gqa_hmp_fwd_block2x2_bs4_sl65536.json,qwen,gqa_hmp_fwd_block2x2,4,65536,16,,,,,mesh2d,4x4,onering,18039,18039,,,65.877,39.628,SUCCESS,2026-03-06 17:34:05
fb21531bafafc631c0cd38649a0079c9b037f7b2b641952496477969c3a3149e,tp16_hbm4_mesh2d_4x4_onering_qwen_gqa_hmp_fwd_block2x2_bs64_sl65536,/home/haotian/waferchip/mesh2D/astra_sim_picasso/examples/run_scripts/analytical/congestion_aware/configs/gqa_batch_scaling/tp16_hbm4_mesh2d_4x4_onering_qwen_gqa_hmp_fwd_block2x2_bs64_sl65536.json,qwen,gqa_hmp_fwd_block2x2,64,65536,16,,,,,mesh2d,4x4,onering,288690,288690,,,65.878,39.633,SUCCESS,2026-03-06 17:34:05
7d2f49e0448b8b5d4eae3299487fb5d03fdef2efb2f6652113ce45ffbaa95d96,tp16_hbm4_mesh2d_4x4_onering_qwen_gqa_hmp_fwd_block2x2_bs8_sl65536,/home/haotian/waferchip/mesh2D/astra_sim_picasso/examples/run_scripts/analytical/congestion_aware/configs/gqa_batch_scaling/tp16_hbm4_mesh2d_4x4_onering_qwen_gqa_hmp_fwd_block2x2_bs8_sl65536.json,qwen,gqa_hmp_fwd_block2x2,64,65536,16,,,,,mesh2d,4x4,onering,288690,288690,,,65.878,39.633,SUCCESS,2026-03-06 17:34:05
e726719851271c1495db666192800319df1e8d13bf8aa684896adc1d0ecb72da,tp16_hbm4_ring_mesh2d_4x4_onering_qwen_gqa_tp16_fwd_bs16_sl65536,/home/haotian/waferchip/mesh2D/astra_sim_picasso/examples/run_scripts/analytical/congestion_aware/configs/gqa_batch_scaling/tp16_hbm4_ring_mesh2d_4x4_onering_qwen_gqa_tp16_fwd_bs16_sl65536.json,onering,qwen_gqa_tp16_fwd,64,65536,16,,,,,ring,mesh2d,4x4,496581,260043,236538,,62.15,51.664,SUCCESS,2026-03-06 17:34:05
fcb3cb464d6ee48b67ddea10d364a5e5b86df0a4695acb926db9d3ffee360cbd,tp16_hbm4_ring_mesh2d_4x4_onering_qwen_gqa_tp16_fwd_bs1_sl65536,/home/haotian/waferchip/mesh2D/astra_sim_picasso/examples/run_scripts/analytical/congestion_aware/configs/gqa_batch_scaling/tp16_hbm4_ring_mesh2d_4x4_onering_qwen_gqa_tp16_fwd_bs1_sl65536.json,onering,qwen_gqa_tp16_fwd,64,65536,16,,,,,ring,mesh2d,4x4,496581,260043,236538,,62.15,51.664,SUCCESS,2026-03-06 17:34:05
b1959c22a49115fee98fb8acc5e3756c1ef3cec0ac8531400fe5972a893bc7ed,tp16_hbm4_ring_mesh2d_4x4_onering_qwen_gqa_tp16_fwd_bs2_sl65536,/home/haotian/waferchip/mesh2D/astra_sim_picasso/examples/run_scripts/analytical/congestion_aware/configs/gqa_batch_scaling/tp16_hbm4_ring_mesh2d_4x4_onering_qwen_gqa_tp16_fwd_bs2_sl65536.json,onering,qwen_gqa_tp16_fwd,64,65536,16,,,,,ring,mesh2d,4x4,496581,260043,236538,,62.15,51.664,SUCCESS,2026-03-06 17:34:05
c47ba4d84d7a761e76ebf831343f60349a262e801a740b661b5551725e2d8d85,tp16_hbm4_ring_mesh2d_4x4_onering_qwen_gqa_tp16_fwd_bs32_sl65536,/home/haotian/waferchip/mesh2D/astra_sim_picasso/examples/run_scripts/analytical/congestion_aware/configs/gqa_batch_scaling/tp16_hbm4_ring_mesh2d_4x4_onering_qwen_gqa_tp16_fwd_bs32_sl65536.json,onering,qwen_gqa_tp16_fwd,64,65536,16,,,,,ring,mesh2d,4x4,496581,260043,236538,,62.15,51.664,SUCCESS,2026-03-06 17:34:05
b7ae4f8ec062e74b891f49815278cfc39e661fb4417e85f971b6bc50f055c8e7,tp16_hbm4_ring_mesh2d_4x4_onering_qwen_gqa_tp16_fwd_bs4_sl65536,/home/haotian/waferchip/mesh2D/astra_sim_picasso/examples/run_scripts/analytical/congestion_aware/configs/gqa_batch_scaling/tp16_hbm4_ring_mesh2d_4x4_onering_qwen_gqa_tp16_fwd_bs4_sl65536.json,onering,qwen_gqa_tp16_fwd,64,65536,16,,,,,ring,mesh2d,4x4,496581,260043,236538,,62.15,51.664,SUCCESS,2026-03-06 17:34:05
18f55d0fb90d55a36f359e22ce12a4a2bacdad5f7ca2f8625901e30be9d31b8d,tp16_hbm4_ring_mesh2d_4x4_onering_qwen_gqa_tp16_fwd_bs64_sl65536,/home/haotian/waferchip/mesh2D/astra_sim_picasso/examples/run_scripts/analytical/congestion_aware/configs/gqa_batch_scaling/tp16_hbm4_ring_mesh2d_4x4_onering_qwen_gqa_tp16_fwd_bs64_sl65536.json,onering,qwen_gqa_tp16_fwd,64,65536,16,,,,,ring,mesh2d,4x4,496581,260043,236538,,62.15,51.664,SUCCESS,2026-03-06 17:34:05
5384ca3a2b0ad0b5705b734dae58fc2ab3e38c3f0674d1f45370a4a8897e2211,tp16_hbm4_ring_mesh2d_4x4_onering_qwen_gqa_tp16_fwd_bs8_sl65536,/home/haotian/waferchip/mesh2D/astra_sim_picasso/examples/run_scripts/analytical/congestion_aware/configs/gqa_batch_scaling/tp16_hbm4_ring_mesh2d_4x4_onering_qwen_gqa_tp16_fwd_bs8_sl65536.json,onering,qwen_gqa_tp16_fwd,64,65536,16,,,,,ring,mesh2d,4x4,496581,260043,236538,,62.15,51.664,SUCCESS,2026-03-06 17:34:05
0e9f7aeff6364d13b18fa6511aec1ba513849763d7bbd2ba85192a7306cb2dbc,tp16_hbm4_mesh2d_4x4_onering_qwen_gqa_baseline_fwd_block2x2_bs16_sl65536,/home/haotian/waferchip/mesh2D/astra_sim_picasso/examples/run_scripts/analytical/congestion_aware/configs/gqa_batch_scaling/tp16_hbm4_mesh2d_4x4_onering_qwen_gqa_baseline_fwd_block2x2_bs16_sl65536.json,qwen,gqa_baseline_fwd_block2x2,64,65536,16,,,,,mesh2d,4x4,onering,293429,275164,18265,,64.226,41.515,SUCCESS,2026-03-06 17:34:06
73d4c18722fbdc11675dba26a1dc94efecdf3f1efb2405d2b150de42b8d45249,tp16_hbm4_mesh2d_4x4_onering_qwen_gqa_baseline_fwd_block2x2_bs1_sl65536,/home/haotian/waferchip/mesh2D/astra_sim_picasso/examples/run_scripts/analytical/congestion_aware/configs/gqa_batch_scaling/tp16_hbm4_mesh2d_4x4_onering_qwen_gqa_baseline_fwd_block2x2_bs1_sl65536.json,qwen,gqa_baseline_fwd_block2x2,1,65536,16,,,,,mesh2d,4x4,onering,22534,4294,18240,,64.206,41.512,SUCCESS,2026-03-06 17:34:07
077ed65204d3d78fc8e3ea95e07c42281df5bdc5434a3eea4f04715b9b90fa18,tp16_hbm4_mesh2d_4x4_onering_qwen_gqa_baseline_fwd_block2x2_bs2_sl65536,/home/haotian/waferchip/mesh2D/astra_sim_picasso/examples/run_scripts/analytical/congestion_aware/configs/gqa_batch_scaling/tp16_hbm4_mesh2d_4x4_onering_qwen_gqa_baseline_fwd_block2x2_bs2_sl65536.json,qwen,gqa_baseline_fwd_block2x2,2,65536,16,,,,,mesh2d,4x4,onering,26835,8595,18240,,64.222,41.508,SUCCESS,2026-03-06 17:34:08
49c8d1d691f1ae1c2779a7ccdd2a4b4685a53b94fab019fc1769cd7738165372,tp16_hbm4_mesh2d_4x4_onering_qwen_gqa_baseline_fwd_block2x2_bs32_sl65536,/home/haotian/waferchip/mesh2D/astra_sim_picasso/examples/run_scripts/analytical/congestion_aware/configs/gqa_batch_scaling/tp16_hbm4_mesh2d_4x4_onering_qwen_gqa_baseline_fwd_block2x2_bs32_sl65536.json,qwen,gqa_baseline_fwd_block2x2,64,65536,16,,,,,mesh2d,4x4,onering,293429,275164,18265,,64.226,41.515,SUCCESS,2026-03-06 17:34:09
2701c574e15e4f1c665527572aeaebcaff4c741c5b6258c190f83cc342145e7d,tp16_hbm4_mesh2d_4x4_onering_qwen_gqa_baseline_fwd_block2x2_bs4_sl65536,/home/haotian/waferchip/mesh2D/astra_sim_picasso/examples/run_scripts/analytical/congestion_aware/configs/gqa_batch_scaling/tp16_hbm4_mesh2d_4x4_onering_qwen_gqa_baseline_fwd_block2x2_bs4_sl65536.json,qwen,gqa_baseline_fwd_block2x2,4,65536,16,,,,,mesh2d,4x4,onering,35434,17194,18240,,64.223,41.512,SUCCESS,2026-03-06 17:34:10
188caaae69180686e6c1ad718dacbe1a5283c7026d439ff6702fd738c674a870,tp16_hbm4_mesh2d_4x4_onering_qwen_gqa_baseline_fwd_block2x2_bs64_sl65536,/home/haotian/waferchip/mesh2D/astra_sim_picasso/examples/run_scripts/analytical/congestion_aware/configs/gqa_batch_scaling/tp16_hbm4_mesh2d_4x4_onering_qwen_gqa_baseline_fwd_block2x2_bs64_sl65536.json,qwen,gqa_baseline_fwd_block2x2,64,65536,16,,,,,mesh2d,4x4,onering,293429,275164,18265,,64.226,41.515,SUCCESS,2026-03-06 17:34:11
1c7bfa4d7e6dff1299ffd90a2aa420993c6464ddadc7fb3164e732f139a3a298,tp16_hbm4_mesh2d_4x4_onering_qwen_gqa_baseline_fwd_block2x2_bs8_sl65536,/home/haotian/waferchip/mesh2D/astra_sim_picasso/examples/run_scripts/analytical/congestion_aware/configs/gqa_batch_scaling/tp16_hbm4_mesh2d_4x4_onering_qwen_gqa_baseline_fwd_block2x2_bs8_sl65536.json,qwen,gqa_baseline_fwd_block2x2,8,65536,16,,,,,mesh2d,4x4,onering,52632,34392,18240,,64.224,41.514,SUCCESS,2026-03-06 17:34:12
51d4ba56a757ad3d2e8fe9fd64f1fde8b76c3476769fbb2914eca3b3fbcc6d17,tp16_hbm4_mesh2d_4x4_onering_qwen_gqa_hmp_fwd_block2x2_bs16_sl65536,/home/haotian/waferchip/mesh2D/astra_sim_picasso/examples/run_scripts/analytical/congestion_aware/configs/gqa_batch_scaling/tp16_hbm4_mesh2d_4x4_onering_qwen_gqa_hmp_fwd_block2x2_bs16_sl65536.json,qwen,gqa_hmp_fwd_block2x2,64,65536,16,,,,,mesh2d,4x4,onering,288690,288690,,,65.878,39.633,SUCCESS,2026-03-06 17:34:12
26c2c5a18adcc889a01ad86fe8e2c22fb92fdcdc1f4cdbc93d2d90c7fe3fe83e,tp16_hbm4_mesh2d_4x4_onering_qwen_gqa_hmp_fwd_block2x2_bs1_sl65536,/home/haotian/waferchip/mesh2D/astra_sim_picasso/examples/run_scripts/analytical/congestion_aware/configs/gqa_batch_scaling/tp16_hbm4_mesh2d_4x4_onering_qwen_gqa_hmp_fwd_block2x2_bs1_sl65536.json,qwen,gqa_hmp_fwd_block2x2,1,65536,16,,,,,mesh2d,4x4,onering,4505,4505,,,65.868,39.618,SUCCESS,2026-03-06 17:34:12
da97ae261c8686381504406cb773791374ac6a5023914f744dbb6052303200d7,tp16_hbm4_mesh2d_4x4_onering_qwen_gqa_hmp_fwd_block2x2_bs2_sl65536,/home/haotian/waferchip/mesh2D/astra_sim_picasso/examples/run_scripts/analytical/congestion_aware/configs/gqa_batch_scaling/tp16_hbm4_mesh2d_4x4_onering_qwen_gqa_hmp_fwd_block2x2_bs2_sl65536.json,qwen,gqa_hmp_fwd_block2x2,2,65536,16,,,,,mesh2d,4x4,onering,9018,9018,,,65.878,39.622,SUCCESS,2026-03-06 17:34:12
eb7b1c79787be387c8f0837da2cc3afb0363872caf2b4d76c6e1fcc96f9d99cf,tp16_hbm4_mesh2d_4x4_onering_qwen_gqa_hmp_fwd_block2x2_bs32_sl65536,/home/haotian/waferchip/mesh2D/astra_sim_picasso/examples/run_scripts/analytical/congestion_aware/configs/gqa_batch_scaling/tp16_hbm4_mesh2d_4x4_onering_qwen_gqa_hmp_fwd_block2x2_bs32_sl65536.json,qwen,gqa_hmp_fwd_block2x2,64,65536,16,,,,,mesh2d,4x4,onering,288690,288690,,,65.878,39.633,SUCCESS,2026-03-06 17:34:12
9ed86a4d683c8ede0c69dba4f3a93d819aa4eae7ac57410643afd5c2abac42b8,tp16_hbm4_mesh2d_4x4_onering_qwen_gqa_hmp_fwd_block2x2_bs4_sl65536,/home/haotian/waferchip/mesh2D/astra_sim_picasso/examples/run_scripts/analytical/congestion_aware/configs/gqa_batch_scaling/tp16_hbm4_mesh2d_4x4_onering_qwen_gqa_hmp_fwd_block2x2_bs4_sl65536.json,qwen,gqa_hmp_fwd_block2x2,4,65536,16,,,,,mesh2d,4x4,onering,18039,18039,,,65.877,39.628,SUCCESS,2026-03-06 17:34:12
fb21531bafafc631c0cd38649a0079c9b037f7b2b641952496477969c3a3149e,tp16_hbm4_mesh2d_4x4_onering_qwen_gqa_hmp_fwd_block2x2_bs64_sl65536,/home/haotian/waferchip/mesh2D/astra_sim_picasso/examples/run_scripts/analytical/congestion_aware/configs/gqa_batch_scaling/tp16_hbm4_mesh2d_4x4_onering_qwen_gqa_hmp_fwd_block2x2_bs64_sl65536.json,qwen,gqa_hmp_fwd_block2x2,64,65536,16,,,,,mesh2d,4x4,onering,288690,288690,,,65.878,39.633,SUCCESS,2026-03-06 17:34:12
a29cf6b15d9691d42b4396ef1aa827187910a214769db68b6916e78b1fdbd8f4,tp16_hbm4_mesh2d_4x4_onering_qwen_gqa_hmp_fwd_block2x2_bs8_sl65536,/home/haotian/waferchip/mesh2D/astra_sim_picasso/examples/run_scripts/analytical/congestion_aware/configs/gqa_batch_scaling/tp16_hbm4_mesh2d_4x4_onering_qwen_gqa_hmp_fwd_block2x2_bs8_sl65536.json,qwen,gqa_hmp_fwd_block2x2,8,65536,16,,,,,mesh2d,4x4,onering,36082,36082,,,65.875,39.633,SUCCESS,2026-03-06 17:34:12
e726719851271c1495db666192800319df1e8d13bf8aa684896adc1d0ecb72da,tp16_hbm4_ring_mesh2d_4x4_onering_qwen_gqa_tp16_fwd_bs16_sl65536,/home/haotian/waferchip/mesh2D/astra_sim_picasso/examples/run_scripts/analytical/congestion_aware/configs/gqa_batch_scaling/tp16_hbm4_ring_mesh2d_4x4_onering_qwen_gqa_tp16_fwd_bs16_sl65536.json,onering,qwen_gqa_tp16_fwd,64,65536,16,,,,,ring,mesh2d,4x4,496581,260043,236538,,62.15,51.664,SUCCESS,2026-03-06 17:34:12
fcb3cb464d6ee48b67ddea10d364a5e5b86df0a4695acb926db9d3ffee360cbd,tp16_hbm4_ring_mesh2d_4x4_onering_qwen_gqa_tp16_fwd_bs1_sl65536,/home/haotian/waferchip/mesh2D/astra_sim_picasso/examples/run_scripts/analytical/congestion_aware/configs/gqa_batch_scaling/tp16_hbm4_ring_mesh2d_4x4_onering_qwen_gqa_tp16_fwd_bs1_sl65536.json,onering,qwen_gqa_tp16_fwd,64,65536,16,,,,,ring,mesh2d,4x4,496581,260043,236538,,62.15,51.664,SUCCESS,2026-03-06 17:34:13
b1959c22a49115fee98fb8acc5e3756c1ef3cec0ac8531400fe5972a893bc7ed,tp16_hbm4_ring_mesh2d_4x4_onering_qwen_gqa_tp16_fwd_bs2_sl65536,/home/haotian/waferchip/mesh2D/astra_sim_picasso/examples/run_scripts/analytical/congestion_aware/configs/gqa_batch_scaling/tp16_hbm4_ring_mesh2d_4x4_onering_qwen_gqa_tp16_fwd_bs2_sl65536.json,onering,qwen_gqa_tp16_fwd,64,65536,16,,,,,ring,mesh2d,4x4,496581,260043,236538,,62.15,51.664,SUCCESS,2026-03-06 17:34:13
c47ba4d84d7a761e76ebf831343f60349a262e801a740b661b5551725e2d8d85,tp16_hbm4_ring_mesh2d_4x4_onering_qwen_gqa_tp16_fwd_bs32_sl65536,/home/haotian/waferchip/mesh2D/astra_sim_picasso/examples/run_scripts/analytical/congestion_aware/configs/gqa_batch_scaling/tp16_hbm4_ring_mesh2d_4x4_onering_qwen_gqa_tp16_fwd_bs32_sl65536.json,onering,qwen_gqa_tp16_fwd,64,65536,16,,,,,ring,mesh2d,4x4,496581,260043,236538,,62.15,51.664,SUCCESS,2026-03-06 17:34:13
b7ae4f8ec062e74b891f49815278cfc39e661fb4417e85f971b6bc50f055c8e7,tp16_hbm4_ring_mesh2d_4x4_onering_qwen_gqa_tp16_fwd_bs4_sl65536,/home/haotian/waferchip/mesh2D/astra_sim_picasso/examples/run_scripts/analytical/congestion_aware/configs/gqa_batch_scaling/tp16_hbm4_ring_mesh2d_4x4_onering_qwen_gqa_tp16_fwd_bs4_sl65536.json,onering,qwen_gqa_tp16_fwd,64,65536,16,,,,,ring,mesh2d,4x4,496581,260043,236538,,62.15,51.664,SUCCESS,2026-03-06 17:34:13
18f55d0fb90d55a36f359e22ce12a4a2bacdad5f7ca2f8625901e30be9d31b8d,tp16_hbm4_ring_mesh2d_4x4_onering_qwen_gqa_tp16_fwd_bs64_sl65536,/home/haotian/waferchip/mesh2D/astra_sim_picasso/examples/run_scripts/analytical/congestion_aware/configs/gqa_batch_scaling/tp16_hbm4_ring_mesh2d_4x4_onering_qwen_gqa_tp16_fwd_bs64_sl65536.json,onering,qwen_gqa_tp16_fwd,64,65536,16,,,,,ring,mesh2d,4x4,496581,260043,236538,,62.15,51.664,SUCCESS,2026-03-06 17:34:13
5384ca3a2b0ad0b5705b734dae58fc2ab3e38c3f0674d1f45370a4a8897e2211,tp16_hbm4_ring_mesh2d_4x4_onering_qwen_gqa_tp16_fwd_bs8_sl65536,/home/haotian/waferchip/mesh2D/astra_sim_picasso/examples/run_scripts/analytical/congestion_aware/configs/gqa_batch_scaling/tp16_hbm4_ring_mesh2d_4x4_onering_qwen_gqa_tp16_fwd_bs8_sl65536.json,onering,qwen_gqa_tp16_fwd,64,65536,16,,,,,ring,mesh2d,4x4,496581,260043,236538,,62.15,51.664,SUCCESS,2026-03-06 17:34:13
5edbddc1d40725f3d5fccc0ee2b6ffcfdc9fcae278f2831f5ee101ff0d3b0235,tp16_hbm4_mesh2d_4x4_onering_qwen_gqa_baseline_fwd_block2x2_bs16_sl65536,/home/haotian/waferchip/mesh2D/astra_sim_picasso/examples/run_scripts/analytical/congestion_aware/configs/gqa_batch_scaling/tp16_hbm4_mesh2d_4x4_onering_qwen_gqa_baseline_fwd_block2x2_bs16_sl65536.json,qwen,gqa_baseline_fwd_block2x2,16,65536,16,,,,,mesh2d,4x4,onering,87026,68786,18240,,64.226,41.514,SUCCESS,2026-03-06 17:34:14
73d4c18722fbdc11675dba26a1dc94efecdf3f1efb2405d2b150de42b8d45249,tp16_hbm4_mesh2d_4x4_onering_qwen_gqa_baseline_fwd_block2x2_bs1_sl65536,/home/haotian/waferchip/mesh2D/astra_sim_picasso/examples/run_scripts/analytical/congestion_aware/configs/gqa_batch_scaling/tp16_hbm4_mesh2d_4x4_onering_qwen_gqa_baseline_fwd_block2x2_bs1_sl65536.json,qwen,gqa_baseline_fwd_block2x2,1,65536,16,,,,,mesh2d,4x4,onering,22534,4294,18240,,64.206,41.512,SUCCESS,2026-03-06 17:34:15
077ed65204d3d78fc8e3ea95e07c42281df5bdc5434a3eea4f04715b9b90fa18,tp16_hbm4_mesh2d_4x4_onering_qwen_gqa_baseline_fwd_block2x2_bs2_sl65536,/home/haotian/waferchip/mesh2D/astra_sim_picasso/examples/run_scripts/analytical/congestion_aware/configs/gqa_batch_scaling/tp16_hbm4_mesh2d_4x4_onering_qwen_gqa_baseline_fwd_block2x2_bs2_sl65536.json,qwen,gqa_baseline_fwd_block2x2,2,65536,16,,,,,mesh2d,4x4,onering,26835,8595,18240,,64.222,41.508,SUCCESS,2026-03-06 17:34:16
49c8d1d691f1ae1c2779a7ccdd2a4b4685a53b94fab019fc1769cd7738165372,tp16_hbm4_mesh2d_4x4_onering_qwen_gqa_baseline_fwd_block2x2_bs32_sl65536,/home/haotian/waferchip/mesh2D/astra_sim_picasso/examples/run_scripts/analytical/congestion_aware/configs/gqa_batch_scaling/tp16_hbm4_mesh2d_4x4_onering_qwen_gqa_baseline_fwd_block2x2_bs32_sl65536.json,qwen,gqa_baseline_fwd_block2x2,64,65536,16,,,,,mesh2d,4x4,onering,293429,275164,18265,,64.226,41.515,SUCCESS,2026-03-06 17:34:16
2701c574e15e4f1c665527572aeaebcaff4c741c5b6258c190f83cc342145e7d,tp16_hbm4_mesh2d_4x4_onering_qwen_gqa_baseline_fwd_block2x2_bs4_sl65536,/home/haotian/waferchip/mesh2D/astra_sim_picasso/examples/run_scripts/analytical/congestion_aware/configs/gqa_batch_scaling/tp16_hbm4_mesh2d_4x4_onering_qwen_gqa_baseline_fwd_block2x2_bs4_sl65536.json,qwen,gqa_baseline_fwd_block2x2,4,65536,16,,,,,mesh2d,4x4,onering,35434,17194,18240,,64.223,41.512,SUCCESS,2026-03-06 17:34:17
188caaae69180686e6c1ad718dacbe1a5283c7026d439ff6702fd738c674a870,tp16_hbm4_mesh2d_4x4_onering_qwen_gqa_baseline_fwd_block2x2_bs64_sl65536,/home/haotian/waferchip/mesh2D/astra_sim_picasso/examples/run_scripts/analytical/congestion_aware/configs/gqa_batch_scaling/tp16_hbm4_mesh2d_4x4_onering_qwen_gqa_baseline_fwd_block2x2_bs64_sl65536.json,qwen,gqa_baseline_fwd_block2x2,64,65536,16,,,,,mesh2d,4x4,onering,293429,275164,18265,,64.226,41.515,SUCCESS,2026-03-06 17:34:18
1c7bfa4d7e6dff1299ffd90a2aa420993c6464ddadc7fb3164e732f139a3a298,tp16_hbm4_mesh2d_4x4_onering_qwen_gqa_baseline_fwd_block2x2_bs8_sl65536,/home/haotian/waferchip/mesh2D/astra_sim_picasso/examples/run_scripts/analytical/congestion_aware/configs/gqa_batch_scaling/tp16_hbm4_mesh2d_4x4_onering_qwen_gqa_baseline_fwd_block2x2_bs8_sl65536.json,qwen,gqa_baseline_fwd_block2x2,8,65536,16,,,,,mesh2d,4x4,onering,52632,34392,18240,,64.224,41.514,SUCCESS,2026-03-06 17:34:24
a019ac20de7506e42ba3ff1440f86257d300c9a937af78cc99edb91b0cf3618a,tp16_hbm4_mesh2d_4x4_onering_qwen_gqa_hmp_fwd_block2x2_bs16_sl65536,/home/haotian/waferchip/mesh2D/astra_sim_picasso/examples/run_scripts/analytical/congestion_aware/configs/gqa_batch_scaling/tp16_hbm4_mesh2d_4x4_onering_qwen_gqa_hmp_fwd_block2x2_bs16_sl65536.json,qwen,gqa_hmp_fwd_block2x2,16,65536,16,,,,,mesh2d,4x4,onering,72167,72167,,,65.878,39.632,SUCCESS,2026-03-06 17:34:24
26c2c5a18adcc889a01ad86fe8e2c22fb92fdcdc1f4cdbc93d2d90c7fe3fe83e,tp16_hbm4_mesh2d_4x4_onering_qwen_gqa_hmp_fwd_block2x2_bs1_sl65536,/home/haotian/waferchip/mesh2D/astra_sim_picasso/examples/run_scripts/analytical/congestion_aware/configs/gqa_batch_scaling/tp16_hbm4_mesh2d_4x4_onering_qwen_gqa_hmp_fwd_block2x2_bs1_sl65536.json,qwen,gqa_hmp_fwd_block2x2,1,65536,16,,,,,mesh2d,4x4,onering,4505,4505,,,65.868,39.618,SUCCESS,2026-03-06 17:34:24
da97ae261c8686381504406cb773791374ac6a5023914f744dbb6052303200d7,tp16_hbm4_mesh2d_4x4_onering_qwen_gqa_hmp_fwd_block2x2_bs2_sl65536,/home/haotian/waferchip/mesh2D/astra_sim_picasso/examples/run_scripts/analytical/congestion_aware/configs/gqa_batch_scaling/tp16_hbm4_mesh2d_4x4_onering_qwen_gqa_hmp_fwd_block2x2_bs2_sl65536.json,qwen,gqa_hmp_fwd_block2x2,2,65536,16,,,,,mesh2d,4x4,onering,9018,9018,,,65.878,39.622,SUCCESS,2026-03-06 17:34:24
eb7b1c79787be387c8f0837da2cc3afb0363872caf2b4d76c6e1fcc96f9d99cf,tp16_hbm4_mesh2d_4x4_onering_qwen_gqa_hmp_fwd_block2x2_bs32_sl65536,/home/haotian/waferchip/mesh2D/astra_sim_picasso/examples/run_scripts/analytical/congestion_aware/configs/gqa_batch_scaling/tp16_hbm4_mesh2d_4x4_onering_qwen_gqa_hmp_fwd_block2x2_bs32_sl65536.json,qwen,gqa_hmp_fwd_block2x2,64,65536,16,,,,,mesh2d,4x4,onering,288690,288690,,,65.878,39.633,SUCCESS,2026-03-06 17:34:24
9ed86a4d683c8ede0c69dba4f3a93d819aa4eae7ac57410643afd5c2abac42b8,tp16_hbm4_mesh2d_4x4_onering_qwen_gqa_hmp_fwd_block2x2_bs4_sl65536,/home/haotian/waferchip/mesh2D/astra_sim_picasso/examples/run_scripts/analytical/congestion_aware/configs/gqa_batch_scaling/tp16_hbm4_mesh2d_4x4_onering_qwen_gqa_hmp_fwd_block2x2_bs4_sl65536.json,qwen,gqa_hmp_fwd_block2x2,4,65536,16,,,,,mesh2d,4x4,onering,18039,18039,,,65.877,39.628,SUCCESS,2026-03-06 17:34:24
fb21531bafafc631c0cd38649a0079c9b037f7b2b641952496477969c3a3149e,tp16_hbm4_mesh2d_4x4_onering_qwen_gqa_hmp_fwd_block2x2_bs64_sl65536,/home/haotian/waferchip/mesh2D/astra_sim_picasso/examples/run_scripts/analytical/congestion_aware/configs/gqa_batch_scaling/tp16_hbm4_mesh2d_4x4_onering_qwen_gqa_hmp_fwd_block2x2_bs64_sl65536.json,qwen,gqa_hmp_fwd_block2x2,64,65536,16,,,,,mesh2d,4x4,onering,288690,288690,,,65.878,39.633,SUCCESS,2026-03-06 17:34:24
a29cf6b15d9691d42b4396ef1aa827187910a214769db68b6916e78b1fdbd8f4,tp16_hbm4_mesh2d_4x4_onering_qwen_gqa_hmp_fwd_block2x2_bs8_sl65536,/home/haotian/waferchip/mesh2D/astra_sim_picasso/examples/run_scripts/analytical/congestion_aware/configs/gqa_batch_scaling/tp16_hbm4_mesh2d_4x4_onering_qwen_gqa_hmp_fwd_block2x2_bs8_sl65536.json,qwen,gqa_hmp_fwd_block2x2,8,65536,16,,,,,mesh2d,4x4,onering,36082,36082,,,65.875,39.633,SUCCESS,2026-03-06 17:34:24
e726719851271c1495db666192800319df1e8d13bf8aa684896adc1d0ecb72da,tp16_hbm4_ring_mesh2d_4x4_onering_qwen_gqa_tp16_fwd_bs16_sl65536,/home/haotian/waferchip/mesh2D/astra_sim_picasso/examples/run_scripts/analytical/congestion_aware/configs/gqa_batch_scaling/tp16_hbm4_ring_mesh2d_4x4_onering_qwen_gqa_tp16_fwd_bs16_sl65536.json,onering,qwen_gqa_tp16_fwd,64,65536,16,,,,,ring,mesh2d,4x4,496581,260043,236538,,62.15,51.664,SUCCESS,2026-03-06 17:34:24
fcb3cb464d6ee48b67ddea10d364a5e5b86df0a4695acb926db9d3ffee360cbd,tp16_hbm4_ring_mesh2d_4x4_onering_qwen_gqa_tp16_fwd_bs1_sl65536,/home/haotian/waferchip/mesh2D/astra_sim_picasso/examples/run_scripts/analytical/congestion_aware/configs/gqa_batch_scaling/tp16_hbm4_ring_mesh2d_4x4_onering_qwen_gqa_tp16_fwd_bs1_sl65536.json,onering,qwen_gqa_tp16_fwd,64,65536,16,,,,,ring,mesh2d,4x4,496581,260043,236538,,62.15,51.664,SUCCESS,2026-03-06 17:34:25
b1959c22a49115fee98fb8acc5e3756c1ef3cec0ac8531400fe5972a893bc7ed,tp16_hbm4_ring_mesh2d_4x4_onering_qwen_gqa_tp16_fwd_bs2_sl65536,/home/haotian/waferchip/mesh2D/astra_sim_picasso/examples/run_scripts/analytical/congestion_aware/configs/gqa_batch_scaling/tp16_hbm4_ring_mesh2d_4x4_onering_qwen_gqa_tp16_fwd_bs2_sl65536.json,onering,qwen_gqa_tp16_fwd,64,65536,16,,,,,ring,mesh2d,4x4,496581,260043,236538,,62.15,51.664,SUCCESS,2026-03-06 17:34:25
c47ba4d84d7a761e76ebf831343f60349a262e801a740b661b5551725e2d8d85,tp16_hbm4_ring_mesh2d_4x4_onering_qwen_gqa_tp16_fwd_bs32_sl65536,/home/haotian/waferchip/mesh2D/astra_sim_picasso/examples/run_scripts/analytical/congestion_aware/configs/gqa_batch_scaling/tp16_hbm4_ring_mesh2d_4x4_onering_qwen_gqa_tp16_fwd_bs32_sl65536.json,onering,qwen_gqa_tp16_fwd,64,65536,16,,,,,ring,mesh2d,4x4,496581,260043,236538,,62.15,51.664,SUCCESS,2026-03-06 17:34:25
b7ae4f8ec062e74b891f49815278cfc39e661fb4417e85f971b6bc50f055c8e7,tp16_hbm4_ring_mesh2d_4x4_onering_qwen_gqa_tp16_fwd_bs4_sl65536,/home/haotian/waferchip/mesh2D/astra_sim_picasso/examples/run_scripts/analytical/congestion_aware/configs/gqa_batch_scaling/tp16_hbm4_ring_mesh2d_4x4_onering_qwen_gqa_tp16_fwd_bs4_sl65536.json,onering,qwen_gqa_tp16_fwd,64,65536,16,,,,,ring,mesh2d,4x4,496581,260043,236538,,62.15,51.664,SUCCESS,2026-03-06 17:34:25
18f55d0fb90d55a36f359e22ce12a4a2bacdad5f7ca2f8625901e30be9d31b8d,tp16_hbm4_ring_mesh2d_4x4_onering_qwen_gqa_tp16_fwd_bs64_sl65536,/home/haotian/waferchip/mesh2D/astra_sim_picasso/examples/run_scripts/analytical/congestion_aware/configs/gqa_batch_scaling/tp16_hbm4_ring_mesh2d_4x4_onering_qwen_gqa_tp16_fwd_bs64_sl65536.json,onering,qwen_gqa_tp16_fwd,64,65536,16,,,,,ring,mesh2d,4x4,496581,260043,236538,,62.15,51.664,SUCCESS,2026-03-06 17:34:25
5384ca3a2b0ad0b5705b734dae58fc2ab3e38c3f0674d1f45370a4a8897e2211,tp16_hbm4_ring_mesh2d_4x4_onering_qwen_gqa_tp16_fwd_bs8_sl65536,/home/haotian/waferchip/mesh2D/astra_sim_picasso/examples/run_scripts/analytical/congestion_aware/configs/gqa_batch_scaling/tp16_hbm4_ring_mesh2d_4x4_onering_qwen_gqa_tp16_fwd_bs8_sl65536.json,onering,qwen_gqa_tp16_fwd,64,65536,16,,,,,ring,mesh2d,4x4,496581,260043,236538,,62.15,51.664,SUCCESS,2026-03-06 17:34:25
5edbddc1d40725f3d5fccc0ee2b6ffcfdc9fcae278f2831f5ee101ff0d3b0235,tp16_hbm4_mesh2d_4x4_onering_qwen_gqa_baseline_fwd_block2x2_bs16_sl65536,/home/haotian/waferchip/mesh2D/astra_sim_picasso/examples/run_scripts/analytical/congestion_aware/configs/gqa_batch_scaling/tp16_hbm4_mesh2d_4x4_onering_qwen_gqa_baseline_fwd_block2x2_bs16_sl65536.json,qwen,gqa_baseline_fwd_block2x2,16,65536,16,,,,,mesh2d,4x4,onering,87026,68786,18240,,64.226,41.514,SUCCESS,2026-03-06 17:34:26
73d4c18722fbdc11675dba26a1dc94efecdf3f1efb2405d2b150de42b8d45249,tp16_hbm4_mesh2d_4x4_onering_qwen_gqa_baseline_fwd_block2x2_bs1_sl65536,/home/haotian/waferchip/mesh2D/astra_sim_picasso/examples/run_scripts/analytical/congestion_aware/configs/gqa_batch_scaling/tp16_hbm4_mesh2d_4x4_onering_qwen_gqa_baseline_fwd_block2x2_bs1_sl65536.json,qwen,gqa_baseline_fwd_block2x2,1,65536,16,,,,,mesh2d,4x4,onering,22534,4294,18240,,64.206,41.512,SUCCESS,2026-03-06 17:34:27
077ed65204d3d78fc8e3ea95e07c42281df5bdc5434a3eea4f04715b9b90fa18,tp16_hbm4_mesh2d_4x4_onering_qwen_gqa_baseline_fwd_block2x2_bs2_sl65536,/home/haotian/waferchip/mesh2D/astra_sim_picasso/examples/run_scripts/analytical/congestion_aware/configs/gqa_batch_scaling/tp16_hbm4_mesh2d_4x4_onering_qwen_gqa_baseline_fwd_block2x2_bs2_sl65536.json,qwen,gqa_baseline_fwd_block2x2,2,65536,16,,,,,mesh2d,4x4,onering,26835,8595,18240,,64.222,41.508,SUCCESS,2026-03-06 17:34:28
69451a69824f1a2ee3bcaf92a7bd94d3364bffe187967bf2bd6e644b6f6006e8,tp16_hbm4_mesh2d_4x4_onering_qwen_gqa_baseline_fwd_block2x2_bs32_sl65536,/home/haotian/waferchip/mesh2D/astra_sim_picasso/examples/run_scripts/analytical/congestion_aware/configs/gqa_batch_scaling/tp16_hbm4_mesh2d_4x4_onering_qwen_gqa_baseline_fwd_block2x2_bs32_sl65536.json,qwen,gqa_baseline_fwd_block2x2,32,65536,16,,,,,mesh2d,4x4,onering,155819,137579,18240,,64.225,41.515,SUCCESS,2026-03-06 17:34:28
2701c574e15e4f1c665527572aeaebcaff4c741c5b6258c190f83cc342145e7d,tp16_hbm4_mesh2d_4x4_onering_qwen_gqa_baseline_fwd_block2x2_bs4_sl65536,/home/haotian/waferchip/mesh2D/astra_sim_picasso/examples/run_scripts/analytical/congestion_aware/configs/gqa_batch_scaling/tp16_hbm4_mesh2d_4x4_onering_qwen_gqa_baseline_fwd_block2x2_bs4_sl65536.json,qwen,gqa_baseline_fwd_block2x2,4,65536,16,,,,,mesh2d,4x4,onering,35434,17194,18240,,64.223,41.512,SUCCESS,2026-03-06 17:34:29
188caaae69180686e6c1ad718dacbe1a5283c7026d439ff6702fd738c674a870,tp16_hbm4_mesh2d_4x4_onering_qwen_gqa_baseline_fwd_block2x2_bs64_sl65536,/home/haotian/waferchip/mesh2D/astra_sim_picasso/examples/run_scripts/analytical/congestion_aware/configs/gqa_batch_scaling/tp16_hbm4_mesh2d_4x4_onering_qwen_gqa_baseline_fwd_block2x2_bs64_sl65536.json,qwen,gqa_baseline_fwd_block2x2,64,65536,16,,,,,mesh2d,4x4,onering,293429,275164,18265,,64.226,41.515,SUCCESS,2026-03-06 17:34:30
1c7bfa4d7e6dff1299ffd90a2aa420993c6464ddadc7fb3164e732f139a3a298,tp16_hbm4_mesh2d_4x4_onering_qwen_gqa_baseline_fwd_block2x2_bs8_sl65536,/home/haotian/waferchip/mesh2D/astra_sim_picasso/examples/run_scripts/analytical/congestion_aware/configs/gqa_batch_scaling/tp16_hbm4_mesh2d_4x4_onering_qwen_gqa_baseline_fwd_block2x2_bs8_sl65536.json,qwen,gqa_baseline_fwd_block2x2,8,65536,16,,,,,mesh2d,4x4,onering,52632,34392,18240,,64.224,41.514,SUCCESS,2026-03-06 17:34:31
a019ac20de7506e42ba3ff1440f86257d300c9a937af78cc99edb91b0cf3618a,tp16_hbm4_mesh2d_4x4_onering_qwen_gqa_hmp_fwd_block2x2_bs16_sl65536,/home/haotian/waferchip/mesh2D/astra_sim_picasso/examples/run_scripts/analytical/congestion_aware/configs/gqa_batch_scaling/tp16_hbm4_mesh2d_4x4_onering_qwen_gqa_hmp_fwd_block2x2_bs16_sl65536.json,qwen,gqa_hmp_fwd_block2x2,16,65536,16,,,,,mesh2d,4x4,onering,72167,72167,,,65.878,39.632,SUCCESS,2026-03-06 17:34:31
26c2c5a18adcc889a01ad86fe8e2c22fb92fdcdc1f4cdbc93d2d90c7fe3fe83e,tp16_hbm4_mesh2d_4x4_onering_qwen_gqa_hmp_fwd_block2x2_bs1_sl65536,/home/haotian/waferchip/mesh2D/astra_sim_picasso/examples/run_scripts/analytical/congestion_aware/configs/gqa_batch_scaling/tp16_hbm4_mesh2d_4x4_onering_qwen_gqa_hmp_fwd_block2x2_bs1_sl65536.json,qwen,gqa_hmp_fwd_block2x2,1,65536,16,,,,,mesh2d,4x4,onering,4505,4505,,,65.868,39.618,SUCCESS,2026-03-06 17:34:32
da97ae261c8686381504406cb773791374ac6a5023914f744dbb6052303200d7,tp16_hbm4_mesh2d_4x4_onering_qwen_gqa_hmp_fwd_block2x2_bs2_sl65536,/home/haotian/waferchip/mesh2D/astra_sim_picasso/examples/run_scripts/analytical/congestion_aware/configs/gqa_batch_scaling/tp16_hbm4_mesh2d_4x4_onering_qwen_gqa_hmp_fwd_block2x2_bs2_sl65536.json,qwen,gqa_hmp_fwd_block2x2,2,65536,16,,,,,mesh2d,4x4,onering,9018,9018,,,65.878,39.622,SUCCESS,2026-03-06 17:34:32
bd573afd1e187828245a6ec0712eedbf5baf46d6ea4b27904243edbb63c418f2,tp16_hbm4_mesh2d_4x4_onering_qwen_gqa_hmp_fwd_block2x2_bs32_sl65536,/home/haotian/waferchip/mesh2D/astra_sim_picasso/examples/run_scripts/analytical/congestion_aware/configs/gqa_batch_scaling/tp16_hbm4_mesh2d_4x4_onering_qwen_gqa_hmp_fwd_block2x2_bs32_sl65536.json,qwen,gqa_hmp_fwd_block2x2,32,65536,16,,,,,mesh2d,4x4,onering,144342,144342,,,65.878,39.633,SUCCESS,2026-03-06 17:34:32
9ed86a4d683c8ede0c69dba4f3a93d819aa4eae7ac57410643afd5c2abac42b8,tp16_hbm4_mesh2d_4x4_onering_qwen_gqa_hmp_fwd_block2x2_bs4_sl65536,/home/haotian/waferchip/mesh2D/astra_sim_picasso/examples/run_scripts/analytical/congestion_aware/configs/gqa_batch_scaling/tp16_hbm4_mesh2d_4x4_onering_qwen_gqa_hmp_fwd_block2x2_bs4_sl65536.json,qwen,gqa_hmp_fwd_block2x2,4,65536,16,,,,,mesh2d,4x4,onering,18039,18039,,,65.877,39.628,SUCCESS,2026-03-06 17:34:32
fb21531bafafc631c0cd38649a0079c9b037f7b2b641952496477969c3a3149e,tp16_hbm4_mesh2d_4x4_onering_qwen_gqa_hmp_fwd_block2x2_bs64_sl65536,/home/haotian/waferchip/mesh2D/astra_sim_picasso/examples/run_scripts/analytical/congestion_aware/configs/gqa_batch_scaling/tp16_hbm4_mesh2d_4x4_onering_qwen_gqa_hmp_fwd_block2x2_bs64_sl65536.json,qwen,gqa_hmp_fwd_block2x2,64,65536,16,,,,,mesh2d,4x4,onering,288690,288690,,,65.878,39.633,SUCCESS,2026-03-06 17:34:32
a29cf6b15d9691d42b4396ef1aa827187910a214769db68b6916e78b1fdbd8f4,tp16_hbm4_mesh2d_4x4_onering_qwen_gqa_hmp_fwd_block2x2_bs8_sl65536,/home/haotian/waferchip/mesh2D/astra_sim_picasso/examples/run_scripts/analytical/congestion_aware/configs/gqa_batch_scaling/tp16_hbm4_mesh2d_4x4_onering_qwen_gqa_hmp_fwd_block2x2_bs8_sl65536.json,qwen,gqa_hmp_fwd_block2x2,8,65536,16,,,,,mesh2d,4x4,onering,36082,36082,,,65.875,39.633,SUCCESS,2026-03-06 17:34:32
e726719851271c1495db666192800319df1e8d13bf8aa684896adc1d0ecb72da,tp16_hbm4_ring_mesh2d_4x4_onering_qwen_gqa_tp16_fwd_bs16_sl65536,/home/haotian/waferchip/mesh2D/astra_sim_picasso/examples/run_scripts/analytical/congestion_aware/configs/gqa_batch_scaling/tp16_hbm4_ring_mesh2d_4x4_onering_qwen_gqa_tp16_fwd_bs16_sl65536.json,onering,qwen_gqa_tp16_fwd,64,65536,16,,,,,ring,mesh2d,4x4,496581,260043,236538,,62.15,51.664,SUCCESS,2026-03-06 17:34:32
fcb3cb464d6ee48b67ddea10d364a5e5b86df0a4695acb926db9d3ffee360cbd,tp16_hbm4_ring_mesh2d_4x4_onering_qwen_gqa_tp16_fwd_bs1_sl65536,/home/haotian/waferchip/mesh2D/astra_sim_picasso/examples/run_scripts/analytical/congestion_aware/configs/gqa_batch_scaling/tp16_hbm4_ring_mesh2d_4x4_onering_qwen_gqa_tp16_fwd_bs1_sl65536.json,onering,qwen_gqa_tp16_fwd,64,65536,16,,,,,ring,mesh2d,4x4,496581,260043,236538,,62.15,51.664,SUCCESS,2026-03-06 17:34:32
b1959c22a49115fee98fb8acc5e3756c1ef3cec0ac8531400fe5972a893bc7ed,tp16_hbm4_ring_mesh2d_4x4_onering_qwen_gqa_tp16_fwd_bs2_sl65536,/home/haotian/waferchip/mesh2D/astra_sim_picasso/examples/run_scripts/analytical/congestion_aware/configs/gqa_batch_scaling/tp16_hbm4_ring_mesh2d_4x4_onering_qwen_gqa_tp16_fwd_bs2_sl65536.json,onering,qwen_gqa_tp16_fwd,64,65536,16,,,,,ring,mesh2d,4x4,496581,260043,236538,,62.15,51.664,SUCCESS,2026-03-06 17:34:32
c47ba4d84d7a761e76ebf831343f60349a262e801a740b661b5551725e2d8d85,tp16_hbm4_ring_mesh2d_4x4_onering_qwen_gqa_tp16_fwd_bs32_sl65536,/home/haotian/waferchip/mesh2D/astra_sim_picasso/examples/run_scripts/analytical/congestion_aware/configs/gqa_batch_scaling/tp16_hbm4_ring_mesh2d_4x4_onering_qwen_gqa_tp16_fwd_bs32_sl65536.json,onering,qwen_gqa_tp16_fwd,64,65536,16,,,,,ring,mesh2d,4x4,496581,260043,236538,,62.15,51.664,SUCCESS,2026-03-06 17:34:32
b7ae4f8ec062e74b891f49815278cfc39e661fb4417e85f971b6bc50f055c8e7,tp16_hbm4_ring_mesh2d_4x4_onering_qwen_gqa_tp16_fwd_bs4_sl65536,/home/haotian/waferchip/mesh2D/astra_sim_picasso/examples/run_scripts/analytical/congestion_aware/configs/gqa_batch_scaling/tp16_hbm4_ring_mesh2d_4x4_onering_qwen_gqa_tp16_fwd_bs4_sl65536.json,onering,qwen_gqa_tp16_fwd,64,65536,16,,,,,ring,mesh2d,4x4,496581,260043,236538,,62.15,51.664,SUCCESS,2026-03-06 17:34:32
18f55d0fb90d55a36f359e22ce12a4a2bacdad5f7ca2f8625901e30be9d31b8d,tp16_hbm4_ring_mesh2d_4x4_onering_qwen_gqa_tp16_fwd_bs64_sl65536,/home/haotian/waferchip/mesh2D/astra_sim_picasso/examples/run_scripts/analytical/congestion_aware/configs/gqa_batch_scaling/tp16_hbm4_ring_mesh2d_4x4_onering_qwen_gqa_tp16_fwd_bs64_sl65536.json,onering,qwen_gqa_tp16_fwd,64,65536,16,,,,,ring,mesh2d,4x4,496581,260043,236538,,62.15,51.664,SUCCESS,2026-03-06 17:34:32
5384ca3a2b0ad0b5705b734dae58fc2ab3e38c3f0674d1f45370a4a8897e2211,tp16_hbm4_ring_mesh2d_4x4_onering_qwen_gqa_tp16_fwd_bs8_sl65536,/home/haotian/waferchip/mesh2D/astra_sim_picasso/examples/run_scripts/analytical/congestion_aware/configs/gqa_batch_scaling/tp16_hbm4_ring_mesh2d_4x4_onering_qwen_gqa_tp16_fwd_bs8_sl65536.json,onering,qwen_gqa_tp16_fwd,64,65536,16,,,,,ring,mesh2d,4x4,496581,260043,236538,,62.15,51.664,SUCCESS,2026-03-06 17:34:32
5edbddc1d40725f3d5fccc0ee2b6ffcfdc9fcae278f2831f5ee101ff0d3b0235,tp16_hbm4_mesh2d_4x4_onering_qwen_gqa_baseline_fwd_block2x2_bs16_sl65536,/home/haotian/waferchip/mesh2D/astra_sim_picasso/examples/run_scripts/analytical/congestion_aware/configs/gqa_batch_scaling/tp16_hbm4_mesh2d_4x4_onering_qwen_gqa_baseline_fwd_block2x2_bs16_sl65536.json,qwen,gqa_baseline_fwd_block2x2,16,65536,16,,,,,mesh2d,4x4,onering,87026,68786,18240,,64.226,41.514,SUCCESS,2026-03-06 17:34:33
73d4c18722fbdc11675dba26a1dc94efecdf3f1efb2405d2b150de42b8d45249,tp16_hbm4_mesh2d_4x4_onering_qwen_gqa_baseline_fwd_block2x2_bs1_sl65536,/home/haotian/waferchip/mesh2D/astra_sim_picasso/examples/run_scripts/analytical/congestion_aware/configs/gqa_batch_scaling/tp16_hbm4_mesh2d_4x4_onering_qwen_gqa_baseline_fwd_block2x2_bs1_sl65536.json,qwen,gqa_baseline_fwd_block2x2,1,65536,16,,,,,mesh2d,4x4,onering,22534,4294,18240,,64.206,41.512,SUCCESS,2026-03-06 17:34:34
077ed65204d3d78fc8e3ea95e07c42281df5bdc5434a3eea4f04715b9b90fa18,tp16_hbm4_mesh2d_4x4_onering_qwen_gqa_baseline_fwd_block2x2_bs2_sl65536,/home/haotian/waferchip/mesh2D/astra_sim_picasso/examples/run_scripts/analytical/congestion_aware/configs/gqa_batch_scaling/tp16_hbm4_mesh2d_4x4_onering_qwen_gqa_baseline_fwd_block2x2_bs2_sl65536.json,qwen,gqa_baseline_fwd_block2x2,2,65536,16,,,,,mesh2d,4x4,onering,26835,8595,18240,,64.222,41.508,SUCCESS,2026-03-06 17:34:35
69451a69824f1a2ee3bcaf92a7bd94d3364bffe187967bf2bd6e644b6f6006e8,tp16_hbm4_mesh2d_4x4_onering_qwen_gqa_baseline_fwd_block2x2_bs32_sl65536,/home/haotian/waferchip/mesh2D/astra_sim_picasso/examples/run_scripts/analytical/congestion_aware/configs/gqa_batch_scaling/tp16_hbm4_mesh2d_4x4_onering_qwen_gqa_baseline_fwd_block2x2_bs32_sl65536.json,qwen,gqa_baseline_fwd_block2x2,32,65536,16,,,,,mesh2d,4x4,onering,155819,137579,18240,,64.225,41.515,SUCCESS,2026-03-06 17:34:36
2701c574e15e4f1c665527572aeaebcaff4c741c5b6258c190f83cc342145e7d,tp16_hbm4_mesh2d_4x4_onering_qwen_gqa_baseline_fwd_block2x2_bs4_sl65536,/home/haotian/waferchip/mesh2D/astra_sim_picasso/examples/run_scripts/analytical/congestion_aware/configs/gqa_batch_scaling/tp16_hbm4_mesh2d_4x4_onering_qwen_gqa_baseline_fwd_block2x2_bs4_sl65536.json,qwen,gqa_baseline_fwd_block2x2,4,65536,16,,,,,mesh2d,4x4,onering,35434,17194,18240,,64.223,41.512,SUCCESS,2026-03-06 17:34:37
e550b14cadab4aa9f5dbb060e8fcfcc2282af1447e0e2935792d0b9334d4e7b7,tp16_hbm4_mesh2d_4x4_onering_qwen_gqa_baseline_fwd_block2x2_bs64_sl65536,/home/haotian/waferchip/mesh2D/astra_sim_picasso/examples/run_scripts/analytical/congestion_aware/configs/gqa_batch_scaling/tp16_hbm4_mesh2d_4x4_onering_qwen_gqa_baseline_fwd_block2x2_bs64_sl65536.json,qwen,gqa_baseline_fwd_block2x2,64,65536,16,,,,,mesh2d,4x4,onering,293429,275164,18265,,64.226,41.515,SUCCESS,2026-03-06 17:34:38
1c7bfa4d7e6dff1299ffd90a2aa420993c6464ddadc7fb3164e732f139a3a298,tp16_hbm4_mesh2d_4x4_onering_qwen_gqa_baseline_fwd_block2x2_bs8_sl65536,/home/haotian/waferchip/mesh2D/astra_sim_picasso/examples/run_scripts/analytical/congestion_aware/configs/gqa_batch_scaling/tp16_hbm4_mesh2d_4x4_onering_qwen_gqa_baseline_fwd_block2x2_bs8_sl65536.json,qwen,gqa_baseline_fwd_block2x2,8,65536,16,,,,,mesh2d,4x4,onering,52632,34392,18240,,64.224,41.514,SUCCESS,2026-03-06 17:34:39
a019ac20de7506e42ba3ff1440f86257d300c9a937af78cc99edb91b0cf3618a,tp16_hbm4_mesh2d_4x4_onering_qwen_gqa_hmp_fwd_block2x2_bs16_sl65536,/home/haotian/waferchip/mesh2D/astra_sim_picasso/examples/run_scripts/analytical/congestion_aware/configs/gqa_batch_scaling/tp16_hbm4_mesh2d_4x4_onering_qwen_gqa_hmp_fwd_block2x2_bs16_sl65536.json,qwen,gqa_hmp_fwd_block2x2,16,65536,16,,,,,mesh2d,4x4,onering,72167,72167,,,65.878,39.632,SUCCESS,2026-03-06 17:34:39
26c2c5a18adcc889a01ad86fe8e2c22fb92fdcdc1f4cdbc93d2d90c7fe3fe83e,tp16_hbm4_mesh2d_4x4_onering_qwen_gqa_hmp_fwd_block2x2_bs1_sl65536,/home/haotian/waferchip/mesh2D/astra_sim_picasso/examples/run_scripts/analytical/congestion_aware/configs/gqa_batch_scaling/tp16_hbm4_mesh2d_4x4_onering_qwen_gqa_hmp_fwd_block2x2_bs1_sl65536.json,qwen,gqa_hmp_fwd_block2x2,1,65536,16,,,,,mesh2d,4x4,onering,4505,4505,,,65.868,39.618,SUCCESS,2026-03-06 17:34:39
da97ae261c8686381504406cb773791374ac6a5023914f744dbb6052303200d7,tp16_hbm4_mesh2d_4x4_onering_qwen_gqa_hmp_fwd_block2x2_bs2_sl65536,/home/haotian/waferchip/mesh2D/astra_sim_picasso/examples/run_scripts/analytical/congestion_aware/configs/gqa_batch_scaling/tp16_hbm4_mesh2d_4x4_onering_qwen_gqa_hmp_fwd_block2x2_bs2_sl65536.json,qwen,gqa_hmp_fwd_block2x2,2,65536,16,,,,,mesh2d,4x4,onering,9018,9018,,,65.878,39.622,SUCCESS,2026-03-06 17:34:39
bd573afd1e187828245a6ec0712eedbf5baf46d6ea4b27904243edbb63c418f2,tp16_hbm4_mesh2d_4x4_onering_qwen_gqa_hmp_fwd_block2x2_bs32_sl65536,/home/haotian/waferchip/mesh2D/astra_sim_picasso/examples/run_scripts/analytical/congestion_aware/configs/gqa_batch_scaling/tp16_hbm4_mesh2d_4x4_onering_qwen_gqa_hmp_fwd_block2x2_bs32_sl65536.json,qwen,gqa_hmp_fwd_block2x2,32,65536,16,,,,,mesh2d,4x4,onering,144342,144342,,,65.878,39.633,SUCCESS,2026-03-06 17:34:39
9ed86a4d683c8ede0c69dba4f3a93d819aa4eae7ac57410643afd5c2abac42b8,tp16_hbm4_mesh2d_4x4_onering_qwen_gqa_hmp_fwd_block2x2_bs4_sl65536,/home/haotian/waferchip/mesh2D/astra_sim_picasso/examples/run_scripts/analytical/congestion_aware/configs/gqa_batch_scaling/tp16_hbm4_mesh2d_4x4_onering_qwen_gqa_hmp_fwd_block2x2_bs4_sl65536.json,qwen,gqa_hmp_fwd_block2x2,4,65536,16,,,,,mesh2d,4x4,onering,18039,18039,,,65.877,39.628,SUCCESS,2026-03-06 17:34:39
8455b84d7b23c9b739c42a24adbc2903982ae97f54e9a3604dc6452e8e4ba4cb,tp16_hbm4_mesh2d_4x4_onering_qwen_gqa_hmp_fwd_block2x2_bs64_sl65536,/home/haotian/waferchip/mesh2D/astra_sim_picasso/examples/run_scripts/analytical/congestion_aware/configs/gqa_batch_scaling/tp16_hbm4_mesh2d_4x4_onering_qwen_gqa_hmp_fwd_block2x2_bs64_sl65536.json,qwen,gqa_hmp_fwd_block2x2,64,65536,16,,,,,mesh2d,4x4,onering,288690,288690,,,65.878,39.633,SUCCESS,2026-03-06 17:34:39
a29cf6b15d9691d42b4396ef1aa827187910a214769db68b6916e78b1fdbd8f4,tp16_hbm4_mesh2d_4x4_onering_qwen_gqa_hmp_fwd_block2x2_bs8_sl65536,/home/haotian/waferchip/mesh2D/astra_sim_picasso/examples/run_scripts/analytical/congestion_aware/configs/gqa_batch_scaling/tp16_hbm4_mesh2d_4x4_onering_qwen_gqa_hmp_fwd_block2x2_bs8_sl65536.json,qwen,gqa_hmp_fwd_block2x2,8,65536,16,,,,,mesh2d,4x4,onering,36082,36082,,,65.875,39.633,SUCCESS,2026-03-06 17:34:39
e726719851271c1495db666192800319df1e8d13bf8aa684896adc1d0ecb72da,tp16_hbm4_ring_mesh2d_4x4_onering_qwen_gqa_tp16_fwd_bs16_sl65536,/home/haotian/waferchip/mesh2D/astra_sim_picasso/examples/run_scripts/analytical/congestion_aware/configs/gqa_batch_scaling/tp16_hbm4_ring_mesh2d_4x4_onering_qwen_gqa_tp16_fwd_bs16_sl65536.json,onering,qwen_gqa_tp16_fwd,64,65536,16,,,,,ring,mesh2d,4x4,496581,260043,236538,,62.15,51.664,SUCCESS,2026-03-06 17:34:39
fcb3cb464d6ee48b67ddea10d364a5e5b86df0a4695acb926db9d3ffee360cbd,tp16_hbm4_ring_mesh2d_4x4_onering_qwen_gqa_tp16_fwd_bs1_sl65536,/home/haotian/waferchip/mesh2D/astra_sim_picasso/examples/run_scripts/analytical/congestion_aware/configs/gqa_batch_scaling/tp16_hbm4_ring_mesh2d_4x4_onering_qwen_gqa_tp16_fwd_bs1_sl65536.json,onering,qwen_gqa_tp16_fwd,64,65536,16,,,,,ring,mesh2d,4x4,496581,260043,236538,,62.15,51.664,SUCCESS,2026-03-06 17:34:39
b1959c22a49115fee98fb8acc5e3756c1ef3cec0ac8531400fe5972a893bc7ed,tp16_hbm4_ring_mesh2d_4x4_onering_qwen_gqa_tp16_fwd_bs2_sl65536,/home/haotian/waferchip/mesh2D/astra_sim_picasso/examples/run_scripts/analytical/congestion_aware/configs/gqa_batch_scaling/tp16_hbm4_ring_mesh2d_4x4_onering_qwen_gqa_tp16_fwd_bs2_sl65536.json,onering,qwen_gqa_tp16_fwd,64,65536,16,,,,,ring,mesh2d,4x4,496581,260043,236538,,62.15,51.664,SUCCESS,2026-03-06 17:34:39
c47ba4d84d7a761e76ebf831343f60349a262e801a740b661b5551725e2d8d85,tp16_hbm4_ring_mesh2d_4x4_onering_qwen_gqa_tp16_fwd_bs32_sl65536,/home/haotian/waferchip/mesh2D/astra_sim_picasso/examples/run_scripts/analytical/congestion_aware/configs/gqa_batch_scaling/tp16_hbm4_ring_mesh2d_4x4_onering_qwen_gqa_tp16_fwd_bs32_sl65536.json,onering,qwen_gqa_tp16_fwd,64,65536,16,,,,,ring,mesh2d,4x4,496581,260043,236538,,62.15,51.664,SUCCESS,2026-03-06 17:34:39
b7ae4f8ec062e74b891f49815278cfc39e661fb4417e85f971b6bc50f055c8e7,tp16_hbm4_ring_mesh2d_4x4_onering_qwen_gqa_tp16_fwd_bs4_sl65536,/home/haotian/waferchip/mesh2D/astra_sim_picasso/examples/run_scripts/analytical/congestion_aware/configs/gqa_batch_scaling/tp16_hbm4_ring_mesh2d_4x4_onering_qwen_gqa_tp16_fwd_bs4_sl65536.json,onering,qwen_gqa_tp16_fwd,64,65536,16,,,,,ring,mesh2d,4x4,496581,260043,236538,,62.15,51.664,SUCCESS,2026-03-06 17:34:39
18f55d0fb90d55a36f359e22ce12a4a2bacdad5f7ca2f8625901e30be9d31b8d,tp16_hbm4_ring_mesh2d_4x4_onering_qwen_gqa_tp16_fwd_bs64_sl65536,/home/haotian/waferchip/mesh2D/astra_sim_picasso/examples/run_scripts/analytical/congestion_aware/configs/gqa_batch_scaling/tp16_hbm4_ring_mesh2d_4x4_onering_qwen_gqa_tp16_fwd_bs64_sl65536.json,onering,qwen_gqa_tp16_fwd,64,65536,16,,,,,ring,mesh2d,4x4,496581,260043,236538,,62.15,51.664,SUCCESS,2026-03-06 17:34:40
5384ca3a2b0ad0b5705b734dae58fc2ab3e38c3f0674d1f45370a4a8897e2211,tp16_hbm4_ring_mesh2d_4x4_onering_qwen_gqa_tp16_fwd_bs8_sl65536,/home/haotian/waferchip/mesh2D/astra_sim_picasso/examples/run_scripts/analytical/congestion_aware/configs/gqa_batch_scaling/tp16_hbm4_ring_mesh2d_4x4_onering_qwen_gqa_tp16_fwd_bs8_sl65536.json,onering,qwen_gqa_tp16_fwd,64,65536,16,,,,,ring,mesh2d,4x4,496581,260043,236538,,62.15,51.664,SUCCESS,2026-03-06 17:34:40
5edbddc1d40725f3d5fccc0ee2b6ffcfdc9fcae278f2831f5ee101ff0d3b0235,tp16_hbm4_mesh2d_4x4_onering_qwen_gqa_baseline_fwd_block2x2_bs16_sl65536,/home/haotian/waferchip/mesh2D/astra_sim_picasso/examples/run_scripts/analytical/congestion_aware/configs/gqa_batch_scaling/tp16_hbm4_mesh2d_4x4_onering_qwen_gqa_baseline_fwd_block2x2_bs16_sl65536.json,qwen,gqa_baseline_fwd_block2x2,16,65536,16,,,,,mesh2d,4x4,onering,87026,68786,18240,,64.226,41.514,SUCCESS,2026-03-06 17:34:45
73d4c18722fbdc11675dba26a1dc94efecdf3f1efb2405d2b150de42b8d45249,tp16_hbm4_mesh2d_4x4_onering_qwen_gqa_baseline_fwd_block2x2_bs1_sl65536,/home/haotian/waferchip/mesh2D/astra_sim_picasso/examples/run_scripts/analytical/congestion_aware/configs/gqa_batch_scaling/tp16_hbm4_mesh2d_4x4_onering_qwen_gqa_baseline_fwd_block2x2_bs1_sl65536.json,qwen,gqa_baseline_fwd_block2x2,1,65536,16,,,,,mesh2d,4x4,onering,22534,4294,18240,,64.206,41.512,SUCCESS,2026-03-06 17:34:46
077ed65204d3d78fc8e3ea95e07c42281df5bdc5434a3eea4f04715b9b90fa18,tp16_hbm4_mesh2d_4x4_onering_qwen_gqa_baseline_fwd_block2x2_bs2_sl65536,/home/haotian/waferchip/mesh2D/astra_sim_picasso/examples/run_scripts/analytical/congestion_aware/configs/gqa_batch_scaling/tp16_hbm4_mesh2d_4x4_onering_qwen_gqa_baseline_fwd_block2x2_bs2_sl65536.json,qwen,gqa_baseline_fwd_block2x2,2,65536,16,,,,,mesh2d,4x4,onering,26835,8595,18240,,64.222,41.508,SUCCESS,2026-03-06 17:34:47
69451a69824f1a2ee3bcaf92a7bd94d3364bffe187967bf2bd6e644b6f6006e8,tp16_hbm4_mesh2d_4x4_onering_qwen_gqa_baseline_fwd_block2x2_bs32_sl65536,/home/haotian/waferchip/mesh2D/astra_sim_picasso/examples/run_scripts/analytical/congestion_aware/configs/gqa_batch_scaling/tp16_hbm4_mesh2d_4x4_onering_qwen_gqa_baseline_fwd_block2x2_bs32_sl65536.json,qwen,gqa_baseline_fwd_block2x2,32,65536,16,,,,,mesh2d,4x4,onering,155819,137579,18240,,64.225,41.515,SUCCESS,2026-03-06 17:34:47
2701c574e15e4f1c665527572aeaebcaff4c741c5b6258c190f83cc342145e7d,tp16_hbm4_mesh2d_4x4_onering_qwen_gqa_baseline_fwd_block2x2_bs4_sl65536,/home/haotian/waferchip/mesh2D/astra_sim_picasso/examples/run_scripts/analytical/congestion_aware/configs/gqa_batch_scaling/tp16_hbm4_mesh2d_4x4_onering_qwen_gqa_baseline_fwd_block2x2_bs4_sl65536.json,qwen,gqa_baseline_fwd_block2x2,4,65536,16,,,,,mesh2d,4x4,onering,35434,17194,18240,,64.223,41.512,SUCCESS,2026-03-06 17:34:48
e550b14cadab4aa9f5dbb060e8fcfcc2282af1447e0e2935792d0b9334d4e7b7,tp16_hbm4_mesh2d_4x4_onering_qwen_gqa_baseline_fwd_block2x2_bs64_sl65536,/home/haotian/waferchip/mesh2D/astra_sim_picasso/examples/run_scripts/analytical/congestion_aware/configs/gqa_batch_scaling/tp16_hbm4_mesh2d_4x4_onering_qwen_gqa_baseline_fwd_block2x2_bs64_sl65536.json,qwen,gqa_baseline_fwd_block2x2,64,65536,16,,,,,mesh2d,4x4,onering,293429,275164,18265,,64.226,41.515,SUCCESS,2026-03-06 17:34:49
1c7bfa4d7e6dff1299ffd90a2aa420993c6464ddadc7fb3164e732f139a3a298,tp16_hbm4_mesh2d_4x4_onering_qwen_gqa_baseline_fwd_block2x2_bs8_sl65536,/home/haotian/waferchip/mesh2D/astra_sim_picasso/examples/run_scripts/analytical/congestion_aware/configs/gqa_batch_scaling/tp16_hbm4_mesh2d_4x4_onering_qwen_gqa_baseline_fwd_block2x2_bs8_sl65536.json,qwen,gqa_baseline_fwd_block2x2,8,65536,16,,,,,mesh2d,4x4,onering,52632,34392,18240,,64.224,41.514,SUCCESS,2026-03-06 17:34:50
a019ac20de7506e42ba3ff1440f86257d300c9a937af78cc99edb91b0cf3618a,tp16_hbm4_mesh2d_4x4_onering_qwen_gqa_hmp_fwd_block2x2_bs16_sl65536,/home/haotian/waferchip/mesh2D/astra_sim_picasso/examples/run_scripts/analytical/congestion_aware/configs/gqa_batch_scaling/tp16_hbm4_mesh2d_4x4_onering_qwen_gqa_hmp_fwd_block2x2_bs16_sl65536.json,qwen,gqa_hmp_fwd_block2x2,16,65536,16,,,,,mesh2d,4x4,onering,72167,72167,,,65.878,39.632,SUCCESS,2026-03-06 17:34:50
26c2c5a18adcc889a01ad86fe8e2c22fb92fdcdc1f4cdbc93d2d90c7fe3fe83e,tp16_hbm4_mesh2d_4x4_onering_qwen_gqa_hmp_fwd_block2x2_bs1_sl65536,/home/haotian/waferchip/mesh2D/astra_sim_picasso/examples/run_scripts/analytical/congestion_aware/configs/gqa_batch_scaling/tp16_hbm4_mesh2d_4x4_onering_qwen_gqa_hmp_fwd_block2x2_bs1_sl65536.json,qwen,gqa_hmp_fwd_block2x2,1,65536,16,,,,,mesh2d,4x4,onering,4505,4505,,,65.868,39.618,SUCCESS,2026-03-06 17:34:50
da97ae261c8686381504406cb773791374ac6a5023914f744dbb6052303200d7,tp16_hbm4_mesh2d_4x4_onering_qwen_gqa_hmp_fwd_block2x2_bs2_sl65536,/home/haotian/waferchip/mesh2D/astra_sim_picasso/examples/run_scripts/analytical/congestion_aware/configs/gqa_batch_scaling/tp16_hbm4_mesh2d_4x4_onering_qwen_gqa_hmp_fwd_block2x2_bs2_sl65536.json,qwen,gqa_hmp_fwd_block2x2,2,65536,16,,,,,mesh2d,4x4,onering,9018,9018,,,65.878,39.622,SUCCESS,2026-03-06 17:34:51
bd573afd1e187828245a6ec0712eedbf5baf46d6ea4b27904243edbb63c418f2,tp16_hbm4_mesh2d_4x4_onering_qwen_gqa_hmp_fwd_block2x2_bs32_sl65536,/home/haotian/waferchip/mesh2D/astra_sim_picasso/examples/run_scripts/analytical/congestion_aware/configs/gqa_batch_scaling/tp16_hbm4_mesh2d_4x4_onering_qwen_gqa_hmp_fwd_block2x2_bs32_sl65536.json,qwen,gqa_hmp_fwd_block2x2,32,65536,16,,,,,mesh2d,4x4,onering,144342,144342,,,65.878,39.633,SUCCESS,2026-03-06 17:34:51
9ed86a4d683c8ede0c69dba4f3a93d819aa4eae7ac57410643afd5c2abac42b8,tp16_hbm4_mesh2d_4x4_onering_qwen_gqa_hmp_fwd_block2x2_bs4_sl65536,/home/haotian/waferchip/mesh2D/astra_sim_picasso/examples/run_scripts/analytical/congestion_aware/configs/gqa_batch_scaling/tp16_hbm4_mesh2d_4x4_onering_qwen_gqa_hmp_fwd_block2x2_bs4_sl65536.json,qwen,gqa_hmp_fwd_block2x2,4,65536,16,,,,,mesh2d,4x4,onering,18039,18039,,,65.877,39.628,SUCCESS,2026-03-06 17:34:51
8455b84d7b23c9b739c42a24adbc2903982ae97f54e9a3604dc6452e8e4ba4cb,tp16_hbm4_mesh2d_4x4_onering_qwen_gqa_hmp_fwd_block2x2_bs64_sl65536,/home/haotian/waferchip/mesh2D/astra_sim_picasso/examples/run_scripts/analytical/congestion_aware/configs/gqa_batch_scaling/tp16_hbm4_mesh2d_4x4_onering_qwen_gqa_hmp_fwd_block2x2_bs64_sl65536.json,qwen,gqa_hmp_fwd_block2x2,64,65536,16,,,,,mesh2d,4x4,onering,288690,288690,,,65.878,39.633,SUCCESS,2026-03-06 17:34:51
a29cf6b15d9691d42b4396ef1aa827187910a214769db68b6916e78b1fdbd8f4,tp16_hbm4_mesh2d_4x4_onering_qwen_gqa_hmp_fwd_block2x2_bs8_sl65536,/home/haotian/waferchip/mesh2D/astra_sim_picasso/examples/run_scripts/analytical/congestion_aware/configs/gqa_batch_scaling/tp16_hbm4_mesh2d_4x4_onering_qwen_gqa_hmp_fwd_block2x2_bs8_sl65536.json,qwen,gqa_hmp_fwd_block2x2,8,65536,16,,,,,mesh2d,4x4,onering,36082,36082,,,65.875,39.633,SUCCESS,2026-03-06 17:34:51
e726719851271c1495db666192800319df1e8d13bf8aa684896adc1d0ecb72da,tp16_hbm4_ring_mesh2d_4x4_onering_qwen_gqa_tp16_fwd_bs16_sl65536,/home/haotian/waferchip/mesh2D/astra_sim_picasso/examples/run_scripts/analytical/congestion_aware/configs/gqa_batch_scaling/tp16_hbm4_ring_mesh2d_4x4_onering_qwen_gqa_tp16_fwd_bs16_sl65536.json,onering,qwen_gqa_tp16_fwd,64,65536,16,,,,,ring,mesh2d,4x4,496581,260043,236538,,62.15,51.664,SUCCESS,2026-03-06 17:34:51
a7470543073a44a2ab489990cca89a753d860fe7087c6f3ddd10555d032147ff,tp16_hbm4_ring_mesh2d_4x4_onering_qwen_gqa_tp16_fwd_bs1_sl65536,/home/haotian/waferchip/mesh2D/astra_sim_picasso/examples/run_scripts/analytical/congestion_aware/configs/gqa_batch_scaling/tp16_hbm4_ring_mesh2d_4x4_onering_qwen_gqa_tp16_fwd_bs1_sl65536.json,onering,qwen_gqa_tp16_fwd,1,65536,16,,,,,ring,mesh2d,4x4,53121,4058,49063,,62.125,51.67,SUCCESS,2026-03-06 17:34:51
b1959c22a49115fee98fb8acc5e3756c1ef3cec0ac8531400fe5972a893bc7ed,tp16_hbm4_ring_mesh2d_4x4_onering_qwen_gqa_tp16_fwd_bs2_sl65536,/home/haotian/waferchip/mesh2D/astra_sim_picasso/examples/run_scripts/analytical/congestion_aware/configs/gqa_batch_scaling/tp16_hbm4_ring_mesh2d_4x4_onering_qwen_gqa_tp16_fwd_bs2_sl65536.json,onering,qwen_gqa_tp16_fwd,64,65536,16,,,,,ring,mesh2d,4x4,496581,260043,236538,,62.15,51.664,SUCCESS,2026-03-06 17:34:51
c47ba4d84d7a761e76ebf831343f60349a262e801a740b661b5551725e2d8d85,tp16_hbm4_ring_mesh2d_4x4_onering_qwen_gqa_tp16_fwd_bs32_sl65536,/home/haotian/waferchip/mesh2D/astra_sim_picasso/examples/run_scripts/analytical/congestion_aware/configs/gqa_batch_scaling/tp16_hbm4_ring_mesh2d_4x4_onering_qwen_gqa_tp16_fwd_bs32_sl65536.json,onering,qwen_gqa_tp16_fwd,64,65536,16,,,,,ring,mesh2d,4x4,496581,260043,236538,,62.15,51.664,SUCCESS,2026-03-06 17:34:51
b7ae4f8ec062e74b891f49815278cfc39e661fb4417e85f971b6bc50f055c8e7,tp16_hbm4_ring_mesh2d_4x4_onering_qwen_gqa_tp16_fwd_bs4_sl65536,/home/haotian/waferchip/mesh2D/astra_sim_picasso/examples/run_scripts/analytical/congestion_aware/configs/gqa_batch_scaling/tp16_hbm4_ring_mesh2d_4x4_onering_qwen_gqa_tp16_fwd_bs4_sl65536.json,onering,qwen_gqa_tp16_fwd,64,65536,16,,,,,ring,mesh2d,4x4,496581,260043,236538,,62.15,51.664,SUCCESS,2026-03-06 17:34:51
18f55d0fb90d55a36f359e22ce12a4a2bacdad5f7ca2f8625901e30be9d31b8d,tp16_hbm4_ring_mesh2d_4x4_onering_qwen_gqa_tp16_fwd_bs64_sl65536,/home/haotian/waferchip/mesh2D/astra_sim_picasso/examples/run_scripts/analytical/congestion_aware/configs/gqa_batch_scaling/tp16_hbm4_ring_mesh2d_4x4_onering_qwen_gqa_tp16_fwd_bs64_sl65536.json,onering,qwen_gqa_tp16_fwd,64,65536,16,,,,,ring,mesh2d,4x4,496581,260043,236538,,62.15,51.664,SUCCESS,2026-03-06 17:34:51
5384ca3a2b0ad0b5705b734dae58fc2ab3e38c3f0674d1f45370a4a8897e2211,tp16_hbm4_ring_mesh2d_4x4_onering_qwen_gqa_tp16_fwd_bs8_sl65536,/home/haotian/waferchip/mesh2D/astra_sim_picasso/examples/run_scripts/analytical/congestion_aware/configs/gqa_batch_scaling/tp16_hbm4_ring_mesh2d_4x4_onering_qwen_gqa_tp16_fwd_bs8_sl65536.json,onering,qwen_gqa_tp16_fwd,64,65536,16,,,,,ring,mesh2d,4x4,496581,260043,236538,,62.15,51.664,SUCCESS,2026-03-06 17:34:51
5edbddc1d40725f3d5fccc0ee2b6ffcfdc9fcae278f2831f5ee101ff0d3b0235,tp16_hbm4_mesh2d_4x4_onering_qwen_gqa_baseline_fwd_block2x2_bs16_sl65536,/home/haotian/waferchip/mesh2D/astra_sim_picasso/examples/run_scripts/analytical/congestion_aware/configs/gqa_batch_scaling/tp16_hbm4_mesh2d_4x4_onering_qwen_gqa_baseline_fwd_block2x2_bs16_sl65536.json,qwen,gqa_baseline_fwd_block2x2,16,65536,16,,,,,mesh2d,4x4,onering,87026,68786,18240,,64.226,41.514,SUCCESS,2026-03-06 17:34:52
73d4c18722fbdc11675dba26a1dc94efecdf3f1efb2405d2b150de42b8d45249,tp16_hbm4_mesh2d_4x4_onering_qwen_gqa_baseline_fwd_block2x2_bs1_sl65536,/home/haotian/waferchip/mesh2D/astra_sim_picasso/examples/run_scripts/analytical/congestion_aware/configs/gqa_batch_scaling/tp16_hbm4_mesh2d_4x4_onering_qwen_gqa_baseline_fwd_block2x2_bs1_sl65536.json,qwen,gqa_baseline_fwd_block2x2,1,65536,16,,,,,mesh2d,4x4,onering,22534,4294,18240,,64.206,41.512,SUCCESS,2026-03-06 17:34:53
077ed65204d3d78fc8e3ea95e07c42281df5bdc5434a3eea4f04715b9b90fa18,tp16_hbm4_mesh2d_4x4_onering_qwen_gqa_baseline_fwd_block2x2_bs2_sl65536,/home/haotian/waferchip/mesh2D/astra_sim_picasso/examples/run_scripts/analytical/congestion_aware/configs/gqa_batch_scaling/tp16_hbm4_mesh2d_4x4_onering_qwen_gqa_baseline_fwd_block2x2_bs2_sl65536.json,qwen,gqa_baseline_fwd_block2x2,2,65536,16,,,,,mesh2d,4x4,onering,26835,8595,18240,,64.222,41.508,SUCCESS,2026-03-06 17:34:54
69451a69824f1a2ee3bcaf92a7bd94d3364bffe187967bf2bd6e644b6f6006e8,tp16_hbm4_mesh2d_4x4_onering_qwen_gqa_baseline_fwd_block2x2_bs32_sl65536,/home/haotian/waferchip/mesh2D/astra_sim_picasso/examples/run_scripts/analytical/congestion_aware/configs/gqa_batch_scaling/tp16_hbm4_mesh2d_4x4_onering_qwen_gqa_baseline_fwd_block2x2_bs32_sl65536.json,qwen,gqa_baseline_fwd_block2x2,32,65536,16,,,,,mesh2d,4x4,onering,155819,137579,18240,,64.225,41.515,SUCCESS,2026-03-06 17:34:55
2701c574e15e4f1c665527572aeaebcaff4c741c5b6258c190f83cc342145e7d,tp16_hbm4_mesh2d_4x4_onering_qwen_gqa_baseline_fwd_block2x2_bs4_sl65536,/home/haotian/waferchip/mesh2D/astra_sim_picasso/examples/run_scripts/analytical/congestion_aware/configs/gqa_batch_scaling/tp16_hbm4_mesh2d_4x4_onering_qwen_gqa_baseline_fwd_block2x2_bs4_sl65536.json,qwen,gqa_baseline_fwd_block2x2,4,65536,16,,,,,mesh2d,4x4,onering,35434,17194,18240,,64.223,41.512,SUCCESS,2026-03-06 17:34:56
e550b14cadab4aa9f5dbb060e8fcfcc2282af1447e0e2935792d0b9334d4e7b7,tp16_hbm4_mesh2d_4x4_onering_qwen_gqa_baseline_fwd_block2x2_bs64_sl65536,/home/haotian/waferchip/mesh2D/astra_sim_picasso/examples/run_scripts/analytical/congestion_aware/configs/gqa_batch_scaling/tp16_hbm4_mesh2d_4x4_onering_qwen_gqa_baseline_fwd_block2x2_bs64_sl65536.json,qwen,gqa_baseline_fwd_block2x2,64,65536,16,,,,,mesh2d,4x4,onering,293429,275164,18265,,64.226,41.515,SUCCESS,2026-03-06 17:34:57
1c7bfa4d7e6dff1299ffd90a2aa420993c6464ddadc7fb3164e732f139a3a298,tp16_hbm4_mesh2d_4x4_onering_qwen_gqa_baseline_fwd_block2x2_bs8_sl65536,/home/haotian/waferchip/mesh2D/astra_sim_picasso/examples/run_scripts/analytical/congestion_aware/configs/gqa_batch_scaling/tp16_hbm4_mesh2d_4x4_onering_qwen_gqa_baseline_fwd_block2x2_bs8_sl65536.json,qwen,gqa_baseline_fwd_block2x2,8,65536,16,,,,,mesh2d,4x4,onering,52632,34392,18240,,64.224,41.514,SUCCESS,2026-03-06 17:34:58
a019ac20de7506e42ba3ff1440f86257d300c9a937af78cc99edb91b0cf3618a,tp16_hbm4_mesh2d_4x4_onering_qwen_gqa_hmp_fwd_block2x2_bs16_sl65536,/home/haotian/waferchip/mesh2D/astra_sim_picasso/examples/run_scripts/analytical/congestion_aware/configs/gqa_batch_scaling/tp16_hbm4_mesh2d_4x4_onering_qwen_gqa_hmp_fwd_block2x2_bs16_sl65536.json,qwen,gqa_hmp_fwd_block2x2,16,65536,16,,,,,mesh2d,4x4,onering,72167,72167,,,65.878,39.632,SUCCESS,2026-03-06 17:34:58
26c2c5a18adcc889a01ad86fe8e2c22fb92fdcdc1f4cdbc93d2d90c7fe3fe83e,tp16_hbm4_mesh2d_4x4_onering_qwen_gqa_hmp_fwd_block2x2_bs1_sl65536,/home/haotian/waferchip/mesh2D/astra_sim_picasso/examples/run_scripts/analytical/congestion_aware/configs/gqa_batch_scaling/tp16_hbm4_mesh2d_4x4_onering_qwen_gqa_hmp_fwd_block2x2_bs1_sl65536.json,qwen,gqa_hmp_fwd_block2x2,1,65536,16,,,,,mesh2d,4x4,onering,4505,4505,,,65.868,39.618,SUCCESS,2026-03-06 17:34:58
da97ae261c8686381504406cb773791374ac6a5023914f744dbb6052303200d7,tp16_hbm4_mesh2d_4x4_onering_qwen_gqa_hmp_fwd_block2x2_bs2_sl65536,/home/haotian/waferchip/mesh2D/astra_sim_picasso/examples/run_scripts/analytical/congestion_aware/configs/gqa_batch_scaling/tp16_hbm4_mesh2d_4x4_onering_qwen_gqa_hmp_fwd_block2x2_bs2_sl65536.json,qwen,gqa_hmp_fwd_block2x2,2,65536,16,,,,,mesh2d,4x4,onering,9018,9018,,,65.878,39.622,SUCCESS,2026-03-06 17:34:58
bd573afd1e187828245a6ec0712eedbf5baf46d6ea4b27904243edbb63c418f2,tp16_hbm4_mesh2d_4x4_onering_qwen_gqa_hmp_fwd_block2x2_bs32_sl65536,/home/haotian/waferchip/mesh2D/astra_sim_picasso/examples/run_scripts/analytical/congestion_aware/configs/gqa_batch_scaling/tp16_hbm4_mesh2d_4x4_onering_qwen_gqa_hmp_fwd_block2x2_bs32_sl65536.json,qwen,gqa_hmp_fwd_block2x2,32,65536,16,,,,,mesh2d,4x4,onering,144342,144342,,,65.878,39.633,SUCCESS,2026-03-06 17:34:58
9ed86a4d683c8ede0c69dba4f3a93d819aa4eae7ac57410643afd5c2abac42b8,tp16_hbm4_mesh2d_4x4_onering_qwen_gqa_hmp_fwd_block2x2_bs4_sl65536,/home/haotian/waferchip/mesh2D/astra_sim_picasso/examples/run_scripts/analytical/congestion_aware/configs/gqa_batch_scaling/tp16_hbm4_mesh2d_4x4_onering_qwen_gqa_hmp_fwd_block2x2_bs4_sl65536.json,qwen,gqa_hmp_fwd_block2x2,4,65536,16,,,,,mesh2d,4x4,onering,18039,18039,,,65.877,39.628,SUCCESS,2026-03-06 17:34:58
8455b84d7b23c9b739c42a24adbc2903982ae97f54e9a3604dc6452e8e4ba4cb,tp16_hbm4_mesh2d_4x4_onering_qwen_gqa_hmp_fwd_block2x2_bs64_sl65536,/home/haotian/waferchip/mesh2D/astra_sim_picasso/examples/run_scripts/analytical/congestion_aware/configs/gqa_batch_scaling/tp16_hbm4_mesh2d_4x4_onering_qwen_gqa_hmp_fwd_block2x2_bs64_sl65536.json,qwen,gqa_hmp_fwd_block2x2,64,65536,16,,,,,mesh2d,4x4,onering,288690,288690,,,65.878,39.633,SUCCESS,2026-03-06 17:34:58
a29cf6b15d9691d42b4396ef1aa827187910a214769db68b6916e78b1fdbd8f4,tp16_hbm4_mesh2d_4x4_onering_qwen_gqa_hmp_fwd_block2x2_bs8_sl65536,/home/haotian/waferchip/mesh2D/astra_sim_picasso/examples/run_scripts/analytical/congestion_aware/configs/gqa_batch_scaling/tp16_hbm4_mesh2d_4x4_onering_qwen_gqa_hmp_fwd_block2x2_bs8_sl65536.json,qwen,gqa_hmp_fwd_block2x2,8,65536,16,,,,,mesh2d,4x4,onering,36082,36082,,,65.875,39.633,SUCCESS,2026-03-06 17:34:58
e726719851271c1495db666192800319df1e8d13bf8aa684896adc1d0ecb72da,tp16_hbm4_ring_mesh2d_4x4_onering_qwen_gqa_tp16_fwd_bs16_sl65536,/home/haotian/waferchip/mesh2D/astra_sim_picasso/examples/run_scripts/analytical/congestion_aware/configs/gqa_batch_scaling/tp16_hbm4_ring_mesh2d_4x4_onering_qwen_gqa_tp16_fwd_bs16_sl65536.json,onering,qwen_gqa_tp16_fwd,64,65536,16,,,,,ring,mesh2d,4x4,496581,260043,236538,,62.15,51.664,SUCCESS,2026-03-06 17:34:58
a7470543073a44a2ab489990cca89a753d860fe7087c6f3ddd10555d032147ff,tp16_hbm4_ring_mesh2d_4x4_onering_qwen_gqa_tp16_fwd_bs1_sl65536,/home/haotian/waferchip/mesh2D/astra_sim_picasso/examples/run_scripts/analytical/congestion_aware/configs/gqa_batch_scaling/tp16_hbm4_ring_mesh2d_4x4_onering_qwen_gqa_tp16_fwd_bs1_sl65536.json,onering,qwen_gqa_tp16_fwd,1,65536,16,,,,,ring,mesh2d,4x4,53121,4058,49063,,62.125,51.67,SUCCESS,2026-03-06 17:34:58
fdac125032882dea922e64dbdf7b59b2caaeb52e0ae5af3ba00afffded313c2e,tp16_hbm4_ring_mesh2d_4x4_onering_qwen_gqa_tp16_fwd_bs2_sl65536,/home/haotian/waferchip/mesh2D/astra_sim_picasso/examples/run_scripts/analytical/congestion_aware/configs/gqa_batch_scaling/tp16_hbm4_ring_mesh2d_4x4_onering_qwen_gqa_tp16_fwd_bs2_sl65536.json,onering,qwen_gqa_tp16_fwd,2,65536,16,,,,,ring,mesh2d,4x4,59232,8121,51111,,62.134,51.67,SUCCESS,2026-03-06 17:34:58
c47ba4d84d7a761e76ebf831343f60349a262e801a740b661b5551725e2d8d85,tp16_hbm4_ring_mesh2d_4x4_onering_qwen_gqa_tp16_fwd_bs32_sl65536,/home/haotian/waferchip/mesh2D/astra_sim_picasso/examples/run_scripts/analytical/congestion_aware/configs/gqa_batch_scaling/tp16_hbm4_ring_mesh2d_4x4_onering_qwen_gqa_tp16_fwd_bs32_sl65536.json,onering,qwen_gqa_tp16_fwd,64,65536,16,,,,,ring,mesh2d,4x4,496581,260043,236538,,62.15,51.664,SUCCESS,2026-03-06 17:34:58
b7ae4f8ec062e74b891f49815278cfc39e661fb4417e85f971b6bc50f055c8e7,tp16_hbm4_ring_mesh2d_4x4_onering_qwen_gqa_tp16_fwd_bs4_sl65536,/home/haotian/waferchip/mesh2D/astra_sim_picasso/examples/run_scripts/analytical/congestion_aware/configs/gqa_batch_scaling/tp16_hbm4_ring_mesh2d_4x4_onering_qwen_gqa_tp16_fwd_bs4_sl65536.json,onering,qwen_gqa_tp16_fwd,64,65536,16,,,,,ring,mesh2d,4x4,496581,260043,236538,,62.15,51.664,SUCCESS,2026-03-06 17:34:58
18f55d0fb90d55a36f359e22ce12a4a2bacdad5f7ca2f8625901e30be9d31b8d,tp16_hbm4_ring_mesh2d_4x4_onering_qwen_gqa_tp16_fwd_bs64_sl65536,/home/haotian/waferchip/mesh2D/astra_sim_picasso/examples/run_scripts/analytical/congestion_aware/configs/gqa_batch_scaling/tp16_hbm4_ring_mesh2d_4x4_onering_qwen_gqa_tp16_fwd_bs64_sl65536.json,onering,qwen_gqa_tp16_fwd,64,65536,16,,,,,ring,mesh2d,4x4,496581,260043,236538,,62.15,51.664,SUCCESS,2026-03-06 17:34:58
5384ca3a2b0ad0b5705b734dae58fc2ab3e38c3f0674d1f45370a4a8897e2211,tp16_hbm4_ring_mesh2d_4x4_onering_qwen_gqa_tp16_fwd_bs8_sl65536,/home/haotian/waferchip/mesh2D/astra_sim_picasso/examples/run_scripts/analytical/congestion_aware/configs/gqa_batch_scaling/tp16_hbm4_ring_mesh2d_4x4_onering_qwen_gqa_tp16_fwd_bs8_sl65536.json,onering,qwen_gqa_tp16_fwd,64,65536,16,,,,,ring,mesh2d,4x4,496581,260043,236538,,62.15,51.664,SUCCESS,2026-03-06 17:34:59
5edbddc1d40725f3d5fccc0ee2b6ffcfdc9fcae278f2831f5ee101ff0d3b0235,tp16_hbm4_mesh2d_4x4_onering_qwen_gqa_baseline_fwd_block2x2_bs16_sl65536,/home/haotian/waferchip/mesh2D/astra_sim_picasso/examples/run_scripts/analytical/congestion_aware/configs/gqa_batch_scaling/tp16_hbm4_mesh2d_4x4_onering_qwen_gqa_baseline_fwd_block2x2_bs16_sl65536.json,qwen,gqa_baseline_fwd_block2x2,16,65536,16,,,,,mesh2d,4x4,onering,87026,68786,18240,,64.226,41.514,SUCCESS,2026-03-06 17:34:59
73d4c18722fbdc11675dba26a1dc94efecdf3f1efb2405d2b150de42b8d45249,tp16_hbm4_mesh2d_4x4_onering_qwen_gqa_baseline_fwd_block2x2_bs1_sl65536,/home/haotian/waferchip/mesh2D/astra_sim_picasso/examples/run_scripts/analytical/congestion_aware/configs/gqa_batch_scaling/tp16_hbm4_mesh2d_4x4_onering_qwen_gqa_baseline_fwd_block2x2_bs1_sl65536.json,qwen,gqa_baseline_fwd_block2x2,1,65536,16,,,,,mesh2d,4x4,onering,22534,4294,18240,,64.206,41.512,SUCCESS,2026-03-06 17:35:00
077ed65204d3d78fc8e3ea95e07c42281df5bdc5434a3eea4f04715b9b90fa18,tp16_hbm4_mesh2d_4x4_onering_qwen_gqa_baseline_fwd_block2x2_bs2_sl65536,/home/haotian/waferchip/mesh2D/astra_sim_picasso/examples/run_scripts/analytical/congestion_aware/configs/gqa_batch_scaling/tp16_hbm4_mesh2d_4x4_onering_qwen_gqa_baseline_fwd_block2x2_bs2_sl65536.json,qwen,gqa_baseline_fwd_block2x2,2,65536,16,,,,,mesh2d,4x4,onering,26835,8595,18240,,64.222,41.508,SUCCESS,2026-03-06 17:35:01
69451a69824f1a2ee3bcaf92a7bd94d3364bffe187967bf2bd6e644b6f6006e8,tp16_hbm4_mesh2d_4x4_onering_qwen_gqa_baseline_fwd_block2x2_bs32_sl65536,/home/haotian/waferchip/mesh2D/astra_sim_picasso/examples/run_scripts/analytical/congestion_aware/configs/gqa_batch_scaling/tp16_hbm4_mesh2d_4x4_onering_qwen_gqa_baseline_fwd_block2x2_bs32_sl65536.json,qwen,gqa_baseline_fwd_block2x2,32,65536,16,,,,,mesh2d,4x4,onering,155819,137579,18240,,64.225,41.515,SUCCESS,2026-03-06 17:35:02
2701c574e15e4f1c665527572aeaebcaff4c741c5b6258c190f83cc342145e7d,tp16_hbm4_mesh2d_4x4_onering_qwen_gqa_baseline_fwd_block2x2_bs4_sl65536,/home/haotian/waferchip/mesh2D/astra_sim_picasso/examples/run_scripts/analytical/congestion_aware/configs/gqa_batch_scaling/tp16_hbm4_mesh2d_4x4_onering_qwen_gqa_baseline_fwd_block2x2_bs4_sl65536.json,qwen,gqa_baseline_fwd_block2x2,4,65536,16,,,,,mesh2d,4x4,onering,35434,17194,18240,,64.223,41.512,SUCCESS,2026-03-06 17:35:03
e550b14cadab4aa9f5dbb060e8fcfcc2282af1447e0e2935792d0b9334d4e7b7,tp16_hbm4_mesh2d_4x4_onering_qwen_gqa_baseline_fwd_block2x2_bs64_sl65536,/home/haotian/waferchip/mesh2D/astra_sim_picasso/examples/run_scripts/analytical/congestion_aware/configs/gqa_batch_scaling/tp16_hbm4_mesh2d_4x4_onering_qwen_gqa_baseline_fwd_block2x2_bs64_sl65536.json,qwen,gqa_baseline_fwd_block2x2,64,65536,16,,,,,mesh2d,4x4,onering,293429,275164,18265,,64.226,41.515,SUCCESS,2026-03-06 17:35:04
1c7bfa4d7e6dff1299ffd90a2aa420993c6464ddadc7fb3164e732f139a3a298,tp16_hbm4_mesh2d_4x4_onering_qwen_gqa_baseline_fwd_block2x2_bs8_sl65536,/home/haotian/waferchip/mesh2D/astra_sim_picasso/examples/run_scripts/analytical/congestion_aware/configs/gqa_batch_scaling/tp16_hbm4_mesh2d_4x4_onering_qwen_gqa_baseline_fwd_block2x2_bs8_sl65536.json,qwen,gqa_baseline_fwd_block2x2,8,65536,16,,,,,mesh2d,4x4,onering,52632,34392,18240,,64.224,41.514,SUCCESS,2026-03-06 17:35:05
a019ac20de7506e42ba3ff1440f86257d300c9a937af78cc99edb91b0cf3618a,tp16_hbm4_mesh2d_4x4_onering_qwen_gqa_hmp_fwd_block2x2_bs16_sl65536,/home/haotian/waferchip/mesh2D/astra_sim_picasso/examples/run_scripts/analytical/congestion_aware/configs/gqa_batch_scaling/tp16_hbm4_mesh2d_4x4_onering_qwen_gqa_hmp_fwd_block2x2_bs16_sl65536.json,qwen,gqa_hmp_fwd_block2x2,16,65536,16,,,,,mesh2d,4x4,onering,72167,72167,,,65.878,39.632,SUCCESS,2026-03-06 17:35:05
26c2c5a18adcc889a01ad86fe8e2c22fb92fdcdc1f4cdbc93d2d90c7fe3fe83e,tp16_hbm4_mesh2d_4x4_onering_qwen_gqa_hmp_fwd_block2x2_bs1_sl65536,/home/haotian/waferchip/mesh2D/astra_sim_picasso/examples/run_scripts/analytical/congestion_aware/configs/gqa_batch_scaling/tp16_hbm4_mesh2d_4x4_onering_qwen_gqa_hmp_fwd_block2x2_bs1_sl65536.json,qwen,gqa_hmp_fwd_block2x2,1,65536,16,,,,,mesh2d,4x4,onering,4505,4505,,,65.868,39.618,SUCCESS,2026-03-06 17:35:05
da97ae261c8686381504406cb773791374ac6a5023914f744dbb6052303200d7,tp16_hbm4_mesh2d_4x4_onering_qwen_gqa_hmp_fwd_block2x2_bs2_sl65536,/home/haotian/waferchip/mesh2D/astra_sim_picasso/examples/run_scripts/analytical/congestion_aware/configs/gqa_batch_scaling/tp16_hbm4_mesh2d_4x4_onering_qwen_gqa_hmp_fwd_block2x2_bs2_sl65536.json,qwen,gqa_hmp_fwd_block2x2,2,65536,16,,,,,mesh2d,4x4,onering,9018,9018,,,65.878,39.622,SUCCESS,2026-03-06 17:35:05
bd573afd1e187828245a6ec0712eedbf5baf46d6ea4b27904243edbb63c418f2,tp16_hbm4_mesh2d_4x4_onering_qwen_gqa_hmp_fwd_block2x2_bs32_sl65536,/home/haotian/waferchip/mesh2D/astra_sim_picasso/examples/run_scripts/analytical/congestion_aware/configs/gqa_batch_scaling/tp16_hbm4_mesh2d_4x4_onering_qwen_gqa_hmp_fwd_block2x2_bs32_sl65536.json,qwen,gqa_hmp_fwd_block2x2,32,65536,16,,,,,mesh2d,4x4,onering,144342,144342,,,65.878,39.633,SUCCESS,2026-03-06 17:35:05
9ed86a4d683c8ede0c69dba4f3a93d819aa4eae7ac57410643afd5c2abac42b8,tp16_hbm4_mesh2d_4x4_onering_qwen_gqa_hmp_fwd_block2x2_bs4_sl65536,/home/haotian/waferchip/mesh2D/astra_sim_picasso/examples/run_scripts/analytical/congestion_aware/configs/gqa_batch_scaling/tp16_hbm4_mesh2d_4x4_onering_qwen_gqa_hmp_fwd_block2x2_bs4_sl65536.json,qwen,gqa_hmp_fwd_block2x2,4,65536,16,,,,,mesh2d,4x4,onering,18039,18039,,,65.877,39.628,SUCCESS,2026-03-06 17:35:05
8455b84d7b23c9b739c42a24adbc2903982ae97f54e9a3604dc6452e8e4ba4cb,tp16_hbm4_mesh2d_4x4_onering_qwen_gqa_hmp_fwd_block2x2_bs64_sl65536,/home/haotian/waferchip/mesh2D/astra_sim_picasso/examples/run_scripts/analytical/congestion_aware/configs/gqa_batch_scaling/tp16_hbm4_mesh2d_4x4_onering_qwen_gqa_hmp_fwd_block2x2_bs64_sl65536.json,qwen,gqa_hmp_fwd_block2x2,64,65536,16,,,,,mesh2d,4x4,onering,288690,288690,,,65.878,39.633,SUCCESS,2026-03-06 17:35:05
a29cf6b15d9691d42b4396ef1aa827187910a214769db68b6916e78b1fdbd8f4,tp16_hbm4_mesh2d_4x4_onering_qwen_gqa_hmp_fwd_block2x2_bs8_sl65536,/home/haotian/waferchip/mesh2D/astra_sim_picasso/examples/run_scripts/analytical/congestion_aware/configs/gqa_batch_scaling/tp16_hbm4_mesh2d_4x4_onering_qwen_gqa_hmp_fwd_block2x2_bs8_sl65536.json,qwen,gqa_hmp_fwd_block2x2,8,65536,16,,,,,mesh2d,4x4,onering,36082,36082,,,65.875,39.633,SUCCESS,2026-03-06 17:35:05
e726719851271c1495db666192800319df1e8d13bf8aa684896adc1d0ecb72da,tp16_hbm4_ring_mesh2d_4x4_onering_qwen_gqa_tp16_fwd_bs16_sl65536,/home/haotian/waferchip/mesh2D/astra_sim_picasso/examples/run_scripts/analytical/congestion_aware/configs/gqa_batch_scaling/tp16_hbm4_ring_mesh2d_4x4_onering_qwen_gqa_tp16_fwd_bs16_sl65536.json,onering,qwen_gqa_tp16_fwd,64,65536,16,,,,,ring,mesh2d,4x4,496581,260043,236538,,62.15,51.664,SUCCESS,2026-03-06 17:35:06
a7470543073a44a2ab489990cca89a753d860fe7087c6f3ddd10555d032147ff,tp16_hbm4_ring_mesh2d_4x4_onering_qwen_gqa_tp16_fwd_bs1_sl65536,/home/haotian/waferchip/mesh2D/astra_sim_picasso/examples/run_scripts/analytical/congestion_aware/configs/gqa_batch_scaling/tp16_hbm4_ring_mesh2d_4x4_onering_qwen_gqa_tp16_fwd_bs1_sl65536.json,onering,qwen_gqa_tp16_fwd,1,65536,16,,,,,ring,mesh2d,4x4,53121,4058,49063,,62.125,51.67,SUCCESS,2026-03-06 17:35:06
fdac125032882dea922e64dbdf7b59b2caaeb52e0ae5af3ba00afffded313c2e,tp16_hbm4_ring_mesh2d_4x4_onering_qwen_gqa_tp16_fwd_bs2_sl65536,/home/haotian/waferchip/mesh2D/astra_sim_picasso/examples/run_scripts/analytical/congestion_aware/configs/gqa_batch_scaling/tp16_hbm4_ring_mesh2d_4x4_onering_qwen_gqa_tp16_fwd_bs2_sl65536.json,onering,qwen_gqa_tp16_fwd,2,65536,16,,,,,ring,mesh2d,4x4,59232,8121,51111,,62.134,51.67,SUCCESS,2026-03-06 17:35:06
c47ba4d84d7a761e76ebf831343f60349a262e801a740b661b5551725e2d8d85,tp16_hbm4_ring_mesh2d_4x4_onering_qwen_gqa_tp16_fwd_bs32_sl65536,/home/haotian/waferchip/mesh2D/astra_sim_picasso/examples/run_scripts/analytical/congestion_aware/configs/gqa_batch_scaling/tp16_hbm4_ring_mesh2d_4x4_onering_qwen_gqa_tp16_fwd_bs32_sl65536.json,onering,qwen_gqa_tp16_fwd,64,65536,16,,,,,ring,mesh2d,4x4,496581,260043,236538,,62.15,51.664,SUCCESS,2026-03-06 17:35:06
ea0c592977697efa74b8d42d41767d88bd230ab5418b00b42c3437550cf4c906,tp16_hbm4_ring_mesh2d_4x4_onering_qwen_gqa_tp16_fwd_bs4_sl65536,/home/haotian/waferchip/mesh2D/astra_sim_picasso/examples/run_scripts/analytical/congestion_aware/configs/gqa_batch_scaling/tp16_hbm4_ring_mesh2d_4x4_onering_qwen_gqa_tp16_fwd_bs4_sl65536.json,onering,qwen_gqa_tp16_fwd,4,65536,16,,,,,ring,mesh2d,4x4,71190,16248,54942,,62.14,51.669,SUCCESS,2026-03-06 17:35:06
18f55d0fb90d55a36f359e22ce12a4a2bacdad5f7ca2f8625901e30be9d31b8d,tp16_hbm4_ring_mesh2d_4x4_onering_qwen_gqa_tp16_fwd_bs64_sl65536,/home/haotian/waferchip/mesh2D/astra_sim_picasso/examples/run_scripts/analytical/congestion_aware/configs/gqa_batch_scaling/tp16_hbm4_ring_mesh2d_4x4_onering_qwen_gqa_tp16_fwd_bs64_sl65536.json,onering,qwen_gqa_tp16_fwd,64,65536,16,,,,,ring,mesh2d,4x4,496581,260043,236538,,62.15,51.664,SUCCESS,2026-03-06 17:35:06
5384ca3a2b0ad0b5705b734dae58fc2ab3e38c3f0674d1f45370a4a8897e2211,tp16_hbm4_ring_mesh2d_4x4_onering_qwen_gqa_tp16_fwd_bs8_sl65536,/home/haotian/waferchip/mesh2D/astra_sim_picasso/examples/run_scripts/analytical/congestion_aware/configs/gqa_batch_scaling/tp16_hbm4_ring_mesh2d_4x4_onering_qwen_gqa_tp16_fwd_bs8_sl65536.json,onering,qwen_gqa_tp16_fwd,64,65536,16,,,,,ring,mesh2d,4x4,496581,260043,236538,,62.15,51.664,SUCCESS,2026-03-06 17:35:06
5edbddc1d40725f3d5fccc0ee2b6ffcfdc9fcae278f2831f5ee101ff0d3b0235,tp16_hbm4_mesh2d_4x4_onering_qwen_gqa_baseline_fwd_block2x2_bs16_sl65536,/home/haotian/waferchip/mesh2D/astra_sim_picasso/examples/run_scripts/analytical/congestion_aware/configs/gqa_batch_scaling/tp16_hbm4_mesh2d_4x4_onering_qwen_gqa_baseline_fwd_block2x2_bs16_sl65536.json,qwen,gqa_baseline_fwd_block2x2,16,65536,16,,,,,mesh2d,4x4,onering,87026,68786,18240,,64.226,41.514,SUCCESS,2026-03-06 17:35:07
73d4c18722fbdc11675dba26a1dc94efecdf3f1efb2405d2b150de42b8d45249,tp16_hbm4_mesh2d_4x4_onering_qwen_gqa_baseline_fwd_block2x2_bs1_sl65536,/home/haotian/waferchip/mesh2D/astra_sim_picasso/examples/run_scripts/analytical/congestion_aware/configs/gqa_batch_scaling/tp16_hbm4_mesh2d_4x4_onering_qwen_gqa_baseline_fwd_block2x2_bs1_sl65536.json,qwen,gqa_baseline_fwd_block2x2,1,65536,16,,,,,mesh2d,4x4,onering,22534,4294,18240,,64.206,41.512,SUCCESS,2026-03-06 17:35:08
077ed65204d3d78fc8e3ea95e07c42281df5bdc5434a3eea4f04715b9b90fa18,tp16_hbm4_mesh2d_4x4_onering_qwen_gqa_baseline_fwd_block2x2_bs2_sl65536,/home/haotian/waferchip/mesh2D/astra_sim_picasso/examples/run_scripts/analytical/congestion_aware/configs/gqa_batch_scaling/tp16_hbm4_mesh2d_4x4_onering_qwen_gqa_baseline_fwd_block2x2_bs2_sl65536.json,qwen,gqa_baseline_fwd_block2x2,2,65536,16,,,,,mesh2d,4x4,onering,26835,8595,18240,,64.222,41.508,SUCCESS,2026-03-06 17:35:09
69451a69824f1a2ee3bcaf92a7bd94d3364bffe187967bf2bd6e644b6f6006e8,tp16_hbm4_mesh2d_4x4_onering_qwen_gqa_baseline_fwd_block2x2_bs32_sl65536,/home/haotian/waferchip/mesh2D/astra_sim_picasso/examples/run_scripts/analytical/congestion_aware/configs/gqa_batch_scaling/tp16_hbm4_mesh2d_4x4_onering_qwen_gqa_baseline_fwd_block2x2_bs32_sl65536.json,qwen,gqa_baseline_fwd_block2x2,32,65536,16,,,,,mesh2d,4x4,onering,155819,137579,18240,,64.225,41.515,SUCCESS,2026-03-06 17:35:10
2701c574e15e4f1c665527572aeaebcaff4c741c5b6258c190f83cc342145e7d,tp16_hbm4_mesh2d_4x4_onering_qwen_gqa_baseline_fwd_block2x2_bs4_sl65536,/home/haotian/waferchip/mesh2D/astra_sim_picasso/examples/run_scripts/analytical/congestion_aware/configs/gqa_batch_scaling/tp16_hbm4_mesh2d_4x4_onering_qwen_gqa_baseline_fwd_block2x2_bs4_sl65536.json,qwen,gqa_baseline_fwd_block2x2,4,65536,16,,,,,mesh2d,4x4,onering,35434,17194,18240,,64.223,41.512,SUCCESS,2026-03-06 17:35:10
e550b14cadab4aa9f5dbb060e8fcfcc2282af1447e0e2935792d0b9334d4e7b7,tp16_hbm4_mesh2d_4x4_onering_qwen_gqa_baseline_fwd_block2x2_bs64_sl65536,/home/haotian/waferchip/mesh2D/astra_sim_picasso/examples/run_scripts/analytical/congestion_aware/configs/gqa_batch_scaling/tp16_hbm4_mesh2d_4x4_onering_qwen_gqa_baseline_fwd_block2x2_bs64_sl65536.json,qwen,gqa_baseline_fwd_block2x2,64,65536,16,,,,,mesh2d,4x4,onering,293429,275164,18265,,64.226,41.515,SUCCESS,2026-03-06 17:35:11
1c7bfa4d7e6dff1299ffd90a2aa420993c6464ddadc7fb3164e732f139a3a298,tp16_hbm4_mesh2d_4x4_onering_qwen_gqa_baseline_fwd_block2x2_bs8_sl65536,/home/haotian/waferchip/mesh2D/astra_sim_picasso/examples/run_scripts/analytical/congestion_aware/configs/gqa_batch_scaling/tp16_hbm4_mesh2d_4x4_onering_qwen_gqa_baseline_fwd_block2x2_bs8_sl65536.json,qwen,gqa_baseline_fwd_block2x2,8,65536,16,,,,,mesh2d,4x4,onering,52632,34392,18240,,64.224,41.514,SUCCESS,2026-03-06 17:35:13
a019ac20de7506e42ba3ff1440f86257d300c9a937af78cc99edb91b0cf3618a,tp16_hbm4_mesh2d_4x4_onering_qwen_gqa_hmp_fwd_block2x2_bs16_sl65536,/home/haotian/waferchip/mesh2D/astra_sim_picasso/examples/run_scripts/analytical/congestion_aware/configs/gqa_batch_scaling/tp16_hbm4_mesh2d_4x4_onering_qwen_gqa_hmp_fwd_block2x2_bs16_sl65536.json,qwen,gqa_hmp_fwd_block2x2,16,65536,16,,,,,mesh2d,4x4,onering,72167,72167,,,65.878,39.632,SUCCESS,2026-03-06 17:35:13
26c2c5a18adcc889a01ad86fe8e2c22fb92fdcdc1f4cdbc93d2d90c7fe3fe83e,tp16_hbm4_mesh2d_4x4_onering_qwen_gqa_hmp_fwd_block2x2_bs1_sl65536,/home/haotian/waferchip/mesh2D/astra_sim_picasso/examples/run_scripts/analytical/congestion_aware/configs/gqa_batch_scaling/tp16_hbm4_mesh2d_4x4_onering_qwen_gqa_hmp_fwd_block2x2_bs1_sl65536.json,qwen,gqa_hmp_fwd_block2x2,1,65536,16,,,,,mesh2d,4x4,onering,4505,4505,,,65.868,39.618,SUCCESS,2026-03-06 17:35:13
da97ae261c8686381504406cb773791374ac6a5023914f744dbb6052303200d7,tp16_hbm4_mesh2d_4x4_onering_qwen_gqa_hmp_fwd_block2x2_bs2_sl65536,/home/haotian/waferchip/mesh2D/astra_sim_picasso/examples/run_scripts/analytical/congestion_aware/configs/gqa_batch_scaling/tp16_hbm4_mesh2d_4x4_onering_qwen_gqa_hmp_fwd_block2x2_bs2_sl65536.json,qwen,gqa_hmp_fwd_block2x2,2,65536,16,,,,,mesh2d,4x4,onering,9018,9018,,,65.878,39.622,SUCCESS,2026-03-06 17:35:13
bd573afd1e187828245a6ec0712eedbf5baf46d6ea4b27904243edbb63c418f2,tp16_hbm4_mesh2d_4x4_onering_qwen_gqa_hmp_fwd_block2x2_bs32_sl65536,/home/haotian/waferchip/mesh2D/astra_sim_picasso/examples/run_scripts/analytical/congestion_aware/configs/gqa_batch_scaling/tp16_hbm4_mesh2d_4x4_onering_qwen_gqa_hmp_fwd_block2x2_bs32_sl65536.json,qwen,gqa_hmp_fwd_block2x2,32,65536,16,,,,,mesh2d,4x4,onering,144342,144342,,,65.878,39.633,SUCCESS,2026-03-06 17:35:13
9ed86a4d683c8ede0c69dba4f3a93d819aa4eae7ac57410643afd5c2abac42b8,tp16_hbm4_mesh2d_4x4_onering_qwen_gqa_hmp_fwd_block2x2_bs4_sl65536,/home/haotian/waferchip/mesh2D/astra_sim_picasso/examples/run_scripts/analytical/congestion_aware/configs/gqa_batch_scaling/tp16_hbm4_mesh2d_4x4_onering_qwen_gqa_hmp_fwd_block2x2_bs4_sl65536.json,qwen,gqa_hmp_fwd_block2x2,4,65536,16,,,,,mesh2d,4x4,onering,18039,18039,,,65.877,39.628,SUCCESS,2026-03-06 17:35:13
8455b84d7b23c9b739c42a24adbc2903982ae97f54e9a3604dc6452e8e4ba4cb,tp16_hbm4_mesh2d_4x4_onering_qwen_gqa_hmp_fwd_block2x2_bs64_sl65536,/home/haotian/waferchip/mesh2D/astra_sim_picasso/examples/run_scripts/analytical/congestion_aware/configs/gqa_batch_scaling/tp16_hbm4_mesh2d_4x4_onering_qwen_gqa_hmp_fwd_block2x2_bs64_sl65536.json,qwen,gqa_hmp_fwd_block2x2,64,65536,16,,,,,mesh2d,4x4,onering,288690,288690,,,65.878,39.633,SUCCESS,2026-03-06 17:35:13
a29cf6b15d9691d42b4396ef1aa827187910a214769db68b6916e78b1fdbd8f4,tp16_hbm4_mesh2d_4x4_onering_qwen_gqa_hmp_fwd_block2x2_bs8_sl65536,/home/haotian/waferchip/mesh2D/astra_sim_picasso/examples/run_scripts/analytical/congestion_aware/configs/gqa_batch_scaling/tp16_hbm4_mesh2d_4x4_onering_qwen_gqa_hmp_fwd_block2x2_bs8_sl65536.json,qwen,gqa_hmp_fwd_block2x2,8,65536,16,,,,,mesh2d,4x4,onering,36082,36082,,,65.875,39.633,SUCCESS,2026-03-06 17:35:13
e726719851271c1495db666192800319df1e8d13bf8aa684896adc1d0ecb72da,tp16_hbm4_ring_mesh2d_4x4_onering_qwen_gqa_tp16_fwd_bs16_sl65536,/home/haotian/waferchip/mesh2D/astra_sim_picasso/examples/run_scripts/analytical/congestion_aware/configs/gqa_batch_scaling/tp16_hbm4_ring_mesh2d_4x4_onering_qwen_gqa_tp16_fwd_bs16_sl65536.json,onering,qwen_gqa_tp16_fwd,64,65536,16,,,,,ring,mesh2d,4x4,496581,260043,236538,,62.15,51.664,SUCCESS,2026-03-06 17:35:13
a7470543073a44a2ab489990cca89a753d860fe7087c6f3ddd10555d032147ff,tp16_hbm4_ring_mesh2d_4x4_onering_qwen_gqa_tp16_fwd_bs1_sl65536,/home/haotian/waferchip/mesh2D/astra_sim_picasso/examples/run_scripts/analytical/congestion_aware/configs/gqa_batch_scaling/tp16_hbm4_ring_mesh2d_4x4_onering_qwen_gqa_tp16_fwd_bs1_sl65536.json,onering,qwen_gqa_tp16_fwd,1,65536,16,,,,,ring,mesh2d,4x4,53121,4058,49063,,62.125,51.67,SUCCESS,2026-03-06 17:35:13
fdac125032882dea922e64dbdf7b59b2caaeb52e0ae5af3ba00afffded313c2e,tp16_hbm4_ring_mesh2d_4x4_onering_qwen_gqa_tp16_fwd_bs2_sl65536,/home/haotian/waferchip/mesh2D/astra_sim_picasso/examples/run_scripts/analytical/congestion_aware/configs/gqa_batch_scaling/tp16_hbm4_ring_mesh2d_4x4_onering_qwen_gqa_tp16_fwd_bs2_sl65536.json,onering,qwen_gqa_tp16_fwd,2,65536,16,,,,,ring,mesh2d,4x4,59232,8121,51111,,62.134,51.67,SUCCESS,2026-03-06 17:35:13
c47ba4d84d7a761e76ebf831343f60349a262e801a740b661b5551725e2d8d85,tp16_hbm4_ring_mesh2d_4x4_onering_qwen_gqa_tp16_fwd_bs32_sl65536,/home/haotian/waferchip/mesh2D/astra_sim_picasso/examples/run_scripts/analytical/congestion_aware/configs/gqa_batch_scaling/tp16_hbm4_ring_mesh2d_4x4_onering_qwen_gqa_tp16_fwd_bs32_sl65536.json,onering,qwen_gqa_tp16_fwd,64,65536,16,,,,,ring,mesh2d,4x4,496581,260043,236538,,62.15,51.664,SUCCESS,2026-03-06 17:35:13
ea0c592977697efa74b8d42d41767d88bd230ab5418b00b42c3437550cf4c906,tp16_hbm4_ring_mesh2d_4x4_onering_qwen_gqa_tp16_fwd_bs4_sl65536,/home/haotian/waferchip/mesh2D/astra_sim_picasso/examples/run_scripts/analytical/congestion_aware/configs/gqa_batch_scaling/tp16_hbm4_ring_mesh2d_4x4_onering_qwen_gqa_tp16_fwd_bs4_sl65536.json,onering,qwen_gqa_tp16_fwd,4,65536,16,,,,,ring,mesh2d,4x4,71190,16248,54942,,62.14,51.669,SUCCESS,2026-03-06 17:35:13
18f55d0fb90d55a36f359e22ce12a4a2bacdad5f7ca2f8625901e30be9d31b8d,tp16_hbm4_ring_mesh2d_4x4_onering_qwen_gqa_tp16_fwd_bs64_sl65536,/home/haotian/waferchip/mesh2D/astra_sim_picasso/examples/run_scripts/analytical/congestion_aware/configs/gqa_batch_scaling/tp16_hbm4_ring_mesh2d_4x4_onering_qwen_gqa_tp16_fwd_bs64_sl65536.json,onering,qwen_gqa_tp16_fwd,64,65536,16,,,,,ring,mesh2d,4x4,496581,260043,236538,,62.15,51.664,SUCCESS,2026-03-06 17:35:13
f8a0d018b9275d09da3e2de4dd481a82777b71cfbdd7a544544ca7f0ca14b124,tp16_hbm4_ring_mesh2d_4x4_onering_qwen_gqa_tp16_fwd_bs8_sl65536,/home/haotian/waferchip/mesh2D/astra_sim_picasso/examples/run_scripts/analytical/congestion_aware/configs/gqa_batch_scaling/tp16_hbm4_ring_mesh2d_4x4_onering_qwen_gqa_tp16_fwd_bs8_sl65536.json,onering,qwen_gqa_tp16_fwd,8,65536,16,,,,,ring,mesh2d,4x4,95298,32501,62797,,62.148,51.664,SUCCESS,2026-03-06 17:35:13
5edbddc1d40725f3d5fccc0ee2b6ffcfdc9fcae278f2831f5ee101ff0d3b0235,tp16_hbm4_mesh2d_4x4_onering_qwen_gqa_baseline_fwd_block2x2_bs16_sl65536,/home/haotian/waferchip/mesh2D/astra_sim_picasso/examples/run_scripts/analytical/congestion_aware/configs/gqa_batch_scaling/tp16_hbm4_mesh2d_4x4_onering_qwen_gqa_baseline_fwd_block2x2_bs16_sl65536.json,qwen,gqa_baseline_fwd_block2x2,16,65536,16,,,,,mesh2d,4x4,onering,87026,68786,18240,,64.226,41.514,SUCCESS,2026-03-06 17:35:14
73d4c18722fbdc11675dba26a1dc94efecdf3f1efb2405d2b150de42b8d45249,tp16_hbm4_mesh2d_4x4_onering_qwen_gqa_baseline_fwd_block2x2_bs1_sl65536,/home/haotian/waferchip/mesh2D/astra_sim_picasso/examples/run_scripts/analytical/congestion_aware/configs/gqa_batch_scaling/tp16_hbm4_mesh2d_4x4_onering_qwen_gqa_baseline_fwd_block2x2_bs1_sl65536.json,qwen,gqa_baseline_fwd_block2x2,1,65536,16,,,,,mesh2d,4x4,onering,22534,4294,18240,,64.206,41.512,SUCCESS,2026-03-06 17:35:15
077ed65204d3d78fc8e3ea95e07c42281df5bdc5434a3eea4f04715b9b90fa18,tp16_hbm4_mesh2d_4x4_onering_qwen_gqa_baseline_fwd_block2x2_bs2_sl65536,/home/haotian/waferchip/mesh2D/astra_sim_picasso/examples/run_scripts/analytical/congestion_aware/configs/gqa_batch_scaling/tp16_hbm4_mesh2d_4x4_onering_qwen_gqa_baseline_fwd_block2x2_bs2_sl65536.json,qwen,gqa_baseline_fwd_block2x2,2,65536,16,,,,,mesh2d,4x4,onering,26835,8595,18240,,64.222,41.508,SUCCESS,2026-03-06 17:35:16
69451a69824f1a2ee3bcaf92a7bd94d3364bffe187967bf2bd6e644b6f6006e8,tp16_hbm4_mesh2d_4x4_onering_qwen_gqa_baseline_fwd_block2x2_bs32_sl65536,/home/haotian/waferchip/mesh2D/astra_sim_picasso/examples/run_scripts/analytical/congestion_aware/configs/gqa_batch_scaling/tp16_hbm4_mesh2d_4x4_onering_qwen_gqa_baseline_fwd_block2x2_bs32_sl65536.json,qwen,gqa_baseline_fwd_block2x2,32,65536,16,,,,,mesh2d,4x4,onering,155819,137579,18240,,64.225,41.515,SUCCESS,2026-03-06 17:35:17
2701c574e15e4f1c665527572aeaebcaff4c741c5b6258c190f83cc342145e7d,tp16_hbm4_mesh2d_4x4_onering_qwen_gqa_baseline_fwd_block2x2_bs4_sl65536,/home/haotian/waferchip/mesh2D/astra_sim_picasso/examples/run_scripts/analytical/congestion_aware/configs/gqa_batch_scaling/tp16_hbm4_mesh2d_4x4_onering_qwen_gqa_baseline_fwd_block2x2_bs4_sl65536.json,qwen,gqa_baseline_fwd_block2x2,4,65536,16,,,,,mesh2d,4x4,onering,35434,17194,18240,,64.223,41.512,SUCCESS,2026-03-06 17:35:18
e550b14cadab4aa9f5dbb060e8fcfcc2282af1447e0e2935792d0b9334d4e7b7,tp16_hbm4_mesh2d_4x4_onering_qwen_gqa_baseline_fwd_block2x2_bs64_sl65536,/home/haotian/waferchip/mesh2D/astra_sim_picasso/examples/run_scripts/analytical/congestion_aware/configs/gqa_batch_scaling/tp16_hbm4_mesh2d_4x4_onering_qwen_gqa_baseline_fwd_block2x2_bs64_sl65536.json,qwen,gqa_baseline_fwd_block2x2,64,65536,16,,,,,mesh2d,4x4,onering,293429,275164,18265,,64.226,41.515,SUCCESS,2026-03-06 17:35:19
1c7bfa4d7e6dff1299ffd90a2aa420993c6464ddadc7fb3164e732f139a3a298,tp16_hbm4_mesh2d_4x4_onering_qwen_gqa_baseline_fwd_block2x2_bs8_sl65536,/home/haotian/waferchip/mesh2D/astra_sim_picasso/examples/run_scripts/analytical/congestion_aware/configs/gqa_batch_scaling/tp16_hbm4_mesh2d_4x4_onering_qwen_gqa_baseline_fwd_block2x2_bs8_sl65536.json,qwen,gqa_baseline_fwd_block2x2,8,65536,16,,,,,mesh2d,4x4,onering,52632,34392,18240,,64.224,41.514,SUCCESS,2026-03-06 17:35:20
a019ac20de7506e42ba3ff1440f86257d300c9a937af78cc99edb91b0cf3618a,tp16_hbm4_mesh2d_4x4_onering_qwen_gqa_hmp_fwd_block2x2_bs16_sl65536,/home/haotian/waferchip/mesh2D/astra_sim_picasso/examples/run_scripts/analytical/congestion_aware/configs/gqa_batch_scaling/tp16_hbm4_mesh2d_4x4_onering_qwen_gqa_hmp_fwd_block2x2_bs16_sl65536.json,qwen,gqa_hmp_fwd_block2x2,16,65536,16,,,,,mesh2d,4x4,onering,72167,72167,,,65.878,39.632,SUCCESS,2026-03-06 17:35:20
26c2c5a18adcc889a01ad86fe8e2c22fb92fdcdc1f4cdbc93d2d90c7fe3fe83e,tp16_hbm4_mesh2d_4x4_onering_qwen_gqa_hmp_fwd_block2x2_bs1_sl65536,/home/haotian/waferchip/mesh2D/astra_sim_picasso/examples/run_scripts/analytical/congestion_aware/configs/gqa_batch_scaling/tp16_hbm4_mesh2d_4x4_onering_qwen_gqa_hmp_fwd_block2x2_bs1_sl65536.json,qwen,gqa_hmp_fwd_block2x2,1,65536,16,,,,,mesh2d,4x4,onering,4505,4505,,,65.868,39.618,SUCCESS,2026-03-06 17:35:20
da97ae261c8686381504406cb773791374ac6a5023914f744dbb6052303200d7,tp16_hbm4_mesh2d_4x4_onering_qwen_gqa_hmp_fwd_block2x2_bs2_sl65536,/home/haotian/waferchip/mesh2D/astra_sim_picasso/examples/run_scripts/analytical/congestion_aware/configs/gqa_batch_scaling/tp16_hbm4_mesh2d_4x4_onering_qwen_gqa_hmp_fwd_block2x2_bs2_sl65536.json,qwen,gqa_hmp_fwd_block2x2,2,65536,16,,,,,mesh2d,4x4,onering,9018,9018,,,65.878,39.622,SUCCESS,2026-03-06 17:35:20
bd573afd1e187828245a6ec0712eedbf5baf46d6ea4b27904243edbb63c418f2,tp16_hbm4_mesh2d_4x4_onering_qwen_gqa_hmp_fwd_block2x2_bs32_sl65536,/home/haotian/waferchip/mesh2D/astra_sim_picasso/examples/run_scripts/analytical/congestion_aware/configs/gqa_batch_scaling/tp16_hbm4_mesh2d_4x4_onering_qwen_gqa_hmp_fwd_block2x2_bs32_sl65536.json,qwen,gqa_hmp_fwd_block2x2,32,65536,16,,,,,mesh2d,4x4,onering,144342,144342,,,65.878,39.633,SUCCESS,2026-03-06 17:35:20
9ed86a4d683c8ede0c69dba4f3a93d819aa4eae7ac57410643afd5c2abac42b8,tp16_hbm4_mesh2d_4x4_onering_qwen_gqa_hmp_fwd_block2x2_bs4_sl65536,/home/haotian/waferchip/mesh2D/astra_sim_picasso/examples/run_scripts/analytical/congestion_aware/configs/gqa_batch_scaling/tp16_hbm4_mesh2d_4x4_onering_qwen_gqa_hmp_fwd_block2x2_bs4_sl65536.json,qwen,gqa_hmp_fwd_block2x2,4,65536,16,,,,,mesh2d,4x4,onering,18039,18039,,,65.877,39.628,SUCCESS,2026-03-06 17:35:20
8455b84d7b23c9b739c42a24adbc2903982ae97f54e9a3604dc6452e8e4ba4cb,tp16_hbm4_mesh2d_4x4_onering_qwen_gqa_hmp_fwd_block2x2_bs64_sl65536,/home/haotian/waferchip/mesh2D/astra_sim_picasso/examples/run_scripts/analytical/congestion_aware/configs/gqa_batch_scaling/tp16_hbm4_mesh2d_4x4_onering_qwen_gqa_hmp_fwd_block2x2_bs64_sl65536.json,qwen,gqa_hmp_fwd_block2x2,64,65536,16,,,,,mesh2d,4x4,onering,288690,288690,,,65.878,39.633,SUCCESS,2026-03-06 17:35:20
a29cf6b15d9691d42b4396ef1aa827187910a214769db68b6916e78b1fdbd8f4,tp16_hbm4_mesh2d_4x4_onering_qwen_gqa_hmp_fwd_block2x2_bs8_sl65536,/home/haotian/waferchip/mesh2D/astra_sim_picasso/examples/run_scripts/analytical/congestion_aware/configs/gqa_batch_scaling/tp16_hbm4_mesh2d_4x4_onering_qwen_gqa_hmp_fwd_block2x2_bs8_sl65536.json,qwen,gqa_hmp_fwd_block2x2,8,65536,16,,,,,mesh2d,4x4,onering,36082,36082,,,65.875,39.633,SUCCESS,2026-03-06 17:35:20
047621c1775aa8df18d6efa0fa13b999c09b6bc906b9fb5da2d4b84e821bb726,tp16_hbm4_ring_mesh2d_4x4_onering_qwen_gqa_tp16_fwd_bs16_sl65536,/home/haotian/waferchip/mesh2D/astra_sim_picasso/examples/run_scripts/analytical/congestion_aware/configs/gqa_batch_scaling/tp16_hbm4_ring_mesh2d_4x4_onering_qwen_gqa_tp16_fwd_bs16_sl65536.json,onering,qwen_gqa_tp16_fwd,16,65536,16,,,,,ring,mesh2d,4x4,146695,65007,81688,,62.149,51.664,SUCCESS,2026-03-06 17:35:20
a7470543073a44a2ab489990cca89a753d860fe7087c6f3ddd10555d032147ff,tp16_hbm4_ring_mesh2d_4x4_onering_qwen_gqa_tp16_fwd_bs1_sl65536,/home/haotian/waferchip/mesh2D/astra_sim_picasso/examples/run_scripts/analytical/congestion_aware/configs/gqa_batch_scaling/tp16_hbm4_ring_mesh2d_4x4_onering_qwen_gqa_tp16_fwd_bs1_sl65536.json,onering,qwen_gqa_tp16_fwd,1,65536,16,,,,,ring,mesh2d,4x4,53121,4058,49063,,62.125,51.67,SUCCESS,2026-03-06 17:35:20
fdac125032882dea922e64dbdf7b59b2caaeb52e0ae5af3ba00afffded313c2e,tp16_hbm4_ring_mesh2d_4x4_onering_qwen_gqa_tp16_fwd_bs2_sl65536,/home/haotian/waferchip/mesh2D/astra_sim_picasso/examples/run_scripts/analytical/congestion_aware/configs/gqa_batch_scaling/tp16_hbm4_ring_mesh2d_4x4_onering_qwen_gqa_tp16_fwd_bs2_sl65536.json,onering,qwen_gqa_tp16_fwd,2,65536,16,,,,,ring,mesh2d,4x4,59232,8121,51111,,62.134,51.67,SUCCESS,2026-03-06 17:35:20
c47ba4d84d7a761e76ebf831343f60349a262e801a740b661b5551725e2d8d85,tp16_hbm4_ring_mesh2d_4x4_onering_qwen_gqa_tp16_fwd_bs32_sl65536,/home/haotian/waferchip/mesh2D/astra_sim_picasso/examples/run_scripts/analytical/congestion_aware/configs/gqa_batch_scaling/tp16_hbm4_ring_mesh2d_4x4_onering_qwen_gqa_tp16_fwd_bs32_sl65536.json,onering,qwen_gqa_tp16_fwd,64,65536,16,,,,,ring,mesh2d,4x4,496581,260043,236538,,62.15,51.664,SUCCESS,2026-03-06 17:35:21
ea0c592977697efa74b8d42d41767d88bd230ab5418b00b42c3437550cf4c906,tp16_hbm4_ring_mesh2d_4x4_onering_qwen_gqa_tp16_fwd_bs4_sl65536,/home/haotian/waferchip/mesh2D/astra_sim_picasso/examples/run_scripts/analytical/congestion_aware/configs/gqa_batch_scaling/tp16_hbm4_ring_mesh2d_4x4_onering_qwen_gqa_tp16_fwd_bs4_sl65536.json,onering,qwen_gqa_tp16_fwd,4,65536,16,,,,,ring,mesh2d,4x4,71190,16248,54942,,62.14,51.669,SUCCESS,2026-03-06 17:35:21
18f55d0fb90d55a36f359e22ce12a4a2bacdad5f7ca2f8625901e30be9d31b8d,tp16_hbm4_ring_mesh2d_4x4_onering_qwen_gqa_tp16_fwd_bs64_sl65536,/home/haotian/waferchip/mesh2D/astra_sim_picasso/examples/run_scripts/analytical/congestion_aware/configs/gqa_batch_scaling/tp16_hbm4_ring_mesh2d_4x4_onering_qwen_gqa_tp16_fwd_bs64_sl65536.json,onering,qwen_gqa_tp16_fwd,64,65536,16,,,,,ring,mesh2d,4x4,496581,260043,236538,,62.15,51.664,SUCCESS,2026-03-06 17:35:21
f8a0d018b9275d09da3e2de4dd481a82777b71cfbdd7a544544ca7f0ca14b124,tp16_hbm4_ring_mesh2d_4x4_onering_qwen_gqa_tp16_fwd_bs8_sl65536,/home/haotian/waferchip/mesh2D/astra_sim_picasso/examples/run_scripts/analytical/congestion_aware/configs/gqa_batch_scaling/tp16_hbm4_ring_mesh2d_4x4_onering_qwen_gqa_tp16_fwd_bs8_sl65536.json,onering,qwen_gqa_tp16_fwd,8,65536,16,,,,,ring,mesh2d,4x4,95298,32501,62797,,62.148,51.664,SUCCESS,2026-03-06 17:35:21
5edbddc1d40725f3d5fccc0ee2b6ffcfdc9fcae278f2831f5ee101ff0d3b0235,tp16_hbm4_mesh2d_4x4_onering_qwen_gqa_baseline_fwd_block2x2_bs16_sl65536,/home/haotian/waferchip/mesh2D/astra_sim_picasso/examples/run_scripts/analytical/congestion_aware/configs/gqa_batch_scaling/tp16_hbm4_mesh2d_4x4_onering_qwen_gqa_baseline_fwd_block2x2_bs16_sl65536.json,qwen,gqa_baseline_fwd_block2x2,16,65536,16,,,,,mesh2d,4x4,onering,87026,68786,18240,,64.226,41.514,SUCCESS,2026-03-06 17:35:22
73d4c18722fbdc11675dba26a1dc94efecdf3f1efb2405d2b150de42b8d45249,tp16_hbm4_mesh2d_4x4_onering_qwen_gqa_baseline_fwd_block2x2_bs1_sl65536,/home/haotian/waferchip/mesh2D/astra_sim_picasso/examples/run_scripts/analytical/congestion_aware/configs/gqa_batch_scaling/tp16_hbm4_mesh2d_4x4_onering_qwen_gqa_baseline_fwd_block2x2_bs1_sl65536.json,qwen,gqa_baseline_fwd_block2x2,1,65536,16,,,,,mesh2d,4x4,onering,22534,4294,18240,,64.206,41.512,SUCCESS,2026-03-06 17:35:23
077ed65204d3d78fc8e3ea95e07c42281df5bdc5434a3eea4f04715b9b90fa18,tp16_hbm4_mesh2d_4x4_onering_qwen_gqa_baseline_fwd_block2x2_bs2_sl65536,/home/haotian/waferchip/mesh2D/astra_sim_picasso/examples/run_scripts/analytical/congestion_aware/configs/gqa_batch_scaling/tp16_hbm4_mesh2d_4x4_onering_qwen_gqa_baseline_fwd_block2x2_bs2_sl65536.json,qwen,gqa_baseline_fwd_block2x2,2,65536,16,,,,,mesh2d,4x4,onering,26835,8595,18240,,64.222,41.508,SUCCESS,2026-03-06 17:35:23
69451a69824f1a2ee3bcaf92a7bd94d3364bffe187967bf2bd6e644b6f6006e8,tp16_hbm4_mesh2d_4x4_onering_qwen_gqa_baseline_fwd_block2x2_bs32_sl65536,/home/haotian/waferchip/mesh2D/astra_sim_picasso/examples/run_scripts/analytical/congestion_aware/configs/gqa_batch_scaling/tp16_hbm4_mesh2d_4x4_onering_qwen_gqa_baseline_fwd_block2x2_bs32_sl65536.json,qwen,gqa_baseline_fwd_block2x2,32,65536,16,,,,,mesh2d,4x4,onering,155819,137579,18240,,64.225,41.515,SUCCESS,2026-03-06 17:35:24
2701c574e15e4f1c665527572aeaebcaff4c741c5b6258c190f83cc342145e7d,tp16_hbm4_mesh2d_4x4_onering_qwen_gqa_baseline_fwd_block2x2_bs4_sl65536,/home/haotian/waferchip/mesh2D/astra_sim_picasso/examples/run_scripts/analytical/congestion_aware/configs/gqa_batch_scaling/tp16_hbm4_mesh2d_4x4_onering_qwen_gqa_baseline_fwd_block2x2_bs4_sl65536.json,qwen,gqa_baseline_fwd_block2x2,4,65536,16,,,,,mesh2d,4x4,onering,35434,17194,18240,,64.223,41.512,SUCCESS,2026-03-06 17:35:25
e550b14cadab4aa9f5dbb060e8fcfcc2282af1447e0e2935792d0b9334d4e7b7,tp16_hbm4_mesh2d_4x4_onering_qwen_gqa_baseline_fwd_block2x2_bs64_sl65536,/home/haotian/waferchip/mesh2D/astra_sim_picasso/examples/run_scripts/analytical/congestion_aware/configs/gqa_batch_scaling/tp16_hbm4_mesh2d_4x4_onering_qwen_gqa_baseline_fwd_block2x2_bs64_sl65536.json,qwen,gqa_baseline_fwd_block2x2,64,65536,16,,,,,mesh2d,4x4,onering,293429,275164,18265,,64.226,41.515,SUCCESS,2026-03-06 17:35:26
1c7bfa4d7e6dff1299ffd90a2aa420993c6464ddadc7fb3164e732f139a3a298,tp16_hbm4_mesh2d_4x4_onering_qwen_gqa_baseline_fwd_block2x2_bs8_sl65536,/home/haotian/waferchip/mesh2D/astra_sim_picasso/examples/run_scripts/analytical/congestion_aware/configs/gqa_batch_scaling/tp16_hbm4_mesh2d_4x4_onering_qwen_gqa_baseline_fwd_block2x2_bs8_sl65536.json,qwen,gqa_baseline_fwd_block2x2,8,65536,16,,,,,mesh2d,4x4,onering,52632,34392,18240,,64.224,41.514,SUCCESS,2026-03-06 17:35:27
a019ac20de7506e42ba3ff1440f86257d300c9a937af78cc99edb91b0cf3618a,tp16_hbm4_mesh2d_4x4_onering_qwen_gqa_hmp_fwd_block2x2_bs16_sl65536,/home/haotian/waferchip/mesh2D/astra_sim_picasso/examples/run_scripts/analytical/congestion_aware/configs/gqa_batch_scaling/tp16_hbm4_mesh2d_4x4_onering_qwen_gqa_hmp_fwd_block2x2_bs16_sl65536.json,qwen,gqa_hmp_fwd_block2x2,16,65536,16,,,,,mesh2d,4x4,onering,72167,72167,,,65.878,39.632,SUCCESS,2026-03-06 17:35:27
26c2c5a18adcc889a01ad86fe8e2c22fb92fdcdc1f4cdbc93d2d90c7fe3fe83e,tp16_hbm4_mesh2d_4x4_onering_qwen_gqa_hmp_fwd_block2x2_bs1_sl65536,/home/haotian/waferchip/mesh2D/astra_sim_picasso/examples/run_scripts/analytical/congestion_aware/configs/gqa_batch_scaling/tp16_hbm4_mesh2d_4x4_onering_qwen_gqa_hmp_fwd_block2x2_bs1_sl65536.json,qwen,gqa_hmp_fwd_block2x2,1,65536,16,,,,,mesh2d,4x4,onering,4505,4505,,,65.868,39.618,SUCCESS,2026-03-06 17:35:27
da97ae261c8686381504406cb773791374ac6a5023914f744dbb6052303200d7,tp16_hbm4_mesh2d_4x4_onering_qwen_gqa_hmp_fwd_block2x2_bs2_sl65536,/home/haotian/waferchip/mesh2D/astra_sim_picasso/examples/run_scripts/analytical/congestion_aware/configs/gqa_batch_scaling/tp16_hbm4_mesh2d_4x4_onering_qwen_gqa_hmp_fwd_block2x2_bs2_sl65536.json,qwen,gqa_hmp_fwd_block2x2,2,65536,16,,,,,mesh2d,4x4,onering,9018,9018,,,65.878,39.622,SUCCESS,2026-03-06 17:35:27
bd573afd1e187828245a6ec0712eedbf5baf46d6ea4b27904243edbb63c418f2,tp16_hbm4_mesh2d_4x4_onering_qwen_gqa_hmp_fwd_block2x2_bs32_sl65536,/home/haotian/waferchip/mesh2D/astra_sim_picasso/examples/run_scripts/analytical/congestion_aware/configs/gqa_batch_scaling/tp16_hbm4_mesh2d_4x4_onering_qwen_gqa_hmp_fwd_block2x2_bs32_sl65536.json,qwen,gqa_hmp_fwd_block2x2,32,65536,16,,,,,mesh2d,4x4,onering,144342,144342,,,65.878,39.633,SUCCESS,2026-03-06 17:35:28
9ed86a4d683c8ede0c69dba4f3a93d819aa4eae7ac57410643afd5c2abac42b8,tp16_hbm4_mesh2d_4x4_onering_qwen_gqa_hmp_fwd_block2x2_bs4_sl65536,/home/haotian/waferchip/mesh2D/astra_sim_picasso/examples/run_scripts/analytical/congestion_aware/configs/gqa_batch_scaling/tp16_hbm4_mesh2d_4x4_onering_qwen_gqa_hmp_fwd_block2x2_bs4_sl65536.json,qwen,gqa_hmp_fwd_block2x2,4,65536,16,,,,,mesh2d,4x4,onering,18039,18039,,,65.877,39.628,SUCCESS,2026-03-06 17:35:28
8455b84d7b23c9b739c42a24adbc2903982ae97f54e9a3604dc6452e8e4ba4cb,tp16_hbm4_mesh2d_4x4_onering_qwen_gqa_hmp_fwd_block2x2_bs64_sl65536,/home/haotian/waferchip/mesh2D/astra_sim_picasso/examples/run_scripts/analytical/congestion_aware/configs/gqa_batch_scaling/tp16_hbm4_mesh2d_4x4_onering_qwen_gqa_hmp_fwd_block2x2_bs64_sl65536.json,qwen,gqa_hmp_fwd_block2x2,64,65536,16,,,,,mesh2d,4x4,onering,288690,288690,,,65.878,39.633,SUCCESS,2026-03-06 17:35:28
a29cf6b15d9691d42b4396ef1aa827187910a214769db68b6916e78b1fdbd8f4,tp16_hbm4_mesh2d_4x4_onering_qwen_gqa_hmp_fwd_block2x2_bs8_sl65536,/home/haotian/waferchip/mesh2D/astra_sim_picasso/examples/run_scripts/analytical/congestion_aware/configs/gqa_batch_scaling/tp16_hbm4_mesh2d_4x4_onering_qwen_gqa_hmp_fwd_block2x2_bs8_sl65536.json,qwen,gqa_hmp_fwd_block2x2,8,65536,16,,,,,mesh2d,4x4,onering,36082,36082,,,65.875,39.633,SUCCESS,2026-03-06 17:35:28
047621c1775aa8df18d6efa0fa13b999c09b6bc906b9fb5da2d4b84e821bb726,tp16_hbm4_ring_mesh2d_4x4_onering_qwen_gqa_tp16_fwd_bs16_sl65536,/home/haotian/waferchip/mesh2D/astra_sim_picasso/examples/run_scripts/analytical/congestion_aware/configs/gqa_batch_scaling/tp16_hbm4_ring_mesh2d_4x4_onering_qwen_gqa_tp16_fwd_bs16_sl65536.json,onering,qwen_gqa_tp16_fwd,16,65536,16,,,,,ring,mesh2d,4x4,146695,65007,81688,,62.149,51.664,SUCCESS,2026-03-06 17:35:28
a7470543073a44a2ab489990cca89a753d860fe7087c6f3ddd10555d032147ff,tp16_hbm4_ring_mesh2d_4x4_onering_qwen_gqa_tp16_fwd_bs1_sl65536,/home/haotian/waferchip/mesh2D/astra_sim_picasso/examples/run_scripts/analytical/congestion_aware/configs/gqa_batch_scaling/tp16_hbm4_ring_mesh2d_4x4_onering_qwen_gqa_tp16_fwd_bs1_sl65536.json,onering,qwen_gqa_tp16_fwd,1,65536,16,,,,,ring,mesh2d,4x4,53121,4058,49063,,62.125,51.67,SUCCESS,2026-03-06 17:35:28
fdac125032882dea922e64dbdf7b59b2caaeb52e0ae5af3ba00afffded313c2e,tp16_hbm4_ring_mesh2d_4x4_onering_qwen_gqa_tp16_fwd_bs2_sl65536,/home/haotian/waferchip/mesh2D/astra_sim_picasso/examples/run_scripts/analytical/congestion_aware/configs/gqa_batch_scaling/tp16_hbm4_ring_mesh2d_4x4_onering_qwen_gqa_tp16_fwd_bs2_sl65536.json,onering,qwen_gqa_tp16_fwd,2,65536,16,,,,,ring,mesh2d,4x4,59232,8121,51111,,62.134,51.67,SUCCESS,2026-03-06 17:35:28
51b5c9b8ce78cb634a386c6fa3e3a480f7119035312048a90070e7b2c04d6b89,tp16_hbm4_ring_mesh2d_4x4_onering_qwen_gqa_tp16_fwd_bs32_sl65536,/home/haotian/waferchip/mesh2D/astra_sim_picasso/examples/run_scripts/analytical/congestion_aware/configs/gqa_batch_scaling/tp16_hbm4_ring_mesh2d_4x4_onering_qwen_gqa_tp16_fwd_bs32_sl65536.json,onering,qwen_gqa_tp16_fwd,32,65536,16,,,,,ring,mesh2d,4x4,263187,130019,133168,,62.15,51.664,SUCCESS,2026-03-06 17:35:28
ea0c592977697efa74b8d42d41767d88bd230ab5418b00b42c3437550cf4c906,tp16_hbm4_ring_mesh2d_4x4_onering_qwen_gqa_tp16_fwd_bs4_sl65536,/home/haotian/waferchip/mesh2D/astra_sim_picasso/examples/run_scripts/analytical/congestion_aware/configs/gqa_batch_scaling/tp16_hbm4_ring_mesh2d_4x4_onering_qwen_gqa_tp16_fwd_bs4_sl65536.json,onering,qwen_gqa_tp16_fwd,4,65536,16,,,,,ring,mesh2d,4x4,71190,16248,54942,,62.14,51.669,SUCCESS,2026-03-06 17:35:28
18f55d0fb90d55a36f359e22ce12a4a2bacdad5f7ca2f8625901e30be9d31b8d,tp16_hbm4_ring_mesh2d_4x4_onering_qwen_gqa_tp16_fwd_bs64_sl65536,/home/haotian/waferchip/mesh2D/astra_sim_picasso/examples/run_scripts/analytical/congestion_aware/configs/gqa_batch_scaling/tp16_hbm4_ring_mesh2d_4x4_onering_qwen_gqa_tp16_fwd_bs64_sl65536.json,onering,qwen_gqa_tp16_fwd,64,65536,16,,,,,ring,mesh2d,4x4,496581,260043,236538,,62.15,51.664,SUCCESS,2026-03-06 17:35:28
f8a0d018b9275d09da3e2de4dd481a82777b71cfbdd7a544544ca7f0ca14b124,tp16_hbm4_ring_mesh2d_4x4_onering_qwen_gqa_tp16_fwd_bs8_sl65536,/home/haotian/waferchip/mesh2D/astra_sim_picasso/examples/run_scripts/analytical/congestion_aware/configs/gqa_batch_scaling/tp16_hbm4_ring_mesh2d_4x4_onering_qwen_gqa_tp16_fwd_bs8_sl65536.json,onering,qwen_gqa_tp16_fwd,8,65536,16,,,,,ring,mesh2d,4x4,95298,32501,62797,,62.148,51.664,SUCCESS,2026-03-06 17:35:28
5edbddc1d40725f3d5fccc0ee2b6ffcfdc9fcae278f2831f5ee101ff0d3b0235,tp16_hbm4_mesh2d_4x4_onering_qwen_gqa_baseline_fwd_block2x2_bs16_sl65536,/home/haotian/waferchip/mesh2D/astra_sim_picasso/examples/run_scripts/analytical/congestion_aware/configs/gqa_batch_scaling/tp16_hbm4_mesh2d_4x4_onering_qwen_gqa_baseline_fwd_block2x2_bs16_sl65536.json,qwen,gqa_baseline_fwd_block2x2,16,65536,16,,,,,mesh2d,4x4,onering,87026,68786,18240,,64.226,41.514,SUCCESS,2026-03-06 17:35:29
73d4c18722fbdc11675dba26a1dc94efecdf3f1efb2405d2b150de42b8d45249,tp16_hbm4_mesh2d_4x4_onering_qwen_gqa_baseline_fwd_block2x2_bs1_sl65536,/home/haotian/waferchip/mesh2D/astra_sim_picasso/examples/run_scripts/analytical/congestion_aware/configs/gqa_batch_scaling/tp16_hbm4_mesh2d_4x4_onering_qwen_gqa_baseline_fwd_block2x2_bs1_sl65536.json,qwen,gqa_baseline_fwd_block2x2,1,65536,16,,,,,mesh2d,4x4,onering,22534,4294,18240,,64.206,41.512,SUCCESS,2026-03-06 17:35:30
077ed65204d3d78fc8e3ea95e07c42281df5bdc5434a3eea4f04715b9b90fa18,tp16_hbm4_mesh2d_4x4_onering_qwen_gqa_baseline_fwd_block2x2_bs2_sl65536,/home/haotian/waferchip/mesh2D/astra_sim_picasso/examples/run_scripts/analytical/congestion_aware/configs/gqa_batch_scaling/tp16_hbm4_mesh2d_4x4_onering_qwen_gqa_baseline_fwd_block2x2_bs2_sl65536.json,qwen,gqa_baseline_fwd_block2x2,2,65536,16,,,,,mesh2d,4x4,onering,26835,8595,18240,,64.222,41.508,SUCCESS,2026-03-06 17:35:31
69451a69824f1a2ee3bcaf92a7bd94d3364bffe187967bf2bd6e644b6f6006e8,tp16_hbm4_mesh2d_4x4_onering_qwen_gqa_baseline_fwd_block2x2_bs32_sl65536,/home/haotian/waferchip/mesh2D/astra_sim_picasso/examples/run_scripts/analytical/congestion_aware/configs/gqa_batch_scaling/tp16_hbm4_mesh2d_4x4_onering_qwen_gqa_baseline_fwd_block2x2_bs32_sl65536.json,qwen,gqa_baseline_fwd_block2x2,32,65536,16,,,,,mesh2d,4x4,onering,155819,137579,18240,,64.225,41.515,SUCCESS,2026-03-06 17:35:32
2701c574e15e4f1c665527572aeaebcaff4c741c5b6258c190f83cc342145e7d,tp16_hbm4_mesh2d_4x4_onering_qwen_gqa_baseline_fwd_block2x2_bs4_sl65536,/home/haotian/waferchip/mesh2D/astra_sim_picasso/examples/run_scripts/analytical/congestion_aware/configs/gqa_batch_scaling/tp16_hbm4_mesh2d_4x4_onering_qwen_gqa_baseline_fwd_block2x2_bs4_sl65536.json,qwen,gqa_baseline_fwd_block2x2,4,65536,16,,,,,mesh2d,4x4,onering,35434,17194,18240,,64.223,41.512,SUCCESS,2026-03-06 17:35:33
e550b14cadab4aa9f5dbb060e8fcfcc2282af1447e0e2935792d0b9334d4e7b7,tp16_hbm4_mesh2d_4x4_onering_qwen_gqa_baseline_fwd_block2x2_bs64_sl65536,/home/haotian/waferchip/mesh2D/astra_sim_picasso/examples/run_scripts/analytical/congestion_aware/configs/gqa_batch_scaling/tp16_hbm4_mesh2d_4x4_onering_qwen_gqa_baseline_fwd_block2x2_bs64_sl65536.json,qwen,gqa_baseline_fwd_block2x2,64,65536,16,,,,,mesh2d,4x4,onering,293429,275164,18265,,64.226,41.515,SUCCESS,2026-03-06 17:35:34
1c7bfa4d7e6dff1299ffd90a2aa420993c6464ddadc7fb3164e732f139a3a298,tp16_hbm4_mesh2d_4x4_onering_qwen_gqa_baseline_fwd_block2x2_bs8_sl65536,/home/haotian/waferchip/mesh2D/astra_sim_picasso/examples/run_scripts/analytical/congestion_aware/configs/gqa_batch_scaling/tp16_hbm4_mesh2d_4x4_onering_qwen_gqa_baseline_fwd_block2x2_bs8_sl65536.json,qwen,gqa_baseline_fwd_block2x2,8,65536,16,,,,,mesh2d,4x4,onering,52632,34392,18240,,64.224,41.514,SUCCESS,2026-03-06 17:35:35
a019ac20de7506e42ba3ff1440f86257d300c9a937af78cc99edb91b0cf3618a,tp16_hbm4_mesh2d_4x4_onering_qwen_gqa_hmp_fwd_block2x2_bs16_sl65536,/home/haotian/waferchip/mesh2D/astra_sim_picasso/examples/run_scripts/analytical/congestion_aware/configs/gqa_batch_scaling/tp16_hbm4_mesh2d_4x4_onering_qwen_gqa_hmp_fwd_block2x2_bs16_sl65536.json,qwen,gqa_hmp_fwd_block2x2,16,65536,16,,,,,mesh2d,4x4,onering,72167,72167,,,65.878,39.632,SUCCESS,2026-03-06 17:35:35
26c2c5a18adcc889a01ad86fe8e2c22fb92fdcdc1f4cdbc93d2d90c7fe3fe83e,tp16_hbm4_mesh2d_4x4_onering_qwen_gqa_hmp_fwd_block2x2_bs1_sl65536,/home/haotian/waferchip/mesh2D/astra_sim_picasso/examples/run_scripts/analytical/congestion_aware/configs/gqa_batch_scaling/tp16_hbm4_mesh2d_4x4_onering_qwen_gqa_hmp_fwd_block2x2_bs1_sl65536.json,qwen,gqa_hmp_fwd_block2x2,1,65536,16,,,,,mesh2d,4x4,onering,4505,4505,,,65.868,39.618,SUCCESS,2026-03-06 17:35:35
da97ae261c8686381504406cb773791374ac6a5023914f744dbb6052303200d7,tp16_hbm4_mesh2d_4x4_onering_qwen_gqa_hmp_fwd_block2x2_bs2_sl65536,/home/haotian/waferchip/mesh2D/astra_sim_picasso/examples/run_scripts/analytical/congestion_aware/configs/gqa_batch_scaling/tp16_hbm4_mesh2d_4x4_onering_qwen_gqa_hmp_fwd_block2x2_bs2_sl65536.json,qwen,gqa_hmp_fwd_block2x2,2,65536,16,,,,,mesh2d,4x4,onering,9018,9018,,,65.878,39.622,SUCCESS,2026-03-06 17:35:35
bd573afd1e187828245a6ec0712eedbf5baf46d6ea4b27904243edbb63c418f2,tp16_hbm4_mesh2d_4x4_onering_qwen_gqa_hmp_fwd_block2x2_bs32_sl65536,/home/haotian/waferchip/mesh2D/astra_sim_picasso/examples/run_scripts/analytical/congestion_aware/configs/gqa_batch_scaling/tp16_hbm4_mesh2d_4x4_onering_qwen_gqa_hmp_fwd_block2x2_bs32_sl65536.json,qwen,gqa_hmp_fwd_block2x2,32,65536,16,,,,,mesh2d,4x4,onering,144342,144342,,,65.878,39.633,SUCCESS,2026-03-06 17:35:35
9ed86a4d683c8ede0c69dba4f3a93d819aa4eae7ac57410643afd5c2abac42b8,tp16_hbm4_mesh2d_4x4_onering_qwen_gqa_hmp_fwd_block2x2_bs4_sl65536,/home/haotian/waferchip/mesh2D/astra_sim_picasso/examples/run_scripts/analytical/congestion_aware/configs/gqa_batch_scaling/tp16_hbm4_mesh2d_4x4_onering_qwen_gqa_hmp_fwd_block2x2_bs4_sl65536.json,qwen,gqa_hmp_fwd_block2x2,4,65536,16,,,,,mesh2d,4x4,onering,18039,18039,,,65.877,39.628,SUCCESS,2026-03-06 17:35:35
8455b84d7b23c9b739c42a24adbc2903982ae97f54e9a3604dc6452e8e4ba4cb,tp16_hbm4_mesh2d_4x4_onering_qwen_gqa_hmp_fwd_block2x2_bs64_sl65536,/home/haotian/waferchip/mesh2D/astra_sim_picasso/examples/run_scripts/analytical/congestion_aware/configs/gqa_batch_scaling/tp16_hbm4_mesh2d_4x4_onering_qwen_gqa_hmp_fwd_block2x2_bs64_sl65536.json,qwen,gqa_hmp_fwd_block2x2,64,65536,16,,,,,mesh2d,4x4,onering,288690,288690,,,65.878,39.633,SUCCESS,2026-03-06 17:35:35
a29cf6b15d9691d42b4396ef1aa827187910a214769db68b6916e78b1fdbd8f4,tp16_hbm4_mesh2d_4x4_onering_qwen_gqa_hmp_fwd_block2x2_bs8_sl65536,/home/haotian/waferchip/mesh2D/astra_sim_picasso/examples/run_scripts/analytical/congestion_aware/configs/gqa_batch_scaling/tp16_hbm4_mesh2d_4x4_onering_qwen_gqa_hmp_fwd_block2x2_bs8_sl65536.json,qwen,gqa_hmp_fwd_block2x2,8,65536,16,,,,,mesh2d,4x4,onering,36082,36082,,,65.875,39.633,SUCCESS,2026-03-06 17:35:35
047621c1775aa8df18d6efa0fa13b999c09b6bc906b9fb5da2d4b84e821bb726,tp16_hbm4_ring_mesh2d_4x4_onering_qwen_gqa_tp16_fwd_bs16_sl65536,/home/haotian/waferchip/mesh2D/astra_sim_picasso/examples/run_scripts/analytical/congestion_aware/configs/gqa_batch_scaling/tp16_hbm4_ring_mesh2d_4x4_onering_qwen_gqa_tp16_fwd_bs16_sl65536.json,onering,qwen_gqa_tp16_fwd,16,65536,16,,,,,ring,mesh2d,4x4,146695,65007,81688,,62.149,51.664,SUCCESS,2026-03-06 17:35:35
a7470543073a44a2ab489990cca89a753d860fe7087c6f3ddd10555d032147ff,tp16_hbm4_ring_mesh2d_4x4_onering_qwen_gqa_tp16_fwd_bs1_sl65536,/home/haotian/waferchip/mesh2D/astra_sim_picasso/examples/run_scripts/analytical/congestion_aware/configs/gqa_batch_scaling/tp16_hbm4_ring_mesh2d_4x4_onering_qwen_gqa_tp16_fwd_bs1_sl65536.json,onering,qwen_gqa_tp16_fwd,1,65536,16,,,,,ring,mesh2d,4x4,53121,4058,49063,,62.125,51.67,SUCCESS,2026-03-06 17:35:35
fdac125032882dea922e64dbdf7b59b2caaeb52e0ae5af3ba00afffded313c2e,tp16_hbm4_ring_mesh2d_4x4_onering_qwen_gqa_tp16_fwd_bs2_sl65536,/home/haotian/waferchip/mesh2D/astra_sim_picasso/examples/run_scripts/analytical/congestion_aware/configs/gqa_batch_scaling/tp16_hbm4_ring_mesh2d_4x4_onering_qwen_gqa_tp16_fwd_bs2_sl65536.json,onering,qwen_gqa_tp16_fwd,2,65536,16,,,,,ring,mesh2d,4x4,59232,8121,51111,,62.134,51.67,SUCCESS,2026-03-06 17:35:35
51b5c9b8ce78cb634a386c6fa3e3a480f7119035312048a90070e7b2c04d6b89,tp16_hbm4_ring_mesh2d_4x4_onering_qwen_gqa_tp16_fwd_bs32_sl65536,/home/haotian/waferchip/mesh2D/astra_sim_picasso/examples/run_scripts/analytical/congestion_aware/configs/gqa_batch_scaling/tp16_hbm4_ring_mesh2d_4x4_onering_qwen_gqa_tp16_fwd_bs32_sl65536.json,onering,qwen_gqa_tp16_fwd,32,65536,16,,,,,ring,mesh2d,4x4,263187,130019,133168,,62.15,51.664,SUCCESS,2026-03-06 17:35:35
ea0c592977697efa74b8d42d41767d88bd230ab5418b00b42c3437550cf4c906,tp16_hbm4_ring_mesh2d_4x4_onering_qwen_gqa_tp16_fwd_bs4_sl65536,/home/haotian/waferchip/mesh2D/astra_sim_picasso/examples/run_scripts/analytical/congestion_aware/configs/gqa_batch_scaling/tp16_hbm4_ring_mesh2d_4x4_onering_qwen_gqa_tp16_fwd_bs4_sl65536.json,onering,qwen_gqa_tp16_fwd,4,65536,16,,,,,ring,mesh2d,4x4,71190,16248,54942,,62.14,51.669,SUCCESS,2026-03-06 17:35:35
0e3eabc240360f3f46493a74140366f5f5d3eb6c1d6e2bf0e0a7ba66857a9dbb,tp16_hbm4_ring_mesh2d_4x4_onering_qwen_gqa_tp16_fwd_bs64_sl65536,/home/haotian/waferchip/mesh2D/astra_sim_picasso/examples/run_scripts/analytical/congestion_aware/configs/gqa_batch_scaling/tp16_hbm4_ring_mesh2d_4x4_onering_qwen_gqa_tp16_fwd_bs64_sl65536.json,onering,qwen_gqa_tp16_fwd,64,65536,16,,,,,ring,mesh2d,4x4,496581,260043,236538,,62.15,51.664,SUCCESS,2026-03-06 17:35:35
f8a0d018b9275d09da3e2de4dd481a82777b71cfbdd7a544544ca7f0ca14b124,tp16_hbm4_ring_mesh2d_4x4_onering_qwen_gqa_tp16_fwd_bs8_sl65536,/home/haotian/waferchip/mesh2D/astra_sim_picasso/examples/run_scripts/analytical/congestion_aware/configs/gqa_batch_scaling/tp16_hbm4_ring_mesh2d_4x4_onering_qwen_gqa_tp16_fwd_bs8_sl65536.json,onering,qwen_gqa_tp16_fwd,8,65536,16,,,,,ring,mesh2d,4x4,95298,32501,62797,,62.148,51.664,SUCCESS,2026-03-06 17:35:35
