key_hash,config_name,config_path,model,operation,batch_size,seq,tp,dp,pp,sp,cp,physical_topology,num_gpus,logical_topology,wall_time,gpu_time,comm_time,overlap,compute_util,memory_util,status,created_at
d6a0763382f8933898993cd8ac30214563ad486dbb86a672d87a69f3e28db013,tp16_hbm4_mesh2d_4x4_onering_qwen_gqa_baseline_fwd_block2x2_bs64_sl1024,/home/haotian/waferchip/mesh2D/astra_sim_picasso/examples/run_scripts/analytical/congestion_aware/configs/gqa_seq_scaling/tp16_hbm4_mesh2d_4x4_onering_qwen_gqa_baseline_fwd_block2x2_bs64_sl1024.json,qwen,gqa_baseline_fwd_block2x2,64,1024,16,,,,,mesh2d,4x4,onering,49050,30785,18265,,94.965,5.936,SUCCESS,2026-03-04 22:26:21
036aeb1c1d9b4b5f37bdbcb88ffbf034118bad8c8a7ac3a0961c3b894bc3b04c,tp16_hbm4_mesh2d_4x4_onering_qwen_gqa_baseline_fwd_block2x2_bs64_sl16384,/home/haotian/waferchip/mesh2D/astra_sim_picasso/examples/run_scripts/analytical/congestion_aware/configs/gqa_seq_scaling/tp16_hbm4_mesh2d_4x4_onering_qwen_gqa_baseline_fwd_block2x2_bs64_sl16384.json,qwen,gqa_baseline_fwd_block2x2,64,16384,16,,,,,mesh2d,4x4,onering,141325,123060,18265,,79.994,21.935,SUCCESS,2026-03-04 22:26:22
2b33c3d6dfc0caca6d62228d99dc5860cefe211d18ccf357f122d42a7f9c910a,tp16_hbm4_mesh2d_4x4_onering_qwen_gqa_baseline_fwd_block2x2_bs64_sl2048,/home/haotian/waferchip/mesh2D/astra_sim_picasso/examples/run_scripts/analytical/congestion_aware/configs/gqa_seq_scaling/tp16_hbm4_mesh2d_4x4_onering_qwen_gqa_baseline_fwd_block2x2_bs64_sl2048.json,qwen,gqa_baseline_fwd_block2x2,64,2048,16,,,,,mesh2d,4x4,onering,55200,36935,18265,,91.644,9.486,SUCCESS,2026-03-04 22:26:24
5fb8363e761397e495b96e7dacbbf2aa4942682de129b1c92e891d4e1c6db363,tp16_hbm4_mesh2d_4x4_onering_qwen_gqa_baseline_fwd_block2x2_bs64_sl32768,/home/haotian/waferchip/mesh2D/astra_sim_picasso/examples/run_scripts/analytical/congestion_aware/configs/gqa_seq_scaling/tp16_hbm4_mesh2d_4x4_onering_qwen_gqa_baseline_fwd_block2x2_bs64_sl32768.json,qwen,gqa_baseline_fwd_block2x2,64,32768,16,,,,,mesh2d,4x4,onering,239750,221485,18265,,77.775,24.307,SUCCESS,2026-03-04 22:26:25
ce5699dd75d699fbdef68796f5561169a337697fb838dddda3d8d858b07f9cb7,tp16_hbm4_mesh2d_4x4_onering_qwen_gqa_baseline_fwd_block2x2_bs64_sl4096,/home/haotian/waferchip/mesh2D/astra_sim_picasso/examples/run_scripts/analytical/congestion_aware/configs/gqa_seq_scaling/tp16_hbm4_mesh2d_4x4_onering_qwen_gqa_baseline_fwd_block2x2_bs64_sl4096.json,qwen,gqa_baseline_fwd_block2x2,64,4096,16,,,,,mesh2d,4x4,onering,67504,49239,18265,,87.484,13.931,SUCCESS,2026-03-04 22:26:26
a1862be90727399c9de6da0ae0b9a87b97a315233240bebb7ff92470775dc082,tp16_hbm4_mesh2d_4x4_onering_qwen_gqa_baseline_fwd_block2x2_bs64_sl65536,/home/haotian/waferchip/mesh2D/astra_sim_picasso/examples/run_scripts/analytical/congestion_aware/configs/gqa_seq_scaling/tp16_hbm4_mesh2d_4x4_onering_qwen_gqa_baseline_fwd_block2x2_bs64_sl65536.json,qwen,gqa_baseline_fwd_block2x2,64,65536,16,,,,,mesh2d,4x4,onering,436603,418338,18265,,76.469,25.703,SUCCESS,2026-03-04 22:26:27
ebd066c19cf12fa7f59ae53f0c865961ecfbe34d055df117e91301b7ad20f65f,tp16_hbm4_mesh2d_4x4_onering_qwen_gqa_baseline_fwd_block2x2_bs64_sl8192,/home/haotian/waferchip/mesh2D/astra_sim_picasso/examples/run_scripts/analytical/congestion_aware/configs/gqa_seq_scaling/tp16_hbm4_mesh2d_4x4_onering_qwen_gqa_baseline_fwd_block2x2_bs64_sl8192.json,qwen,gqa_baseline_fwd_block2x2,64,8192,16,,,,,mesh2d,4x4,onering,92111,73846,18265,,83.323,18.378,SUCCESS,2026-03-04 22:26:29
7f66b35437c3e70db1cc33b1c7dd0d6c82c013d156a53de6c113a6537756774c,tp16_hbm4_mesh2d_4x4_onering_qwen_gqa_hmp_fwd_block2x2_bs64_sl1024,/home/haotian/waferchip/mesh2D/astra_sim_picasso/examples/run_scripts/analytical/congestion_aware/configs/gqa_seq_scaling/tp16_hbm4_mesh2d_4x4_onering_qwen_gqa_hmp_fwd_block2x2_bs64_sl1024.json,qwen,gqa_hmp_fwd_block2x2,64,1024,16,,,,,mesh2d,4x4,onering,44207,44207,,,96.493,4.312,SUCCESS,2026-03-04 22:26:29
fe6b0fad12d310e09a1d02384e34a31353af5544aad8d96237bb8f93212b827e,tp16_hbm4_mesh2d_4x4_onering_qwen_gqa_hmp_fwd_block2x2_bs64_sl16384,/home/haotian/waferchip/mesh2D/astra_sim_picasso/examples/run_scripts/analytical/congestion_aware/configs/gqa_seq_scaling/tp16_hbm4_mesh2d_4x4_onering_qwen_gqa_hmp_fwd_block2x2_bs64_sl16384.json,qwen,gqa_hmp_fwd_block2x2,64,16384,16,,,,,mesh2d,4x4,onering,136482,136482,,,81.962,19.836,SUCCESS,2026-03-04 22:26:29
e6c2af9d85060625649454924a76f83ee9a8e26c24713c96cad233e95272eddb,tp16_hbm4_mesh2d_4x4_onering_qwen_gqa_hmp_fwd_block2x2_bs64_sl2048,/home/haotian/waferchip/mesh2D/astra_sim_picasso/examples/run_scripts/analytical/congestion_aware/configs/gqa_seq_scaling/tp16_hbm4_mesh2d_4x4_onering_qwen_gqa_hmp_fwd_block2x2_bs64_sl2048.json,qwen,gqa_hmp_fwd_block2x2,64,2048,16,,,,,mesh2d,4x4,onering,50357,50357,,,93.871,7.114,SUCCESS,2026-03-04 22:26:29
f597288a8b586e4a1ea0845f4c582307535394ccdf3515034157cf4deecaa56d,tp16_hbm4_mesh2d_4x4_onering_qwen_gqa_hmp_fwd_block2x2_bs64_sl32768,/home/haotian/waferchip/mesh2D/astra_sim_picasso/examples/run_scripts/analytical/congestion_aware/configs/gqa_seq_scaling/tp16_hbm4_mesh2d_4x4_onering_qwen_gqa_hmp_fwd_block2x2_bs64_sl32768.json,qwen,gqa_hmp_fwd_block2x2,64,32768,16,,,,,mesh2d,4x4,onering,234907,234907,,,79.045,22.951,SUCCESS,2026-03-04 22:26:29
b41cc6b3256d461e89aff5753f2afa16e6a47a3291c9f4d212642475b1e3b8b0,tp16_hbm4_mesh2d_4x4_onering_qwen_gqa_hmp_fwd_block2x2_bs64_sl4096,/home/haotian/waferchip/mesh2D/astra_sim_picasso/examples/run_scripts/analytical/congestion_aware/configs/gqa_seq_scaling/tp16_hbm4_mesh2d_4x4_onering_qwen_gqa_hmp_fwd_block2x2_bs64_sl4096.json,qwen,gqa_hmp_fwd_block2x2,64,4096,16,,,,,mesh2d,4x4,onering,62661,62661,,,90.165,11.073,SUCCESS,2026-03-04 22:26:29
656a866d58b152948e8ad18fb2c3781affee11be2eef4dc00a9274103afd260c,tp16_hbm4_mesh2d_4x4_onering_qwen_gqa_hmp_fwd_block2x2_bs64_sl65536,/home/haotian/waferchip/mesh2D/astra_sim_picasso/examples/run_scripts/analytical/congestion_aware/configs/gqa_seq_scaling/tp16_hbm4_mesh2d_4x4_onering_qwen_gqa_hmp_fwd_block2x2_bs64_sl65536.json,qwen,gqa_hmp_fwd_block2x2,64,65536,16,,,,,mesh2d,4x4,onering,431760,431760,,,77.201,24.922,SUCCESS,2026-03-04 22:26:29
31768a1c2d5985a05eed8fbafcb96bef8319834c57735565cdf188b4fd4b40b8,tp16_hbm4_mesh2d_4x4_onering_qwen_gqa_hmp_fwd_block2x2_bs64_sl8192,/home/haotian/waferchip/mesh2D/astra_sim_picasso/examples/run_scripts/analytical/congestion_aware/configs/gqa_seq_scaling/tp16_hbm4_mesh2d_4x4_onering_qwen_gqa_hmp_fwd_block2x2_bs64_sl8192.json,qwen,gqa_hmp_fwd_block2x2,64,8192,16,,,,,mesh2d,4x4,onering,87268,87268,,,85.888,15.642,SUCCESS,2026-03-04 22:26:29
67aef3d26bef850ace2666b3750e6fb1a59595b88c66ca4a13dfca845a4a03bb,tp16_hbm4_real_mesh2d_4x4_onering_qwen_gqa_baseline_fwd_bs64_sl1022,/home/haotian/waferchip/mesh2D/astra_sim_picasso/examples/run_scripts/analytical/congestion_aware/configs/gqa_seq_scaling/tp16_hbm4_real_mesh2d_4x4_onering_qwen_gqa_baseline_fwd_bs64_sl1022.json,onering,qwen_gqa_baseline_fwd,64,1022,16,,,,,real,mesh2d,4x4,50262,30785,19477,,94.965,5.936,SUCCESS,2026-03-04 22:26:31
bd2ea5090cc499dae154f21f7b644048e492e16441ce3993144b27c3036a1674,tp16_hbm4_real_mesh2d_4x4_onering_qwen_gqa_baseline_fwd_bs64_sl1023,/home/haotian/waferchip/mesh2D/astra_sim_picasso/examples/run_scripts/analytical/congestion_aware/configs/gqa_seq_scaling/tp16_hbm4_real_mesh2d_4x4_onering_qwen_gqa_baseline_fwd_bs64_sl1023.json,onering,qwen_gqa_baseline_fwd,64,1023,16,,,,,real,mesh2d,4x4,50262,30785,19477,,94.965,5.936,SUCCESS,2026-03-04 22:26:33
3fbb54714745f9efc9a58e8ad804262a15157fd97045c00f94c0e39d76a07c52,tp16_hbm4_real_mesh2d_4x4_onering_qwen_gqa_baseline_fwd_bs64_sl1024,/home/haotian/waferchip/mesh2D/astra_sim_picasso/examples/run_scripts/analytical/congestion_aware/configs/gqa_seq_scaling/tp16_hbm4_real_mesh2d_4x4_onering_qwen_gqa_baseline_fwd_bs64_sl1024.json,onering,qwen_gqa_baseline_fwd,64,1024,16,,,,,real,mesh2d,4x4,50262,30785,19477,,94.965,5.936,SUCCESS,2026-03-04 22:26:34
c52a6a9ca08ae82ea6b55e5128c85b2e6cd782655a460a7e75f9e4ee7d4d0f49,tp16_hbm4_real_mesh2d_4x4_onering_qwen_gqa_baseline_fwd_bs64_sl10240,/home/haotian/waferchip/mesh2D/astra_sim_picasso/examples/run_scripts/analytical/congestion_aware/configs/gqa_seq_scaling/tp16_hbm4_real_mesh2d_4x4_onering_qwen_gqa_baseline_fwd_bs64_sl10240.json,onering,qwen_gqa_baseline_fwd,64,10240,16,,,,,real,mesh2d,4x4,105625,86148,19477,,82.136,19.647,SUCCESS,2026-03-04 22:26:36
e25e86bc0e48e38755133738ea8d2073f9778778f760d1781cbdfa3ec579ea3b,tp16_hbm4_real_mesh2d_4x4_onering_qwen_gqa_baseline_fwd_bs64_sl11264,/home/haotian/waferchip/mesh2D/astra_sim_picasso/examples/run_scripts/analytical/congestion_aware/configs/gqa_seq_scaling/tp16_hbm4_real_mesh2d_4x4_onering_qwen_gqa_baseline_fwd_bs64_sl11264.json,onering,qwen_gqa_baseline_fwd,64,11264,16,,,,,real,mesh2d,4x4,111777,92300,19477,,81.66,20.155,SUCCESS,2026-03-04 22:26:38
f55735139236ae00bbd82b4d7a59ef8bb539a56ae313ed4e1b02149313db164c,tp16_hbm4_real_mesh2d_4x4_onering_qwen_gqa_baseline_fwd_bs64_sl12288,/home/haotian/waferchip/mesh2D/astra_sim_picasso/examples/run_scripts/analytical/congestion_aware/configs/gqa_seq_scaling/tp16_hbm4_real_mesh2d_4x4_onering_qwen_gqa_baseline_fwd_bs64_sl12288.json,onering,qwen_gqa_baseline_fwd,64,12288,16,,,,,real,mesh2d,4x4,117929,98452,19477,,81.244,20.6,SUCCESS,2026-03-04 22:26:40
0d511d9b063177111b52ccb6cd32b3ddb7dc389dfcc1b31964aa40669867b8ea,tp16_hbm4_real_mesh2d_4x4_onering_qwen_gqa_baseline_fwd_bs64_sl13312,/home/haotian/waferchip/mesh2D/astra_sim_picasso/examples/run_scripts/analytical/congestion_aware/configs/gqa_seq_scaling/tp16_hbm4_real_mesh2d_4x4_onering_qwen_gqa_baseline_fwd_bs64_sl13312.json,onering,qwen_gqa_baseline_fwd,64,13312,16,,,,,real,mesh2d,4x4,124081,104604,19477,,80.876,20.993,SUCCESS,2026-03-04 22:26:41
ce407b069d596b7aa099df02c633858b9b4990e2ce38ee9fd4f4cc0b16beb531,tp16_hbm4_real_mesh2d_4x4_onering_qwen_gqa_baseline_fwd_bs64_sl14336,/home/haotian/waferchip/mesh2D/astra_sim_picasso/examples/run_scripts/analytical/congestion_aware/configs/gqa_seq_scaling/tp16_hbm4_real_mesh2d_4x4_onering_qwen_gqa_baseline_fwd_bs64_sl14336.json,onering,qwen_gqa_baseline_fwd,64,14336,16,,,,,real,mesh2d,4x4,130233,110756,19477,,80.55,21.342,SUCCESS,2026-03-04 22:26:43
c5c5dbbc6f775e71ad21730ab48ac1cb840ee5a81e742bc5d18b370418928fc4,tp16_hbm4_real_mesh2d_4x4_onering_qwen_gqa_baseline_fwd_bs64_sl15360,/home/haotian/waferchip/mesh2D/astra_sim_picasso/examples/run_scripts/analytical/congestion_aware/configs/gqa_seq_scaling/tp16_hbm4_real_mesh2d_4x4_onering_qwen_gqa_baseline_fwd_bs64_sl15360.json,onering,qwen_gqa_baseline_fwd,64,15360,16,,,,,real,mesh2d,4x4,136385,116908,19477,,80.257,21.654,SUCCESS,2026-03-04 22:26:45
061459413fffc464ab7f69252f8a3f72efa8bf279c3a5c269fb6ab33d9fd2b53,tp16_hbm4_real_mesh2d_4x4_onering_qwen_gqa_baseline_fwd_bs64_sl2048,/home/haotian/waferchip/mesh2D/astra_sim_picasso/examples/run_scripts/analytical/congestion_aware/configs/gqa_seq_scaling/tp16_hbm4_real_mesh2d_4x4_onering_qwen_gqa_baseline_fwd_bs64_sl2048.json,onering,qwen_gqa_baseline_fwd,64,2048,16,,,,,real,mesh2d,4x4,56412,36935,19477,,91.644,9.486,SUCCESS,2026-03-04 22:26:46
c2909c20871ddd4383c0292cc8bcffafe92f623b144bbd664fc2036a24df21c1,tp16_hbm4_real_mesh2d_4x4_onering_qwen_gqa_baseline_fwd_bs64_sl3072,/home/haotian/waferchip/mesh2D/astra_sim_picasso/examples/run_scripts/analytical/congestion_aware/configs/gqa_seq_scaling/tp16_hbm4_real_mesh2d_4x4_onering_qwen_gqa_baseline_fwd_bs64_sl3072.json,onering,qwen_gqa_baseline_fwd,64,3072,16,,,,,real,mesh2d,4x4,62564,43087,19477,,89.267,12.026,SUCCESS,2026-03-04 22:26:48
68f27c9f4eaba66883bab49bf0e6a6b3cb16745ef2e38d4f5825f0897043e0ba,tp16_hbm4_real_mesh2d_4x4_onering_qwen_gqa_baseline_fwd_bs64_sl4096,/home/haotian/waferchip/mesh2D/astra_sim_picasso/examples/run_scripts/analytical/congestion_aware/configs/gqa_seq_scaling/tp16_hbm4_real_mesh2d_4x4_onering_qwen_gqa_baseline_fwd_bs64_sl4096.json,onering,qwen_gqa_baseline_fwd,64,4096,16,,,,,real,mesh2d,4x4,68716,49239,19477,,87.484,13.931,SUCCESS,2026-03-04 22:26:50
cbc18d04366e84f64b7fb6158b60e253848804a2a67d152b4bbd5f6d42f17bb5,tp16_hbm4_real_mesh2d_4x4_onering_qwen_gqa_baseline_fwd_bs64_sl5120,/home/haotian/waferchip/mesh2D/astra_sim_picasso/examples/run_scripts/analytical/congestion_aware/configs/gqa_seq_scaling/tp16_hbm4_real_mesh2d_4x4_onering_qwen_gqa_baseline_fwd_bs64_sl5120.json,onering,qwen_gqa_baseline_fwd,64,5120,16,,,,,real,mesh2d,4x4,74868,55391,19477,,86.097,15.413,SUCCESS,2026-03-04 22:26:51
43be11bd74e660f2859b3a27d0762b7026037a6ed2832f115ab288d6a0ff1695,tp16_hbm4_real_mesh2d_4x4_onering_qwen_gqa_baseline_fwd_bs64_sl6144,/home/haotian/waferchip/mesh2D/astra_sim_picasso/examples/run_scripts/analytical/congestion_aware/configs/gqa_seq_scaling/tp16_hbm4_real_mesh2d_4x4_onering_qwen_gqa_baseline_fwd_bs64_sl6144.json,onering,qwen_gqa_baseline_fwd,64,6144,16,,,,,real,mesh2d,4x4,81020,61543,19477,,84.988,16.599,SUCCESS,2026-03-04 22:26:53
f23dd62175af1e2e5d3bc2d87fe6ec91530d84eecb51e6ee5bc2e54b1dd9e7d5,tp16_hbm4_real_mesh2d_4x4_onering_qwen_gqa_baseline_fwd_bs64_sl65536,/home/haotian/waferchip/mesh2D/astra_sim_picasso/examples/run_scripts/analytical/congestion_aware/configs/gqa_seq_scaling/tp16_hbm4_real_mesh2d_4x4_onering_qwen_gqa_baseline_fwd_bs64_sl65536.json,onering,qwen_gqa_baseline_fwd,64,65536,16,,,,,real,mesh2d,4x4,437815,418338,19477,,76.469,25.703,SUCCESS,2026-03-04 22:26:55
18d175a6ef954155230cd7ed2132855a1d57b54e902a0f40e736edc43daee365,tp16_hbm4_real_mesh2d_4x4_onering_qwen_gqa_baseline_fwd_bs64_sl7168,/home/haotian/waferchip/mesh2D/astra_sim_picasso/examples/run_scripts/analytical/congestion_aware/configs/gqa_seq_scaling/tp16_hbm4_real_mesh2d_4x4_onering_qwen_gqa_baseline_fwd_bs64_sl7168.json,onering,qwen_gqa_baseline_fwd,64,7168,16,,,,,real,mesh2d,4x4,87171,67694,19477,,84.08,17.569,SUCCESS,2026-03-04 22:26:56
db63185ec8c7af9ed6c449d2cb6b9d4854551c599eac4dae9c22aae95580c6e7,tp16_hbm4_real_mesh2d_4x4_onering_qwen_gqa_baseline_fwd_bs64_sl8192,/home/haotian/waferchip/mesh2D/astra_sim_picasso/examples/run_scripts/analytical/congestion_aware/configs/gqa_seq_scaling/tp16_hbm4_real_mesh2d_4x4_onering_qwen_gqa_baseline_fwd_bs64_sl8192.json,onering,qwen_gqa_baseline_fwd,64,8192,16,,,,,real,mesh2d,4x4,93323,73846,19477,,83.323,18.378,SUCCESS,2026-03-04 22:26:58
ccfb986c365edb468b72ec0c453a18a2cecdd49c4e9c5cf6e417274cb7a5e76d,tp16_hbm4_real_mesh2d_4x4_onering_qwen_gqa_baseline_fwd_bs64_sl9216,/home/haotian/waferchip/mesh2D/astra_sim_picasso/examples/run_scripts/analytical/congestion_aware/configs/gqa_seq_scaling/tp16_hbm4_real_mesh2d_4x4_onering_qwen_gqa_baseline_fwd_bs64_sl9216.json,onering,qwen_gqa_baseline_fwd,64,9216,16,,,,,real,mesh2d,4x4,99475,79998,19477,,82.683,19.062,SUCCESS,2026-03-04 22:27:00
c5300dd572a2142ccd2be00bfbc39f3c951b024ae174c1fd7127ba12fce4d4af,tp16_hbm4_real_mesh2d_4x4_onering_qwen_gqa_hmp_fwd_bs64_sl1024,/home/haotian/waferchip/mesh2D/astra_sim_picasso/examples/run_scripts/analytical/congestion_aware/configs/gqa_seq_scaling/tp16_hbm4_real_mesh2d_4x4_onering_qwen_gqa_hmp_fwd_bs64_sl1024.json,onering,qwen_gqa_hmp_fwd,64,1024,16,,,,,real,mesh2d,4x4,44207,44207,,,96.493,4.312,SUCCESS,2026-03-04 22:27:00
e3c56c4d6d3aee5321cae299108b529f085eee7adac8b144527cce8e407f73e2,tp16_hbm4_real_mesh2d_4x4_onering_qwen_gqa_hmp_fwd_bs64_sl10240,/home/haotian/waferchip/mesh2D/astra_sim_picasso/examples/run_scripts/analytical/congestion_aware/configs/gqa_seq_scaling/tp16_hbm4_real_mesh2d_4x4_onering_qwen_gqa_hmp_fwd_bs64_sl10240.json,onering,qwen_gqa_hmp_fwd,64,10240,16,,,,,real,mesh2d,4x4,99570,99570,,,84.544,17.078,SUCCESS,2026-03-04 22:27:00
a42cab100486b099284152c6d5b2d1a0be427ad4cde316bd42c8ed15a6eb5c57,tp16_hbm4_real_mesh2d_4x4_onering_qwen_gqa_hmp_fwd_bs64_sl11264,/home/haotian/waferchip/mesh2D/astra_sim_picasso/examples/run_scripts/analytical/congestion_aware/configs/gqa_seq_scaling/tp16_hbm4_real_mesh2d_4x4_onering_qwen_gqa_hmp_fwd_bs64_sl11264.json,onering,qwen_gqa_hmp_fwd,64,11264,16,,,,,real,mesh2d,4x4,105722,105722,,,83.988,17.671,SUCCESS,2026-03-04 22:27:00
53704a8a64d0cf78b2e9380d13ab1b417d1205e960836b15b23f1f56a00e42bd,tp16_hbm4_real_mesh2d_4x4_onering_qwen_gqa_hmp_fwd_bs64_sl12288,/home/haotian/waferchip/mesh2D/astra_sim_picasso/examples/run_scripts/analytical/congestion_aware/configs/gqa_seq_scaling/tp16_hbm4_real_mesh2d_4x4_onering_qwen_gqa_hmp_fwd_bs64_sl12288.json,onering,qwen_gqa_hmp_fwd,64,12288,16,,,,,real,mesh2d,4x4,111874,111874,,,83.494,18.199,SUCCESS,2026-03-04 22:27:00
586c33463a57832714892f6769f3a2eab111d1ba1b8da77781e2bc7f0aae1824,tp16_hbm4_real_mesh2d_4x4_onering_qwen_gqa_hmp_fwd_bs64_sl13312,/home/haotian/waferchip/mesh2D/astra_sim_picasso/examples/run_scripts/analytical/congestion_aware/configs/gqa_seq_scaling/tp16_hbm4_real_mesh2d_4x4_onering_qwen_gqa_hmp_fwd_bs64_sl13312.json,onering,qwen_gqa_hmp_fwd,64,13312,16,,,,,real,mesh2d,4x4,118026,118026,,,83.051,18.672,SUCCESS,2026-03-04 22:27:00
11fa250a0ff4b99de9322f308645fe3bfeb469a578de63e3b65251e5de5552b3,tp16_hbm4_real_mesh2d_4x4_onering_qwen_gqa_hmp_fwd_bs64_sl14336,/home/haotian/waferchip/mesh2D/astra_sim_picasso/examples/run_scripts/analytical/congestion_aware/configs/gqa_seq_scaling/tp16_hbm4_real_mesh2d_4x4_onering_qwen_gqa_hmp_fwd_bs64_sl14336.json,onering,qwen_gqa_hmp_fwd,64,14336,16,,,,,real,mesh2d,4x4,124178,124178,,,82.652,19.098,SUCCESS,2026-03-04 22:27:00
1620aa472d4c1a38b33c45e7e8be9d5e18f36749162cf6e53bd674d263f1ce7b,tp16_hbm4_real_mesh2d_4x4_onering_qwen_gqa_hmp_fwd_bs64_sl15360,/home/haotian/waferchip/mesh2D/astra_sim_picasso/examples/run_scripts/analytical/congestion_aware/configs/gqa_seq_scaling/tp16_hbm4_real_mesh2d_4x4_onering_qwen_gqa_hmp_fwd_bs64_sl15360.json,onering,qwen_gqa_hmp_fwd,64,15360,16,,,,,real,mesh2d,4x4,130330,130330,,,82.291,19.484,SUCCESS,2026-03-04 22:27:00
7546133deab5b16d244ba15523eff50abd35b045ac004a257df86e71806f0942,tp16_hbm4_real_mesh2d_4x4_onering_qwen_gqa_hmp_fwd_bs64_sl2048,/home/haotian/waferchip/mesh2D/astra_sim_picasso/examples/run_scripts/analytical/congestion_aware/configs/gqa_seq_scaling/tp16_hbm4_real_mesh2d_4x4_onering_qwen_gqa_hmp_fwd_bs64_sl2048.json,onering,qwen_gqa_hmp_fwd,64,2048,16,,,,,real,mesh2d,4x4,50357,50357,,,93.871,7.114,SUCCESS,2026-03-04 22:27:00
b9be96608f3269f0a4cd56868ba4bcd4020775e7fe8140cfb7c1d3b899aa8dfd,tp16_hbm4_real_mesh2d_4x4_onering_qwen_gqa_hmp_fwd_bs64_sl3072,/home/haotian/waferchip/mesh2D/astra_sim_picasso/examples/run_scripts/analytical/congestion_aware/configs/gqa_seq_scaling/tp16_hbm4_real_mesh2d_4x4_onering_qwen_gqa_hmp_fwd_bs64_sl3072.json,onering,qwen_gqa_hmp_fwd,64,3072,16,,,,,real,mesh2d,4x4,56509,56509,,,91.816,9.309,SUCCESS,2026-03-04 22:27:00
234ddae2f54dbeda0c6aecd36827f87619ec2b04df4f208cc75dbf7f89374901,tp16_hbm4_real_mesh2d_4x4_onering_qwen_gqa_hmp_fwd_bs64_sl4096,/home/haotian/waferchip/mesh2D/astra_sim_picasso/examples/run_scripts/analytical/congestion_aware/configs/gqa_seq_scaling/tp16_hbm4_real_mesh2d_4x4_onering_qwen_gqa_hmp_fwd_bs64_sl4096.json,onering,qwen_gqa_hmp_fwd,64,4096,16,,,,,real,mesh2d,4x4,62661,62661,,,90.165,11.073,SUCCESS,2026-03-04 22:27:00
3f5184b6de20b669f5c24ccf258aeffa9d8520dcb5a17f2e095446745b8f7dcc,tp16_hbm4_real_mesh2d_4x4_onering_qwen_gqa_hmp_fwd_bs64_sl5120,/home/haotian/waferchip/mesh2D/astra_sim_picasso/examples/run_scripts/analytical/congestion_aware/configs/gqa_seq_scaling/tp16_hbm4_real_mesh2d_4x4_onering_qwen_gqa_hmp_fwd_bs64_sl5120.json,onering,qwen_gqa_hmp_fwd,64,5120,16,,,,,real,mesh2d,4x4,68813,68813,,,88.809,12.521,SUCCESS,2026-03-04 22:27:00
9e0a163bd9a0f63ad4947546b64b33043131da8b1894d73268441d595f335013,tp16_hbm4_real_mesh2d_4x4_onering_qwen_gqa_hmp_fwd_bs64_sl6144,/home/haotian/waferchip/mesh2D/astra_sim_picasso/examples/run_scripts/analytical/congestion_aware/configs/gqa_seq_scaling/tp16_hbm4_real_mesh2d_4x4_onering_qwen_gqa_hmp_fwd_bs64_sl6144.json,onering,qwen_gqa_hmp_fwd,64,6144,16,,,,,real,mesh2d,4x4,74965,74965,,,87.676,13.732,SUCCESS,2026-03-04 22:27:00
22e086222b46f992027136ee360bac3f5a21461679283c5dabf6b8551cf29edb,tp16_hbm4_real_mesh2d_4x4_onering_qwen_gqa_hmp_fwd_bs64_sl65536,/home/haotian/waferchip/mesh2D/astra_sim_picasso/examples/run_scripts/analytical/congestion_aware/configs/gqa_seq_scaling/tp16_hbm4_real_mesh2d_4x4_onering_qwen_gqa_hmp_fwd_bs64_sl65536.json,onering,qwen_gqa_hmp_fwd,64,65536,16,,,,,real,mesh2d,4x4,431760,431760,,,77.201,24.922,SUCCESS,2026-03-04 22:27:01
6ce2c2df4cb0a34cb265fd59b88674873f6b85d15b90907bb6734b764b3bdf97,tp16_hbm4_real_mesh2d_4x4_onering_qwen_gqa_hmp_fwd_bs64_sl7168,/home/haotian/waferchip/mesh2D/astra_sim_picasso/examples/run_scripts/analytical/congestion_aware/configs/gqa_seq_scaling/tp16_hbm4_real_mesh2d_4x4_onering_qwen_gqa_hmp_fwd_bs64_sl7168.json,onering,qwen_gqa_hmp_fwd,64,7168,16,,,,,real,mesh2d,4x4,81116,81116,,,86.714,14.759,SUCCESS,2026-03-04 22:27:01
f2e02262b6b5bec8e997e28a24dc8d1856cb34c16a1c632e5bd9ee40bf9d8e42,tp16_hbm4_real_mesh2d_4x4_onering_qwen_gqa_hmp_fwd_bs64_sl8192,/home/haotian/waferchip/mesh2D/astra_sim_picasso/examples/run_scripts/analytical/congestion_aware/configs/gqa_seq_scaling/tp16_hbm4_real_mesh2d_4x4_onering_qwen_gqa_hmp_fwd_bs64_sl8192.json,onering,qwen_gqa_hmp_fwd,64,8192,16,,,,,real,mesh2d,4x4,87268,87268,,,85.888,15.642,SUCCESS,2026-03-04 22:27:01
6a089f05dbf752c9bb1a80ae8eebb868d882109b5e0408c4b828943a9ca22c57,tp16_hbm4_real_mesh2d_4x4_onering_qwen_gqa_hmp_fwd_bs64_sl9216,/home/haotian/waferchip/mesh2D/astra_sim_picasso/examples/run_scripts/analytical/congestion_aware/configs/gqa_seq_scaling/tp16_hbm4_real_mesh2d_4x4_onering_qwen_gqa_hmp_fwd_bs64_sl9216.json,onering,qwen_gqa_hmp_fwd,64,9216,16,,,,,real,mesh2d,4x4,93420,93420,,,85.171,16.408,SUCCESS,2026-03-04 22:27:01
0be021edf46ed150efd39ef7c56d4330a414a97a43b7b4b5364d2f2ba90afd59,tp16_hbm4_real_mesh2d_4x4_onering_qwen_gqa_tp16_fwd_bs64_sl1024,/home/haotian/waferchip/mesh2D/astra_sim_picasso/examples/run_scripts/analytical/congestion_aware/configs/gqa_seq_scaling/tp16_hbm4_real_mesh2d_4x4_onering_qwen_gqa_tp16_fwd_bs64_sl1024.json,onering,qwen_gqa_tp16_fwd,64,1024,16,,,,,real,mesh2d,4x4,69851,22371,47480,,72.478,30.635,SUCCESS,2026-03-04 22:27:04
3e08a169e76899539644c3ef81a7ea351e0c3016fb22c3333aba64ae07047a5c,tp16_hbm4_real_mesh2d_4x4_onering_qwen_gqa_tp16_fwd_bs64_sl10240,/home/haotian/waferchip/mesh2D/astra_sim_picasso/examples/run_scripts/analytical/congestion_aware/configs/gqa_seq_scaling/tp16_hbm4_real_mesh2d_4x4_onering_qwen_gqa_tp16_fwd_bs64_sl10240.json,onering,qwen_gqa_tp16_fwd,64,10240,16,,,,,real,mesh2d,4x4,170515,123035,47480,,49.997,54.66,SUCCESS,2026-03-04 22:27:08
89b087816f78da858b7ce3d3aa0e9f3a8fd7ea681f7fe9c4c2d3887c37c3ac0f,tp16_hbm4_real_mesh2d_4x4_onering_qwen_gqa_tp16_fwd_bs64_sl11264,/home/haotian/waferchip/mesh2D/astra_sim_picasso/examples/run_scripts/analytical/congestion_aware/configs/gqa_seq_scaling/tp16_hbm4_real_mesh2d_4x4_onering_qwen_gqa_tp16_fwd_bs64_sl11264.json,onering,qwen_gqa_tp16_fwd,64,11264,16,,,,,real,mesh2d,4x4,181699,134219,47480,,49.581,55.105,SUCCESS,2026-03-04 22:27:11
0cff1ca93b46337a6eb169eca0f513944d90625bff1353ba6cc87edf6e323023,tp16_hbm4_real_mesh2d_4x4_onering_qwen_gqa_tp16_fwd_bs64_sl12288,/home/haotian/waferchip/mesh2D/astra_sim_picasso/examples/run_scripts/analytical/congestion_aware/configs/gqa_seq_scaling/tp16_hbm4_real_mesh2d_4x4_onering_qwen_gqa_tp16_fwd_bs64_sl12288.json,onering,qwen_gqa_tp16_fwd,64,12288,16,,,,,real,mesh2d,4x4,192885,145405,47480,,49.228,55.482,SUCCESS,2026-03-04 22:27:15
b7cd400138f82a214595117c902e4e0bc9beaba0e7772423ef350c6bbd3df61b,tp16_hbm4_real_mesh2d_4x4_onering_qwen_gqa_tp16_fwd_bs64_sl13312,/home/haotian/waferchip/mesh2D/astra_sim_picasso/examples/run_scripts/analytical/congestion_aware/configs/gqa_seq_scaling/tp16_hbm4_real_mesh2d_4x4_onering_qwen_gqa_tp16_fwd_bs64_sl13312.json,onering,qwen_gqa_tp16_fwd,64,13312,16,,,,,real,mesh2d,4x4,204069,156589,47480,,48.926,55.804,SUCCESS,2026-03-04 22:27:18
4a115da2ad539afac462002163ae3ef39ecc99f31a5a4959879ccda5aa249a28,tp16_hbm4_real_mesh2d_4x4_onering_qwen_gqa_tp16_fwd_bs64_sl14336,/home/haotian/waferchip/mesh2D/astra_sim_picasso/examples/run_scripts/analytical/congestion_aware/configs/gqa_seq_scaling/tp16_hbm4_real_mesh2d_4x4_onering_qwen_gqa_tp16_fwd_bs64_sl14336.json,onering,qwen_gqa_tp16_fwd,64,14336,16,,,,,real,mesh2d,4x4,215254,167774,47480,,48.664,56.084,SUCCESS,2026-03-04 22:27:22
39cbeefeedb6d18bb6db5cf9a887e5cd1528cb32368c550443e029f3a74bdd88,tp16_hbm4_real_mesh2d_4x4_onering_qwen_gqa_tp16_fwd_bs64_sl15360,/home/haotian/waferchip/mesh2D/astra_sim_picasso/examples/run_scripts/analytical/congestion_aware/configs/gqa_seq_scaling/tp16_hbm4_real_mesh2d_4x4_onering_qwen_gqa_tp16_fwd_bs64_sl15360.json,onering,qwen_gqa_tp16_fwd,64,15360,16,,,,,real,mesh2d,4x4,226438,178958,47480,,48.435,56.329,SUCCESS,2026-03-04 22:27:25
3261472f002bd678bf833289f34117e433c7676d8b890a70536c7c14f98396d4,tp16_hbm4_real_mesh2d_4x4_onering_qwen_gqa_tp16_fwd_bs64_sl2048,/home/haotian/waferchip/mesh2D/astra_sim_picasso/examples/run_scripts/analytical/congestion_aware/configs/gqa_seq_scaling/tp16_hbm4_real_mesh2d_4x4_onering_qwen_gqa_tp16_fwd_bs64_sl2048.json,onering,qwen_gqa_tp16_fwd,64,2048,16,,,,,real,mesh2d,4x4,81035,33555,47480,,63.321,40.421,SUCCESS,2026-03-04 22:27:29
7f2a5e37c435b5c6b9b662c89ac25e460004846839f97fcf4346f440bfc2c138,tp16_hbm4_real_mesh2d_4x4_onering_qwen_gqa_tp16_fwd_bs64_sl3072,/home/haotian/waferchip/mesh2D/astra_sim_picasso/examples/run_scripts/analytical/congestion_aware/configs/gqa_seq_scaling/tp16_hbm4_real_mesh2d_4x4_onering_qwen_gqa_tp16_fwd_bs64_sl3072.json,onering,qwen_gqa_tp16_fwd,64,3072,16,,,,,real,mesh2d,4x4,92221,44741,47480,,58.739,45.317,SUCCESS,2026-03-04 22:27:32
14299f2baf023f8b800be0f196501ce90a672055e353ecae6a73e3e97d75f631,tp16_hbm4_real_mesh2d_4x4_onering_qwen_gqa_tp16_fwd_bs64_sl4096,/home/haotian/waferchip/mesh2D/astra_sim_picasso/examples/run_scripts/analytical/congestion_aware/configs/gqa_seq_scaling/tp16_hbm4_real_mesh2d_4x4_onering_qwen_gqa_tp16_fwd_bs64_sl4096.json,onering,qwen_gqa_tp16_fwd,64,4096,16,,,,,real,mesh2d,4x4,103405,55925,47480,,55.992,48.252,SUCCESS,2026-03-04 22:27:36
b05584689faa3e4c3fecdc4469aade01ce8ae76fc64cdbc226f4a60fc7d0c3f1,tp16_hbm4_real_mesh2d_4x4_onering_qwen_gqa_tp16_fwd_bs64_sl5120,/home/haotian/waferchip/mesh2D/astra_sim_picasso/examples/run_scripts/analytical/congestion_aware/configs/gqa_seq_scaling/tp16_hbm4_real_mesh2d_4x4_onering_qwen_gqa_tp16_fwd_bs64_sl5120.json,onering,qwen_gqa_tp16_fwd,64,5120,16,,,,,real,mesh2d,4x4,114591,67111,47480,,54.16,50.211,SUCCESS,2026-03-04 22:27:39
ffc62f7face5e0e7e6e1a4e90aec2135c11dea901ba391592e2e0c839366a326,tp16_hbm4_real_mesh2d_4x4_onering_qwen_gqa_tp16_fwd_bs64_sl6144,/home/haotian/waferchip/mesh2D/astra_sim_picasso/examples/run_scripts/analytical/congestion_aware/configs/gqa_seq_scaling/tp16_hbm4_real_mesh2d_4x4_onering_qwen_gqa_tp16_fwd_bs64_sl6144.json,onering,qwen_gqa_tp16_fwd,64,6144,16,,,,,real,mesh2d,4x4,125775,78295,47480,,52.852,51.609,SUCCESS,2026-03-04 22:27:43
afe07da16ff52a3cea4c1ddacd2b0810e858ab2367a420971fc1e67c66f0daa2,tp16_hbm4_real_mesh2d_4x4_onering_qwen_gqa_tp16_fwd_bs64_sl65536,/home/haotian/waferchip/mesh2D/astra_sim_picasso/examples/run_scripts/analytical/congestion_aware/configs/gqa_seq_scaling/tp16_hbm4_real_mesh2d_4x4_onering_qwen_gqa_tp16_fwd_bs64_sl65536.json,onering,qwen_gqa_tp16_fwd,64,65536,16,,,,,real,mesh2d,4x4,774495,727015,47480,,45.846,59.096,SUCCESS,2026-03-04 22:27:46
7e0476528a27ad3fb3afece2137d65d3643e07dc21e29811d44bdb48d12ceb8a,tp16_hbm4_real_mesh2d_4x4_onering_qwen_gqa_tp16_fwd_bs64_sl7168,/home/haotian/waferchip/mesh2D/astra_sim_picasso/examples/run_scripts/analytical/congestion_aware/configs/gqa_seq_scaling/tp16_hbm4_real_mesh2d_4x4_onering_qwen_gqa_tp16_fwd_bs64_sl7168.json,onering,qwen_gqa_tp16_fwd,64,7168,16,,,,,real,mesh2d,4x4,136961,89481,47480,,51.87,52.658,SUCCESS,2026-03-04 22:27:50
6274d80d39710ca98fca585d0c5d089606a2679dcfbac0a351758ac01aa285ac,tp16_hbm4_real_mesh2d_4x4_onering_qwen_gqa_tp16_fwd_bs64_sl8192,/home/haotian/waferchip/mesh2D/astra_sim_picasso/examples/run_scripts/analytical/congestion_aware/configs/gqa_seq_scaling/tp16_hbm4_real_mesh2d_4x4_onering_qwen_gqa_tp16_fwd_bs64_sl8192.json,onering,qwen_gqa_tp16_fwd,64,8192,16,,,,,real,mesh2d,4x4,148145,100665,47480,,51.107,53.473,SUCCESS,2026-03-04 22:27:53
b3c02f8679d15149adc9b795e81f04758d25217534c5860134fd073520e6cc48,tp16_hbm4_real_mesh2d_4x4_onering_qwen_gqa_tp16_fwd_bs64_sl9216,/home/haotian/waferchip/mesh2D/astra_sim_picasso/examples/run_scripts/analytical/congestion_aware/configs/gqa_seq_scaling/tp16_hbm4_real_mesh2d_4x4_onering_qwen_gqa_tp16_fwd_bs64_sl9216.json,onering,qwen_gqa_tp16_fwd,64,9216,16,,,,,real,mesh2d,4x4,159329,111849,47480,,50.497,54.126,SUCCESS,2026-03-04 22:27:57
cc1d8225030a10d8ba2f2d110fbcb5f039f68cf331b2e3335a7fb18e55851478,tp16_hbm4_ring_real_mesh2d_4x4_onering_qwen_gqa_tp16_fwd_bs64_sl1024,/home/haotian/waferchip/mesh2D/astra_sim_picasso/examples/run_scripts/analytical/congestion_aware/configs/gqa_seq_scaling/tp16_hbm4_ring_real_mesh2d_4x4_onering_qwen_gqa_tp16_fwd_bs64_sl1024.json,4x4,onering_qwen_gqa_tp16_fwd,64,1024,16,,,,,ring,real,mesh2d,48851,22371,26480,,72.478,30.635,SUCCESS,2026-03-04 22:27:57
ac0121897f6a90a52cdfc8b7c1509200ebe8f356d3e5abe89ec2819f8541b6de,tp16_hbm4_ring_real_mesh2d_4x4_onering_qwen_gqa_tp16_fwd_bs64_sl10240,/home/haotian/waferchip/mesh2D/astra_sim_picasso/examples/run_scripts/analytical/congestion_aware/configs/gqa_seq_scaling/tp16_hbm4_ring_real_mesh2d_4x4_onering_qwen_gqa_tp16_fwd_bs64_sl10240.json,4x4,onering_qwen_gqa_tp16_fwd,64,10240,16,,,,,ring,real,mesh2d,149515,123035,26480,,49.997,54.66,SUCCESS,2026-03-04 22:27:57
6ac74589e7773cc3f141a88bd688791534056abe8fa287b3b5e700cd878c18a3,tp16_hbm4_ring_real_mesh2d_4x4_onering_qwen_gqa_tp16_fwd_bs64_sl11264,/home/haotian/waferchip/mesh2D/astra_sim_picasso/examples/run_scripts/analytical/congestion_aware/configs/gqa_seq_scaling/tp16_hbm4_ring_real_mesh2d_4x4_onering_qwen_gqa_tp16_fwd_bs64_sl11264.json,4x4,onering_qwen_gqa_tp16_fwd,64,11264,16,,,,,ring,real,mesh2d,160699,134219,26480,,49.581,55.105,SUCCESS,2026-03-04 22:27:57
d54ea538aef1e2c3beb7f90ea8d5b2ad37230ac869c27b68c6b8ab9aaab710ac,tp16_hbm4_ring_real_mesh2d_4x4_onering_qwen_gqa_tp16_fwd_bs64_sl12288,/home/haotian/waferchip/mesh2D/astra_sim_picasso/examples/run_scripts/analytical/congestion_aware/configs/gqa_seq_scaling/tp16_hbm4_ring_real_mesh2d_4x4_onering_qwen_gqa_tp16_fwd_bs64_sl12288.json,4x4,onering_qwen_gqa_tp16_fwd,64,12288,16,,,,,ring,real,mesh2d,171885,145405,26480,,49.228,55.482,SUCCESS,2026-03-04 22:27:57
cd13913879420e6ff4960dd02929186c055b10bcac98825122e172770922e913,tp16_hbm4_ring_real_mesh2d_4x4_onering_qwen_gqa_tp16_fwd_bs64_sl13312,/home/haotian/waferchip/mesh2D/astra_sim_picasso/examples/run_scripts/analytical/congestion_aware/configs/gqa_seq_scaling/tp16_hbm4_ring_real_mesh2d_4x4_onering_qwen_gqa_tp16_fwd_bs64_sl13312.json,4x4,onering_qwen_gqa_tp16_fwd,64,13312,16,,,,,ring,real,mesh2d,183069,156589,26480,,48.926,55.804,SUCCESS,2026-03-04 22:27:57
43bc1ec775eb881c3e6373de0a66c80e9ac11bb57e8890fcb5f7ac09d09299de,tp16_hbm4_ring_real_mesh2d_4x4_onering_qwen_gqa_tp16_fwd_bs64_sl14336,/home/haotian/waferchip/mesh2D/astra_sim_picasso/examples/run_scripts/analytical/congestion_aware/configs/gqa_seq_scaling/tp16_hbm4_ring_real_mesh2d_4x4_onering_qwen_gqa_tp16_fwd_bs64_sl14336.json,4x4,onering_qwen_gqa_tp16_fwd,64,14336,16,,,,,ring,real,mesh2d,194254,167774,26480,,48.664,56.084,SUCCESS,2026-03-04 22:27:57
e9d652dfa74efa7dcb5f754262ea247757c234fe4349ab6bdfb9d54311461452,tp16_hbm4_ring_real_mesh2d_4x4_onering_qwen_gqa_tp16_fwd_bs64_sl15360,/home/haotian/waferchip/mesh2D/astra_sim_picasso/examples/run_scripts/analytical/congestion_aware/configs/gqa_seq_scaling/tp16_hbm4_ring_real_mesh2d_4x4_onering_qwen_gqa_tp16_fwd_bs64_sl15360.json,4x4,onering_qwen_gqa_tp16_fwd,64,15360,16,,,,,ring,real,mesh2d,205438,178958,26480,,48.435,56.329,SUCCESS,2026-03-04 22:27:57
0178f6bcb52d24daa3d57114fecdd4a46e03aab7bb6f2903c53a601f82692bf9,tp16_hbm4_ring_real_mesh2d_4x4_onering_qwen_gqa_tp16_fwd_bs64_sl2048,/home/haotian/waferchip/mesh2D/astra_sim_picasso/examples/run_scripts/analytical/congestion_aware/configs/gqa_seq_scaling/tp16_hbm4_ring_real_mesh2d_4x4_onering_qwen_gqa_tp16_fwd_bs64_sl2048.json,4x4,onering_qwen_gqa_tp16_fwd,64,2048,16,,,,,ring,real,mesh2d,60035,33555,26480,,63.321,40.421,SUCCESS,2026-03-04 22:27:57
72c533c047a59069ddb2c9490516d0cd3addd645b5116d30157b3553fca31c05,tp16_hbm4_ring_real_mesh2d_4x4_onering_qwen_gqa_tp16_fwd_bs64_sl3072,/home/haotian/waferchip/mesh2D/astra_sim_picasso/examples/run_scripts/analytical/congestion_aware/configs/gqa_seq_scaling/tp16_hbm4_ring_real_mesh2d_4x4_onering_qwen_gqa_tp16_fwd_bs64_sl3072.json,4x4,onering_qwen_gqa_tp16_fwd,64,3072,16,,,,,ring,real,mesh2d,71221,44741,26480,,58.739,45.317,SUCCESS,2026-03-04 22:27:57
e1c7d5a93f5948249120dc2976d03bf3de5ff60cfda06d86f6570839450e9148,tp16_hbm4_ring_real_mesh2d_4x4_onering_qwen_gqa_tp16_fwd_bs64_sl4096,/home/haotian/waferchip/mesh2D/astra_sim_picasso/examples/run_scripts/analytical/congestion_aware/configs/gqa_seq_scaling/tp16_hbm4_ring_real_mesh2d_4x4_onering_qwen_gqa_tp16_fwd_bs64_sl4096.json,4x4,onering_qwen_gqa_tp16_fwd,64,4096,16,,,,,ring,real,mesh2d,82405,55925,26480,,55.992,48.252,SUCCESS,2026-03-04 22:27:57
19ed178db9ceaf78ac9c486d6b08aae0d4728dab37ba841cb19e4cedc07d37fd,tp16_hbm4_ring_real_mesh2d_4x4_onering_qwen_gqa_tp16_fwd_bs64_sl5120,/home/haotian/waferchip/mesh2D/astra_sim_picasso/examples/run_scripts/analytical/congestion_aware/configs/gqa_seq_scaling/tp16_hbm4_ring_real_mesh2d_4x4_onering_qwen_gqa_tp16_fwd_bs64_sl5120.json,4x4,onering_qwen_gqa_tp16_fwd,64,5120,16,,,,,ring,real,mesh2d,93591,67111,26480,,54.16,50.211,SUCCESS,2026-03-04 22:27:57
0ec9fe6c587c5b3784bd7024665b549635dbd2673f64797cb402e7c78afe4a13,tp16_hbm4_ring_real_mesh2d_4x4_onering_qwen_gqa_tp16_fwd_bs64_sl6144,/home/haotian/waferchip/mesh2D/astra_sim_picasso/examples/run_scripts/analytical/congestion_aware/configs/gqa_seq_scaling/tp16_hbm4_ring_real_mesh2d_4x4_onering_qwen_gqa_tp16_fwd_bs64_sl6144.json,4x4,onering_qwen_gqa_tp16_fwd,64,6144,16,,,,,ring,real,mesh2d,104775,78295,26480,,52.852,51.609,SUCCESS,2026-03-04 22:27:57
ac335e4ceff6d4935c9b284e9984bccd27e5e1d1dbf04da87293087e6543fe0c,tp16_hbm4_ring_real_mesh2d_4x4_onering_qwen_gqa_tp16_fwd_bs64_sl65536,/home/haotian/waferchip/mesh2D/astra_sim_picasso/examples/run_scripts/analytical/congestion_aware/configs/gqa_seq_scaling/tp16_hbm4_ring_real_mesh2d_4x4_onering_qwen_gqa_tp16_fwd_bs64_sl65536.json,4x4,onering_qwen_gqa_tp16_fwd,64,65536,16,,,,,ring,real,mesh2d,753495,727015,26480,,45.846,59.096,SUCCESS,2026-03-04 22:27:57
3a11ece67196065231a795f29774b1db903486b9faa0194a02887879e5a6fd53,tp16_hbm4_ring_real_mesh2d_4x4_onering_qwen_gqa_tp16_fwd_bs64_sl7168,/home/haotian/waferchip/mesh2D/astra_sim_picasso/examples/run_scripts/analytical/congestion_aware/configs/gqa_seq_scaling/tp16_hbm4_ring_real_mesh2d_4x4_onering_qwen_gqa_tp16_fwd_bs64_sl7168.json,4x4,onering_qwen_gqa_tp16_fwd,64,7168,16,,,,,ring,real,mesh2d,115961,89481,26480,,51.87,52.658,SUCCESS,2026-03-04 22:27:57
0220219989e4ddd0932030ce089b5732f464662098179ee340b3677e70f4a8de,tp16_hbm4_ring_real_mesh2d_4x4_onering_qwen_gqa_tp16_fwd_bs64_sl8192,/home/haotian/waferchip/mesh2D/astra_sim_picasso/examples/run_scripts/analytical/congestion_aware/configs/gqa_seq_scaling/tp16_hbm4_ring_real_mesh2d_4x4_onering_qwen_gqa_tp16_fwd_bs64_sl8192.json,4x4,onering_qwen_gqa_tp16_fwd,64,8192,16,,,,,ring,real,mesh2d,127145,100665,26480,,51.107,53.473,SUCCESS,2026-03-04 22:27:58
d449b8e6a3687999e8dee0a7324c6a3e77a663b985b4286bc98e718f41e9a419,tp16_hbm4_ring_real_mesh2d_4x4_onering_qwen_gqa_tp16_fwd_bs64_sl9216,/home/haotian/waferchip/mesh2D/astra_sim_picasso/examples/run_scripts/analytical/congestion_aware/configs/gqa_seq_scaling/tp16_hbm4_ring_real_mesh2d_4x4_onering_qwen_gqa_tp16_fwd_bs64_sl9216.json,4x4,onering_qwen_gqa_tp16_fwd,64,9216,16,,,,,ring,real,mesh2d,138329,111849,26480,,50.497,54.126,SUCCESS,2026-03-04 22:27:58
7486b3b291408135cb30e634381fa41dfdce0c3c768dab81ea4a391499cb382a,tp16_hbm4_mesh2d_4x4_onering_qwen_gqa_tp16_fwd_bs64_sl1024,/home/haotian/waferchip/mesh2D/astra_sim_picasso/examples/run_scripts/analytical/congestion_aware/configs/gqa_seq_scaling/tp16_hbm4_mesh2d_4x4_onering_qwen_gqa_tp16_fwd_bs64_sl1024.json,qwen,gqa_tp16_fwd,64,1024,16,,,,,mesh2d,4x4,onering,69851,22371,47480,,72.478,30.635,SUCCESS,2026-03-04 22:28:15
09937efd2591d18a0bc77ca91431e9c88da85e3d8b588b489e528a91b8704d57,tp16_hbm4_mesh2d_4x4_onering_qwen_gqa_tp16_fwd_bs64_sl16384,/home/haotian/waferchip/mesh2D/astra_sim_picasso/examples/run_scripts/analytical/congestion_aware/configs/gqa_seq_scaling/tp16_hbm4_mesh2d_4x4_onering_qwen_gqa_tp16_fwd_bs64_sl16384.json,qwen,gqa_tp16_fwd,64,16384,16,,,,,mesh2d,4x4,onering,237624,190144,47480,,48.233,56.545,SUCCESS,2026-03-04 22:28:17
0959ec13256dd6419f14f05bfead1c57353d9982dcff0e61cb0564853be31d52,tp16_hbm4_mesh2d_4x4_onering_qwen_gqa_tp16_fwd_bs64_sl2048,/home/haotian/waferchip/mesh2D/astra_sim_picasso/examples/run_scripts/analytical/congestion_aware/configs/gqa_seq_scaling/tp16_hbm4_mesh2d_4x4_onering_qwen_gqa_tp16_fwd_bs64_sl2048.json,qwen,gqa_tp16_fwd,64,2048,16,,,,,mesh2d,4x4,onering,81035,33555,47480,,63.321,40.421,SUCCESS,2026-03-04 22:28:20
23dce48afb961b7a977eb02c9212ff3d00991c4e321d25e2a81fcf4f198cd6b6,tp16_hbm4_mesh2d_4x4_onering_qwen_gqa_tp16_fwd_bs64_sl32768,/home/haotian/waferchip/mesh2D/astra_sim_picasso/examples/run_scripts/analytical/congestion_aware/configs/gqa_seq_scaling/tp16_hbm4_mesh2d_4x4_onering_qwen_gqa_tp16_fwd_bs64_sl32768.json,qwen,gqa_tp16_fwd,64,32768,16,,,,,mesh2d,4x4,onering,416581,369101,47480,,46.665,58.22,SUCCESS,2026-03-04 22:28:24
f28628bda6b33d8e0687d6447e5a9163f0cb135d9e1b560c2fc2eefc786ae1e1,tp16_hbm4_mesh2d_4x4_onering_qwen_gqa_tp16_fwd_bs64_sl4096,/home/haotian/waferchip/mesh2D/astra_sim_picasso/examples/run_scripts/analytical/congestion_aware/configs/gqa_seq_scaling/tp16_hbm4_mesh2d_4x4_onering_qwen_gqa_tp16_fwd_bs64_sl4096.json,qwen,gqa_tp16_fwd,64,4096,16,,,,,mesh2d,4x4,onering,103405,55925,47480,,55.992,48.252,SUCCESS,2026-03-04 22:28:27
d7ef4a0654998aa5d3257ac90ff9dea9cd31da8fbc1791647e50a75924916935,tp16_hbm4_mesh2d_4x4_onering_qwen_gqa_tp16_fwd_bs64_sl65536,/home/haotian/waferchip/mesh2D/astra_sim_picasso/examples/run_scripts/analytical/congestion_aware/configs/gqa_seq_scaling/tp16_hbm4_mesh2d_4x4_onering_qwen_gqa_tp16_fwd_bs64_sl65536.json,qwen,gqa_tp16_fwd,64,65536,16,,,,,mesh2d,4x4,onering,774495,727015,47480,,45.846,59.096,SUCCESS,2026-03-04 22:28:31
fab814d36822e0021c2446745112b75aef57a4dc38f64b73685bd6b2990bca05,tp16_hbm4_mesh2d_4x4_onering_qwen_gqa_tp16_fwd_bs64_sl8192,/home/haotian/waferchip/mesh2D/astra_sim_picasso/examples/run_scripts/analytical/congestion_aware/configs/gqa_seq_scaling/tp16_hbm4_mesh2d_4x4_onering_qwen_gqa_tp16_fwd_bs64_sl8192.json,qwen,gqa_tp16_fwd,64,8192,16,,,,,mesh2d,4x4,onering,148145,100665,47480,,51.107,53.473,SUCCESS,2026-03-04 22:28:35
a6fba6d5e490f1cc9f7db6a78751840c4f65516e33cd5c56c778fcfd00574422,tp16_hbm4_mesh2d_4x4_onering_qwen_gqa_baseline_fwd_bs64_sl16384,/home/haotian/waferchip/mesh2D/astra_sim_picasso/examples/run_scripts/analytical/congestion_aware/configs/gqa_seq_scaling/tp16_hbm4_mesh2d_4x4_onering_qwen_gqa_baseline_fwd_bs64_sl16384.json,qwen,gqa_baseline_fwd,64,16384,16,,,,,mesh2d,4x4,onering,142537,123060,19477,,79.994,21.935,SUCCESS,2026-03-04 22:28:48
2c72b2e87a547aacd3d8ca281fefeb135f2c3d8ab76e2c527f0011c09c976ad4,tp16_hbm4_mesh2d_4x4_onering_qwen_gqa_baseline_fwd_bs64_sl32768,/home/haotian/waferchip/mesh2D/astra_sim_picasso/examples/run_scripts/analytical/congestion_aware/configs/gqa_seq_scaling/tp16_hbm4_mesh2d_4x4_onering_qwen_gqa_baseline_fwd_bs64_sl32768.json,qwen,gqa_baseline_fwd,64,32768,16,,,,,mesh2d,4x4,onering,240962,221485,19477,,77.775,24.307,SUCCESS,2026-03-04 22:28:50
37c1ecbf8355a0ad9cd6a6fe5937df753ca3d0bafbac1ae06119eb29b1f05492,tp16_hbm4_mesh2d_4x4_onering_qwen_gqa_hmp_fwd_bs64_sl16384,/home/haotian/waferchip/mesh2D/astra_sim_picasso/examples/run_scripts/analytical/congestion_aware/configs/gqa_seq_scaling/tp16_hbm4_mesh2d_4x4_onering_qwen_gqa_hmp_fwd_bs64_sl16384.json,qwen,gqa_hmp_fwd,64,16384,16,,,,,mesh2d,4x4,onering,136482,136482,,,81.962,19.836,SUCCESS,2026-03-04 22:28:50
00a9af9c5afe4ec688c7ac9a54be3d8e8dd37956d636f4da63b88e8d7d48f86a,tp16_hbm4_mesh2d_4x4_onering_qwen_gqa_hmp_fwd_bs64_sl32768,/home/haotian/waferchip/mesh2D/astra_sim_picasso/examples/run_scripts/analytical/congestion_aware/configs/gqa_seq_scaling/tp16_hbm4_mesh2d_4x4_onering_qwen_gqa_hmp_fwd_bs64_sl32768.json,qwen,gqa_hmp_fwd,64,32768,16,,,,,mesh2d,4x4,onering,234907,234907,,,79.045,22.951,SUCCESS,2026-03-04 22:28:50
d6a0763382f8933898993cd8ac30214563ad486dbb86a672d87a69f3e28db013,tp16_hbm4_mesh2d_4x4_onering_qwen_gqa_baseline_fwd_block2x2_bs64_sl1024,/home/haotian/waferchip/mesh2D/astra_sim_picasso/examples/run_scripts/analytical/congestion_aware/configs/gqa_seq_scaling/tp16_hbm4_mesh2d_4x4_onering_qwen_gqa_baseline_fwd_block2x2_bs64_sl1024.json,qwen,gqa_baseline_fwd_block2x2,64,1024,16,,,,,mesh2d,4x4,onering,49050,30785,18265,,94.965,5.936,SUCCESS,2026-03-05 22:22:46
036aeb1c1d9b4b5f37bdbcb88ffbf034118bad8c8a7ac3a0961c3b894bc3b04c,tp16_hbm4_mesh2d_4x4_onering_qwen_gqa_baseline_fwd_block2x2_bs64_sl16384,/home/haotian/waferchip/mesh2D/astra_sim_picasso/examples/run_scripts/analytical/congestion_aware/configs/gqa_seq_scaling/tp16_hbm4_mesh2d_4x4_onering_qwen_gqa_baseline_fwd_block2x2_bs64_sl16384.json,qwen,gqa_baseline_fwd_block2x2,64,16384,16,,,,,mesh2d,4x4,onering,141325,123060,18265,,79.994,21.935,SUCCESS,2026-03-05 22:22:47
2b33c3d6dfc0caca6d62228d99dc5860cefe211d18ccf357f122d42a7f9c910a,tp16_hbm4_mesh2d_4x4_onering_qwen_gqa_baseline_fwd_block2x2_bs64_sl2048,/home/haotian/waferchip/mesh2D/astra_sim_picasso/examples/run_scripts/analytical/congestion_aware/configs/gqa_seq_scaling/tp16_hbm4_mesh2d_4x4_onering_qwen_gqa_baseline_fwd_block2x2_bs64_sl2048.json,qwen,gqa_baseline_fwd_block2x2,64,2048,16,,,,,mesh2d,4x4,onering,55200,36935,18265,,91.644,9.486,SUCCESS,2026-03-05 22:22:49
5fb8363e761397e495b96e7dacbbf2aa4942682de129b1c92e891d4e1c6db363,tp16_hbm4_mesh2d_4x4_onering_qwen_gqa_baseline_fwd_block2x2_bs64_sl32768,/home/haotian/waferchip/mesh2D/astra_sim_picasso/examples/run_scripts/analytical/congestion_aware/configs/gqa_seq_scaling/tp16_hbm4_mesh2d_4x4_onering_qwen_gqa_baseline_fwd_block2x2_bs64_sl32768.json,qwen,gqa_baseline_fwd_block2x2,64,32768,16,,,,,mesh2d,4x4,onering,239750,221485,18265,,77.775,24.307,SUCCESS,2026-03-05 22:22:50
ce5699dd75d699fbdef68796f5561169a337697fb838dddda3d8d858b07f9cb7,tp16_hbm4_mesh2d_4x4_onering_qwen_gqa_baseline_fwd_block2x2_bs64_sl4096,/home/haotian/waferchip/mesh2D/astra_sim_picasso/examples/run_scripts/analytical/congestion_aware/configs/gqa_seq_scaling/tp16_hbm4_mesh2d_4x4_onering_qwen_gqa_baseline_fwd_block2x2_bs64_sl4096.json,qwen,gqa_baseline_fwd_block2x2,64,4096,16,,,,,mesh2d,4x4,onering,67504,49239,18265,,87.484,13.931,SUCCESS,2026-03-05 22:22:52
a1862be90727399c9de6da0ae0b9a87b97a315233240bebb7ff92470775dc082,tp16_hbm4_mesh2d_4x4_onering_qwen_gqa_baseline_fwd_block2x2_bs64_sl65536,/home/haotian/waferchip/mesh2D/astra_sim_picasso/examples/run_scripts/analytical/congestion_aware/configs/gqa_seq_scaling/tp16_hbm4_mesh2d_4x4_onering_qwen_gqa_baseline_fwd_block2x2_bs64_sl65536.json,qwen,gqa_baseline_fwd_block2x2,64,65536,16,,,,,mesh2d,4x4,onering,436603,418338,18265,,76.469,25.703,SUCCESS,2026-03-05 22:22:53
ebd066c19cf12fa7f59ae53f0c865961ecfbe34d055df117e91301b7ad20f65f,tp16_hbm4_mesh2d_4x4_onering_qwen_gqa_baseline_fwd_block2x2_bs64_sl8192,/home/haotian/waferchip/mesh2D/astra_sim_picasso/examples/run_scripts/analytical/congestion_aware/configs/gqa_seq_scaling/tp16_hbm4_mesh2d_4x4_onering_qwen_gqa_baseline_fwd_block2x2_bs64_sl8192.json,qwen,gqa_baseline_fwd_block2x2,64,8192,16,,,,,mesh2d,4x4,onering,92111,73846,18265,,83.323,18.378,SUCCESS,2026-03-05 22:22:55
a6fba6d5e490f1cc9f7db6a78751840c4f65516e33cd5c56c778fcfd00574422,tp16_hbm4_mesh2d_4x4_onering_qwen_gqa_baseline_fwd_bs64_sl16384,/home/haotian/waferchip/mesh2D/astra_sim_picasso/examples/run_scripts/analytical/congestion_aware/configs/gqa_seq_scaling/tp16_hbm4_mesh2d_4x4_onering_qwen_gqa_baseline_fwd_bs64_sl16384.json,qwen,gqa_baseline_fwd,64,16384,16,,,,,mesh2d,4x4,onering,142537,123060,19477,,79.994,21.935,SUCCESS,2026-03-05 22:22:57
2c72b2e87a547aacd3d8ca281fefeb135f2c3d8ab76e2c527f0011c09c976ad4,tp16_hbm4_mesh2d_4x4_onering_qwen_gqa_baseline_fwd_bs64_sl32768,/home/haotian/waferchip/mesh2D/astra_sim_picasso/examples/run_scripts/analytical/congestion_aware/configs/gqa_seq_scaling/tp16_hbm4_mesh2d_4x4_onering_qwen_gqa_baseline_fwd_bs64_sl32768.json,qwen,gqa_baseline_fwd,64,32768,16,,,,,mesh2d,4x4,onering,240962,221485,19477,,77.775,24.307,SUCCESS,2026-03-05 22:22:58
7f66b35437c3e70db1cc33b1c7dd0d6c82c013d156a53de6c113a6537756774c,tp16_hbm4_mesh2d_4x4_onering_qwen_gqa_hmp_fwd_block2x2_bs64_sl1024,/home/haotian/waferchip/mesh2D/astra_sim_picasso/examples/run_scripts/analytical/congestion_aware/configs/gqa_seq_scaling/tp16_hbm4_mesh2d_4x4_onering_qwen_gqa_hmp_fwd_block2x2_bs64_sl1024.json,qwen,gqa_hmp_fwd_block2x2,64,1024,16,,,,,mesh2d,4x4,onering,44207,44207,,,96.493,4.312,SUCCESS,2026-03-05 22:22:58
fe6b0fad12d310e09a1d02384e34a31353af5544aad8d96237bb8f93212b827e,tp16_hbm4_mesh2d_4x4_onering_qwen_gqa_hmp_fwd_block2x2_bs64_sl16384,/home/haotian/waferchip/mesh2D/astra_sim_picasso/examples/run_scripts/analytical/congestion_aware/configs/gqa_seq_scaling/tp16_hbm4_mesh2d_4x4_onering_qwen_gqa_hmp_fwd_block2x2_bs64_sl16384.json,qwen,gqa_hmp_fwd_block2x2,64,16384,16,,,,,mesh2d,4x4,onering,136482,136482,,,81.962,19.836,SUCCESS,2026-03-05 22:22:58
e6c2af9d85060625649454924a76f83ee9a8e26c24713c96cad233e95272eddb,tp16_hbm4_mesh2d_4x4_onering_qwen_gqa_hmp_fwd_block2x2_bs64_sl2048,/home/haotian/waferchip/mesh2D/astra_sim_picasso/examples/run_scripts/analytical/congestion_aware/configs/gqa_seq_scaling/tp16_hbm4_mesh2d_4x4_onering_qwen_gqa_hmp_fwd_block2x2_bs64_sl2048.json,qwen,gqa_hmp_fwd_block2x2,64,2048,16,,,,,mesh2d,4x4,onering,50357,50357,,,93.871,7.114,SUCCESS,2026-03-05 22:22:58
f597288a8b586e4a1ea0845f4c582307535394ccdf3515034157cf4deecaa56d,tp16_hbm4_mesh2d_4x4_onering_qwen_gqa_hmp_fwd_block2x2_bs64_sl32768,/home/haotian/waferchip/mesh2D/astra_sim_picasso/examples/run_scripts/analytical/congestion_aware/configs/gqa_seq_scaling/tp16_hbm4_mesh2d_4x4_onering_qwen_gqa_hmp_fwd_block2x2_bs64_sl32768.json,qwen,gqa_hmp_fwd_block2x2,64,32768,16,,,,,mesh2d,4x4,onering,234907,234907,,,79.045,22.951,SUCCESS,2026-03-05 22:22:58
b41cc6b3256d461e89aff5753f2afa16e6a47a3291c9f4d212642475b1e3b8b0,tp16_hbm4_mesh2d_4x4_onering_qwen_gqa_hmp_fwd_block2x2_bs64_sl4096,/home/haotian/waferchip/mesh2D/astra_sim_picasso/examples/run_scripts/analytical/congestion_aware/configs/gqa_seq_scaling/tp16_hbm4_mesh2d_4x4_onering_qwen_gqa_hmp_fwd_block2x2_bs64_sl4096.json,qwen,gqa_hmp_fwd_block2x2,64,4096,16,,,,,mesh2d,4x4,onering,62661,62661,,,90.165,11.073,SUCCESS,2026-03-05 22:22:59
656a866d58b152948e8ad18fb2c3781affee11be2eef4dc00a9274103afd260c,tp16_hbm4_mesh2d_4x4_onering_qwen_gqa_hmp_fwd_block2x2_bs64_sl65536,/home/haotian/waferchip/mesh2D/astra_sim_picasso/examples/run_scripts/analytical/congestion_aware/configs/gqa_seq_scaling/tp16_hbm4_mesh2d_4x4_onering_qwen_gqa_hmp_fwd_block2x2_bs64_sl65536.json,qwen,gqa_hmp_fwd_block2x2,64,65536,16,,,,,mesh2d,4x4,onering,431760,431760,,,77.201,24.922,SUCCESS,2026-03-05 22:22:59
31768a1c2d5985a05eed8fbafcb96bef8319834c57735565cdf188b4fd4b40b8,tp16_hbm4_mesh2d_4x4_onering_qwen_gqa_hmp_fwd_block2x2_bs64_sl8192,/home/haotian/waferchip/mesh2D/astra_sim_picasso/examples/run_scripts/analytical/congestion_aware/configs/gqa_seq_scaling/tp16_hbm4_mesh2d_4x4_onering_qwen_gqa_hmp_fwd_block2x2_bs64_sl8192.json,qwen,gqa_hmp_fwd_block2x2,64,8192,16,,,,,mesh2d,4x4,onering,87268,87268,,,85.888,15.642,SUCCESS,2026-03-05 22:22:59
37c1ecbf8355a0ad9cd6a6fe5937df753ca3d0bafbac1ae06119eb29b1f05492,tp16_hbm4_mesh2d_4x4_onering_qwen_gqa_hmp_fwd_bs64_sl16384,/home/haotian/waferchip/mesh2D/astra_sim_picasso/examples/run_scripts/analytical/congestion_aware/configs/gqa_seq_scaling/tp16_hbm4_mesh2d_4x4_onering_qwen_gqa_hmp_fwd_bs64_sl16384.json,qwen,gqa_hmp_fwd,64,16384,16,,,,,mesh2d,4x4,onering,136482,136482,,,81.962,19.836,SUCCESS,2026-03-05 22:22:59
00a9af9c5afe4ec688c7ac9a54be3d8e8dd37956d636f4da63b88e8d7d48f86a,tp16_hbm4_mesh2d_4x4_onering_qwen_gqa_hmp_fwd_bs64_sl32768,/home/haotian/waferchip/mesh2D/astra_sim_picasso/examples/run_scripts/analytical/congestion_aware/configs/gqa_seq_scaling/tp16_hbm4_mesh2d_4x4_onering_qwen_gqa_hmp_fwd_bs64_sl32768.json,qwen,gqa_hmp_fwd,64,32768,16,,,,,mesh2d,4x4,onering,234907,234907,,,79.045,22.951,SUCCESS,2026-03-05 22:22:59
7486b3b291408135cb30e634381fa41dfdce0c3c768dab81ea4a391499cb382a,tp16_hbm4_mesh2d_4x4_onering_qwen_gqa_tp16_fwd_bs64_sl1024,/home/haotian/waferchip/mesh2D/astra_sim_picasso/examples/run_scripts/analytical/congestion_aware/configs/gqa_seq_scaling/tp16_hbm4_mesh2d_4x4_onering_qwen_gqa_tp16_fwd_bs64_sl1024.json,qwen,gqa_tp16_fwd,64,1024,16,,,,,mesh2d,4x4,onering,37930,13417,24513,,88.543,16.604,SUCCESS,2026-03-05 22:23:01
09937efd2591d18a0bc77ca91431e9c88da85e3d8b588b489e528a91b8704d57,tp16_hbm4_mesh2d_4x4_onering_qwen_gqa_tp16_fwd_bs64_sl16384,/home/haotian/waferchip/mesh2D/astra_sim_picasso/examples/run_scripts/analytical/congestion_aware/configs/gqa_seq_scaling/tp16_hbm4_mesh2d_4x4_onering_qwen_gqa_tp16_fwd_bs64_sl16384.json,qwen,gqa_tp16_fwd,64,16384,16,,,,,mesh2d,4x4,onering,112137,72137,40000,,65.89,46.696,SUCCESS,2026-03-05 22:23:03
0959ec13256dd6419f14f05bfead1c57353d9982dcff0e61cb0564853be31d52,tp16_hbm4_mesh2d_4x4_onering_qwen_gqa_tp16_fwd_bs64_sl2048,/home/haotian/waferchip/mesh2D/astra_sim_picasso/examples/run_scripts/analytical/congestion_aware/configs/gqa_seq_scaling/tp16_hbm4_mesh2d_4x4_onering_qwen_gqa_tp16_fwd_bs64_sl2048.json,qwen,gqa_tp16_fwd,64,2048,16,,,,,mesh2d,4x4,onering,42932,17331,25601,,82.255,24.955,SUCCESS,2026-03-05 22:23:04
23dce48afb961b7a977eb02c9212ff3d00991c4e321d25e2a81fcf4f198cd6b6,tp16_hbm4_mesh2d_4x4_onering_qwen_gqa_tp16_fwd_bs64_sl32768,/home/haotian/waferchip/mesh2D/astra_sim_picasso/examples/run_scripts/analytical/congestion_aware/configs/gqa_seq_scaling/tp16_hbm4_mesh2d_4x4_onering_qwen_gqa_tp16_fwd_bs64_sl32768.json,qwen,gqa_tp16_fwd,64,32768,16,,,,,mesh2d,4x4,onering,191605,134773,56832,,63.485,49.891,SUCCESS,2026-03-05 22:23:06
f28628bda6b33d8e0687d6447e5a9163f0cb135d9e1b560c2fc2eefc786ae1e1,tp16_hbm4_mesh2d_4x4_onering_qwen_gqa_tp16_fwd_bs64_sl4096,/home/haotian/waferchip/mesh2D/astra_sim_picasso/examples/run_scripts/analytical/congestion_aware/configs/gqa_seq_scaling/tp16_hbm4_mesh2d_4x4_onering_qwen_gqa_tp16_fwd_bs64_sl4096.json,qwen,gqa_tp16_fwd,64,4096,16,,,,,mesh2d,4x4,onering,52793,25161,27632,,75.551,33.861,SUCCESS,2026-03-05 22:23:08
d7ef4a0654998aa5d3257ac90ff9dea9cd31da8fbc1791647e50a75924916935,tp16_hbm4_mesh2d_4x4_onering_qwen_gqa_tp16_fwd_bs64_sl65536,/home/haotian/waferchip/mesh2D/astra_sim_picasso/examples/run_scripts/analytical/congestion_aware/configs/gqa_seq_scaling/tp16_hbm4_mesh2d_4x4_onering_qwen_gqa_tp16_fwd_bs64_sl65536.json,qwen,gqa_tp16_fwd,64,65536,16,,,,,mesh2d,4x4,onering,352149,260043,92106,,62.15,51.664,SUCCESS,2026-03-05 22:23:10
fab814d36822e0021c2446745112b75aef57a4dc38f64b73685bd6b2990bca05,tp16_hbm4_mesh2d_4x4_onering_qwen_gqa_tp16_fwd_bs64_sl8192,/home/haotian/waferchip/mesh2D/astra_sim_picasso/examples/run_scripts/analytical/congestion_aware/configs/gqa_seq_scaling/tp16_hbm4_mesh2d_4x4_onering_qwen_gqa_tp16_fwd_bs64_sl8192.json,qwen,gqa_tp16_fwd,64,8192,16,,,,,mesh2d,4x4,onering,72586,40819,31767,,69.861,41.42,SUCCESS,2026-03-05 22:23:12
67aef3d26bef850ace2666b3750e6fb1a59595b88c66ca4a13dfca845a4a03bb,tp16_hbm4_real_mesh2d_4x4_onering_qwen_gqa_baseline_fwd_bs64_sl1022,/home/haotian/waferchip/mesh2D/astra_sim_picasso/examples/run_scripts/analytical/congestion_aware/configs/gqa_seq_scaling/tp16_hbm4_real_mesh2d_4x4_onering_qwen_gqa_baseline_fwd_bs64_sl1022.json,onering,qwen_gqa_baseline_fwd,64,1022,16,,,,,real,mesh2d,4x4,50262,30785,19477,,94.965,5.936,SUCCESS,2026-03-05 22:23:14
bd2ea5090cc499dae154f21f7b644048e492e16441ce3993144b27c3036a1674,tp16_hbm4_real_mesh2d_4x4_onering_qwen_gqa_baseline_fwd_bs64_sl1023,/home/haotian/waferchip/mesh2D/astra_sim_picasso/examples/run_scripts/analytical/congestion_aware/configs/gqa_seq_scaling/tp16_hbm4_real_mesh2d_4x4_onering_qwen_gqa_baseline_fwd_bs64_sl1023.json,onering,qwen_gqa_baseline_fwd,64,1023,16,,,,,real,mesh2d,4x4,50262,30785,19477,,94.965,5.936,SUCCESS,2026-03-05 22:23:15
3fbb54714745f9efc9a58e8ad804262a15157fd97045c00f94c0e39d76a07c52,tp16_hbm4_real_mesh2d_4x4_onering_qwen_gqa_baseline_fwd_bs64_sl1024,/home/haotian/waferchip/mesh2D/astra_sim_picasso/examples/run_scripts/analytical/congestion_aware/configs/gqa_seq_scaling/tp16_hbm4_real_mesh2d_4x4_onering_qwen_gqa_baseline_fwd_bs64_sl1024.json,onering,qwen_gqa_baseline_fwd,64,1024,16,,,,,real,mesh2d,4x4,50262,30785,19477,,94.965,5.936,SUCCESS,2026-03-05 22:23:17
c52a6a9ca08ae82ea6b55e5128c85b2e6cd782655a460a7e75f9e4ee7d4d0f49,tp16_hbm4_real_mesh2d_4x4_onering_qwen_gqa_baseline_fwd_bs64_sl10240,/home/haotian/waferchip/mesh2D/astra_sim_picasso/examples/run_scripts/analytical/congestion_aware/configs/gqa_seq_scaling/tp16_hbm4_real_mesh2d_4x4_onering_qwen_gqa_baseline_fwd_bs64_sl10240.json,onering,qwen_gqa_baseline_fwd,64,10240,16,,,,,real,mesh2d,4x4,105625,86148,19477,,82.136,19.647,SUCCESS,2026-03-05 22:23:18
e25e86bc0e48e38755133738ea8d2073f9778778f760d1781cbdfa3ec579ea3b,tp16_hbm4_real_mesh2d_4x4_onering_qwen_gqa_baseline_fwd_bs64_sl11264,/home/haotian/waferchip/mesh2D/astra_sim_picasso/examples/run_scripts/analytical/congestion_aware/configs/gqa_seq_scaling/tp16_hbm4_real_mesh2d_4x4_onering_qwen_gqa_baseline_fwd_bs64_sl11264.json,onering,qwen_gqa_baseline_fwd,64,11264,16,,,,,real,mesh2d,4x4,111777,92300,19477,,81.66,20.155,SUCCESS,2026-03-05 22:23:20
f55735139236ae00bbd82b4d7a59ef8bb539a56ae313ed4e1b02149313db164c,tp16_hbm4_real_mesh2d_4x4_onering_qwen_gqa_baseline_fwd_bs64_sl12288,/home/haotian/waferchip/mesh2D/astra_sim_picasso/examples/run_scripts/analytical/congestion_aware/configs/gqa_seq_scaling/tp16_hbm4_real_mesh2d_4x4_onering_qwen_gqa_baseline_fwd_bs64_sl12288.json,onering,qwen_gqa_baseline_fwd,64,12288,16,,,,,real,mesh2d,4x4,117929,98452,19477,,81.244,20.6,SUCCESS,2026-03-05 22:23:22
0d511d9b063177111b52ccb6cd32b3ddb7dc389dfcc1b31964aa40669867b8ea,tp16_hbm4_real_mesh2d_4x4_onering_qwen_gqa_baseline_fwd_bs64_sl13312,/home/haotian/waferchip/mesh2D/astra_sim_picasso/examples/run_scripts/analytical/congestion_aware/configs/gqa_seq_scaling/tp16_hbm4_real_mesh2d_4x4_onering_qwen_gqa_baseline_fwd_bs64_sl13312.json,onering,qwen_gqa_baseline_fwd,64,13312,16,,,,,real,mesh2d,4x4,124081,104604,19477,,80.876,20.993,SUCCESS,2026-03-05 22:23:23
ce407b069d596b7aa099df02c633858b9b4990e2ce38ee9fd4f4cc0b16beb531,tp16_hbm4_real_mesh2d_4x4_onering_qwen_gqa_baseline_fwd_bs64_sl14336,/home/haotian/waferchip/mesh2D/astra_sim_picasso/examples/run_scripts/analytical/congestion_aware/configs/gqa_seq_scaling/tp16_hbm4_real_mesh2d_4x4_onering_qwen_gqa_baseline_fwd_bs64_sl14336.json,onering,qwen_gqa_baseline_fwd,64,14336,16,,,,,real,mesh2d,4x4,130233,110756,19477,,80.55,21.342,SUCCESS,2026-03-05 22:23:25
c5c5dbbc6f775e71ad21730ab48ac1cb840ee5a81e742bc5d18b370418928fc4,tp16_hbm4_real_mesh2d_4x4_onering_qwen_gqa_baseline_fwd_bs64_sl15360,/home/haotian/waferchip/mesh2D/astra_sim_picasso/examples/run_scripts/analytical/congestion_aware/configs/gqa_seq_scaling/tp16_hbm4_real_mesh2d_4x4_onering_qwen_gqa_baseline_fwd_bs64_sl15360.json,onering,qwen_gqa_baseline_fwd,64,15360,16,,,,,real,mesh2d,4x4,136385,116908,19477,,80.257,21.654,SUCCESS,2026-03-05 22:23:27
061459413fffc464ab7f69252f8a3f72efa8bf279c3a5c269fb6ab33d9fd2b53,tp16_hbm4_real_mesh2d_4x4_onering_qwen_gqa_baseline_fwd_bs64_sl2048,/home/haotian/waferchip/mesh2D/astra_sim_picasso/examples/run_scripts/analytical/congestion_aware/configs/gqa_seq_scaling/tp16_hbm4_real_mesh2d_4x4_onering_qwen_gqa_baseline_fwd_bs64_sl2048.json,onering,qwen_gqa_baseline_fwd,64,2048,16,,,,,real,mesh2d,4x4,56412,36935,19477,,91.644,9.486,SUCCESS,2026-03-05 22:23:28
c2909c20871ddd4383c0292cc8bcffafe92f623b144bbd664fc2036a24df21c1,tp16_hbm4_real_mesh2d_4x4_onering_qwen_gqa_baseline_fwd_bs64_sl3072,/home/haotian/waferchip/mesh2D/astra_sim_picasso/examples/run_scripts/analytical/congestion_aware/configs/gqa_seq_scaling/tp16_hbm4_real_mesh2d_4x4_onering_qwen_gqa_baseline_fwd_bs64_sl3072.json,onering,qwen_gqa_baseline_fwd,64,3072,16,,,,,real,mesh2d,4x4,62564,43087,19477,,89.267,12.026,SUCCESS,2026-03-05 22:23:30
68f27c9f4eaba66883bab49bf0e6a6b3cb16745ef2e38d4f5825f0897043e0ba,tp16_hbm4_real_mesh2d_4x4_onering_qwen_gqa_baseline_fwd_bs64_sl4096,/home/haotian/waferchip/mesh2D/astra_sim_picasso/examples/run_scripts/analytical/congestion_aware/configs/gqa_seq_scaling/tp16_hbm4_real_mesh2d_4x4_onering_qwen_gqa_baseline_fwd_bs64_sl4096.json,onering,qwen_gqa_baseline_fwd,64,4096,16,,,,,real,mesh2d,4x4,68716,49239,19477,,87.484,13.931,SUCCESS,2026-03-05 22:23:31
cbc18d04366e84f64b7fb6158b60e253848804a2a67d152b4bbd5f6d42f17bb5,tp16_hbm4_real_mesh2d_4x4_onering_qwen_gqa_baseline_fwd_bs64_sl5120,/home/haotian/waferchip/mesh2D/astra_sim_picasso/examples/run_scripts/analytical/congestion_aware/configs/gqa_seq_scaling/tp16_hbm4_real_mesh2d_4x4_onering_qwen_gqa_baseline_fwd_bs64_sl5120.json,onering,qwen_gqa_baseline_fwd,64,5120,16,,,,,real,mesh2d,4x4,74868,55391,19477,,86.097,15.413,SUCCESS,2026-03-05 22:23:33
43be11bd74e660f2859b3a27d0762b7026037a6ed2832f115ab288d6a0ff1695,tp16_hbm4_real_mesh2d_4x4_onering_qwen_gqa_baseline_fwd_bs64_sl6144,/home/haotian/waferchip/mesh2D/astra_sim_picasso/examples/run_scripts/analytical/congestion_aware/configs/gqa_seq_scaling/tp16_hbm4_real_mesh2d_4x4_onering_qwen_gqa_baseline_fwd_bs64_sl6144.json,onering,qwen_gqa_baseline_fwd,64,6144,16,,,,,real,mesh2d,4x4,81020,61543,19477,,84.988,16.599,SUCCESS,2026-03-05 22:23:35
f23dd62175af1e2e5d3bc2d87fe6ec91530d84eecb51e6ee5bc2e54b1dd9e7d5,tp16_hbm4_real_mesh2d_4x4_onering_qwen_gqa_baseline_fwd_bs64_sl65536,/home/haotian/waferchip/mesh2D/astra_sim_picasso/examples/run_scripts/analytical/congestion_aware/configs/gqa_seq_scaling/tp16_hbm4_real_mesh2d_4x4_onering_qwen_gqa_baseline_fwd_bs64_sl65536.json,onering,qwen_gqa_baseline_fwd,64,65536,16,,,,,real,mesh2d,4x4,437815,418338,19477,,76.469,25.703,SUCCESS,2026-03-05 22:23:36
18d175a6ef954155230cd7ed2132855a1d57b54e902a0f40e736edc43daee365,tp16_hbm4_real_mesh2d_4x4_onering_qwen_gqa_baseline_fwd_bs64_sl7168,/home/haotian/waferchip/mesh2D/astra_sim_picasso/examples/run_scripts/analytical/congestion_aware/configs/gqa_seq_scaling/tp16_hbm4_real_mesh2d_4x4_onering_qwen_gqa_baseline_fwd_bs64_sl7168.json,onering,qwen_gqa_baseline_fwd,64,7168,16,,,,,real,mesh2d,4x4,87171,67694,19477,,84.08,17.569,SUCCESS,2026-03-05 22:23:38
db63185ec8c7af9ed6c449d2cb6b9d4854551c599eac4dae9c22aae95580c6e7,tp16_hbm4_real_mesh2d_4x4_onering_qwen_gqa_baseline_fwd_bs64_sl8192,/home/haotian/waferchip/mesh2D/astra_sim_picasso/examples/run_scripts/analytical/congestion_aware/configs/gqa_seq_scaling/tp16_hbm4_real_mesh2d_4x4_onering_qwen_gqa_baseline_fwd_bs64_sl8192.json,onering,qwen_gqa_baseline_fwd,64,8192,16,,,,,real,mesh2d,4x4,93323,73846,19477,,83.323,18.378,SUCCESS,2026-03-05 22:23:39
ccfb986c365edb468b72ec0c453a18a2cecdd49c4e9c5cf6e417274cb7a5e76d,tp16_hbm4_real_mesh2d_4x4_onering_qwen_gqa_baseline_fwd_bs64_sl9216,/home/haotian/waferchip/mesh2D/astra_sim_picasso/examples/run_scripts/analytical/congestion_aware/configs/gqa_seq_scaling/tp16_hbm4_real_mesh2d_4x4_onering_qwen_gqa_baseline_fwd_bs64_sl9216.json,onering,qwen_gqa_baseline_fwd,64,9216,16,,,,,real,mesh2d,4x4,99475,79998,19477,,82.683,19.062,SUCCESS,2026-03-05 22:23:41
c5300dd572a2142ccd2be00bfbc39f3c951b024ae174c1fd7127ba12fce4d4af,tp16_hbm4_real_mesh2d_4x4_onering_qwen_gqa_hmp_fwd_bs64_sl1024,/home/haotian/waferchip/mesh2D/astra_sim_picasso/examples/run_scripts/analytical/congestion_aware/configs/gqa_seq_scaling/tp16_hbm4_real_mesh2d_4x4_onering_qwen_gqa_hmp_fwd_bs64_sl1024.json,onering,qwen_gqa_hmp_fwd,64,1024,16,,,,,real,mesh2d,4x4,44207,44207,,,96.493,4.312,SUCCESS,2026-03-05 22:23:41
e3c56c4d6d3aee5321cae299108b529f085eee7adac8b144527cce8e407f73e2,tp16_hbm4_real_mesh2d_4x4_onering_qwen_gqa_hmp_fwd_bs64_sl10240,/home/haotian/waferchip/mesh2D/astra_sim_picasso/examples/run_scripts/analytical/congestion_aware/configs/gqa_seq_scaling/tp16_hbm4_real_mesh2d_4x4_onering_qwen_gqa_hmp_fwd_bs64_sl10240.json,onering,qwen_gqa_hmp_fwd,64,10240,16,,,,,real,mesh2d,4x4,99570,99570,,,84.544,17.078,SUCCESS,2026-03-05 22:23:41
a42cab100486b099284152c6d5b2d1a0be427ad4cde316bd42c8ed15a6eb5c57,tp16_hbm4_real_mesh2d_4x4_onering_qwen_gqa_hmp_fwd_bs64_sl11264,/home/haotian/waferchip/mesh2D/astra_sim_picasso/examples/run_scripts/analytical/congestion_aware/configs/gqa_seq_scaling/tp16_hbm4_real_mesh2d_4x4_onering_qwen_gqa_hmp_fwd_bs64_sl11264.json,onering,qwen_gqa_hmp_fwd,64,11264,16,,,,,real,mesh2d,4x4,105722,105722,,,83.988,17.671,SUCCESS,2026-03-05 22:23:41
53704a8a64d0cf78b2e9380d13ab1b417d1205e960836b15b23f1f56a00e42bd,tp16_hbm4_real_mesh2d_4x4_onering_qwen_gqa_hmp_fwd_bs64_sl12288,/home/haotian/waferchip/mesh2D/astra_sim_picasso/examples/run_scripts/analytical/congestion_aware/configs/gqa_seq_scaling/tp16_hbm4_real_mesh2d_4x4_onering_qwen_gqa_hmp_fwd_bs64_sl12288.json,onering,qwen_gqa_hmp_fwd,64,12288,16,,,,,real,mesh2d,4x4,111874,111874,,,83.494,18.199,SUCCESS,2026-03-05 22:23:41
586c33463a57832714892f6769f3a2eab111d1ba1b8da77781e2bc7f0aae1824,tp16_hbm4_real_mesh2d_4x4_onering_qwen_gqa_hmp_fwd_bs64_sl13312,/home/haotian/waferchip/mesh2D/astra_sim_picasso/examples/run_scripts/analytical/congestion_aware/configs/gqa_seq_scaling/tp16_hbm4_real_mesh2d_4x4_onering_qwen_gqa_hmp_fwd_bs64_sl13312.json,onering,qwen_gqa_hmp_fwd,64,13312,16,,,,,real,mesh2d,4x4,118026,118026,,,83.051,18.672,SUCCESS,2026-03-05 22:23:41
11fa250a0ff4b99de9322f308645fe3bfeb469a578de63e3b65251e5de5552b3,tp16_hbm4_real_mesh2d_4x4_onering_qwen_gqa_hmp_fwd_bs64_sl14336,/home/haotian/waferchip/mesh2D/astra_sim_picasso/examples/run_scripts/analytical/congestion_aware/configs/gqa_seq_scaling/tp16_hbm4_real_mesh2d_4x4_onering_qwen_gqa_hmp_fwd_bs64_sl14336.json,onering,qwen_gqa_hmp_fwd,64,14336,16,,,,,real,mesh2d,4x4,124178,124178,,,82.652,19.098,SUCCESS,2026-03-05 22:23:41
1620aa472d4c1a38b33c45e7e8be9d5e18f36749162cf6e53bd674d263f1ce7b,tp16_hbm4_real_mesh2d_4x4_onering_qwen_gqa_hmp_fwd_bs64_sl15360,/home/haotian/waferchip/mesh2D/astra_sim_picasso/examples/run_scripts/analytical/congestion_aware/configs/gqa_seq_scaling/tp16_hbm4_real_mesh2d_4x4_onering_qwen_gqa_hmp_fwd_bs64_sl15360.json,onering,qwen_gqa_hmp_fwd,64,15360,16,,,,,real,mesh2d,4x4,130330,130330,,,82.291,19.484,SUCCESS,2026-03-05 22:23:41
7546133deab5b16d244ba15523eff50abd35b045ac004a257df86e71806f0942,tp16_hbm4_real_mesh2d_4x4_onering_qwen_gqa_hmp_fwd_bs64_sl2048,/home/haotian/waferchip/mesh2D/astra_sim_picasso/examples/run_scripts/analytical/congestion_aware/configs/gqa_seq_scaling/tp16_hbm4_real_mesh2d_4x4_onering_qwen_gqa_hmp_fwd_bs64_sl2048.json,onering,qwen_gqa_hmp_fwd,64,2048,16,,,,,real,mesh2d,4x4,50357,50357,,,93.871,7.114,SUCCESS,2026-03-05 22:23:41
b9be96608f3269f0a4cd56868ba4bcd4020775e7fe8140cfb7c1d3b899aa8dfd,tp16_hbm4_real_mesh2d_4x4_onering_qwen_gqa_hmp_fwd_bs64_sl3072,/home/haotian/waferchip/mesh2D/astra_sim_picasso/examples/run_scripts/analytical/congestion_aware/configs/gqa_seq_scaling/tp16_hbm4_real_mesh2d_4x4_onering_qwen_gqa_hmp_fwd_bs64_sl3072.json,onering,qwen_gqa_hmp_fwd,64,3072,16,,,,,real,mesh2d,4x4,56509,56509,,,91.816,9.309,SUCCESS,2026-03-05 22:23:41
234ddae2f54dbeda0c6aecd36827f87619ec2b04df4f208cc75dbf7f89374901,tp16_hbm4_real_mesh2d_4x4_onering_qwen_gqa_hmp_fwd_bs64_sl4096,/home/haotian/waferchip/mesh2D/astra_sim_picasso/examples/run_scripts/analytical/congestion_aware/configs/gqa_seq_scaling/tp16_hbm4_real_mesh2d_4x4_onering_qwen_gqa_hmp_fwd_bs64_sl4096.json,onering,qwen_gqa_hmp_fwd,64,4096,16,,,,,real,mesh2d,4x4,62661,62661,,,90.165,11.073,SUCCESS,2026-03-05 22:23:41
3f5184b6de20b669f5c24ccf258aeffa9d8520dcb5a17f2e095446745b8f7dcc,tp16_hbm4_real_mesh2d_4x4_onering_qwen_gqa_hmp_fwd_bs64_sl5120,/home/haotian/waferchip/mesh2D/astra_sim_picasso/examples/run_scripts/analytical/congestion_aware/configs/gqa_seq_scaling/tp16_hbm4_real_mesh2d_4x4_onering_qwen_gqa_hmp_fwd_bs64_sl5120.json,onering,qwen_gqa_hmp_fwd,64,5120,16,,,,,real,mesh2d,4x4,68813,68813,,,88.809,12.521,SUCCESS,2026-03-05 22:23:41
9e0a163bd9a0f63ad4947546b64b33043131da8b1894d73268441d595f335013,tp16_hbm4_real_mesh2d_4x4_onering_qwen_gqa_hmp_fwd_bs64_sl6144,/home/haotian/waferchip/mesh2D/astra_sim_picasso/examples/run_scripts/analytical/congestion_aware/configs/gqa_seq_scaling/tp16_hbm4_real_mesh2d_4x4_onering_qwen_gqa_hmp_fwd_bs64_sl6144.json,onering,qwen_gqa_hmp_fwd,64,6144,16,,,,,real,mesh2d,4x4,74965,74965,,,87.676,13.732,SUCCESS,2026-03-05 22:23:42
22e086222b46f992027136ee360bac3f5a21461679283c5dabf6b8551cf29edb,tp16_hbm4_real_mesh2d_4x4_onering_qwen_gqa_hmp_fwd_bs64_sl65536,/home/haotian/waferchip/mesh2D/astra_sim_picasso/examples/run_scripts/analytical/congestion_aware/configs/gqa_seq_scaling/tp16_hbm4_real_mesh2d_4x4_onering_qwen_gqa_hmp_fwd_bs64_sl65536.json,onering,qwen_gqa_hmp_fwd,64,65536,16,,,,,real,mesh2d,4x4,431760,431760,,,77.201,24.922,SUCCESS,2026-03-05 22:23:42
6ce2c2df4cb0a34cb265fd59b88674873f6b85d15b90907bb6734b764b3bdf97,tp16_hbm4_real_mesh2d_4x4_onering_qwen_gqa_hmp_fwd_bs64_sl7168,/home/haotian/waferchip/mesh2D/astra_sim_picasso/examples/run_scripts/analytical/congestion_aware/configs/gqa_seq_scaling/tp16_hbm4_real_mesh2d_4x4_onering_qwen_gqa_hmp_fwd_bs64_sl7168.json,onering,qwen_gqa_hmp_fwd,64,7168,16,,,,,real,mesh2d,4x4,81116,81116,,,86.714,14.759,SUCCESS,2026-03-05 22:23:42
f2e02262b6b5bec8e997e28a24dc8d1856cb34c16a1c632e5bd9ee40bf9d8e42,tp16_hbm4_real_mesh2d_4x4_onering_qwen_gqa_hmp_fwd_bs64_sl8192,/home/haotian/waferchip/mesh2D/astra_sim_picasso/examples/run_scripts/analytical/congestion_aware/configs/gqa_seq_scaling/tp16_hbm4_real_mesh2d_4x4_onering_qwen_gqa_hmp_fwd_bs64_sl8192.json,onering,qwen_gqa_hmp_fwd,64,8192,16,,,,,real,mesh2d,4x4,87268,87268,,,85.888,15.642,SUCCESS,2026-03-05 22:23:42
6a089f05dbf752c9bb1a80ae8eebb868d882109b5e0408c4b828943a9ca22c57,tp16_hbm4_real_mesh2d_4x4_onering_qwen_gqa_hmp_fwd_bs64_sl9216,/home/haotian/waferchip/mesh2D/astra_sim_picasso/examples/run_scripts/analytical/congestion_aware/configs/gqa_seq_scaling/tp16_hbm4_real_mesh2d_4x4_onering_qwen_gqa_hmp_fwd_bs64_sl9216.json,onering,qwen_gqa_hmp_fwd,64,9216,16,,,,,real,mesh2d,4x4,93420,93420,,,85.171,16.408,SUCCESS,2026-03-05 22:23:42
0be021edf46ed150efd39ef7c56d4330a414a97a43b7b4b5364d2f2ba90afd59,tp16_hbm4_real_mesh2d_4x4_onering_qwen_gqa_tp16_fwd_bs64_sl1024,/home/haotian/waferchip/mesh2D/astra_sim_picasso/examples/run_scripts/analytical/congestion_aware/configs/gqa_seq_scaling/tp16_hbm4_real_mesh2d_4x4_onering_qwen_gqa_tp16_fwd_bs64_sl1024.json,onering,qwen_gqa_tp16_fwd,64,1024,16,,,,,real,mesh2d,4x4,37930,13417,24513,,88.543,16.604,SUCCESS,2026-03-05 22:23:44
3e08a169e76899539644c3ef81a7ea351e0c3016fb22c3333aba64ae07047a5c,tp16_hbm4_real_mesh2d_4x4_onering_qwen_gqa_tp16_fwd_bs64_sl10240,/home/haotian/waferchip/mesh2D/astra_sim_picasso/examples/run_scripts/analytical/congestion_aware/configs/gqa_seq_scaling/tp16_hbm4_real_mesh2d_4x4_onering_qwen_gqa_tp16_fwd_bs64_sl10240.json,onering,qwen_gqa_tp16_fwd,64,10240,16,,,,,real,mesh2d,4x4,170515,123035,47480,,49.997,54.66,SUCCESS,2026-03-05 22:23:47
89b087816f78da858b7ce3d3aa0e9f3a8fd7ea681f7fe9c4c2d3887c37c3ac0f,tp16_hbm4_real_mesh2d_4x4_onering_qwen_gqa_tp16_fwd_bs64_sl11264,/home/haotian/waferchip/mesh2D/astra_sim_picasso/examples/run_scripts/analytical/congestion_aware/configs/gqa_seq_scaling/tp16_hbm4_real_mesh2d_4x4_onering_qwen_gqa_tp16_fwd_bs64_sl11264.json,onering,qwen_gqa_tp16_fwd,64,11264,16,,,,,real,mesh2d,4x4,181699,134219,47480,,49.581,55.105,SUCCESS,2026-03-05 22:23:50
0cff1ca93b46337a6eb169eca0f513944d90625bff1353ba6cc87edf6e323023,tp16_hbm4_real_mesh2d_4x4_onering_qwen_gqa_tp16_fwd_bs64_sl12288,/home/haotian/waferchip/mesh2D/astra_sim_picasso/examples/run_scripts/analytical/congestion_aware/configs/gqa_seq_scaling/tp16_hbm4_real_mesh2d_4x4_onering_qwen_gqa_tp16_fwd_bs64_sl12288.json,onering,qwen_gqa_tp16_fwd,64,12288,16,,,,,real,mesh2d,4x4,192885,145405,47480,,49.228,55.482,SUCCESS,2026-03-05 22:23:53
b7cd400138f82a214595117c902e4e0bc9beaba0e7772423ef350c6bbd3df61b,tp16_hbm4_real_mesh2d_4x4_onering_qwen_gqa_tp16_fwd_bs64_sl13312,/home/haotian/waferchip/mesh2D/astra_sim_picasso/examples/run_scripts/analytical/congestion_aware/configs/gqa_seq_scaling/tp16_hbm4_real_mesh2d_4x4_onering_qwen_gqa_tp16_fwd_bs64_sl13312.json,onering,qwen_gqa_tp16_fwd,64,13312,16,,,,,real,mesh2d,4x4,204069,156589,47480,,48.926,55.804,SUCCESS,2026-03-05 22:23:57
4a115da2ad539afac462002163ae3ef39ecc99f31a5a4959879ccda5aa249a28,tp16_hbm4_real_mesh2d_4x4_onering_qwen_gqa_tp16_fwd_bs64_sl14336,/home/haotian/waferchip/mesh2D/astra_sim_picasso/examples/run_scripts/analytical/congestion_aware/configs/gqa_seq_scaling/tp16_hbm4_real_mesh2d_4x4_onering_qwen_gqa_tp16_fwd_bs64_sl14336.json,onering,qwen_gqa_tp16_fwd,64,14336,16,,,,,real,mesh2d,4x4,215254,167774,47480,,48.664,56.084,SUCCESS,2026-03-05 22:24:00
39cbeefeedb6d18bb6db5cf9a887e5cd1528cb32368c550443e029f3a74bdd88,tp16_hbm4_real_mesh2d_4x4_onering_qwen_gqa_tp16_fwd_bs64_sl15360,/home/haotian/waferchip/mesh2D/astra_sim_picasso/examples/run_scripts/analytical/congestion_aware/configs/gqa_seq_scaling/tp16_hbm4_real_mesh2d_4x4_onering_qwen_gqa_tp16_fwd_bs64_sl15360.json,onering,qwen_gqa_tp16_fwd,64,15360,16,,,,,real,mesh2d,4x4,226438,178958,47480,,48.435,56.329,SUCCESS,2026-03-05 22:24:03
3261472f002bd678bf833289f34117e433c7676d8b890a70536c7c14f98396d4,tp16_hbm4_real_mesh2d_4x4_onering_qwen_gqa_tp16_fwd_bs64_sl2048,/home/haotian/waferchip/mesh2D/astra_sim_picasso/examples/run_scripts/analytical/congestion_aware/configs/gqa_seq_scaling/tp16_hbm4_real_mesh2d_4x4_onering_qwen_gqa_tp16_fwd_bs64_sl2048.json,onering,qwen_gqa_tp16_fwd,64,2048,16,,,,,real,mesh2d,4x4,42932,17331,25601,,82.255,24.955,SUCCESS,2026-03-05 22:24:05
7f2a5e37c435b5c6b9b662c89ac25e460004846839f97fcf4346f440bfc2c138,tp16_hbm4_real_mesh2d_4x4_onering_qwen_gqa_tp16_fwd_bs64_sl3072,/home/haotian/waferchip/mesh2D/astra_sim_picasso/examples/run_scripts/analytical/congestion_aware/configs/gqa_seq_scaling/tp16_hbm4_real_mesh2d_4x4_onering_qwen_gqa_tp16_fwd_bs64_sl3072.json,onering,qwen_gqa_tp16_fwd,64,3072,16,,,,,real,mesh2d,4x4,92221,44741,47480,,58.739,45.317,SUCCESS,2026-03-05 22:24:08
14299f2baf023f8b800be0f196501ce90a672055e353ecae6a73e3e97d75f631,tp16_hbm4_real_mesh2d_4x4_onering_qwen_gqa_tp16_fwd_bs64_sl4096,/home/haotian/waferchip/mesh2D/astra_sim_picasso/examples/run_scripts/analytical/congestion_aware/configs/gqa_seq_scaling/tp16_hbm4_real_mesh2d_4x4_onering_qwen_gqa_tp16_fwd_bs64_sl4096.json,onering,qwen_gqa_tp16_fwd,64,4096,16,,,,,real,mesh2d,4x4,52793,25161,27632,,75.551,33.861,SUCCESS,2026-03-05 22:24:10
b05584689faa3e4c3fecdc4469aade01ce8ae76fc64cdbc226f4a60fc7d0c3f1,tp16_hbm4_real_mesh2d_4x4_onering_qwen_gqa_tp16_fwd_bs64_sl5120,/home/haotian/waferchip/mesh2D/astra_sim_picasso/examples/run_scripts/analytical/congestion_aware/configs/gqa_seq_scaling/tp16_hbm4_real_mesh2d_4x4_onering_qwen_gqa_tp16_fwd_bs64_sl5120.json,onering,qwen_gqa_tp16_fwd,64,5120,16,,,,,real,mesh2d,4x4,114591,67111,47480,,54.16,50.211,SUCCESS,2026-03-05 22:24:13
ffc62f7face5e0e7e6e1a4e90aec2135c11dea901ba391592e2e0c839366a326,tp16_hbm4_real_mesh2d_4x4_onering_qwen_gqa_tp16_fwd_bs64_sl6144,/home/haotian/waferchip/mesh2D/astra_sim_picasso/examples/run_scripts/analytical/congestion_aware/configs/gqa_seq_scaling/tp16_hbm4_real_mesh2d_4x4_onering_qwen_gqa_tp16_fwd_bs64_sl6144.json,onering,qwen_gqa_tp16_fwd,64,6144,16,,,,,real,mesh2d,4x4,125775,78295,47480,,52.852,51.609,SUCCESS,2026-03-05 22:24:17
afe07da16ff52a3cea4c1ddacd2b0810e858ab2367a420971fc1e67c66f0daa2,tp16_hbm4_real_mesh2d_4x4_onering_qwen_gqa_tp16_fwd_bs64_sl65536,/home/haotian/waferchip/mesh2D/astra_sim_picasso/examples/run_scripts/analytical/congestion_aware/configs/gqa_seq_scaling/tp16_hbm4_real_mesh2d_4x4_onering_qwen_gqa_tp16_fwd_bs64_sl65536.json,onering,qwen_gqa_tp16_fwd,64,65536,16,,,,,real,mesh2d,4x4,352149,260043,92106,,62.15,51.664,SUCCESS,2026-03-05 22:24:18
7e0476528a27ad3fb3afece2137d65d3643e07dc21e29811d44bdb48d12ceb8a,tp16_hbm4_real_mesh2d_4x4_onering_qwen_gqa_tp16_fwd_bs64_sl7168,/home/haotian/waferchip/mesh2D/astra_sim_picasso/examples/run_scripts/analytical/congestion_aware/configs/gqa_seq_scaling/tp16_hbm4_real_mesh2d_4x4_onering_qwen_gqa_tp16_fwd_bs64_sl7168.json,onering,qwen_gqa_tp16_fwd,64,7168,16,,,,,real,mesh2d,4x4,136961,89481,47480,,51.87,52.658,SUCCESS,2026-03-05 22:24:22
6274d80d39710ca98fca585d0c5d089606a2679dcfbac0a351758ac01aa285ac,tp16_hbm4_real_mesh2d_4x4_onering_qwen_gqa_tp16_fwd_bs64_sl8192,/home/haotian/waferchip/mesh2D/astra_sim_picasso/examples/run_scripts/analytical/congestion_aware/configs/gqa_seq_scaling/tp16_hbm4_real_mesh2d_4x4_onering_qwen_gqa_tp16_fwd_bs64_sl8192.json,onering,qwen_gqa_tp16_fwd,64,8192,16,,,,,real,mesh2d,4x4,72586,40819,31767,,69.861,41.42,SUCCESS,2026-03-05 22:24:24
b3c02f8679d15149adc9b795e81f04758d25217534c5860134fd073520e6cc48,tp16_hbm4_real_mesh2d_4x4_onering_qwen_gqa_tp16_fwd_bs64_sl9216,/home/haotian/waferchip/mesh2D/astra_sim_picasso/examples/run_scripts/analytical/congestion_aware/configs/gqa_seq_scaling/tp16_hbm4_real_mesh2d_4x4_onering_qwen_gqa_tp16_fwd_bs64_sl9216.json,onering,qwen_gqa_tp16_fwd,64,9216,16,,,,,real,mesh2d,4x4,159329,111849,47480,,50.497,54.126,SUCCESS,2026-03-05 22:24:27
cc1d8225030a10d8ba2f2d110fbcb5f039f68cf331b2e3335a7fb18e55851478,tp16_hbm4_ring_real_mesh2d_4x4_onering_qwen_gqa_tp16_fwd_bs64_sl1024,/home/haotian/waferchip/mesh2D/astra_sim_picasso/examples/run_scripts/analytical/congestion_aware/configs/gqa_seq_scaling/tp16_hbm4_ring_real_mesh2d_4x4_onering_qwen_gqa_tp16_fwd_bs64_sl1024.json,4x4,onering_qwen_gqa_tp16_fwd,64,1024,16,,,,,ring,real,mesh2d,62890,13417,49473,,88.543,16.604,SUCCESS,2026-03-05 22:24:27
ac0121897f6a90a52cdfc8b7c1509200ebe8f356d3e5abe89ec2819f8541b6de,tp16_hbm4_ring_real_mesh2d_4x4_onering_qwen_gqa_tp16_fwd_bs64_sl10240,/home/haotian/waferchip/mesh2D/astra_sim_picasso/examples/run_scripts/analytical/congestion_aware/configs/gqa_seq_scaling/tp16_hbm4_ring_real_mesh2d_4x4_onering_qwen_gqa_tp16_fwd_bs64_sl10240.json,4x4,onering_qwen_gqa_tp16_fwd,64,10240,16,,,,,ring,real,mesh2d,149515,123035,26480,,49.997,54.66,SUCCESS,2026-03-05 22:24:27
6ac74589e7773cc3f141a88bd688791534056abe8fa287b3b5e700cd878c18a3,tp16_hbm4_ring_real_mesh2d_4x4_onering_qwen_gqa_tp16_fwd_bs64_sl11264,/home/haotian/waferchip/mesh2D/astra_sim_picasso/examples/run_scripts/analytical/congestion_aware/configs/gqa_seq_scaling/tp16_hbm4_ring_real_mesh2d_4x4_onering_qwen_gqa_tp16_fwd_bs64_sl11264.json,4x4,onering_qwen_gqa_tp16_fwd,64,11264,16,,,,,ring,real,mesh2d,160699,134219,26480,,49.581,55.105,SUCCESS,2026-03-05 22:24:27
d54ea538aef1e2c3beb7f90ea8d5b2ad37230ac869c27b68c6b8ab9aaab710ac,tp16_hbm4_ring_real_mesh2d_4x4_onering_qwen_gqa_tp16_fwd_bs64_sl12288,/home/haotian/waferchip/mesh2D/astra_sim_picasso/examples/run_scripts/analytical/congestion_aware/configs/gqa_seq_scaling/tp16_hbm4_ring_real_mesh2d_4x4_onering_qwen_gqa_tp16_fwd_bs64_sl12288.json,4x4,onering_qwen_gqa_tp16_fwd,64,12288,16,,,,,ring,real,mesh2d,171885,145405,26480,,49.228,55.482,SUCCESS,2026-03-05 22:24:27
cd13913879420e6ff4960dd02929186c055b10bcac98825122e172770922e913,tp16_hbm4_ring_real_mesh2d_4x4_onering_qwen_gqa_tp16_fwd_bs64_sl13312,/home/haotian/waferchip/mesh2D/astra_sim_picasso/examples/run_scripts/analytical/congestion_aware/configs/gqa_seq_scaling/tp16_hbm4_ring_real_mesh2d_4x4_onering_qwen_gqa_tp16_fwd_bs64_sl13312.json,4x4,onering_qwen_gqa_tp16_fwd,64,13312,16,,,,,ring,real,mesh2d,183069,156589,26480,,48.926,55.804,SUCCESS,2026-03-05 22:24:27
43bc1ec775eb881c3e6373de0a66c80e9ac11bb57e8890fcb5f7ac09d09299de,tp16_hbm4_ring_real_mesh2d_4x4_onering_qwen_gqa_tp16_fwd_bs64_sl14336,/home/haotian/waferchip/mesh2D/astra_sim_picasso/examples/run_scripts/analytical/congestion_aware/configs/gqa_seq_scaling/tp16_hbm4_ring_real_mesh2d_4x4_onering_qwen_gqa_tp16_fwd_bs64_sl14336.json,4x4,onering_qwen_gqa_tp16_fwd,64,14336,16,,,,,ring,real,mesh2d,194254,167774,26480,,48.664,56.084,SUCCESS,2026-03-05 22:24:27
e9d652dfa74efa7dcb5f754262ea247757c234fe4349ab6bdfb9d54311461452,tp16_hbm4_ring_real_mesh2d_4x4_onering_qwen_gqa_tp16_fwd_bs64_sl15360,/home/haotian/waferchip/mesh2D/astra_sim_picasso/examples/run_scripts/analytical/congestion_aware/configs/gqa_seq_scaling/tp16_hbm4_ring_real_mesh2d_4x4_onering_qwen_gqa_tp16_fwd_bs64_sl15360.json,4x4,onering_qwen_gqa_tp16_fwd,64,15360,16,,,,,ring,real,mesh2d,205438,178958,26480,,48.435,56.329,SUCCESS,2026-03-05 22:24:27
0178f6bcb52d24daa3d57114fecdd4a46e03aab7bb6f2903c53a601f82692bf9,tp16_hbm4_ring_real_mesh2d_4x4_onering_qwen_gqa_tp16_fwd_bs64_sl2048,/home/haotian/waferchip/mesh2D/astra_sim_picasso/examples/run_scripts/analytical/congestion_aware/configs/gqa_seq_scaling/tp16_hbm4_ring_real_mesh2d_4x4_onering_qwen_gqa_tp16_fwd_bs64_sl2048.json,4x4,onering_qwen_gqa_tp16_fwd,64,2048,16,,,,,ring,real,mesh2d,68852,17331,51521,,82.255,24.955,SUCCESS,2026-03-05 22:24:28
72c533c047a59069ddb2c9490516d0cd3addd645b5116d30157b3553fca31c05,tp16_hbm4_ring_real_mesh2d_4x4_onering_qwen_gqa_tp16_fwd_bs64_sl3072,/home/haotian/waferchip/mesh2D/astra_sim_picasso/examples/run_scripts/analytical/congestion_aware/configs/gqa_seq_scaling/tp16_hbm4_ring_real_mesh2d_4x4_onering_qwen_gqa_tp16_fwd_bs64_sl3072.json,4x4,onering_qwen_gqa_tp16_fwd,64,3072,16,,,,,ring,real,mesh2d,71221,44741,26480,,58.739,45.317,SUCCESS,2026-03-05 22:24:28
e1c7d5a93f5948249120dc2976d03bf3de5ff60cfda06d86f6570839450e9148,tp16_hbm4_ring_real_mesh2d_4x4_onering_qwen_gqa_tp16_fwd_bs64_sl4096,/home/haotian/waferchip/mesh2D/astra_sim_picasso/examples/run_scripts/analytical/congestion_aware/configs/gqa_seq_scaling/tp16_hbm4_ring_real_mesh2d_4x4_onering_qwen_gqa_tp16_fwd_bs64_sl4096.json,4x4,onering_qwen_gqa_tp16_fwd,64,4096,16,,,,,ring,real,mesh2d,80513,25161,55352,,75.551,33.861,SUCCESS,2026-03-05 22:24:28
19ed178db9ceaf78ac9c486d6b08aae0d4728dab37ba841cb19e4cedc07d37fd,tp16_hbm4_ring_real_mesh2d_4x4_onering_qwen_gqa_tp16_fwd_bs64_sl5120,/home/haotian/waferchip/mesh2D/astra_sim_picasso/examples/run_scripts/analytical/congestion_aware/configs/gqa_seq_scaling/tp16_hbm4_ring_real_mesh2d_4x4_onering_qwen_gqa_tp16_fwd_bs64_sl5120.json,4x4,onering_qwen_gqa_tp16_fwd,64,5120,16,,,,,ring,real,mesh2d,93591,67111,26480,,54.16,50.211,SUCCESS,2026-03-05 22:24:28
0ec9fe6c587c5b3784bd7024665b549635dbd2673f64797cb402e7c78afe4a13,tp16_hbm4_ring_real_mesh2d_4x4_onering_qwen_gqa_tp16_fwd_bs64_sl6144,/home/haotian/waferchip/mesh2D/astra_sim_picasso/examples/run_scripts/analytical/congestion_aware/configs/gqa_seq_scaling/tp16_hbm4_ring_real_mesh2d_4x4_onering_qwen_gqa_tp16_fwd_bs64_sl6144.json,4x4,onering_qwen_gqa_tp16_fwd,64,6144,16,,,,,ring,real,mesh2d,104775,78295,26480,,52.852,51.609,SUCCESS,2026-03-05 22:24:28
ac335e4ceff6d4935c9b284e9984bccd27e5e1d1dbf04da87293087e6543fe0c,tp16_hbm4_ring_real_mesh2d_4x4_onering_qwen_gqa_tp16_fwd_bs64_sl65536,/home/haotian/waferchip/mesh2D/astra_sim_picasso/examples/run_scripts/analytical/congestion_aware/configs/gqa_seq_scaling/tp16_hbm4_ring_real_mesh2d_4x4_onering_qwen_gqa_tp16_fwd_bs64_sl65536.json,4x4,onering_qwen_gqa_tp16_fwd,64,65536,16,,,,,ring,real,mesh2d,496581,260043,236538,,62.15,51.664,SUCCESS,2026-03-05 22:24:28
3a11ece67196065231a795f29774b1db903486b9faa0194a02887879e5a6fd53,tp16_hbm4_ring_real_mesh2d_4x4_onering_qwen_gqa_tp16_fwd_bs64_sl7168,/home/haotian/waferchip/mesh2D/astra_sim_picasso/examples/run_scripts/analytical/congestion_aware/configs/gqa_seq_scaling/tp16_hbm4_ring_real_mesh2d_4x4_onering_qwen_gqa_tp16_fwd_bs64_sl7168.json,4x4,onering_qwen_gqa_tp16_fwd,64,7168,16,,,,,ring,real,mesh2d,115961,89481,26480,,51.87,52.658,SUCCESS,2026-03-05 22:24:28
0220219989e4ddd0932030ce089b5732f464662098179ee340b3677e70f4a8de,tp16_hbm4_ring_real_mesh2d_4x4_onering_qwen_gqa_tp16_fwd_bs64_sl8192,/home/haotian/waferchip/mesh2D/astra_sim_picasso/examples/run_scripts/analytical/congestion_aware/configs/gqa_seq_scaling/tp16_hbm4_ring_real_mesh2d_4x4_onering_qwen_gqa_tp16_fwd_bs64_sl8192.json,4x4,onering_qwen_gqa_tp16_fwd,64,8192,16,,,,,ring,real,mesh2d,104026,40819,63207,,69.861,41.42,SUCCESS,2026-03-05 22:24:28
d449b8e6a3687999e8dee0a7324c6a3e77a663b985b4286bc98e718f41e9a419,tp16_hbm4_ring_real_mesh2d_4x4_onering_qwen_gqa_tp16_fwd_bs64_sl9216,/home/haotian/waferchip/mesh2D/astra_sim_picasso/examples/run_scripts/analytical/congestion_aware/configs/gqa_seq_scaling/tp16_hbm4_ring_real_mesh2d_4x4_onering_qwen_gqa_tp16_fwd_bs64_sl9216.json,4x4,onering_qwen_gqa_tp16_fwd,64,9216,16,,,,,ring,real,mesh2d,138329,111849,26480,,50.497,54.126,SUCCESS,2026-03-05 22:24:28
d6a0763382f8933898993cd8ac30214563ad486dbb86a672d87a69f3e28db013,tp16_hbm4_mesh2d_4x4_onering_qwen_gqa_baseline_fwd_block2x2_bs64_sl1024,/home/haotian/waferchip/mesh2D/astra_sim_picasso/examples/run_scripts/analytical/congestion_aware/configs/gqa_seq_scaling/tp16_hbm4_mesh2d_4x4_onering_qwen_gqa_baseline_fwd_block2x2_bs64_sl1024.json,qwen,gqa_baseline_fwd_block2x2,64,1024,16,,,,,mesh2d,4x4,onering,46803,28538,18265,,94.568,6.772,SUCCESS,2026-03-06 00:13:51
036aeb1c1d9b4b5f37bdbcb88ffbf034118bad8c8a7ac3a0961c3b894bc3b04c,tp16_hbm4_mesh2d_4x4_onering_qwen_gqa_baseline_fwd_block2x2_bs64_sl16384,/home/haotian/waferchip/mesh2D/astra_sim_picasso/examples/run_scripts/analytical/congestion_aware/configs/gqa_seq_scaling/tp16_hbm4_mesh2d_4x4_onering_qwen_gqa_baseline_fwd_block2x2_bs64_sl16384.json,qwen,gqa_baseline_fwd_block2x2,64,16384,16,,,,,mesh2d,4x4,onering,105525,87260,18265,,71.787,32.857,SUCCESS,2026-03-06 00:13:52
2b33c3d6dfc0caca6d62228d99dc5860cefe211d18ccf357f122d42a7f9c910a,tp16_hbm4_mesh2d_4x4_onering_qwen_gqa_baseline_fwd_block2x2_bs64_sl2048,/home/haotian/waferchip/mesh2D/astra_sim_picasso/examples/run_scripts/analytical/congestion_aware/configs/gqa_seq_scaling/tp16_hbm4_mesh2d_4x4_onering_qwen_gqa_baseline_fwd_block2x2_bs64_sl2048.json,qwen,gqa_baseline_fwd_block2x2,64,2048,16,,,,,mesh2d,4x4,onering,50717,32452,18265,,90.489,11.443,SUCCESS,2026-03-06 00:13:54
5fb8363e761397e495b96e7dacbbf2aa4942682de129b1c92e891d4e1c6db363,tp16_hbm4_mesh2d_4x4_onering_qwen_gqa_baseline_fwd_block2x2_bs64_sl32768,/home/haotian/waferchip/mesh2D/astra_sim_picasso/examples/run_scripts/analytical/congestion_aware/configs/gqa_seq_scaling/tp16_hbm4_mesh2d_4x4_onering_qwen_gqa_baseline_fwd_block2x2_bs64_sl32768.json,qwen,gqa_baseline_fwd_block2x2,64,32768,16,,,,,mesh2d,4x4,onering,168157,149892,18265,,67.16,38.155,SUCCESS,2026-03-06 00:13:55
ce5699dd75d699fbdef68796f5561169a337697fb838dddda3d8d858b07f9cb7,tp16_hbm4_mesh2d_4x4_onering_qwen_gqa_baseline_fwd_block2x2_bs64_sl4096,/home/haotian/waferchip/mesh2D/astra_sim_picasso/examples/run_scripts/analytical/congestion_aware/configs/gqa_seq_scaling/tp16_hbm4_mesh2d_4x4_onering_qwen_gqa_baseline_fwd_block2x2_bs64_sl4096.json,qwen,gqa_baseline_fwd_block2x2,64,4096,16,,,,,mesh2d,4x4,onering,58547,40282,18265,,84.701,18.071,SUCCESS,2026-03-06 00:13:57
a1862be90727399c9de6da0ae0b9a87b97a315233240bebb7ff92470775dc082,tp16_hbm4_mesh2d_4x4_onering_qwen_gqa_baseline_fwd_block2x2_bs64_sl65536,/home/haotian/waferchip/mesh2D/astra_sim_picasso/examples/run_scripts/analytical/congestion_aware/configs/gqa_seq_scaling/tp16_hbm4_mesh2d_4x4_onering_qwen_gqa_baseline_fwd_block2x2_bs64_sl65536.json,qwen,gqa_baseline_fwd_block2x2,64,65536,16,,,,,mesh2d,4x4,onering,293429,275164,18265,,64.226,41.515,SUCCESS,2026-03-06 00:13:59
ebd066c19cf12fa7f59ae53f0c865961ecfbe34d055df117e91301b7ad20f65f,tp16_hbm4_mesh2d_4x4_onering_qwen_gqa_baseline_fwd_block2x2_bs64_sl8192,/home/haotian/waferchip/mesh2D/astra_sim_picasso/examples/run_scripts/analytical/congestion_aware/configs/gqa_seq_scaling/tp16_hbm4_mesh2d_4x4_onering_qwen_gqa_baseline_fwd_block2x2_bs64_sl8192.json,qwen,gqa_baseline_fwd_block2x2,64,8192,16,,,,,mesh2d,4x4,onering,74207,55942,18265,,77.986,25.76,SUCCESS,2026-03-06 00:14:00
a6fba6d5e490f1cc9f7db6a78751840c4f65516e33cd5c56c778fcfd00574422,tp16_hbm4_mesh2d_4x4_onering_qwen_gqa_baseline_fwd_bs64_sl16384,/home/haotian/waferchip/mesh2D/astra_sim_picasso/examples/run_scripts/analytical/congestion_aware/configs/gqa_seq_scaling/tp16_hbm4_mesh2d_4x4_onering_qwen_gqa_baseline_fwd_bs64_sl16384.json,qwen,gqa_baseline_fwd,64,16384,16,,,,,mesh2d,4x4,onering,106737,87260,19477,,71.787,32.857,SUCCESS,2026-03-06 00:14:02
2c72b2e87a547aacd3d8ca281fefeb135f2c3d8ab76e2c527f0011c09c976ad4,tp16_hbm4_mesh2d_4x4_onering_qwen_gqa_baseline_fwd_bs64_sl32768,/home/haotian/waferchip/mesh2D/astra_sim_picasso/examples/run_scripts/analytical/congestion_aware/configs/gqa_seq_scaling/tp16_hbm4_mesh2d_4x4_onering_qwen_gqa_baseline_fwd_bs64_sl32768.json,qwen,gqa_baseline_fwd,64,32768,16,,,,,mesh2d,4x4,onering,169369,149892,19477,,67.16,38.155,SUCCESS,2026-03-06 00:14:04
7f66b35437c3e70db1cc33b1c7dd0d6c82c013d156a53de6c113a6537756774c,tp16_hbm4_mesh2d_4x4_onering_qwen_gqa_hmp_fwd_block2x2_bs64_sl1024,/home/haotian/waferchip/mesh2D/astra_sim_picasso/examples/run_scripts/analytical/congestion_aware/configs/gqa_seq_scaling/tp16_hbm4_mesh2d_4x4_onering_qwen_gqa_hmp_fwd_block2x2_bs64_sl1024.json,qwen,gqa_hmp_fwd_block2x2,64,1024,16,,,,,mesh2d,4x4,onering,42064,42064,,,96.15,5.029,SUCCESS,2026-03-06 00:14:04
fe6b0fad12d310e09a1d02384e34a31353af5544aad8d96237bb8f93212b827e,tp16_hbm4_mesh2d_4x4_onering_qwen_gqa_hmp_fwd_block2x2_bs64_sl16384,/home/haotian/waferchip/mesh2D/astra_sim_picasso/examples/run_scripts/analytical/congestion_aware/configs/gqa_seq_scaling/tp16_hbm4_mesh2d_4x4_onering_qwen_gqa_hmp_fwd_block2x2_bs64_sl16384.json,qwen,gqa_hmp_fwd_block2x2,64,16384,16,,,,,mesh2d,4x4,onering,100786,100786,,,75.504,28.629,SUCCESS,2026-03-06 00:14:04
e6c2af9d85060625649454924a76f83ee9a8e26c24713c96cad233e95272eddb,tp16_hbm4_mesh2d_4x4_onering_qwen_gqa_hmp_fwd_block2x2_bs64_sl2048,/home/haotian/waferchip/mesh2D/astra_sim_picasso/examples/run_scripts/analytical/congestion_aware/configs/gqa_seq_scaling/tp16_hbm4_mesh2d_4x4_onering_qwen_gqa_hmp_fwd_block2x2_bs64_sl2048.json,qwen,gqa_hmp_fwd_block2x2,64,2048,16,,,,,mesh2d,4x4,onering,45978,45978,,,93.136,8.474,SUCCESS,2026-03-06 00:14:04
f597288a8b586e4a1ea0845f4c582307535394ccdf3515034157cf4deecaa56d,tp16_hbm4_mesh2d_4x4_onering_qwen_gqa_hmp_fwd_block2x2_bs64_sl32768,/home/haotian/waferchip/mesh2D/astra_sim_picasso/examples/run_scripts/analytical/congestion_aware/configs/gqa_seq_scaling/tp16_hbm4_mesh2d_4x4_onering_qwen_gqa_hmp_fwd_block2x2_bs64_sl32768.json,qwen,gqa_hmp_fwd_block2x2,64,32768,16,,,,,mesh2d,4x4,onering,163418,163418,,,69.836,35.109,SUCCESS,2026-03-06 00:14:04
b41cc6b3256d461e89aff5753f2afa16e6a47a3291c9f4d212642475b1e3b8b0,tp16_hbm4_mesh2d_4x4_onering_qwen_gqa_hmp_fwd_block2x2_bs64_sl4096,/home/haotian/waferchip/mesh2D/astra_sim_picasso/examples/run_scripts/analytical/congestion_aware/configs/gqa_seq_scaling/tp16_hbm4_mesh2d_4x4_onering_qwen_gqa_hmp_fwd_block2x2_bs64_sl4096.json,qwen,gqa_hmp_fwd_block2x2,64,4096,16,,,,,mesh2d,4x4,onering,53808,53808,,,88.418,13.868,SUCCESS,2026-03-06 00:14:04
656a866d58b152948e8ad18fb2c3781affee11be2eef4dc00a9274103afd260c,tp16_hbm4_mesh2d_4x4_onering_qwen_gqa_hmp_fwd_block2x2_bs64_sl65536,/home/haotian/waferchip/mesh2D/astra_sim_picasso/examples/run_scripts/analytical/congestion_aware/configs/gqa_seq_scaling/tp16_hbm4_mesh2d_4x4_onering_qwen_gqa_hmp_fwd_block2x2_bs64_sl65536.json,qwen,gqa_hmp_fwd_block2x2,64,65536,16,,,,,mesh2d,4x4,onering,288690,288690,,,65.878,39.633,SUCCESS,2026-03-06 00:14:04
31768a1c2d5985a05eed8fbafcb96bef8319834c57735565cdf188b4fd4b40b8,tp16_hbm4_mesh2d_4x4_onering_qwen_gqa_hmp_fwd_block2x2_bs64_sl8192,/home/haotian/waferchip/mesh2D/astra_sim_picasso/examples/run_scripts/analytical/congestion_aware/configs/gqa_seq_scaling/tp16_hbm4_mesh2d_4x4_onering_qwen_gqa_hmp_fwd_block2x2_bs64_sl8192.json,qwen,gqa_hmp_fwd_block2x2,64,8192,16,,,,,mesh2d,4x4,onering,69468,69468,,,82.172,21.007,SUCCESS,2026-03-06 00:14:04
37c1ecbf8355a0ad9cd6a6fe5937df753ca3d0bafbac1ae06119eb29b1f05492,tp16_hbm4_mesh2d_4x4_onering_qwen_gqa_hmp_fwd_bs64_sl16384,/home/haotian/waferchip/mesh2D/astra_sim_picasso/examples/run_scripts/analytical/congestion_aware/configs/gqa_seq_scaling/tp16_hbm4_mesh2d_4x4_onering_qwen_gqa_hmp_fwd_bs64_sl16384.json,qwen,gqa_hmp_fwd,64,16384,16,,,,,mesh2d,4x4,onering,100786,100786,,,75.504,28.629,SUCCESS,2026-03-06 00:14:04
00a9af9c5afe4ec688c7ac9a54be3d8e8dd37956d636f4da63b88e8d7d48f86a,tp16_hbm4_mesh2d_4x4_onering_qwen_gqa_hmp_fwd_bs64_sl32768,/home/haotian/waferchip/mesh2D/astra_sim_picasso/examples/run_scripts/analytical/congestion_aware/configs/gqa_seq_scaling/tp16_hbm4_mesh2d_4x4_onering_qwen_gqa_hmp_fwd_bs64_sl32768.json,qwen,gqa_hmp_fwd,64,32768,16,,,,,mesh2d,4x4,onering,163418,163418,,,69.836,35.109,SUCCESS,2026-03-06 00:14:04
7486b3b291408135cb30e634381fa41dfdce0c3c768dab81ea4a391499cb382a,tp16_hbm4_mesh2d_4x4_onering_qwen_gqa_tp16_fwd_bs64_sl1024,/home/haotian/waferchip/mesh2D/astra_sim_picasso/examples/run_scripts/analytical/congestion_aware/configs/gqa_seq_scaling/tp16_hbm4_mesh2d_4x4_onering_qwen_gqa_tp16_fwd_bs64_sl1024.json,qwen,gqa_tp16_fwd,64,1024,16,,,,,mesh2d,4x4,onering,37930,13417,24513,,88.543,16.604,SUCCESS,2026-03-06 00:14:06
09937efd2591d18a0bc77ca91431e9c88da85e3d8b588b489e528a91b8704d57,tp16_hbm4_mesh2d_4x4_onering_qwen_gqa_tp16_fwd_bs64_sl16384,/home/haotian/waferchip/mesh2D/astra_sim_picasso/examples/run_scripts/analytical/congestion_aware/configs/gqa_seq_scaling/tp16_hbm4_mesh2d_4x4_onering_qwen_gqa_tp16_fwd_bs64_sl16384.json,qwen,gqa_tp16_fwd,64,16384,16,,,,,mesh2d,4x4,onering,112137,72137,40000,,65.89,46.696,SUCCESS,2026-03-06 00:14:08
0959ec13256dd6419f14f05bfead1c57353d9982dcff0e61cb0564853be31d52,tp16_hbm4_mesh2d_4x4_onering_qwen_gqa_tp16_fwd_bs64_sl2048,/home/haotian/waferchip/mesh2D/astra_sim_picasso/examples/run_scripts/analytical/congestion_aware/configs/gqa_seq_scaling/tp16_hbm4_mesh2d_4x4_onering_qwen_gqa_tp16_fwd_bs64_sl2048.json,qwen,gqa_tp16_fwd,64,2048,16,,,,,mesh2d,4x4,onering,42932,17331,25601,,82.255,24.955,SUCCESS,2026-03-06 00:14:10
23dce48afb961b7a977eb02c9212ff3d00991c4e321d25e2a81fcf4f198cd6b6,tp16_hbm4_mesh2d_4x4_onering_qwen_gqa_tp16_fwd_bs64_sl32768,/home/haotian/waferchip/mesh2D/astra_sim_picasso/examples/run_scripts/analytical/congestion_aware/configs/gqa_seq_scaling/tp16_hbm4_mesh2d_4x4_onering_qwen_gqa_tp16_fwd_bs64_sl32768.json,qwen,gqa_tp16_fwd,64,32768,16,,,,,mesh2d,4x4,onering,191605,134773,56832,,63.485,49.891,SUCCESS,2026-03-06 00:14:12
f28628bda6b33d8e0687d6447e5a9163f0cb135d9e1b560c2fc2eefc786ae1e1,tp16_hbm4_mesh2d_4x4_onering_qwen_gqa_tp16_fwd_bs64_sl4096,/home/haotian/waferchip/mesh2D/astra_sim_picasso/examples/run_scripts/analytical/congestion_aware/configs/gqa_seq_scaling/tp16_hbm4_mesh2d_4x4_onering_qwen_gqa_tp16_fwd_bs64_sl4096.json,qwen,gqa_tp16_fwd,64,4096,16,,,,,mesh2d,4x4,onering,52793,25161,27632,,75.551,33.861,SUCCESS,2026-03-06 00:14:14
d7ef4a0654998aa5d3257ac90ff9dea9cd31da8fbc1791647e50a75924916935,tp16_hbm4_mesh2d_4x4_onering_qwen_gqa_tp16_fwd_bs64_sl65536,/home/haotian/waferchip/mesh2D/astra_sim_picasso/examples/run_scripts/analytical/congestion_aware/configs/gqa_seq_scaling/tp16_hbm4_mesh2d_4x4_onering_qwen_gqa_tp16_fwd_bs64_sl65536.json,qwen,gqa_tp16_fwd,64,65536,16,,,,,mesh2d,4x4,onering,352149,260043,92106,,62.15,51.664,SUCCESS,2026-03-06 00:14:16
fab814d36822e0021c2446745112b75aef57a4dc38f64b73685bd6b2990bca05,tp16_hbm4_mesh2d_4x4_onering_qwen_gqa_tp16_fwd_bs64_sl8192,/home/haotian/waferchip/mesh2D/astra_sim_picasso/examples/run_scripts/analytical/congestion_aware/configs/gqa_seq_scaling/tp16_hbm4_mesh2d_4x4_onering_qwen_gqa_tp16_fwd_bs64_sl8192.json,qwen,gqa_tp16_fwd,64,8192,16,,,,,mesh2d,4x4,onering,72586,40819,31767,,69.861,41.42,SUCCESS,2026-03-06 00:14:18
67aef3d26bef850ace2666b3750e6fb1a59595b88c66ca4a13dfca845a4a03bb,tp16_hbm4_real_mesh2d_4x4_onering_qwen_gqa_baseline_fwd_bs64_sl1022,/home/haotian/waferchip/mesh2D/astra_sim_picasso/examples/run_scripts/analytical/congestion_aware/configs/gqa_seq_scaling/tp16_hbm4_real_mesh2d_4x4_onering_qwen_gqa_baseline_fwd_bs64_sl1022.json,onering,qwen_gqa_baseline_fwd,64,1022,16,,,,,real,mesh2d,4x4,48007,28530,19477,,94.58,6.76,SUCCESS,2026-03-06 00:14:20
bd2ea5090cc499dae154f21f7b644048e492e16441ce3993144b27c3036a1674,tp16_hbm4_real_mesh2d_4x4_onering_qwen_gqa_baseline_fwd_bs64_sl1023,/home/haotian/waferchip/mesh2D/astra_sim_picasso/examples/run_scripts/analytical/congestion_aware/configs/gqa_seq_scaling/tp16_hbm4_real_mesh2d_4x4_onering_qwen_gqa_baseline_fwd_bs64_sl1023.json,onering,qwen_gqa_baseline_fwd,64,1023,16,,,,,real,mesh2d,4x4,48011,28534,19477,,94.574,6.766,SUCCESS,2026-03-06 00:14:21
3fbb54714745f9efc9a58e8ad804262a15157fd97045c00f94c0e39d76a07c52,tp16_hbm4_real_mesh2d_4x4_onering_qwen_gqa_baseline_fwd_bs64_sl1024,/home/haotian/waferchip/mesh2D/astra_sim_picasso/examples/run_scripts/analytical/congestion_aware/configs/gqa_seq_scaling/tp16_hbm4_real_mesh2d_4x4_onering_qwen_gqa_baseline_fwd_bs64_sl1024.json,onering,qwen_gqa_baseline_fwd,64,1024,16,,,,,real,mesh2d,4x4,48015,28538,19477,,94.568,6.772,SUCCESS,2026-03-06 00:14:23
c52a6a9ca08ae82ea6b55e5128c85b2e6cd782655a460a7e75f9e4ee7d4d0f49,tp16_hbm4_real_mesh2d_4x4_onering_qwen_gqa_baseline_fwd_bs64_sl10240,/home/haotian/waferchip/mesh2D/astra_sim_picasso/examples/run_scripts/analytical/congestion_aware/configs/gqa_seq_scaling/tp16_hbm4_real_mesh2d_4x4_onering_qwen_gqa_baseline_fwd_bs64_sl10240.json,onering,qwen_gqa_baseline_fwd,64,10240,16,,,,,real,mesh2d,4x4,83247,63770,19477,,75.867,28.186,SUCCESS,2026-03-06 00:14:25
e25e86bc0e48e38755133738ea8d2073f9778778f760d1781cbdfa3ec579ea3b,tp16_hbm4_real_mesh2d_4x4_onering_qwen_gqa_baseline_fwd_bs64_sl11264,/home/haotian/waferchip/mesh2D/astra_sim_picasso/examples/run_scripts/analytical/congestion_aware/configs/gqa_seq_scaling/tp16_hbm4_real_mesh2d_4x4_onering_qwen_gqa_baseline_fwd_bs64_sl11264.json,onering,qwen_gqa_baseline_fwd,64,11264,16,,,,,real,mesh2d,4x4,87161,67684,19477,,74.99,29.19,SUCCESS,2026-03-06 00:14:26
f55735139236ae00bbd82b4d7a59ef8bb539a56ae313ed4e1b02149313db164c,tp16_hbm4_real_mesh2d_4x4_onering_qwen_gqa_baseline_fwd_bs64_sl12288,/home/haotian/waferchip/mesh2D/astra_sim_picasso/examples/run_scripts/analytical/congestion_aware/configs/gqa_seq_scaling/tp16_hbm4_real_mesh2d_4x4_onering_qwen_gqa_baseline_fwd_bs64_sl12288.json,onering,qwen_gqa_baseline_fwd,64,12288,16,,,,,real,mesh2d,4x4,91077,71600,19477,,74.209,30.084,SUCCESS,2026-03-06 00:14:28
0d511d9b063177111b52ccb6cd32b3ddb7dc389dfcc1b31964aa40669867b8ea,tp16_hbm4_real_mesh2d_4x4_onering_qwen_gqa_baseline_fwd_bs64_sl13312,/home/haotian/waferchip/mesh2D/astra_sim_picasso/examples/run_scripts/analytical/congestion_aware/configs/gqa_seq_scaling/tp16_hbm4_real_mesh2d_4x4_onering_qwen_gqa_baseline_fwd_bs64_sl13312.json,onering,qwen_gqa_baseline_fwd,64,13312,16,,,,,real,mesh2d,4x4,94991,75514,19477,,73.509,30.885,SUCCESS,2026-03-06 00:14:29
ce407b069d596b7aa099df02c633858b9b4990e2ce38ee9fd4f4cc0b16beb531,tp16_hbm4_real_mesh2d_4x4_onering_qwen_gqa_baseline_fwd_bs64_sl14336,/home/haotian/waferchip/mesh2D/astra_sim_picasso/examples/run_scripts/analytical/congestion_aware/configs/gqa_seq_scaling/tp16_hbm4_real_mesh2d_4x4_onering_qwen_gqa_baseline_fwd_bs64_sl14336.json,onering,qwen_gqa_baseline_fwd,64,14336,16,,,,,real,mesh2d,4x4,98907,79430,19477,,72.879,31.607,SUCCESS,2026-03-06 00:14:31
c5c5dbbc6f775e71ad21730ab48ac1cb840ee5a81e742bc5d18b370418928fc4,tp16_hbm4_real_mesh2d_4x4_onering_qwen_gqa_baseline_fwd_bs64_sl15360,/home/haotian/waferchip/mesh2D/astra_sim_picasso/examples/run_scripts/analytical/congestion_aware/configs/gqa_seq_scaling/tp16_hbm4_real_mesh2d_4x4_onering_qwen_gqa_baseline_fwd_bs64_sl15360.json,onering,qwen_gqa_baseline_fwd,64,15360,16,,,,,real,mesh2d,4x4,102821,83344,19477,,72.307,32.262,SUCCESS,2026-03-06 00:14:33
061459413fffc464ab7f69252f8a3f72efa8bf279c3a5c269fb6ab33d9fd2b53,tp16_hbm4_real_mesh2d_4x4_onering_qwen_gqa_baseline_fwd_bs64_sl2048,/home/haotian/waferchip/mesh2D/astra_sim_picasso/examples/run_scripts/analytical/congestion_aware/configs/gqa_seq_scaling/tp16_hbm4_real_mesh2d_4x4_onering_qwen_gqa_baseline_fwd_bs64_sl2048.json,onering,qwen_gqa_baseline_fwd,64,2048,16,,,,,real,mesh2d,4x4,51929,32452,19477,,90.489,11.443,SUCCESS,2026-03-06 00:14:34
c2909c20871ddd4383c0292cc8bcffafe92f623b144bbd664fc2036a24df21c1,tp16_hbm4_real_mesh2d_4x4_onering_qwen_gqa_baseline_fwd_bs64_sl3072,/home/haotian/waferchip/mesh2D/astra_sim_picasso/examples/run_scripts/analytical/congestion_aware/configs/gqa_seq_scaling/tp16_hbm4_real_mesh2d_4x4_onering_qwen_gqa_baseline_fwd_bs64_sl3072.json,onering,qwen_gqa_baseline_fwd,64,3072,16,,,,,real,mesh2d,4x4,55843,36366,19477,,87.283,15.114,SUCCESS,2026-03-06 00:14:36
68f27c9f4eaba66883bab49bf0e6a6b3cb16745ef2e38d4f5825f0897043e0ba,tp16_hbm4_real_mesh2d_4x4_onering_qwen_gqa_baseline_fwd_bs64_sl4096,/home/haotian/waferchip/mesh2D/astra_sim_picasso/examples/run_scripts/analytical/congestion_aware/configs/gqa_seq_scaling/tp16_hbm4_real_mesh2d_4x4_onering_qwen_gqa_baseline_fwd_bs64_sl4096.json,onering,qwen_gqa_baseline_fwd,64,4096,16,,,,,real,mesh2d,4x4,59759,40282,19477,,84.701,18.071,SUCCESS,2026-03-06 00:14:37
cbc18d04366e84f64b7fb6158b60e253848804a2a67d152b4bbd5f6d42f17bb5,tp16_hbm4_real_mesh2d_4x4_onering_qwen_gqa_baseline_fwd_bs64_sl5120,/home/haotian/waferchip/mesh2D/astra_sim_picasso/examples/run_scripts/analytical/congestion_aware/configs/gqa_seq_scaling/tp16_hbm4_real_mesh2d_4x4_onering_qwen_gqa_baseline_fwd_bs64_sl5120.json,onering,qwen_gqa_baseline_fwd,64,5120,16,,,,,real,mesh2d,4x4,63673,44196,19477,,82.576,20.504,SUCCESS,2026-03-06 00:14:39
d6a0763382f8933898993cd8ac30214563ad486dbb86a672d87a69f3e28db013,tp16_hbm4_mesh2d_4x4_onering_qwen_gqa_baseline_fwd_block2x2_bs64_sl1024,/home/haotian/waferchip/mesh2D/astra_sim_picasso/examples/run_scripts/analytical/congestion_aware/configs/gqa_seq_scaling/tp16_hbm4_mesh2d_4x4_onering_qwen_gqa_baseline_fwd_block2x2_bs64_sl1024.json,qwen,gqa_baseline_fwd_block2x2,64,1024,16,,,,,mesh2d,4x4,onering,46803,28538,18265,,94.568,6.772,SUCCESS,2026-03-06 00:15:52
036aeb1c1d9b4b5f37bdbcb88ffbf034118bad8c8a7ac3a0961c3b894bc3b04c,tp16_hbm4_mesh2d_4x4_onering_qwen_gqa_baseline_fwd_block2x2_bs64_sl16384,/home/haotian/waferchip/mesh2D/astra_sim_picasso/examples/run_scripts/analytical/congestion_aware/configs/gqa_seq_scaling/tp16_hbm4_mesh2d_4x4_onering_qwen_gqa_baseline_fwd_block2x2_bs64_sl16384.json,qwen,gqa_baseline_fwd_block2x2,64,16384,16,,,,,mesh2d,4x4,onering,105525,87260,18265,,71.787,32.857,SUCCESS,2026-03-06 00:15:53
2b33c3d6dfc0caca6d62228d99dc5860cefe211d18ccf357f122d42a7f9c910a,tp16_hbm4_mesh2d_4x4_onering_qwen_gqa_baseline_fwd_block2x2_bs64_sl2048,/home/haotian/waferchip/mesh2D/astra_sim_picasso/examples/run_scripts/analytical/congestion_aware/configs/gqa_seq_scaling/tp16_hbm4_mesh2d_4x4_onering_qwen_gqa_baseline_fwd_block2x2_bs64_sl2048.json,qwen,gqa_baseline_fwd_block2x2,64,2048,16,,,,,mesh2d,4x4,onering,50717,32452,18265,,90.489,11.443,SUCCESS,2026-03-06 00:15:55
5fb8363e761397e495b96e7dacbbf2aa4942682de129b1c92e891d4e1c6db363,tp16_hbm4_mesh2d_4x4_onering_qwen_gqa_baseline_fwd_block2x2_bs64_sl32768,/home/haotian/waferchip/mesh2D/astra_sim_picasso/examples/run_scripts/analytical/congestion_aware/configs/gqa_seq_scaling/tp16_hbm4_mesh2d_4x4_onering_qwen_gqa_baseline_fwd_block2x2_bs64_sl32768.json,qwen,gqa_baseline_fwd_block2x2,64,32768,16,,,,,mesh2d,4x4,onering,168157,149892,18265,,67.16,38.155,SUCCESS,2026-03-06 00:15:56
ce5699dd75d699fbdef68796f5561169a337697fb838dddda3d8d858b07f9cb7,tp16_hbm4_mesh2d_4x4_onering_qwen_gqa_baseline_fwd_block2x2_bs64_sl4096,/home/haotian/waferchip/mesh2D/astra_sim_picasso/examples/run_scripts/analytical/congestion_aware/configs/gqa_seq_scaling/tp16_hbm4_mesh2d_4x4_onering_qwen_gqa_baseline_fwd_block2x2_bs64_sl4096.json,qwen,gqa_baseline_fwd_block2x2,64,4096,16,,,,,mesh2d,4x4,onering,58547,40282,18265,,84.701,18.071,SUCCESS,2026-03-06 00:15:58
a1862be90727399c9de6da0ae0b9a87b97a315233240bebb7ff92470775dc082,tp16_hbm4_mesh2d_4x4_onering_qwen_gqa_baseline_fwd_block2x2_bs64_sl65536,/home/haotian/waferchip/mesh2D/astra_sim_picasso/examples/run_scripts/analytical/congestion_aware/configs/gqa_seq_scaling/tp16_hbm4_mesh2d_4x4_onering_qwen_gqa_baseline_fwd_block2x2_bs64_sl65536.json,qwen,gqa_baseline_fwd_block2x2,64,65536,16,,,,,mesh2d,4x4,onering,293429,275164,18265,,64.226,41.515,SUCCESS,2026-03-06 00:16:00
ebd066c19cf12fa7f59ae53f0c865961ecfbe34d055df117e91301b7ad20f65f,tp16_hbm4_mesh2d_4x4_onering_qwen_gqa_baseline_fwd_block2x2_bs64_sl8192,/home/haotian/waferchip/mesh2D/astra_sim_picasso/examples/run_scripts/analytical/congestion_aware/configs/gqa_seq_scaling/tp16_hbm4_mesh2d_4x4_onering_qwen_gqa_baseline_fwd_block2x2_bs64_sl8192.json,qwen,gqa_baseline_fwd_block2x2,64,8192,16,,,,,mesh2d,4x4,onering,74207,55942,18265,,77.986,25.76,SUCCESS,2026-03-06 00:16:01
a6fba6d5e490f1cc9f7db6a78751840c4f65516e33cd5c56c778fcfd00574422,tp16_hbm4_mesh2d_4x4_onering_qwen_gqa_baseline_fwd_bs64_sl16384,/home/haotian/waferchip/mesh2D/astra_sim_picasso/examples/run_scripts/analytical/congestion_aware/configs/gqa_seq_scaling/tp16_hbm4_mesh2d_4x4_onering_qwen_gqa_baseline_fwd_bs64_sl16384.json,qwen,gqa_baseline_fwd,64,16384,16,,,,,mesh2d,4x4,onering,106737,87260,19477,,71.787,32.857,SUCCESS,2026-03-06 00:16:03
2c72b2e87a547aacd3d8ca281fefeb135f2c3d8ab76e2c527f0011c09c976ad4,tp16_hbm4_mesh2d_4x4_onering_qwen_gqa_baseline_fwd_bs64_sl32768,/home/haotian/waferchip/mesh2D/astra_sim_picasso/examples/run_scripts/analytical/congestion_aware/configs/gqa_seq_scaling/tp16_hbm4_mesh2d_4x4_onering_qwen_gqa_baseline_fwd_bs64_sl32768.json,qwen,gqa_baseline_fwd,64,32768,16,,,,,mesh2d,4x4,onering,169369,149892,19477,,67.16,38.155,SUCCESS,2026-03-06 00:16:05
7f66b35437c3e70db1cc33b1c7dd0d6c82c013d156a53de6c113a6537756774c,tp16_hbm4_mesh2d_4x4_onering_qwen_gqa_hmp_fwd_block2x2_bs64_sl1024,/home/haotian/waferchip/mesh2D/astra_sim_picasso/examples/run_scripts/analytical/congestion_aware/configs/gqa_seq_scaling/tp16_hbm4_mesh2d_4x4_onering_qwen_gqa_hmp_fwd_block2x2_bs64_sl1024.json,qwen,gqa_hmp_fwd_block2x2,64,1024,16,,,,,mesh2d,4x4,onering,42064,42064,,,96.15,5.029,SUCCESS,2026-03-06 00:16:05
fe6b0fad12d310e09a1d02384e34a31353af5544aad8d96237bb8f93212b827e,tp16_hbm4_mesh2d_4x4_onering_qwen_gqa_hmp_fwd_block2x2_bs64_sl16384,/home/haotian/waferchip/mesh2D/astra_sim_picasso/examples/run_scripts/analytical/congestion_aware/configs/gqa_seq_scaling/tp16_hbm4_mesh2d_4x4_onering_qwen_gqa_hmp_fwd_block2x2_bs64_sl16384.json,qwen,gqa_hmp_fwd_block2x2,64,16384,16,,,,,mesh2d,4x4,onering,100786,100786,,,75.504,28.629,SUCCESS,2026-03-06 00:16:05
e6c2af9d85060625649454924a76f83ee9a8e26c24713c96cad233e95272eddb,tp16_hbm4_mesh2d_4x4_onering_qwen_gqa_hmp_fwd_block2x2_bs64_sl2048,/home/haotian/waferchip/mesh2D/astra_sim_picasso/examples/run_scripts/analytical/congestion_aware/configs/gqa_seq_scaling/tp16_hbm4_mesh2d_4x4_onering_qwen_gqa_hmp_fwd_block2x2_bs64_sl2048.json,qwen,gqa_hmp_fwd_block2x2,64,2048,16,,,,,mesh2d,4x4,onering,45978,45978,,,93.136,8.474,SUCCESS,2026-03-06 00:16:05
f597288a8b586e4a1ea0845f4c582307535394ccdf3515034157cf4deecaa56d,tp16_hbm4_mesh2d_4x4_onering_qwen_gqa_hmp_fwd_block2x2_bs64_sl32768,/home/haotian/waferchip/mesh2D/astra_sim_picasso/examples/run_scripts/analytical/congestion_aware/configs/gqa_seq_scaling/tp16_hbm4_mesh2d_4x4_onering_qwen_gqa_hmp_fwd_block2x2_bs64_sl32768.json,qwen,gqa_hmp_fwd_block2x2,64,32768,16,,,,,mesh2d,4x4,onering,163418,163418,,,69.836,35.109,SUCCESS,2026-03-06 00:16:05
b41cc6b3256d461e89aff5753f2afa16e6a47a3291c9f4d212642475b1e3b8b0,tp16_hbm4_mesh2d_4x4_onering_qwen_gqa_hmp_fwd_block2x2_bs64_sl4096,/home/haotian/waferchip/mesh2D/astra_sim_picasso/examples/run_scripts/analytical/congestion_aware/configs/gqa_seq_scaling/tp16_hbm4_mesh2d_4x4_onering_qwen_gqa_hmp_fwd_block2x2_bs64_sl4096.json,qwen,gqa_hmp_fwd_block2x2,64,4096,16,,,,,mesh2d,4x4,onering,53808,53808,,,88.418,13.868,SUCCESS,2026-03-06 00:16:05
656a866d58b152948e8ad18fb2c3781affee11be2eef4dc00a9274103afd260c,tp16_hbm4_mesh2d_4x4_onering_qwen_gqa_hmp_fwd_block2x2_bs64_sl65536,/home/haotian/waferchip/mesh2D/astra_sim_picasso/examples/run_scripts/analytical/congestion_aware/configs/gqa_seq_scaling/tp16_hbm4_mesh2d_4x4_onering_qwen_gqa_hmp_fwd_block2x2_bs64_sl65536.json,qwen,gqa_hmp_fwd_block2x2,64,65536,16,,,,,mesh2d,4x4,onering,288690,288690,,,65.878,39.633,SUCCESS,2026-03-06 00:16:05
31768a1c2d5985a05eed8fbafcb96bef8319834c57735565cdf188b4fd4b40b8,tp16_hbm4_mesh2d_4x4_onering_qwen_gqa_hmp_fwd_block2x2_bs64_sl8192,/home/haotian/waferchip/mesh2D/astra_sim_picasso/examples/run_scripts/analytical/congestion_aware/configs/gqa_seq_scaling/tp16_hbm4_mesh2d_4x4_onering_qwen_gqa_hmp_fwd_block2x2_bs64_sl8192.json,qwen,gqa_hmp_fwd_block2x2,64,8192,16,,,,,mesh2d,4x4,onering,69468,69468,,,82.172,21.007,SUCCESS,2026-03-06 00:16:05
37c1ecbf8355a0ad9cd6a6fe5937df753ca3d0bafbac1ae06119eb29b1f05492,tp16_hbm4_mesh2d_4x4_onering_qwen_gqa_hmp_fwd_bs64_sl16384,/home/haotian/waferchip/mesh2D/astra_sim_picasso/examples/run_scripts/analytical/congestion_aware/configs/gqa_seq_scaling/tp16_hbm4_mesh2d_4x4_onering_qwen_gqa_hmp_fwd_bs64_sl16384.json,qwen,gqa_hmp_fwd,64,16384,16,,,,,mesh2d,4x4,onering,100786,100786,,,75.504,28.629,SUCCESS,2026-03-06 00:16:05
00a9af9c5afe4ec688c7ac9a54be3d8e8dd37956d636f4da63b88e8d7d48f86a,tp16_hbm4_mesh2d_4x4_onering_qwen_gqa_hmp_fwd_bs64_sl32768,/home/haotian/waferchip/mesh2D/astra_sim_picasso/examples/run_scripts/analytical/congestion_aware/configs/gqa_seq_scaling/tp16_hbm4_mesh2d_4x4_onering_qwen_gqa_hmp_fwd_bs64_sl32768.json,qwen,gqa_hmp_fwd,64,32768,16,,,,,mesh2d,4x4,onering,163418,163418,,,69.836,35.109,SUCCESS,2026-03-06 00:16:05
7486b3b291408135cb30e634381fa41dfdce0c3c768dab81ea4a391499cb382a,tp16_hbm4_mesh2d_4x4_onering_qwen_gqa_tp16_fwd_bs64_sl1024,/home/haotian/waferchip/mesh2D/astra_sim_picasso/examples/run_scripts/analytical/congestion_aware/configs/gqa_seq_scaling/tp16_hbm4_mesh2d_4x4_onering_qwen_gqa_tp16_fwd_bs64_sl1024.json,qwen,gqa_tp16_fwd,64,1024,16,,,,,mesh2d,4x4,onering,37930,13417,24513,,88.543,16.604,SUCCESS,2026-03-06 00:16:07
09937efd2591d18a0bc77ca91431e9c88da85e3d8b588b489e528a91b8704d57,tp16_hbm4_mesh2d_4x4_onering_qwen_gqa_tp16_fwd_bs64_sl16384,/home/haotian/waferchip/mesh2D/astra_sim_picasso/examples/run_scripts/analytical/congestion_aware/configs/gqa_seq_scaling/tp16_hbm4_mesh2d_4x4_onering_qwen_gqa_tp16_fwd_bs64_sl16384.json,qwen,gqa_tp16_fwd,64,16384,16,,,,,mesh2d,4x4,onering,112137,72137,40000,,65.89,46.696,SUCCESS,2026-03-06 00:16:09
0959ec13256dd6419f14f05bfead1c57353d9982dcff0e61cb0564853be31d52,tp16_hbm4_mesh2d_4x4_onering_qwen_gqa_tp16_fwd_bs64_sl2048,/home/haotian/waferchip/mesh2D/astra_sim_picasso/examples/run_scripts/analytical/congestion_aware/configs/gqa_seq_scaling/tp16_hbm4_mesh2d_4x4_onering_qwen_gqa_tp16_fwd_bs64_sl2048.json,qwen,gqa_tp16_fwd,64,2048,16,,,,,mesh2d,4x4,onering,42932,17331,25601,,82.255,24.955,SUCCESS,2026-03-06 00:16:11
23dce48afb961b7a977eb02c9212ff3d00991c4e321d25e2a81fcf4f198cd6b6,tp16_hbm4_mesh2d_4x4_onering_qwen_gqa_tp16_fwd_bs64_sl32768,/home/haotian/waferchip/mesh2D/astra_sim_picasso/examples/run_scripts/analytical/congestion_aware/configs/gqa_seq_scaling/tp16_hbm4_mesh2d_4x4_onering_qwen_gqa_tp16_fwd_bs64_sl32768.json,qwen,gqa_tp16_fwd,64,32768,16,,,,,mesh2d,4x4,onering,191605,134773,56832,,63.485,49.891,SUCCESS,2026-03-06 00:16:13
f28628bda6b33d8e0687d6447e5a9163f0cb135d9e1b560c2fc2eefc786ae1e1,tp16_hbm4_mesh2d_4x4_onering_qwen_gqa_tp16_fwd_bs64_sl4096,/home/haotian/waferchip/mesh2D/astra_sim_picasso/examples/run_scripts/analytical/congestion_aware/configs/gqa_seq_scaling/tp16_hbm4_mesh2d_4x4_onering_qwen_gqa_tp16_fwd_bs64_sl4096.json,qwen,gqa_tp16_fwd,64,4096,16,,,,,mesh2d,4x4,onering,52793,25161,27632,,75.551,33.861,SUCCESS,2026-03-06 00:16:15
d7ef4a0654998aa5d3257ac90ff9dea9cd31da8fbc1791647e50a75924916935,tp16_hbm4_mesh2d_4x4_onering_qwen_gqa_tp16_fwd_bs64_sl65536,/home/haotian/waferchip/mesh2D/astra_sim_picasso/examples/run_scripts/analytical/congestion_aware/configs/gqa_seq_scaling/tp16_hbm4_mesh2d_4x4_onering_qwen_gqa_tp16_fwd_bs64_sl65536.json,qwen,gqa_tp16_fwd,64,65536,16,,,,,mesh2d,4x4,onering,352149,260043,92106,,62.15,51.664,SUCCESS,2026-03-06 00:16:17
fab814d36822e0021c2446745112b75aef57a4dc38f64b73685bd6b2990bca05,tp16_hbm4_mesh2d_4x4_onering_qwen_gqa_tp16_fwd_bs64_sl8192,/home/haotian/waferchip/mesh2D/astra_sim_picasso/examples/run_scripts/analytical/congestion_aware/configs/gqa_seq_scaling/tp16_hbm4_mesh2d_4x4_onering_qwen_gqa_tp16_fwd_bs64_sl8192.json,qwen,gqa_tp16_fwd,64,8192,16,,,,,mesh2d,4x4,onering,72586,40819,31767,,69.861,41.42,SUCCESS,2026-03-06 00:16:19
67aef3d26bef850ace2666b3750e6fb1a59595b88c66ca4a13dfca845a4a03bb,tp16_hbm4_real_mesh2d_4x4_onering_qwen_gqa_baseline_fwd_bs64_sl1022,/home/haotian/waferchip/mesh2D/astra_sim_picasso/examples/run_scripts/analytical/congestion_aware/configs/gqa_seq_scaling/tp16_hbm4_real_mesh2d_4x4_onering_qwen_gqa_baseline_fwd_bs64_sl1022.json,onering,qwen_gqa_baseline_fwd,64,1022,16,,,,,real,mesh2d,4x4,48007,28530,19477,,94.58,6.76,SUCCESS,2026-03-06 00:16:20
bd2ea5090cc499dae154f21f7b644048e492e16441ce3993144b27c3036a1674,tp16_hbm4_real_mesh2d_4x4_onering_qwen_gqa_baseline_fwd_bs64_sl1023,/home/haotian/waferchip/mesh2D/astra_sim_picasso/examples/run_scripts/analytical/congestion_aware/configs/gqa_seq_scaling/tp16_hbm4_real_mesh2d_4x4_onering_qwen_gqa_baseline_fwd_bs64_sl1023.json,onering,qwen_gqa_baseline_fwd,64,1023,16,,,,,real,mesh2d,4x4,48011,28534,19477,,94.574,6.766,SUCCESS,2026-03-06 00:16:22
3fbb54714745f9efc9a58e8ad804262a15157fd97045c00f94c0e39d76a07c52,tp16_hbm4_real_mesh2d_4x4_onering_qwen_gqa_baseline_fwd_bs64_sl1024,/home/haotian/waferchip/mesh2D/astra_sim_picasso/examples/run_scripts/analytical/congestion_aware/configs/gqa_seq_scaling/tp16_hbm4_real_mesh2d_4x4_onering_qwen_gqa_baseline_fwd_bs64_sl1024.json,onering,qwen_gqa_baseline_fwd,64,1024,16,,,,,real,mesh2d,4x4,48015,28538,19477,,94.568,6.772,SUCCESS,2026-03-06 00:16:24
c52a6a9ca08ae82ea6b55e5128c85b2e6cd782655a460a7e75f9e4ee7d4d0f49,tp16_hbm4_real_mesh2d_4x4_onering_qwen_gqa_baseline_fwd_bs64_sl10240,/home/haotian/waferchip/mesh2D/astra_sim_picasso/examples/run_scripts/analytical/congestion_aware/configs/gqa_seq_scaling/tp16_hbm4_real_mesh2d_4x4_onering_qwen_gqa_baseline_fwd_bs64_sl10240.json,onering,qwen_gqa_baseline_fwd,64,10240,16,,,,,real,mesh2d,4x4,83247,63770,19477,,75.867,28.186,SUCCESS,2026-03-06 00:16:25
e25e86bc0e48e38755133738ea8d2073f9778778f760d1781cbdfa3ec579ea3b,tp16_hbm4_real_mesh2d_4x4_onering_qwen_gqa_baseline_fwd_bs64_sl11264,/home/haotian/waferchip/mesh2D/astra_sim_picasso/examples/run_scripts/analytical/congestion_aware/configs/gqa_seq_scaling/tp16_hbm4_real_mesh2d_4x4_onering_qwen_gqa_baseline_fwd_bs64_sl11264.json,onering,qwen_gqa_baseline_fwd,64,11264,16,,,,,real,mesh2d,4x4,87161,67684,19477,,74.99,29.19,SUCCESS,2026-03-06 00:16:27
f55735139236ae00bbd82b4d7a59ef8bb539a56ae313ed4e1b02149313db164c,tp16_hbm4_real_mesh2d_4x4_onering_qwen_gqa_baseline_fwd_bs64_sl12288,/home/haotian/waferchip/mesh2D/astra_sim_picasso/examples/run_scripts/analytical/congestion_aware/configs/gqa_seq_scaling/tp16_hbm4_real_mesh2d_4x4_onering_qwen_gqa_baseline_fwd_bs64_sl12288.json,onering,qwen_gqa_baseline_fwd,64,12288,16,,,,,real,mesh2d,4x4,91077,71600,19477,,74.209,30.084,SUCCESS,2026-03-06 00:16:28
0d511d9b063177111b52ccb6cd32b3ddb7dc389dfcc1b31964aa40669867b8ea,tp16_hbm4_real_mesh2d_4x4_onering_qwen_gqa_baseline_fwd_bs64_sl13312,/home/haotian/waferchip/mesh2D/astra_sim_picasso/examples/run_scripts/analytical/congestion_aware/configs/gqa_seq_scaling/tp16_hbm4_real_mesh2d_4x4_onering_qwen_gqa_baseline_fwd_bs64_sl13312.json,onering,qwen_gqa_baseline_fwd,64,13312,16,,,,,real,mesh2d,4x4,94991,75514,19477,,73.509,30.885,SUCCESS,2026-03-06 00:16:30
ce407b069d596b7aa099df02c633858b9b4990e2ce38ee9fd4f4cc0b16beb531,tp16_hbm4_real_mesh2d_4x4_onering_qwen_gqa_baseline_fwd_bs64_sl14336,/home/haotian/waferchip/mesh2D/astra_sim_picasso/examples/run_scripts/analytical/congestion_aware/configs/gqa_seq_scaling/tp16_hbm4_real_mesh2d_4x4_onering_qwen_gqa_baseline_fwd_bs64_sl14336.json,onering,qwen_gqa_baseline_fwd,64,14336,16,,,,,real,mesh2d,4x4,98907,79430,19477,,72.879,31.607,SUCCESS,2026-03-06 00:16:32
c5c5dbbc6f775e71ad21730ab48ac1cb840ee5a81e742bc5d18b370418928fc4,tp16_hbm4_real_mesh2d_4x4_onering_qwen_gqa_baseline_fwd_bs64_sl15360,/home/haotian/waferchip/mesh2D/astra_sim_picasso/examples/run_scripts/analytical/congestion_aware/configs/gqa_seq_scaling/tp16_hbm4_real_mesh2d_4x4_onering_qwen_gqa_baseline_fwd_bs64_sl15360.json,onering,qwen_gqa_baseline_fwd,64,15360,16,,,,,real,mesh2d,4x4,102821,83344,19477,,72.307,32.262,SUCCESS,2026-03-06 00:16:33
061459413fffc464ab7f69252f8a3f72efa8bf279c3a5c269fb6ab33d9fd2b53,tp16_hbm4_real_mesh2d_4x4_onering_qwen_gqa_baseline_fwd_bs64_sl2048,/home/haotian/waferchip/mesh2D/astra_sim_picasso/examples/run_scripts/analytical/congestion_aware/configs/gqa_seq_scaling/tp16_hbm4_real_mesh2d_4x4_onering_qwen_gqa_baseline_fwd_bs64_sl2048.json,onering,qwen_gqa_baseline_fwd,64,2048,16,,,,,real,mesh2d,4x4,51929,32452,19477,,90.489,11.443,SUCCESS,2026-03-06 00:16:35
c2909c20871ddd4383c0292cc8bcffafe92f623b144bbd664fc2036a24df21c1,tp16_hbm4_real_mesh2d_4x4_onering_qwen_gqa_baseline_fwd_bs64_sl3072,/home/haotian/waferchip/mesh2D/astra_sim_picasso/examples/run_scripts/analytical/congestion_aware/configs/gqa_seq_scaling/tp16_hbm4_real_mesh2d_4x4_onering_qwen_gqa_baseline_fwd_bs64_sl3072.json,onering,qwen_gqa_baseline_fwd,64,3072,16,,,,,real,mesh2d,4x4,55843,36366,19477,,87.283,15.114,SUCCESS,2026-03-06 00:16:37
68f27c9f4eaba66883bab49bf0e6a6b3cb16745ef2e38d4f5825f0897043e0ba,tp16_hbm4_real_mesh2d_4x4_onering_qwen_gqa_baseline_fwd_bs64_sl4096,/home/haotian/waferchip/mesh2D/astra_sim_picasso/examples/run_scripts/analytical/congestion_aware/configs/gqa_seq_scaling/tp16_hbm4_real_mesh2d_4x4_onering_qwen_gqa_baseline_fwd_bs64_sl4096.json,onering,qwen_gqa_baseline_fwd,64,4096,16,,,,,real,mesh2d,4x4,59759,40282,19477,,84.701,18.071,SUCCESS,2026-03-06 00:16:38
cbc18d04366e84f64b7fb6158b60e253848804a2a67d152b4bbd5f6d42f17bb5,tp16_hbm4_real_mesh2d_4x4_onering_qwen_gqa_baseline_fwd_bs64_sl5120,/home/haotian/waferchip/mesh2D/astra_sim_picasso/examples/run_scripts/analytical/congestion_aware/configs/gqa_seq_scaling/tp16_hbm4_real_mesh2d_4x4_onering_qwen_gqa_baseline_fwd_bs64_sl5120.json,onering,qwen_gqa_baseline_fwd,64,5120,16,,,,,real,mesh2d,4x4,63673,44196,19477,,82.576,20.504,SUCCESS,2026-03-06 00:16:40
43be11bd74e660f2859b3a27d0762b7026037a6ed2832f115ab288d6a0ff1695,tp16_hbm4_real_mesh2d_4x4_onering_qwen_gqa_baseline_fwd_bs64_sl6144,/home/haotian/waferchip/mesh2D/astra_sim_picasso/examples/run_scripts/analytical/congestion_aware/configs/gqa_seq_scaling/tp16_hbm4_real_mesh2d_4x4_onering_qwen_gqa_baseline_fwd_bs64_sl6144.json,onering,qwen_gqa_baseline_fwd,64,6144,16,,,,,real,mesh2d,4x4,67589,48112,19477,,80.797,22.541,SUCCESS,2026-03-06 00:16:42
f23dd62175af1e2e5d3bc2d87fe6ec91530d84eecb51e6ee5bc2e54b1dd9e7d5,tp16_hbm4_real_mesh2d_4x4_onering_qwen_gqa_baseline_fwd_bs64_sl65536,/home/haotian/waferchip/mesh2D/astra_sim_picasso/examples/run_scripts/analytical/congestion_aware/configs/gqa_seq_scaling/tp16_hbm4_real_mesh2d_4x4_onering_qwen_gqa_baseline_fwd_bs64_sl65536.json,onering,qwen_gqa_baseline_fwd,64,65536,16,,,,,real,mesh2d,4x4,294641,275164,19477,,64.226,41.515,SUCCESS,2026-03-06 00:16:43
18d175a6ef954155230cd7ed2132855a1d57b54e902a0f40e736edc43daee365,tp16_hbm4_real_mesh2d_4x4_onering_qwen_gqa_baseline_fwd_bs64_sl7168,/home/haotian/waferchip/mesh2D/astra_sim_picasso/examples/run_scripts/analytical/congestion_aware/configs/gqa_seq_scaling/tp16_hbm4_real_mesh2d_4x4_onering_qwen_gqa_baseline_fwd_bs64_sl7168.json,onering,qwen_gqa_baseline_fwd,64,7168,16,,,,,real,mesh2d,4x4,71503,52026,19477,,79.285,24.272,SUCCESS,2026-03-06 00:16:45
db63185ec8c7af9ed6c449d2cb6b9d4854551c599eac4dae9c22aae95580c6e7,tp16_hbm4_real_mesh2d_4x4_onering_qwen_gqa_baseline_fwd_bs64_sl8192,/home/haotian/waferchip/mesh2D/astra_sim_picasso/examples/run_scripts/analytical/congestion_aware/configs/gqa_seq_scaling/tp16_hbm4_real_mesh2d_4x4_onering_qwen_gqa_baseline_fwd_bs64_sl8192.json,onering,qwen_gqa_baseline_fwd,64,8192,16,,,,,real,mesh2d,4x4,75419,55942,19477,,77.986,25.76,SUCCESS,2026-03-06 00:16:46
ccfb986c365edb468b72ec0c453a18a2cecdd49c4e9c5cf6e417274cb7a5e76d,tp16_hbm4_real_mesh2d_4x4_onering_qwen_gqa_baseline_fwd_bs64_sl9216,/home/haotian/waferchip/mesh2D/astra_sim_picasso/examples/run_scripts/analytical/congestion_aware/configs/gqa_seq_scaling/tp16_hbm4_real_mesh2d_4x4_onering_qwen_gqa_baseline_fwd_bs64_sl9216.json,onering,qwen_gqa_baseline_fwd,64,9216,16,,,,,real,mesh2d,4x4,79333,59856,19477,,76.855,27.054,SUCCESS,2026-03-06 00:16:48
c5300dd572a2142ccd2be00bfbc39f3c951b024ae174c1fd7127ba12fce4d4af,tp16_hbm4_real_mesh2d_4x4_onering_qwen_gqa_hmp_fwd_bs64_sl1024,/home/haotian/waferchip/mesh2D/astra_sim_picasso/examples/run_scripts/analytical/congestion_aware/configs/gqa_seq_scaling/tp16_hbm4_real_mesh2d_4x4_onering_qwen_gqa_hmp_fwd_bs64_sl1024.json,onering,qwen_gqa_hmp_fwd,64,1024,16,,,,,real,mesh2d,4x4,42064,42064,,,96.15,5.029,SUCCESS,2026-03-06 00:16:48
e3c56c4d6d3aee5321cae299108b529f085eee7adac8b144527cce8e407f73e2,tp16_hbm4_real_mesh2d_4x4_onering_qwen_gqa_hmp_fwd_bs64_sl10240,/home/haotian/waferchip/mesh2D/astra_sim_picasso/examples/run_scripts/analytical/congestion_aware/configs/gqa_seq_scaling/tp16_hbm4_real_mesh2d_4x4_onering_qwen_gqa_hmp_fwd_bs64_sl10240.json,onering,qwen_gqa_hmp_fwd,64,10240,16,,,,,real,mesh2d,4x4,77296,77296,,,80.0,23.49,SUCCESS,2026-03-06 00:16:48
a42cab100486b099284152c6d5b2d1a0be427ad4cde316bd42c8ed15a6eb5c57,tp16_hbm4_real_mesh2d_4x4_onering_qwen_gqa_hmp_fwd_bs64_sl11264,/home/haotian/waferchip/mesh2D/astra_sim_picasso/examples/run_scripts/analytical/congestion_aware/configs/gqa_seq_scaling/tp16_hbm4_real_mesh2d_4x4_onering_qwen_gqa_hmp_fwd_bs64_sl11264.json,onering,qwen_gqa_hmp_fwd,64,11264,16,,,,,real,mesh2d,4x4,81210,81210,,,79.07,24.553,SUCCESS,2026-03-06 00:16:48
53704a8a64d0cf78b2e9380d13ab1b417d1205e960836b15b23f1f56a00e42bd,tp16_hbm4_real_mesh2d_4x4_onering_qwen_gqa_hmp_fwd_bs64_sl12288,/home/haotian/waferchip/mesh2D/astra_sim_picasso/examples/run_scripts/analytical/congestion_aware/configs/gqa_seq_scaling/tp16_hbm4_real_mesh2d_4x4_onering_qwen_gqa_hmp_fwd_bs64_sl12288.json,onering,qwen_gqa_hmp_fwd,64,12288,16,,,,,real,mesh2d,4x4,85126,85126,,,78.226,25.518,SUCCESS,2026-03-06 00:16:48
586c33463a57832714892f6769f3a2eab111d1ba1b8da77781e2bc7f0aae1824,tp16_hbm4_real_mesh2d_4x4_onering_qwen_gqa_hmp_fwd_bs64_sl13312,/home/haotian/waferchip/mesh2D/astra_sim_picasso/examples/run_scripts/analytical/congestion_aware/configs/gqa_seq_scaling/tp16_hbm4_real_mesh2d_4x4_onering_qwen_gqa_hmp_fwd_bs64_sl13312.json,onering,qwen_gqa_hmp_fwd,64,13312,16,,,,,real,mesh2d,4x4,89040,89040,,,77.456,26.399,SUCCESS,2026-03-06 00:16:48
11fa250a0ff4b99de9322f308645fe3bfeb469a578de63e3b65251e5de5552b3,tp16_hbm4_real_mesh2d_4x4_onering_qwen_gqa_hmp_fwd_bs64_sl14336,/home/haotian/waferchip/mesh2D/astra_sim_picasso/examples/run_scripts/analytical/congestion_aware/configs/gqa_seq_scaling/tp16_hbm4_real_mesh2d_4x4_onering_qwen_gqa_hmp_fwd_bs64_sl14336.json,onering,qwen_gqa_hmp_fwd,64,14336,16,,,,,real,mesh2d,4x4,92956,92956,,,76.751,27.205,SUCCESS,2026-03-06 00:16:48
1620aa472d4c1a38b33c45e7e8be9d5e18f36749162cf6e53bd674d263f1ce7b,tp16_hbm4_real_mesh2d_4x4_onering_qwen_gqa_hmp_fwd_bs64_sl15360,/home/haotian/waferchip/mesh2D/astra_sim_picasso/examples/run_scripts/analytical/congestion_aware/configs/gqa_seq_scaling/tp16_hbm4_real_mesh2d_4x4_onering_qwen_gqa_hmp_fwd_bs64_sl15360.json,onering,qwen_gqa_hmp_fwd,64,15360,16,,,,,real,mesh2d,4x4,96870,96870,,,76.102,27.946,SUCCESS,2026-03-06 00:16:48
7546133deab5b16d244ba15523eff50abd35b045ac004a257df86e71806f0942,tp16_hbm4_real_mesh2d_4x4_onering_qwen_gqa_hmp_fwd_bs64_sl2048,/home/haotian/waferchip/mesh2D/astra_sim_picasso/examples/run_scripts/analytical/congestion_aware/configs/gqa_seq_scaling/tp16_hbm4_real_mesh2d_4x4_onering_qwen_gqa_hmp_fwd_bs64_sl2048.json,onering,qwen_gqa_hmp_fwd,64,2048,16,,,,,real,mesh2d,4x4,45978,45978,,,93.136,8.474,SUCCESS,2026-03-06 00:16:48
b9be96608f3269f0a4cd56868ba4bcd4020775e7fe8140cfb7c1d3b899aa8dfd,tp16_hbm4_real_mesh2d_4x4_onering_qwen_gqa_hmp_fwd_bs64_sl3072,/home/haotian/waferchip/mesh2D/astra_sim_picasso/examples/run_scripts/analytical/congestion_aware/configs/gqa_seq_scaling/tp16_hbm4_real_mesh2d_4x4_onering_qwen_gqa_hmp_fwd_bs64_sl3072.json,onering,qwen_gqa_hmp_fwd,64,3072,16,,,,,real,mesh2d,4x4,49892,49892,,,90.592,11.383,SUCCESS,2026-03-06 00:16:49
234ddae2f54dbeda0c6aecd36827f87619ec2b04df4f208cc75dbf7f89374901,tp16_hbm4_real_mesh2d_4x4_onering_qwen_gqa_hmp_fwd_bs64_sl4096,/home/haotian/waferchip/mesh2D/astra_sim_picasso/examples/run_scripts/analytical/congestion_aware/configs/gqa_seq_scaling/tp16_hbm4_real_mesh2d_4x4_onering_qwen_gqa_hmp_fwd_bs64_sl4096.json,onering,qwen_gqa_hmp_fwd,64,4096,16,,,,,real,mesh2d,4x4,53808,53808,,,88.418,13.868,SUCCESS,2026-03-06 00:16:49
3f5184b6de20b669f5c24ccf258aeffa9d8520dcb5a17f2e095446745b8f7dcc,tp16_hbm4_real_mesh2d_4x4_onering_qwen_gqa_hmp_fwd_bs64_sl5120,/home/haotian/waferchip/mesh2D/astra_sim_picasso/examples/run_scripts/analytical/congestion_aware/configs/gqa_seq_scaling/tp16_hbm4_real_mesh2d_4x4_onering_qwen_gqa_hmp_fwd_bs64_sl5120.json,onering,qwen_gqa_hmp_fwd,64,5120,16,,,,,real,mesh2d,4x4,57722,57722,,,86.539,16.016,SUCCESS,2026-03-06 00:16:49
9e0a163bd9a0f63ad4947546b64b33043131da8b1894d73268441d595f335013,tp16_hbm4_real_mesh2d_4x4_onering_qwen_gqa_hmp_fwd_bs64_sl6144,/home/haotian/waferchip/mesh2D/astra_sim_picasso/examples/run_scripts/analytical/congestion_aware/configs/gqa_seq_scaling/tp16_hbm4_real_mesh2d_4x4_onering_qwen_gqa_hmp_fwd_bs64_sl6144.json,onering,qwen_gqa_hmp_fwd,64,6144,16,,,,,real,mesh2d,4x4,61638,61638,,,84.898,17.891,SUCCESS,2026-03-06 00:16:49
22e086222b46f992027136ee360bac3f5a21461679283c5dabf6b8551cf29edb,tp16_hbm4_real_mesh2d_4x4_onering_qwen_gqa_hmp_fwd_bs64_sl65536,/home/haotian/waferchip/mesh2D/astra_sim_picasso/examples/run_scripts/analytical/congestion_aware/configs/gqa_seq_scaling/tp16_hbm4_real_mesh2d_4x4_onering_qwen_gqa_hmp_fwd_bs64_sl65536.json,onering,qwen_gqa_hmp_fwd,64,65536,16,,,,,real,mesh2d,4x4,288690,288690,,,65.878,39.633,SUCCESS,2026-03-06 00:16:49
6ce2c2df4cb0a34cb265fd59b88674873f6b85d15b90907bb6734b764b3bdf97,tp16_hbm4_real_mesh2d_4x4_onering_qwen_gqa_hmp_fwd_bs64_sl7168,/home/haotian/waferchip/mesh2D/astra_sim_picasso/examples/run_scripts/analytical/congestion_aware/configs/gqa_seq_scaling/tp16_hbm4_real_mesh2d_4x4_onering_qwen_gqa_hmp_fwd_bs64_sl7168.json,onering,qwen_gqa_hmp_fwd,64,7168,16,,,,,real,mesh2d,4x4,65552,65552,,,83.454,19.542,SUCCESS,2026-03-06 00:16:49
f2e02262b6b5bec8e997e28a24dc8d1856cb34c16a1c632e5bd9ee40bf9d8e42,tp16_hbm4_real_mesh2d_4x4_onering_qwen_gqa_hmp_fwd_bs64_sl8192,/home/haotian/waferchip/mesh2D/astra_sim_picasso/examples/run_scripts/analytical/congestion_aware/configs/gqa_seq_scaling/tp16_hbm4_real_mesh2d_4x4_onering_qwen_gqa_hmp_fwd_bs64_sl8192.json,onering,qwen_gqa_hmp_fwd,64,8192,16,,,,,real,mesh2d,4x4,69468,69468,,,82.172,21.007,SUCCESS,2026-03-06 00:16:49
6a089f05dbf752c9bb1a80ae8eebb868d882109b5e0408c4b828943a9ca22c57,tp16_hbm4_real_mesh2d_4x4_onering_qwen_gqa_hmp_fwd_bs64_sl9216,/home/haotian/waferchip/mesh2D/astra_sim_picasso/examples/run_scripts/analytical/congestion_aware/configs/gqa_seq_scaling/tp16_hbm4_real_mesh2d_4x4_onering_qwen_gqa_hmp_fwd_bs64_sl9216.json,onering,qwen_gqa_hmp_fwd,64,9216,16,,,,,real,mesh2d,4x4,73382,73382,,,81.027,22.316,SUCCESS,2026-03-06 00:16:49
0be021edf46ed150efd39ef7c56d4330a414a97a43b7b4b5364d2f2ba90afd59,tp16_hbm4_real_mesh2d_4x4_onering_qwen_gqa_tp16_fwd_bs64_sl1024,/home/haotian/waferchip/mesh2D/astra_sim_picasso/examples/run_scripts/analytical/congestion_aware/configs/gqa_seq_scaling/tp16_hbm4_real_mesh2d_4x4_onering_qwen_gqa_tp16_fwd_bs64_sl1024.json,onering,qwen_gqa_tp16_fwd,64,1024,16,,,,,real,mesh2d,4x4,37930,13417,24513,,88.543,16.604,SUCCESS,2026-03-06 00:16:51
3e08a169e76899539644c3ef81a7ea351e0c3016fb22c3333aba64ae07047a5c,tp16_hbm4_real_mesh2d_4x4_onering_qwen_gqa_tp16_fwd_bs64_sl10240,/home/haotian/waferchip/mesh2D/astra_sim_picasso/examples/run_scripts/analytical/congestion_aware/configs/gqa_seq_scaling/tp16_hbm4_real_mesh2d_4x4_onering_qwen_gqa_tp16_fwd_bs64_sl10240.json,onering,qwen_gqa_tp16_fwd,64,10240,16,,,,,real,mesh2d,4x4,82447,48649,33798,,68.388,43.377,SUCCESS,2026-03-06 00:16:53
89b087816f78da858b7ce3d3aa0e9f3a8fd7ea681f7fe9c4c2d3887c37c3ac0f,tp16_hbm4_real_mesh2d_4x4_onering_qwen_gqa_tp16_fwd_bs64_sl11264,/home/haotian/waferchip/mesh2D/astra_sim_picasso/examples/run_scripts/analytical/congestion_aware/configs/gqa_seq_scaling/tp16_hbm4_real_mesh2d_4x4_onering_qwen_gqa_tp16_fwd_bs64_sl11264.json,onering,qwen_gqa_tp16_fwd,64,11264,16,,,,,real,mesh2d,4x4,87378,52565,34813,,67.817,44.136,SUCCESS,2026-03-06 00:16:55
0cff1ca93b46337a6eb169eca0f513944d90625bff1353ba6cc87edf6e323023,tp16_hbm4_real_mesh2d_4x4_onering_qwen_gqa_tp16_fwd_bs64_sl12288,/home/haotian/waferchip/mesh2D/astra_sim_picasso/examples/run_scripts/analytical/congestion_aware/configs/gqa_seq_scaling/tp16_hbm4_real_mesh2d_4x4_onering_qwen_gqa_tp16_fwd_bs64_sl12288.json,onering,qwen_gqa_tp16_fwd,64,12288,16,,,,,real,mesh2d,4x4,92308,56479,35829,,67.324,44.79,SUCCESS,2026-03-06 00:16:57
b7cd400138f82a214595117c902e4e0bc9beaba0e7772423ef350c6bbd3df61b,tp16_hbm4_real_mesh2d_4x4_onering_qwen_gqa_tp16_fwd_bs64_sl13312,/home/haotian/waferchip/mesh2D/astra_sim_picasso/examples/run_scripts/analytical/congestion_aware/configs/gqa_seq_scaling/tp16_hbm4_real_mesh2d_4x4_onering_qwen_gqa_tp16_fwd_bs64_sl13312.json,onering,qwen_gqa_tp16_fwd,64,13312,16,,,,,real,mesh2d,4x4,97312,60395,36917,,66.896,45.359,SUCCESS,2026-03-06 00:16:59
4a115da2ad539afac462002163ae3ef39ecc99f31a5a4959879ccda5aa249a28,tp16_hbm4_real_mesh2d_4x4_onering_qwen_gqa_tp16_fwd_bs64_sl14336,/home/haotian/waferchip/mesh2D/astra_sim_picasso/examples/run_scripts/analytical/congestion_aware/configs/gqa_seq_scaling/tp16_hbm4_real_mesh2d_4x4_onering_qwen_gqa_tp16_fwd_bs64_sl14336.json,onering,qwen_gqa_tp16_fwd,64,14336,16,,,,,real,mesh2d,4x4,102169,64309,37860,,66.519,45.86,SUCCESS,2026-03-06 00:17:01
39cbeefeedb6d18bb6db5cf9a887e5cd1528cb32368c550443e029f3a74bdd88,tp16_hbm4_real_mesh2d_4x4_onering_qwen_gqa_tp16_fwd_bs64_sl15360,/home/haotian/waferchip/mesh2D/astra_sim_picasso/examples/run_scripts/analytical/congestion_aware/configs/gqa_seq_scaling/tp16_hbm4_real_mesh2d_4x4_onering_qwen_gqa_tp16_fwd_bs64_sl15360.json,onering,qwen_gqa_tp16_fwd,64,15360,16,,,,,real,mesh2d,4x4,107183,68223,38960,,66.188,46.301,SUCCESS,2026-03-06 00:17:03
3261472f002bd678bf833289f34117e433c7676d8b890a70536c7c14f98396d4,tp16_hbm4_real_mesh2d_4x4_onering_qwen_gqa_tp16_fwd_bs64_sl2048,/home/haotian/waferchip/mesh2D/astra_sim_picasso/examples/run_scripts/analytical/congestion_aware/configs/gqa_seq_scaling/tp16_hbm4_real_mesh2d_4x4_onering_qwen_gqa_tp16_fwd_bs64_sl2048.json,onering,qwen_gqa_tp16_fwd,64,2048,16,,,,,real,mesh2d,4x4,42932,17331,25601,,82.255,24.955,SUCCESS,2026-03-06 00:17:05
7f2a5e37c435b5c6b9b662c89ac25e460004846839f97fcf4346f440bfc2c138,tp16_hbm4_real_mesh2d_4x4_onering_qwen_gqa_tp16_fwd_bs64_sl3072,/home/haotian/waferchip/mesh2D/astra_sim_picasso/examples/run_scripts/analytical/congestion_aware/configs/gqa_seq_scaling/tp16_hbm4_real_mesh2d_4x4_onering_qwen_gqa_tp16_fwd_bs64_sl3072.json,onering,qwen_gqa_tp16_fwd,64,3072,16,,,,,real,mesh2d,4x4,47791,21247,26544,,78.287,30.228,SUCCESS,2026-03-06 00:17:07
14299f2baf023f8b800be0f196501ce90a672055e353ecae6a73e3e97d75f631,tp16_hbm4_real_mesh2d_4x4_onering_qwen_gqa_tp16_fwd_bs64_sl4096,/home/haotian/waferchip/mesh2D/astra_sim_picasso/examples/run_scripts/analytical/congestion_aware/configs/gqa_seq_scaling/tp16_hbm4_real_mesh2d_4x4_onering_qwen_gqa_tp16_fwd_bs64_sl4096.json,onering,qwen_gqa_tp16_fwd,64,4096,16,,,,,real,mesh2d,4x4,52793,25161,27632,,75.551,33.861,SUCCESS,2026-03-06 00:17:09
b05584689faa3e4c3fecdc4469aade01ce8ae76fc64cdbc226f4a60fc7d0c3f1,tp16_hbm4_real_mesh2d_4x4_onering_qwen_gqa_tp16_fwd_bs64_sl5120,/home/haotian/waferchip/mesh2D/astra_sim_picasso/examples/run_scripts/analytical/congestion_aware/configs/gqa_seq_scaling/tp16_hbm4_real_mesh2d_4x4_onering_qwen_gqa_tp16_fwd_bs64_sl5120.json,onering,qwen_gqa_tp16_fwd,64,5120,16,,,,,real,mesh2d,4x4,57725,29077,28648,,73.554,36.514,SUCCESS,2026-03-06 00:17:10
ffc62f7face5e0e7e6e1a4e90aec2135c11dea901ba391592e2e0c839366a326,tp16_hbm4_real_mesh2d_4x4_onering_qwen_gqa_tp16_fwd_bs64_sl6144,/home/haotian/waferchip/mesh2D/astra_sim_picasso/examples/run_scripts/analytical/congestion_aware/configs/gqa_seq_scaling/tp16_hbm4_real_mesh2d_4x4_onering_qwen_gqa_tp16_fwd_bs64_sl6144.json,onering,qwen_gqa_tp16_fwd,64,6144,16,,,,,real,mesh2d,4x4,62654,32991,29663,,72.029,38.539,SUCCESS,2026-03-06 00:17:12
afe07da16ff52a3cea4c1ddacd2b0810e858ab2367a420971fc1e67c66f0daa2,tp16_hbm4_real_mesh2d_4x4_onering_qwen_gqa_tp16_fwd_bs64_sl65536,/home/haotian/waferchip/mesh2D/astra_sim_picasso/examples/run_scripts/analytical/congestion_aware/configs/gqa_seq_scaling/tp16_hbm4_real_mesh2d_4x4_onering_qwen_gqa_tp16_fwd_bs64_sl65536.json,onering,qwen_gqa_tp16_fwd,64,65536,16,,,,,real,mesh2d,4x4,352149,260043,92106,,62.15,51.664,SUCCESS,2026-03-06 00:17:14
7e0476528a27ad3fb3afece2137d65d3643e07dc21e29811d44bdb48d12ceb8a,tp16_hbm4_real_mesh2d_4x4_onering_qwen_gqa_tp16_fwd_bs64_sl7168,/home/haotian/waferchip/mesh2D/astra_sim_picasso/examples/run_scripts/analytical/congestion_aware/configs/gqa_seq_scaling/tp16_hbm4_real_mesh2d_4x4_onering_qwen_gqa_tp16_fwd_bs64_sl7168.json,onering,qwen_gqa_tp16_fwd,64,7168,16,,,,,real,mesh2d,4x4,67586,36907,30679,,70.829,40.134,SUCCESS,2026-03-06 00:17:16
6274d80d39710ca98fca585d0c5d089606a2679dcfbac0a351758ac01aa285ac,tp16_hbm4_real_mesh2d_4x4_onering_qwen_gqa_tp16_fwd_bs64_sl8192,/home/haotian/waferchip/mesh2D/astra_sim_picasso/examples/run_scripts/analytical/congestion_aware/configs/gqa_seq_scaling/tp16_hbm4_real_mesh2d_4x4_onering_qwen_gqa_tp16_fwd_bs64_sl8192.json,onering,qwen_gqa_tp16_fwd,64,8192,16,,,,,real,mesh2d,4x4,72586,40819,31767,,69.861,41.42,SUCCESS,2026-03-06 00:17:18
b3c02f8679d15149adc9b795e81f04758d25217534c5860134fd073520e6cc48,tp16_hbm4_real_mesh2d_4x4_onering_qwen_gqa_tp16_fwd_bs64_sl9216,/home/haotian/waferchip/mesh2D/astra_sim_picasso/examples/run_scripts/analytical/congestion_aware/configs/gqa_seq_scaling/tp16_hbm4_real_mesh2d_4x4_onering_qwen_gqa_tp16_fwd_bs64_sl9216.json,onering,qwen_gqa_tp16_fwd,64,9216,16,,,,,real,mesh2d,4x4,77445,44735,32710,,69.061,42.484,SUCCESS,2026-03-06 00:17:20
cc1d8225030a10d8ba2f2d110fbcb5f039f68cf331b2e3335a7fb18e55851478,tp16_hbm4_ring_real_mesh2d_4x4_onering_qwen_gqa_tp16_fwd_bs64_sl1024,/home/haotian/waferchip/mesh2D/astra_sim_picasso/examples/run_scripts/analytical/congestion_aware/configs/gqa_seq_scaling/tp16_hbm4_ring_real_mesh2d_4x4_onering_qwen_gqa_tp16_fwd_bs64_sl1024.json,4x4,onering_qwen_gqa_tp16_fwd,64,1024,16,,,,,ring,real,mesh2d,62890,13417,49473,,88.543,16.604,SUCCESS,2026-03-06 00:17:20
ac0121897f6a90a52cdfc8b7c1509200ebe8f356d3e5abe89ec2819f8541b6de,tp16_hbm4_ring_real_mesh2d_4x4_onering_qwen_gqa_tp16_fwd_bs64_sl10240,/home/haotian/waferchip/mesh2D/astra_sim_picasso/examples/run_scripts/analytical/congestion_aware/configs/gqa_seq_scaling/tp16_hbm4_ring_real_mesh2d_4x4_onering_qwen_gqa_tp16_fwd_bs64_sl10240.json,4x4,onering_qwen_gqa_tp16_fwd,64,10240,16,,,,,ring,real,mesh2d,115687,48649,67038,,68.388,43.377,SUCCESS,2026-03-06 00:17:20
6ac74589e7773cc3f141a88bd688791534056abe8fa287b3b5e700cd878c18a3,tp16_hbm4_ring_real_mesh2d_4x4_onering_qwen_gqa_tp16_fwd_bs64_sl11264,/home/haotian/waferchip/mesh2D/astra_sim_picasso/examples/run_scripts/analytical/congestion_aware/configs/gqa_seq_scaling/tp16_hbm4_ring_real_mesh2d_4x4_onering_qwen_gqa_tp16_fwd_bs64_sl11264.json,4x4,onering_qwen_gqa_tp16_fwd,64,11264,16,,,,,ring,real,mesh2d,121458,52565,68893,,67.817,44.136,SUCCESS,2026-03-06 00:17:20
d54ea538aef1e2c3beb7f90ea8d5b2ad37230ac869c27b68c6b8ab9aaab710ac,tp16_hbm4_ring_real_mesh2d_4x4_onering_qwen_gqa_tp16_fwd_bs64_sl12288,/home/haotian/waferchip/mesh2D/astra_sim_picasso/examples/run_scripts/analytical/congestion_aware/configs/gqa_seq_scaling/tp16_hbm4_ring_real_mesh2d_4x4_onering_qwen_gqa_tp16_fwd_bs64_sl12288.json,4x4,onering_qwen_gqa_tp16_fwd,64,12288,16,,,,,ring,real,mesh2d,127348,56479,70869,,67.324,44.79,SUCCESS,2026-03-06 00:17:20
cd13913879420e6ff4960dd02929186c055b10bcac98825122e172770922e913,tp16_hbm4_ring_real_mesh2d_4x4_onering_qwen_gqa_tp16_fwd_bs64_sl13312,/home/haotian/waferchip/mesh2D/astra_sim_picasso/examples/run_scripts/analytical/congestion_aware/configs/gqa_seq_scaling/tp16_hbm4_ring_real_mesh2d_4x4_onering_qwen_gqa_tp16_fwd_bs64_sl13312.json,4x4,onering_qwen_gqa_tp16_fwd,64,13312,16,,,,,ring,real,mesh2d,133312,60395,72917,,66.896,45.359,SUCCESS,2026-03-06 00:17:20
43bc1ec775eb881c3e6373de0a66c80e9ac11bb57e8890fcb5f7ac09d09299de,tp16_hbm4_ring_real_mesh2d_4x4_onering_qwen_gqa_tp16_fwd_bs64_sl14336,/home/haotian/waferchip/mesh2D/astra_sim_picasso/examples/run_scripts/analytical/congestion_aware/configs/gqa_seq_scaling/tp16_hbm4_ring_real_mesh2d_4x4_onering_qwen_gqa_tp16_fwd_bs64_sl14336.json,4x4,onering_qwen_gqa_tp16_fwd,64,14336,16,,,,,ring,real,mesh2d,139873,64309,75564,,66.519,45.86,SUCCESS,2026-03-06 00:17:20
e9d652dfa74efa7dcb5f754262ea247757c234fe4349ab6bdfb9d54311461452,tp16_hbm4_ring_real_mesh2d_4x4_onering_qwen_gqa_tp16_fwd_bs64_sl15360,/home/haotian/waferchip/mesh2D/astra_sim_picasso/examples/run_scripts/analytical/congestion_aware/configs/gqa_seq_scaling/tp16_hbm4_ring_real_mesh2d_4x4_onering_qwen_gqa_tp16_fwd_bs64_sl15360.json,4x4,onering_qwen_gqa_tp16_fwd,64,15360,16,,,,,ring,real,mesh2d,147051,68223,78828,,66.188,46.301,SUCCESS,2026-03-06 00:17:20
0178f6bcb52d24daa3d57114fecdd4a46e03aab7bb6f2903c53a601f82692bf9,tp16_hbm4_ring_real_mesh2d_4x4_onering_qwen_gqa_tp16_fwd_bs64_sl2048,/home/haotian/waferchip/mesh2D/astra_sim_picasso/examples/run_scripts/analytical/congestion_aware/configs/gqa_seq_scaling/tp16_hbm4_ring_real_mesh2d_4x4_onering_qwen_gqa_tp16_fwd_bs64_sl2048.json,4x4,onering_qwen_gqa_tp16_fwd,64,2048,16,,,,,ring,real,mesh2d,68852,17331,51521,,82.255,24.955,SUCCESS,2026-03-06 00:17:20
72c533c047a59069ddb2c9490516d0cd3addd645b5116d30157b3553fca31c05,tp16_hbm4_ring_real_mesh2d_4x4_onering_qwen_gqa_tp16_fwd_bs64_sl3072,/home/haotian/waferchip/mesh2D/astra_sim_picasso/examples/run_scripts/analytical/congestion_aware/configs/gqa_seq_scaling/tp16_hbm4_ring_real_mesh2d_4x4_onering_qwen_gqa_tp16_fwd_bs64_sl3072.json,4x4,onering_qwen_gqa_tp16_fwd,64,3072,16,,,,,ring,real,mesh2d,74551,21247,53304,,78.287,30.228,SUCCESS,2026-03-06 00:17:21
e1c7d5a93f5948249120dc2976d03bf3de5ff60cfda06d86f6570839450e9148,tp16_hbm4_ring_real_mesh2d_4x4_onering_qwen_gqa_tp16_fwd_bs64_sl4096,/home/haotian/waferchip/mesh2D/astra_sim_picasso/examples/run_scripts/analytical/congestion_aware/configs/gqa_seq_scaling/tp16_hbm4_ring_real_mesh2d_4x4_onering_qwen_gqa_tp16_fwd_bs64_sl4096.json,4x4,onering_qwen_gqa_tp16_fwd,64,4096,16,,,,,ring,real,mesh2d,80513,25161,55352,,75.551,33.861,SUCCESS,2026-03-06 00:17:21
19ed178db9ceaf78ac9c486d6b08aae0d4728dab37ba841cb19e4cedc07d37fd,tp16_hbm4_ring_real_mesh2d_4x4_onering_qwen_gqa_tp16_fwd_bs64_sl5120,/home/haotian/waferchip/mesh2D/astra_sim_picasso/examples/run_scripts/analytical/congestion_aware/configs/gqa_seq_scaling/tp16_hbm4_ring_real_mesh2d_4x4_onering_qwen_gqa_tp16_fwd_bs64_sl5120.json,4x4,onering_qwen_gqa_tp16_fwd,64,5120,16,,,,,ring,real,mesh2d,86405,29077,57328,,73.554,36.514,SUCCESS,2026-03-06 00:17:21
0ec9fe6c587c5b3784bd7024665b549635dbd2673f64797cb402e7c78afe4a13,tp16_hbm4_ring_real_mesh2d_4x4_onering_qwen_gqa_tp16_fwd_bs64_sl6144,/home/haotian/waferchip/mesh2D/astra_sim_picasso/examples/run_scripts/analytical/congestion_aware/configs/gqa_seq_scaling/tp16_hbm4_ring_real_mesh2d_4x4_onering_qwen_gqa_tp16_fwd_bs64_sl6144.json,4x4,onering_qwen_gqa_tp16_fwd,64,6144,16,,,,,ring,real,mesh2d,92174,32991,59183,,72.029,38.539,SUCCESS,2026-03-06 00:17:21
ac335e4ceff6d4935c9b284e9984bccd27e5e1d1dbf04da87293087e6543fe0c,tp16_hbm4_ring_real_mesh2d_4x4_onering_qwen_gqa_tp16_fwd_bs64_sl65536,/home/haotian/waferchip/mesh2D/astra_sim_picasso/examples/run_scripts/analytical/congestion_aware/configs/gqa_seq_scaling/tp16_hbm4_ring_real_mesh2d_4x4_onering_qwen_gqa_tp16_fwd_bs64_sl65536.json,4x4,onering_qwen_gqa_tp16_fwd,64,65536,16,,,,,ring,real,mesh2d,496581,260043,236538,,62.15,51.664,SUCCESS,2026-03-06 00:17:21
3a11ece67196065231a795f29774b1db903486b9faa0194a02887879e5a6fd53,tp16_hbm4_ring_real_mesh2d_4x4_onering_qwen_gqa_tp16_fwd_bs64_sl7168,/home/haotian/waferchip/mesh2D/astra_sim_picasso/examples/run_scripts/analytical/congestion_aware/configs/gqa_seq_scaling/tp16_hbm4_ring_real_mesh2d_4x4_onering_qwen_gqa_tp16_fwd_bs64_sl7168.json,4x4,onering_qwen_gqa_tp16_fwd,64,7168,16,,,,,ring,real,mesh2d,98066,36907,61159,,70.829,40.134,SUCCESS,2026-03-06 00:17:21
0220219989e4ddd0932030ce089b5732f464662098179ee340b3677e70f4a8de,tp16_hbm4_ring_real_mesh2d_4x4_onering_qwen_gqa_tp16_fwd_bs64_sl8192,/home/haotian/waferchip/mesh2D/astra_sim_picasso/examples/run_scripts/analytical/congestion_aware/configs/gqa_seq_scaling/tp16_hbm4_ring_real_mesh2d_4x4_onering_qwen_gqa_tp16_fwd_bs64_sl8192.json,4x4,onering_qwen_gqa_tp16_fwd,64,8192,16,,,,,ring,real,mesh2d,104026,40819,63207,,69.861,41.42,SUCCESS,2026-03-06 00:17:21
d449b8e6a3687999e8dee0a7324c6a3e77a663b985b4286bc98e718f41e9a419,tp16_hbm4_ring_real_mesh2d_4x4_onering_qwen_gqa_tp16_fwd_bs64_sl9216,/home/haotian/waferchip/mesh2D/astra_sim_picasso/examples/run_scripts/analytical/congestion_aware/configs/gqa_seq_scaling/tp16_hbm4_ring_real_mesh2d_4x4_onering_qwen_gqa_tp16_fwd_bs64_sl9216.json,4x4,onering_qwen_gqa_tp16_fwd,64,9216,16,,,,,ring,real,mesh2d,109725,44735,64990,,69.061,42.484,SUCCESS,2026-03-06 00:17:21
d6a0763382f8933898993cd8ac30214563ad486dbb86a672d87a69f3e28db013,tp16_hbm4_mesh2d_4x4_onering_qwen_gqa_baseline_fwd_block2x2_bs64_sl1024,/home/haotian/waferchip/mesh2D/astra_sim_picasso/examples/run_scripts/analytical/congestion_aware/configs/gqa_seq_scaling/tp16_hbm4_mesh2d_4x4_onering_qwen_gqa_baseline_fwd_block2x2_bs64_sl1024.json,qwen,gqa_baseline_fwd_block2x2,64,1024,16,,,,,mesh2d,4x4,onering,46803,28538,18265,,94.568,6.772,SUCCESS,2026-03-06 00:18:23
036aeb1c1d9b4b5f37bdbcb88ffbf034118bad8c8a7ac3a0961c3b894bc3b04c,tp16_hbm4_mesh2d_4x4_onering_qwen_gqa_baseline_fwd_block2x2_bs64_sl16384,/home/haotian/waferchip/mesh2D/astra_sim_picasso/examples/run_scripts/analytical/congestion_aware/configs/gqa_seq_scaling/tp16_hbm4_mesh2d_4x4_onering_qwen_gqa_baseline_fwd_block2x2_bs64_sl16384.json,qwen,gqa_baseline_fwd_block2x2,64,16384,16,,,,,mesh2d,4x4,onering,105525,87260,18265,,71.787,32.857,SUCCESS,2026-03-06 00:18:24
2b33c3d6dfc0caca6d62228d99dc5860cefe211d18ccf357f122d42a7f9c910a,tp16_hbm4_mesh2d_4x4_onering_qwen_gqa_baseline_fwd_block2x2_bs64_sl2048,/home/haotian/waferchip/mesh2D/astra_sim_picasso/examples/run_scripts/analytical/congestion_aware/configs/gqa_seq_scaling/tp16_hbm4_mesh2d_4x4_onering_qwen_gqa_baseline_fwd_block2x2_bs64_sl2048.json,qwen,gqa_baseline_fwd_block2x2,64,2048,16,,,,,mesh2d,4x4,onering,50717,32452,18265,,90.489,11.443,SUCCESS,2026-03-06 00:18:26
5fb8363e761397e495b96e7dacbbf2aa4942682de129b1c92e891d4e1c6db363,tp16_hbm4_mesh2d_4x4_onering_qwen_gqa_baseline_fwd_block2x2_bs64_sl32768,/home/haotian/waferchip/mesh2D/astra_sim_picasso/examples/run_scripts/analytical/congestion_aware/configs/gqa_seq_scaling/tp16_hbm4_mesh2d_4x4_onering_qwen_gqa_baseline_fwd_block2x2_bs64_sl32768.json,qwen,gqa_baseline_fwd_block2x2,64,32768,16,,,,,mesh2d,4x4,onering,168157,149892,18265,,67.16,38.155,SUCCESS,2026-03-06 00:18:27
ce5699dd75d699fbdef68796f5561169a337697fb838dddda3d8d858b07f9cb7,tp16_hbm4_mesh2d_4x4_onering_qwen_gqa_baseline_fwd_block2x2_bs64_sl4096,/home/haotian/waferchip/mesh2D/astra_sim_picasso/examples/run_scripts/analytical/congestion_aware/configs/gqa_seq_scaling/tp16_hbm4_mesh2d_4x4_onering_qwen_gqa_baseline_fwd_block2x2_bs64_sl4096.json,qwen,gqa_baseline_fwd_block2x2,64,4096,16,,,,,mesh2d,4x4,onering,58547,40282,18265,,84.701,18.071,SUCCESS,2026-03-06 00:18:29
a1862be90727399c9de6da0ae0b9a87b97a315233240bebb7ff92470775dc082,tp16_hbm4_mesh2d_4x4_onering_qwen_gqa_baseline_fwd_block2x2_bs64_sl65536,/home/haotian/waferchip/mesh2D/astra_sim_picasso/examples/run_scripts/analytical/congestion_aware/configs/gqa_seq_scaling/tp16_hbm4_mesh2d_4x4_onering_qwen_gqa_baseline_fwd_block2x2_bs64_sl65536.json,qwen,gqa_baseline_fwd_block2x2,64,65536,16,,,,,mesh2d,4x4,onering,293429,275164,18265,,64.226,41.515,SUCCESS,2026-03-06 00:18:30
ebd066c19cf12fa7f59ae53f0c865961ecfbe34d055df117e91301b7ad20f65f,tp16_hbm4_mesh2d_4x4_onering_qwen_gqa_baseline_fwd_block2x2_bs64_sl8192,/home/haotian/waferchip/mesh2D/astra_sim_picasso/examples/run_scripts/analytical/congestion_aware/configs/gqa_seq_scaling/tp16_hbm4_mesh2d_4x4_onering_qwen_gqa_baseline_fwd_block2x2_bs64_sl8192.json,qwen,gqa_baseline_fwd_block2x2,64,8192,16,,,,,mesh2d,4x4,onering,74207,55942,18265,,77.986,25.76,SUCCESS,2026-03-06 00:18:32
a6fba6d5e490f1cc9f7db6a78751840c4f65516e33cd5c56c778fcfd00574422,tp16_hbm4_mesh2d_4x4_onering_qwen_gqa_baseline_fwd_bs64_sl16384,/home/haotian/waferchip/mesh2D/astra_sim_picasso/examples/run_scripts/analytical/congestion_aware/configs/gqa_seq_scaling/tp16_hbm4_mesh2d_4x4_onering_qwen_gqa_baseline_fwd_bs64_sl16384.json,qwen,gqa_baseline_fwd,64,16384,16,,,,,mesh2d,4x4,onering,106737,87260,19477,,71.787,32.857,SUCCESS,2026-03-06 00:18:34
2c72b2e87a547aacd3d8ca281fefeb135f2c3d8ab76e2c527f0011c09c976ad4,tp16_hbm4_mesh2d_4x4_onering_qwen_gqa_baseline_fwd_bs64_sl32768,/home/haotian/waferchip/mesh2D/astra_sim_picasso/examples/run_scripts/analytical/congestion_aware/configs/gqa_seq_scaling/tp16_hbm4_mesh2d_4x4_onering_qwen_gqa_baseline_fwd_bs64_sl32768.json,qwen,gqa_baseline_fwd,64,32768,16,,,,,mesh2d,4x4,onering,169369,149892,19477,,67.16,38.155,SUCCESS,2026-03-06 00:18:35
7f66b35437c3e70db1cc33b1c7dd0d6c82c013d156a53de6c113a6537756774c,tp16_hbm4_mesh2d_4x4_onering_qwen_gqa_hmp_fwd_block2x2_bs64_sl1024,/home/haotian/waferchip/mesh2D/astra_sim_picasso/examples/run_scripts/analytical/congestion_aware/configs/gqa_seq_scaling/tp16_hbm4_mesh2d_4x4_onering_qwen_gqa_hmp_fwd_block2x2_bs64_sl1024.json,qwen,gqa_hmp_fwd_block2x2,64,1024,16,,,,,mesh2d,4x4,onering,42064,42064,,,96.15,5.029,SUCCESS,2026-03-06 00:18:35
fe6b0fad12d310e09a1d02384e34a31353af5544aad8d96237bb8f93212b827e,tp16_hbm4_mesh2d_4x4_onering_qwen_gqa_hmp_fwd_block2x2_bs64_sl16384,/home/haotian/waferchip/mesh2D/astra_sim_picasso/examples/run_scripts/analytical/congestion_aware/configs/gqa_seq_scaling/tp16_hbm4_mesh2d_4x4_onering_qwen_gqa_hmp_fwd_block2x2_bs64_sl16384.json,qwen,gqa_hmp_fwd_block2x2,64,16384,16,,,,,mesh2d,4x4,onering,100786,100786,,,75.504,28.629,SUCCESS,2026-03-06 00:18:35
e6c2af9d85060625649454924a76f83ee9a8e26c24713c96cad233e95272eddb,tp16_hbm4_mesh2d_4x4_onering_qwen_gqa_hmp_fwd_block2x2_bs64_sl2048,/home/haotian/waferchip/mesh2D/astra_sim_picasso/examples/run_scripts/analytical/congestion_aware/configs/gqa_seq_scaling/tp16_hbm4_mesh2d_4x4_onering_qwen_gqa_hmp_fwd_block2x2_bs64_sl2048.json,qwen,gqa_hmp_fwd_block2x2,64,2048,16,,,,,mesh2d,4x4,onering,45978,45978,,,93.136,8.474,SUCCESS,2026-03-06 00:18:35
f597288a8b586e4a1ea0845f4c582307535394ccdf3515034157cf4deecaa56d,tp16_hbm4_mesh2d_4x4_onering_qwen_gqa_hmp_fwd_block2x2_bs64_sl32768,/home/haotian/waferchip/mesh2D/astra_sim_picasso/examples/run_scripts/analytical/congestion_aware/configs/gqa_seq_scaling/tp16_hbm4_mesh2d_4x4_onering_qwen_gqa_hmp_fwd_block2x2_bs64_sl32768.json,qwen,gqa_hmp_fwd_block2x2,64,32768,16,,,,,mesh2d,4x4,onering,163418,163418,,,69.836,35.109,SUCCESS,2026-03-06 00:18:35
b41cc6b3256d461e89aff5753f2afa16e6a47a3291c9f4d212642475b1e3b8b0,tp16_hbm4_mesh2d_4x4_onering_qwen_gqa_hmp_fwd_block2x2_bs64_sl4096,/home/haotian/waferchip/mesh2D/astra_sim_picasso/examples/run_scripts/analytical/congestion_aware/configs/gqa_seq_scaling/tp16_hbm4_mesh2d_4x4_onering_qwen_gqa_hmp_fwd_block2x2_bs64_sl4096.json,qwen,gqa_hmp_fwd_block2x2,64,4096,16,,,,,mesh2d,4x4,onering,53808,53808,,,88.418,13.868,SUCCESS,2026-03-06 00:18:35
656a866d58b152948e8ad18fb2c3781affee11be2eef4dc00a9274103afd260c,tp16_hbm4_mesh2d_4x4_onering_qwen_gqa_hmp_fwd_block2x2_bs64_sl65536,/home/haotian/waferchip/mesh2D/astra_sim_picasso/examples/run_scripts/analytical/congestion_aware/configs/gqa_seq_scaling/tp16_hbm4_mesh2d_4x4_onering_qwen_gqa_hmp_fwd_block2x2_bs64_sl65536.json,qwen,gqa_hmp_fwd_block2x2,64,65536,16,,,,,mesh2d,4x4,onering,288690,288690,,,65.878,39.633,SUCCESS,2026-03-06 00:18:36
31768a1c2d5985a05eed8fbafcb96bef8319834c57735565cdf188b4fd4b40b8,tp16_hbm4_mesh2d_4x4_onering_qwen_gqa_hmp_fwd_block2x2_bs64_sl8192,/home/haotian/waferchip/mesh2D/astra_sim_picasso/examples/run_scripts/analytical/congestion_aware/configs/gqa_seq_scaling/tp16_hbm4_mesh2d_4x4_onering_qwen_gqa_hmp_fwd_block2x2_bs64_sl8192.json,qwen,gqa_hmp_fwd_block2x2,64,8192,16,,,,,mesh2d,4x4,onering,69468,69468,,,82.172,21.007,SUCCESS,2026-03-06 00:18:36
37c1ecbf8355a0ad9cd6a6fe5937df753ca3d0bafbac1ae06119eb29b1f05492,tp16_hbm4_mesh2d_4x4_onering_qwen_gqa_hmp_fwd_bs64_sl16384,/home/haotian/waferchip/mesh2D/astra_sim_picasso/examples/run_scripts/analytical/congestion_aware/configs/gqa_seq_scaling/tp16_hbm4_mesh2d_4x4_onering_qwen_gqa_hmp_fwd_bs64_sl16384.json,qwen,gqa_hmp_fwd,64,16384,16,,,,,mesh2d,4x4,onering,100786,100786,,,75.504,28.629,SUCCESS,2026-03-06 00:18:36
00a9af9c5afe4ec688c7ac9a54be3d8e8dd37956d636f4da63b88e8d7d48f86a,tp16_hbm4_mesh2d_4x4_onering_qwen_gqa_hmp_fwd_bs64_sl32768,/home/haotian/waferchip/mesh2D/astra_sim_picasso/examples/run_scripts/analytical/congestion_aware/configs/gqa_seq_scaling/tp16_hbm4_mesh2d_4x4_onering_qwen_gqa_hmp_fwd_bs64_sl32768.json,qwen,gqa_hmp_fwd,64,32768,16,,,,,mesh2d,4x4,onering,163418,163418,,,69.836,35.109,SUCCESS,2026-03-06 00:18:36
7486b3b291408135cb30e634381fa41dfdce0c3c768dab81ea4a391499cb382a,tp16_hbm4_mesh2d_4x4_onering_qwen_gqa_tp16_fwd_bs64_sl1024,/home/haotian/waferchip/mesh2D/astra_sim_picasso/examples/run_scripts/analytical/congestion_aware/configs/gqa_seq_scaling/tp16_hbm4_mesh2d_4x4_onering_qwen_gqa_tp16_fwd_bs64_sl1024.json,qwen,gqa_tp16_fwd,64,1024,16,,,,,mesh2d,4x4,onering,37930,13417,24513,,88.543,16.604,SUCCESS,2026-03-06 00:18:38
09937efd2591d18a0bc77ca91431e9c88da85e3d8b588b489e528a91b8704d57,tp16_hbm4_mesh2d_4x4_onering_qwen_gqa_tp16_fwd_bs64_sl16384,/home/haotian/waferchip/mesh2D/astra_sim_picasso/examples/run_scripts/analytical/congestion_aware/configs/gqa_seq_scaling/tp16_hbm4_mesh2d_4x4_onering_qwen_gqa_tp16_fwd_bs64_sl16384.json,qwen,gqa_tp16_fwd,64,16384,16,,,,,mesh2d,4x4,onering,112137,72137,40000,,65.89,46.696,SUCCESS,2026-03-06 00:18:39
0959ec13256dd6419f14f05bfead1c57353d9982dcff0e61cb0564853be31d52,tp16_hbm4_mesh2d_4x4_onering_qwen_gqa_tp16_fwd_bs64_sl2048,/home/haotian/waferchip/mesh2D/astra_sim_picasso/examples/run_scripts/analytical/congestion_aware/configs/gqa_seq_scaling/tp16_hbm4_mesh2d_4x4_onering_qwen_gqa_tp16_fwd_bs64_sl2048.json,qwen,gqa_tp16_fwd,64,2048,16,,,,,mesh2d,4x4,onering,42932,17331,25601,,82.255,24.955,SUCCESS,2026-03-06 00:18:41
23dce48afb961b7a977eb02c9212ff3d00991c4e321d25e2a81fcf4f198cd6b6,tp16_hbm4_mesh2d_4x4_onering_qwen_gqa_tp16_fwd_bs64_sl32768,/home/haotian/waferchip/mesh2D/astra_sim_picasso/examples/run_scripts/analytical/congestion_aware/configs/gqa_seq_scaling/tp16_hbm4_mesh2d_4x4_onering_qwen_gqa_tp16_fwd_bs64_sl32768.json,qwen,gqa_tp16_fwd,64,32768,16,,,,,mesh2d,4x4,onering,191605,134773,56832,,63.485,49.891,SUCCESS,2026-03-06 00:18:43
f28628bda6b33d8e0687d6447e5a9163f0cb135d9e1b560c2fc2eefc786ae1e1,tp16_hbm4_mesh2d_4x4_onering_qwen_gqa_tp16_fwd_bs64_sl4096,/home/haotian/waferchip/mesh2D/astra_sim_picasso/examples/run_scripts/analytical/congestion_aware/configs/gqa_seq_scaling/tp16_hbm4_mesh2d_4x4_onering_qwen_gqa_tp16_fwd_bs64_sl4096.json,qwen,gqa_tp16_fwd,64,4096,16,,,,,mesh2d,4x4,onering,52793,25161,27632,,75.551,33.861,SUCCESS,2026-03-06 00:18:45
d7ef4a0654998aa5d3257ac90ff9dea9cd31da8fbc1791647e50a75924916935,tp16_hbm4_mesh2d_4x4_onering_qwen_gqa_tp16_fwd_bs64_sl65536,/home/haotian/waferchip/mesh2D/astra_sim_picasso/examples/run_scripts/analytical/congestion_aware/configs/gqa_seq_scaling/tp16_hbm4_mesh2d_4x4_onering_qwen_gqa_tp16_fwd_bs64_sl65536.json,qwen,gqa_tp16_fwd,64,65536,16,,,,,mesh2d,4x4,onering,352149,260043,92106,,62.15,51.664,SUCCESS,2026-03-06 00:18:47
fab814d36822e0021c2446745112b75aef57a4dc38f64b73685bd6b2990bca05,tp16_hbm4_mesh2d_4x4_onering_qwen_gqa_tp16_fwd_bs64_sl8192,/home/haotian/waferchip/mesh2D/astra_sim_picasso/examples/run_scripts/analytical/congestion_aware/configs/gqa_seq_scaling/tp16_hbm4_mesh2d_4x4_onering_qwen_gqa_tp16_fwd_bs64_sl8192.json,qwen,gqa_tp16_fwd,64,8192,16,,,,,mesh2d,4x4,onering,72586,40819,31767,,69.861,41.42,SUCCESS,2026-03-06 00:18:49
67aef3d26bef850ace2666b3750e6fb1a59595b88c66ca4a13dfca845a4a03bb,tp16_hbm4_real_mesh2d_4x4_onering_qwen_gqa_baseline_fwd_bs64_sl1022,/home/haotian/waferchip/mesh2D/astra_sim_picasso/examples/run_scripts/analytical/congestion_aware/configs/gqa_seq_scaling/tp16_hbm4_real_mesh2d_4x4_onering_qwen_gqa_baseline_fwd_bs64_sl1022.json,onering,qwen_gqa_baseline_fwd,64,1022,16,,,,,real,mesh2d,4x4,48007,28530,19477,,94.58,6.76,SUCCESS,2026-03-06 00:18:50
bd2ea5090cc499dae154f21f7b644048e492e16441ce3993144b27c3036a1674,tp16_hbm4_real_mesh2d_4x4_onering_qwen_gqa_baseline_fwd_bs64_sl1023,/home/haotian/waferchip/mesh2D/astra_sim_picasso/examples/run_scripts/analytical/congestion_aware/configs/gqa_seq_scaling/tp16_hbm4_real_mesh2d_4x4_onering_qwen_gqa_baseline_fwd_bs64_sl1023.json,onering,qwen_gqa_baseline_fwd,64,1023,16,,,,,real,mesh2d,4x4,48011,28534,19477,,94.574,6.766,SUCCESS,2026-03-06 00:18:52
3fbb54714745f9efc9a58e8ad804262a15157fd97045c00f94c0e39d76a07c52,tp16_hbm4_real_mesh2d_4x4_onering_qwen_gqa_baseline_fwd_bs64_sl1024,/home/haotian/waferchip/mesh2D/astra_sim_picasso/examples/run_scripts/analytical/congestion_aware/configs/gqa_seq_scaling/tp16_hbm4_real_mesh2d_4x4_onering_qwen_gqa_baseline_fwd_bs64_sl1024.json,onering,qwen_gqa_baseline_fwd,64,1024,16,,,,,real,mesh2d,4x4,48015,28538,19477,,94.568,6.772,SUCCESS,2026-03-06 00:18:54
c52a6a9ca08ae82ea6b55e5128c85b2e6cd782655a460a7e75f9e4ee7d4d0f49,tp16_hbm4_real_mesh2d_4x4_onering_qwen_gqa_baseline_fwd_bs64_sl10240,/home/haotian/waferchip/mesh2D/astra_sim_picasso/examples/run_scripts/analytical/congestion_aware/configs/gqa_seq_scaling/tp16_hbm4_real_mesh2d_4x4_onering_qwen_gqa_baseline_fwd_bs64_sl10240.json,onering,qwen_gqa_baseline_fwd,64,10240,16,,,,,real,mesh2d,4x4,83247,63770,19477,,75.867,28.186,SUCCESS,2026-03-06 00:18:55
e25e86bc0e48e38755133738ea8d2073f9778778f760d1781cbdfa3ec579ea3b,tp16_hbm4_real_mesh2d_4x4_onering_qwen_gqa_baseline_fwd_bs64_sl11264,/home/haotian/waferchip/mesh2D/astra_sim_picasso/examples/run_scripts/analytical/congestion_aware/configs/gqa_seq_scaling/tp16_hbm4_real_mesh2d_4x4_onering_qwen_gqa_baseline_fwd_bs64_sl11264.json,onering,qwen_gqa_baseline_fwd,64,11264,16,,,,,real,mesh2d,4x4,87161,67684,19477,,74.99,29.19,SUCCESS,2026-03-06 00:18:57
f55735139236ae00bbd82b4d7a59ef8bb539a56ae313ed4e1b02149313db164c,tp16_hbm4_real_mesh2d_4x4_onering_qwen_gqa_baseline_fwd_bs64_sl12288,/home/haotian/waferchip/mesh2D/astra_sim_picasso/examples/run_scripts/analytical/congestion_aware/configs/gqa_seq_scaling/tp16_hbm4_real_mesh2d_4x4_onering_qwen_gqa_baseline_fwd_bs64_sl12288.json,onering,qwen_gqa_baseline_fwd,64,12288,16,,,,,real,mesh2d,4x4,91077,71600,19477,,74.209,30.084,SUCCESS,2026-03-06 00:18:58
0d511d9b063177111b52ccb6cd32b3ddb7dc389dfcc1b31964aa40669867b8ea,tp16_hbm4_real_mesh2d_4x4_onering_qwen_gqa_baseline_fwd_bs64_sl13312,/home/haotian/waferchip/mesh2D/astra_sim_picasso/examples/run_scripts/analytical/congestion_aware/configs/gqa_seq_scaling/tp16_hbm4_real_mesh2d_4x4_onering_qwen_gqa_baseline_fwd_bs64_sl13312.json,onering,qwen_gqa_baseline_fwd,64,13312,16,,,,,real,mesh2d,4x4,94991,75514,19477,,73.509,30.885,SUCCESS,2026-03-06 00:19:00
ce407b069d596b7aa099df02c633858b9b4990e2ce38ee9fd4f4cc0b16beb531,tp16_hbm4_real_mesh2d_4x4_onering_qwen_gqa_baseline_fwd_bs64_sl14336,/home/haotian/waferchip/mesh2D/astra_sim_picasso/examples/run_scripts/analytical/congestion_aware/configs/gqa_seq_scaling/tp16_hbm4_real_mesh2d_4x4_onering_qwen_gqa_baseline_fwd_bs64_sl14336.json,onering,qwen_gqa_baseline_fwd,64,14336,16,,,,,real,mesh2d,4x4,98907,79430,19477,,72.879,31.607,SUCCESS,2026-03-06 00:19:02
c5c5dbbc6f775e71ad21730ab48ac1cb840ee5a81e742bc5d18b370418928fc4,tp16_hbm4_real_mesh2d_4x4_onering_qwen_gqa_baseline_fwd_bs64_sl15360,/home/haotian/waferchip/mesh2D/astra_sim_picasso/examples/run_scripts/analytical/congestion_aware/configs/gqa_seq_scaling/tp16_hbm4_real_mesh2d_4x4_onering_qwen_gqa_baseline_fwd_bs64_sl15360.json,onering,qwen_gqa_baseline_fwd,64,15360,16,,,,,real,mesh2d,4x4,102821,83344,19477,,72.307,32.262,SUCCESS,2026-03-06 00:19:03
061459413fffc464ab7f69252f8a3f72efa8bf279c3a5c269fb6ab33d9fd2b53,tp16_hbm4_real_mesh2d_4x4_onering_qwen_gqa_baseline_fwd_bs64_sl2048,/home/haotian/waferchip/mesh2D/astra_sim_picasso/examples/run_scripts/analytical/congestion_aware/configs/gqa_seq_scaling/tp16_hbm4_real_mesh2d_4x4_onering_qwen_gqa_baseline_fwd_bs64_sl2048.json,onering,qwen_gqa_baseline_fwd,64,2048,16,,,,,real,mesh2d,4x4,51929,32452,19477,,90.489,11.443,SUCCESS,2026-03-06 00:19:05
c2909c20871ddd4383c0292cc8bcffafe92f623b144bbd664fc2036a24df21c1,tp16_hbm4_real_mesh2d_4x4_onering_qwen_gqa_baseline_fwd_bs64_sl3072,/home/haotian/waferchip/mesh2D/astra_sim_picasso/examples/run_scripts/analytical/congestion_aware/configs/gqa_seq_scaling/tp16_hbm4_real_mesh2d_4x4_onering_qwen_gqa_baseline_fwd_bs64_sl3072.json,onering,qwen_gqa_baseline_fwd,64,3072,16,,,,,real,mesh2d,4x4,55843,36366,19477,,87.283,15.114,SUCCESS,2026-03-06 00:19:06
68f27c9f4eaba66883bab49bf0e6a6b3cb16745ef2e38d4f5825f0897043e0ba,tp16_hbm4_real_mesh2d_4x4_onering_qwen_gqa_baseline_fwd_bs64_sl4096,/home/haotian/waferchip/mesh2D/astra_sim_picasso/examples/run_scripts/analytical/congestion_aware/configs/gqa_seq_scaling/tp16_hbm4_real_mesh2d_4x4_onering_qwen_gqa_baseline_fwd_bs64_sl4096.json,onering,qwen_gqa_baseline_fwd,64,4096,16,,,,,real,mesh2d,4x4,59759,40282,19477,,84.701,18.071,SUCCESS,2026-03-06 00:19:08
cbc18d04366e84f64b7fb6158b60e253848804a2a67d152b4bbd5f6d42f17bb5,tp16_hbm4_real_mesh2d_4x4_onering_qwen_gqa_baseline_fwd_bs64_sl5120,/home/haotian/waferchip/mesh2D/astra_sim_picasso/examples/run_scripts/analytical/congestion_aware/configs/gqa_seq_scaling/tp16_hbm4_real_mesh2d_4x4_onering_qwen_gqa_baseline_fwd_bs64_sl5120.json,onering,qwen_gqa_baseline_fwd,64,5120,16,,,,,real,mesh2d,4x4,63673,44196,19477,,82.576,20.504,SUCCESS,2026-03-06 00:19:10
43be11bd74e660f2859b3a27d0762b7026037a6ed2832f115ab288d6a0ff1695,tp16_hbm4_real_mesh2d_4x4_onering_qwen_gqa_baseline_fwd_bs64_sl6144,/home/haotian/waferchip/mesh2D/astra_sim_picasso/examples/run_scripts/analytical/congestion_aware/configs/gqa_seq_scaling/tp16_hbm4_real_mesh2d_4x4_onering_qwen_gqa_baseline_fwd_bs64_sl6144.json,onering,qwen_gqa_baseline_fwd,64,6144,16,,,,,real,mesh2d,4x4,67589,48112,19477,,80.797,22.541,SUCCESS,2026-03-06 00:19:11
f23dd62175af1e2e5d3bc2d87fe6ec91530d84eecb51e6ee5bc2e54b1dd9e7d5,tp16_hbm4_real_mesh2d_4x4_onering_qwen_gqa_baseline_fwd_bs64_sl65536,/home/haotian/waferchip/mesh2D/astra_sim_picasso/examples/run_scripts/analytical/congestion_aware/configs/gqa_seq_scaling/tp16_hbm4_real_mesh2d_4x4_onering_qwen_gqa_baseline_fwd_bs64_sl65536.json,onering,qwen_gqa_baseline_fwd,64,65536,16,,,,,real,mesh2d,4x4,294641,275164,19477,,64.226,41.515,SUCCESS,2026-03-06 00:19:13
18d175a6ef954155230cd7ed2132855a1d57b54e902a0f40e736edc43daee365,tp16_hbm4_real_mesh2d_4x4_onering_qwen_gqa_baseline_fwd_bs64_sl7168,/home/haotian/waferchip/mesh2D/astra_sim_picasso/examples/run_scripts/analytical/congestion_aware/configs/gqa_seq_scaling/tp16_hbm4_real_mesh2d_4x4_onering_qwen_gqa_baseline_fwd_bs64_sl7168.json,onering,qwen_gqa_baseline_fwd,64,7168,16,,,,,real,mesh2d,4x4,71503,52026,19477,,79.285,24.272,SUCCESS,2026-03-06 00:19:14
db63185ec8c7af9ed6c449d2cb6b9d4854551c599eac4dae9c22aae95580c6e7,tp16_hbm4_real_mesh2d_4x4_onering_qwen_gqa_baseline_fwd_bs64_sl8192,/home/haotian/waferchip/mesh2D/astra_sim_picasso/examples/run_scripts/analytical/congestion_aware/configs/gqa_seq_scaling/tp16_hbm4_real_mesh2d_4x4_onering_qwen_gqa_baseline_fwd_bs64_sl8192.json,onering,qwen_gqa_baseline_fwd,64,8192,16,,,,,real,mesh2d,4x4,75419,55942,19477,,77.986,25.76,SUCCESS,2026-03-06 00:19:16
ccfb986c365edb468b72ec0c453a18a2cecdd49c4e9c5cf6e417274cb7a5e76d,tp16_hbm4_real_mesh2d_4x4_onering_qwen_gqa_baseline_fwd_bs64_sl9216,/home/haotian/waferchip/mesh2D/astra_sim_picasso/examples/run_scripts/analytical/congestion_aware/configs/gqa_seq_scaling/tp16_hbm4_real_mesh2d_4x4_onering_qwen_gqa_baseline_fwd_bs64_sl9216.json,onering,qwen_gqa_baseline_fwd,64,9216,16,,,,,real,mesh2d,4x4,79333,59856,19477,,76.855,27.054,SUCCESS,2026-03-06 00:19:17
c5300dd572a2142ccd2be00bfbc39f3c951b024ae174c1fd7127ba12fce4d4af,tp16_hbm4_real_mesh2d_4x4_onering_qwen_gqa_hmp_fwd_bs64_sl1024,/home/haotian/waferchip/mesh2D/astra_sim_picasso/examples/run_scripts/analytical/congestion_aware/configs/gqa_seq_scaling/tp16_hbm4_real_mesh2d_4x4_onering_qwen_gqa_hmp_fwd_bs64_sl1024.json,onering,qwen_gqa_hmp_fwd,64,1024,16,,,,,real,mesh2d,4x4,42064,42064,,,96.15,5.029,SUCCESS,2026-03-06 00:19:18
e3c56c4d6d3aee5321cae299108b529f085eee7adac8b144527cce8e407f73e2,tp16_hbm4_real_mesh2d_4x4_onering_qwen_gqa_hmp_fwd_bs64_sl10240,/home/haotian/waferchip/mesh2D/astra_sim_picasso/examples/run_scripts/analytical/congestion_aware/configs/gqa_seq_scaling/tp16_hbm4_real_mesh2d_4x4_onering_qwen_gqa_hmp_fwd_bs64_sl10240.json,onering,qwen_gqa_hmp_fwd,64,10240,16,,,,,real,mesh2d,4x4,77296,77296,,,80.0,23.49,SUCCESS,2026-03-06 00:19:18
a42cab100486b099284152c6d5b2d1a0be427ad4cde316bd42c8ed15a6eb5c57,tp16_hbm4_real_mesh2d_4x4_onering_qwen_gqa_hmp_fwd_bs64_sl11264,/home/haotian/waferchip/mesh2D/astra_sim_picasso/examples/run_scripts/analytical/congestion_aware/configs/gqa_seq_scaling/tp16_hbm4_real_mesh2d_4x4_onering_qwen_gqa_hmp_fwd_bs64_sl11264.json,onering,qwen_gqa_hmp_fwd,64,11264,16,,,,,real,mesh2d,4x4,81210,81210,,,79.07,24.553,SUCCESS,2026-03-06 00:19:18
53704a8a64d0cf78b2e9380d13ab1b417d1205e960836b15b23f1f56a00e42bd,tp16_hbm4_real_mesh2d_4x4_onering_qwen_gqa_hmp_fwd_bs64_sl12288,/home/haotian/waferchip/mesh2D/astra_sim_picasso/examples/run_scripts/analytical/congestion_aware/configs/gqa_seq_scaling/tp16_hbm4_real_mesh2d_4x4_onering_qwen_gqa_hmp_fwd_bs64_sl12288.json,onering,qwen_gqa_hmp_fwd,64,12288,16,,,,,real,mesh2d,4x4,85126,85126,,,78.226,25.518,SUCCESS,2026-03-06 00:19:18
586c33463a57832714892f6769f3a2eab111d1ba1b8da77781e2bc7f0aae1824,tp16_hbm4_real_mesh2d_4x4_onering_qwen_gqa_hmp_fwd_bs64_sl13312,/home/haotian/waferchip/mesh2D/astra_sim_picasso/examples/run_scripts/analytical/congestion_aware/configs/gqa_seq_scaling/tp16_hbm4_real_mesh2d_4x4_onering_qwen_gqa_hmp_fwd_bs64_sl13312.json,onering,qwen_gqa_hmp_fwd,64,13312,16,,,,,real,mesh2d,4x4,89040,89040,,,77.456,26.399,SUCCESS,2026-03-06 00:19:18
11fa250a0ff4b99de9322f308645fe3bfeb469a578de63e3b65251e5de5552b3,tp16_hbm4_real_mesh2d_4x4_onering_qwen_gqa_hmp_fwd_bs64_sl14336,/home/haotian/waferchip/mesh2D/astra_sim_picasso/examples/run_scripts/analytical/congestion_aware/configs/gqa_seq_scaling/tp16_hbm4_real_mesh2d_4x4_onering_qwen_gqa_hmp_fwd_bs64_sl14336.json,onering,qwen_gqa_hmp_fwd,64,14336,16,,,,,real,mesh2d,4x4,92956,92956,,,76.751,27.205,SUCCESS,2026-03-06 00:19:18
1620aa472d4c1a38b33c45e7e8be9d5e18f36749162cf6e53bd674d263f1ce7b,tp16_hbm4_real_mesh2d_4x4_onering_qwen_gqa_hmp_fwd_bs64_sl15360,/home/haotian/waferchip/mesh2D/astra_sim_picasso/examples/run_scripts/analytical/congestion_aware/configs/gqa_seq_scaling/tp16_hbm4_real_mesh2d_4x4_onering_qwen_gqa_hmp_fwd_bs64_sl15360.json,onering,qwen_gqa_hmp_fwd,64,15360,16,,,,,real,mesh2d,4x4,96870,96870,,,76.102,27.946,SUCCESS,2026-03-06 00:19:18
7546133deab5b16d244ba15523eff50abd35b045ac004a257df86e71806f0942,tp16_hbm4_real_mesh2d_4x4_onering_qwen_gqa_hmp_fwd_bs64_sl2048,/home/haotian/waferchip/mesh2D/astra_sim_picasso/examples/run_scripts/analytical/congestion_aware/configs/gqa_seq_scaling/tp16_hbm4_real_mesh2d_4x4_onering_qwen_gqa_hmp_fwd_bs64_sl2048.json,onering,qwen_gqa_hmp_fwd,64,2048,16,,,,,real,mesh2d,4x4,45978,45978,,,93.136,8.474,SUCCESS,2026-03-06 00:19:18
b9be96608f3269f0a4cd56868ba4bcd4020775e7fe8140cfb7c1d3b899aa8dfd,tp16_hbm4_real_mesh2d_4x4_onering_qwen_gqa_hmp_fwd_bs64_sl3072,/home/haotian/waferchip/mesh2D/astra_sim_picasso/examples/run_scripts/analytical/congestion_aware/configs/gqa_seq_scaling/tp16_hbm4_real_mesh2d_4x4_onering_qwen_gqa_hmp_fwd_bs64_sl3072.json,onering,qwen_gqa_hmp_fwd,64,3072,16,,,,,real,mesh2d,4x4,49892,49892,,,90.592,11.383,SUCCESS,2026-03-06 00:19:18
234ddae2f54dbeda0c6aecd36827f87619ec2b04df4f208cc75dbf7f89374901,tp16_hbm4_real_mesh2d_4x4_onering_qwen_gqa_hmp_fwd_bs64_sl4096,/home/haotian/waferchip/mesh2D/astra_sim_picasso/examples/run_scripts/analytical/congestion_aware/configs/gqa_seq_scaling/tp16_hbm4_real_mesh2d_4x4_onering_qwen_gqa_hmp_fwd_bs64_sl4096.json,onering,qwen_gqa_hmp_fwd,64,4096,16,,,,,real,mesh2d,4x4,53808,53808,,,88.418,13.868,SUCCESS,2026-03-06 00:19:18
3f5184b6de20b669f5c24ccf258aeffa9d8520dcb5a17f2e095446745b8f7dcc,tp16_hbm4_real_mesh2d_4x4_onering_qwen_gqa_hmp_fwd_bs64_sl5120,/home/haotian/waferchip/mesh2D/astra_sim_picasso/examples/run_scripts/analytical/congestion_aware/configs/gqa_seq_scaling/tp16_hbm4_real_mesh2d_4x4_onering_qwen_gqa_hmp_fwd_bs64_sl5120.json,onering,qwen_gqa_hmp_fwd,64,5120,16,,,,,real,mesh2d,4x4,57722,57722,,,86.539,16.016,SUCCESS,2026-03-06 00:19:18
9e0a163bd9a0f63ad4947546b64b33043131da8b1894d73268441d595f335013,tp16_hbm4_real_mesh2d_4x4_onering_qwen_gqa_hmp_fwd_bs64_sl6144,/home/haotian/waferchip/mesh2D/astra_sim_picasso/examples/run_scripts/analytical/congestion_aware/configs/gqa_seq_scaling/tp16_hbm4_real_mesh2d_4x4_onering_qwen_gqa_hmp_fwd_bs64_sl6144.json,onering,qwen_gqa_hmp_fwd,64,6144,16,,,,,real,mesh2d,4x4,61638,61638,,,84.898,17.891,SUCCESS,2026-03-06 00:19:18
22e086222b46f992027136ee360bac3f5a21461679283c5dabf6b8551cf29edb,tp16_hbm4_real_mesh2d_4x4_onering_qwen_gqa_hmp_fwd_bs64_sl65536,/home/haotian/waferchip/mesh2D/astra_sim_picasso/examples/run_scripts/analytical/congestion_aware/configs/gqa_seq_scaling/tp16_hbm4_real_mesh2d_4x4_onering_qwen_gqa_hmp_fwd_bs64_sl65536.json,onering,qwen_gqa_hmp_fwd,64,65536,16,,,,,real,mesh2d,4x4,288690,288690,,,65.878,39.633,SUCCESS,2026-03-06 00:19:18
6ce2c2df4cb0a34cb265fd59b88674873f6b85d15b90907bb6734b764b3bdf97,tp16_hbm4_real_mesh2d_4x4_onering_qwen_gqa_hmp_fwd_bs64_sl7168,/home/haotian/waferchip/mesh2D/astra_sim_picasso/examples/run_scripts/analytical/congestion_aware/configs/gqa_seq_scaling/tp16_hbm4_real_mesh2d_4x4_onering_qwen_gqa_hmp_fwd_bs64_sl7168.json,onering,qwen_gqa_hmp_fwd,64,7168,16,,,,,real,mesh2d,4x4,65552,65552,,,83.454,19.542,SUCCESS,2026-03-06 00:19:18
f2e02262b6b5bec8e997e28a24dc8d1856cb34c16a1c632e5bd9ee40bf9d8e42,tp16_hbm4_real_mesh2d_4x4_onering_qwen_gqa_hmp_fwd_bs64_sl8192,/home/haotian/waferchip/mesh2D/astra_sim_picasso/examples/run_scripts/analytical/congestion_aware/configs/gqa_seq_scaling/tp16_hbm4_real_mesh2d_4x4_onering_qwen_gqa_hmp_fwd_bs64_sl8192.json,onering,qwen_gqa_hmp_fwd,64,8192,16,,,,,real,mesh2d,4x4,69468,69468,,,82.172,21.007,SUCCESS,2026-03-06 00:19:18
6a089f05dbf752c9bb1a80ae8eebb868d882109b5e0408c4b828943a9ca22c57,tp16_hbm4_real_mesh2d_4x4_onering_qwen_gqa_hmp_fwd_bs64_sl9216,/home/haotian/waferchip/mesh2D/astra_sim_picasso/examples/run_scripts/analytical/congestion_aware/configs/gqa_seq_scaling/tp16_hbm4_real_mesh2d_4x4_onering_qwen_gqa_hmp_fwd_bs64_sl9216.json,onering,qwen_gqa_hmp_fwd,64,9216,16,,,,,real,mesh2d,4x4,73382,73382,,,81.027,22.316,SUCCESS,2026-03-06 00:19:18
0be021edf46ed150efd39ef7c56d4330a414a97a43b7b4b5364d2f2ba90afd59,tp16_hbm4_real_mesh2d_4x4_onering_qwen_gqa_tp16_fwd_bs64_sl1024,/home/haotian/waferchip/mesh2D/astra_sim_picasso/examples/run_scripts/analytical/congestion_aware/configs/gqa_seq_scaling/tp16_hbm4_real_mesh2d_4x4_onering_qwen_gqa_tp16_fwd_bs64_sl1024.json,onering,qwen_gqa_tp16_fwd,64,1024,16,,,,,real,mesh2d,4x4,37930,13417,24513,,88.543,16.604,SUCCESS,2026-03-06 00:19:20
3e08a169e76899539644c3ef81a7ea351e0c3016fb22c3333aba64ae07047a5c,tp16_hbm4_real_mesh2d_4x4_onering_qwen_gqa_tp16_fwd_bs64_sl10240,/home/haotian/waferchip/mesh2D/astra_sim_picasso/examples/run_scripts/analytical/congestion_aware/configs/gqa_seq_scaling/tp16_hbm4_real_mesh2d_4x4_onering_qwen_gqa_tp16_fwd_bs64_sl10240.json,onering,qwen_gqa_tp16_fwd,64,10240,16,,,,,real,mesh2d,4x4,82447,48649,33798,,68.388,43.377,SUCCESS,2026-03-06 00:19:22
89b087816f78da858b7ce3d3aa0e9f3a8fd7ea681f7fe9c4c2d3887c37c3ac0f,tp16_hbm4_real_mesh2d_4x4_onering_qwen_gqa_tp16_fwd_bs64_sl11264,/home/haotian/waferchip/mesh2D/astra_sim_picasso/examples/run_scripts/analytical/congestion_aware/configs/gqa_seq_scaling/tp16_hbm4_real_mesh2d_4x4_onering_qwen_gqa_tp16_fwd_bs64_sl11264.json,onering,qwen_gqa_tp16_fwd,64,11264,16,,,,,real,mesh2d,4x4,87378,52565,34813,,67.817,44.136,SUCCESS,2026-03-06 00:19:24
0cff1ca93b46337a6eb169eca0f513944d90625bff1353ba6cc87edf6e323023,tp16_hbm4_real_mesh2d_4x4_onering_qwen_gqa_tp16_fwd_bs64_sl12288,/home/haotian/waferchip/mesh2D/astra_sim_picasso/examples/run_scripts/analytical/congestion_aware/configs/gqa_seq_scaling/tp16_hbm4_real_mesh2d_4x4_onering_qwen_gqa_tp16_fwd_bs64_sl12288.json,onering,qwen_gqa_tp16_fwd,64,12288,16,,,,,real,mesh2d,4x4,92308,56479,35829,,67.324,44.79,SUCCESS,2026-03-06 00:19:26
b7cd400138f82a214595117c902e4e0bc9beaba0e7772423ef350c6bbd3df61b,tp16_hbm4_real_mesh2d_4x4_onering_qwen_gqa_tp16_fwd_bs64_sl13312,/home/haotian/waferchip/mesh2D/astra_sim_picasso/examples/run_scripts/analytical/congestion_aware/configs/gqa_seq_scaling/tp16_hbm4_real_mesh2d_4x4_onering_qwen_gqa_tp16_fwd_bs64_sl13312.json,onering,qwen_gqa_tp16_fwd,64,13312,16,,,,,real,mesh2d,4x4,97312,60395,36917,,66.896,45.359,SUCCESS,2026-03-06 00:19:28
4a115da2ad539afac462002163ae3ef39ecc99f31a5a4959879ccda5aa249a28,tp16_hbm4_real_mesh2d_4x4_onering_qwen_gqa_tp16_fwd_bs64_sl14336,/home/haotian/waferchip/mesh2D/astra_sim_picasso/examples/run_scripts/analytical/congestion_aware/configs/gqa_seq_scaling/tp16_hbm4_real_mesh2d_4x4_onering_qwen_gqa_tp16_fwd_bs64_sl14336.json,onering,qwen_gqa_tp16_fwd,64,14336,16,,,,,real,mesh2d,4x4,102169,64309,37860,,66.519,45.86,SUCCESS,2026-03-06 00:19:30
39cbeefeedb6d18bb6db5cf9a887e5cd1528cb32368c550443e029f3a74bdd88,tp16_hbm4_real_mesh2d_4x4_onering_qwen_gqa_tp16_fwd_bs64_sl15360,/home/haotian/waferchip/mesh2D/astra_sim_picasso/examples/run_scripts/analytical/congestion_aware/configs/gqa_seq_scaling/tp16_hbm4_real_mesh2d_4x4_onering_qwen_gqa_tp16_fwd_bs64_sl15360.json,onering,qwen_gqa_tp16_fwd,64,15360,16,,,,,real,mesh2d,4x4,107183,68223,38960,,66.188,46.301,SUCCESS,2026-03-06 00:19:31
3261472f002bd678bf833289f34117e433c7676d8b890a70536c7c14f98396d4,tp16_hbm4_real_mesh2d_4x4_onering_qwen_gqa_tp16_fwd_bs64_sl2048,/home/haotian/waferchip/mesh2D/astra_sim_picasso/examples/run_scripts/analytical/congestion_aware/configs/gqa_seq_scaling/tp16_hbm4_real_mesh2d_4x4_onering_qwen_gqa_tp16_fwd_bs64_sl2048.json,onering,qwen_gqa_tp16_fwd,64,2048,16,,,,,real,mesh2d,4x4,42932,17331,25601,,82.255,24.955,SUCCESS,2026-03-06 00:19:33
7f2a5e37c435b5c6b9b662c89ac25e460004846839f97fcf4346f440bfc2c138,tp16_hbm4_real_mesh2d_4x4_onering_qwen_gqa_tp16_fwd_bs64_sl3072,/home/haotian/waferchip/mesh2D/astra_sim_picasso/examples/run_scripts/analytical/congestion_aware/configs/gqa_seq_scaling/tp16_hbm4_real_mesh2d_4x4_onering_qwen_gqa_tp16_fwd_bs64_sl3072.json,onering,qwen_gqa_tp16_fwd,64,3072,16,,,,,real,mesh2d,4x4,47791,21247,26544,,78.287,30.228,SUCCESS,2026-03-06 00:19:35
14299f2baf023f8b800be0f196501ce90a672055e353ecae6a73e3e97d75f631,tp16_hbm4_real_mesh2d_4x4_onering_qwen_gqa_tp16_fwd_bs64_sl4096,/home/haotian/waferchip/mesh2D/astra_sim_picasso/examples/run_scripts/analytical/congestion_aware/configs/gqa_seq_scaling/tp16_hbm4_real_mesh2d_4x4_onering_qwen_gqa_tp16_fwd_bs64_sl4096.json,onering,qwen_gqa_tp16_fwd,64,4096,16,,,,,real,mesh2d,4x4,52793,25161,27632,,75.551,33.861,SUCCESS,2026-03-06 00:19:37
b05584689faa3e4c3fecdc4469aade01ce8ae76fc64cdbc226f4a60fc7d0c3f1,tp16_hbm4_real_mesh2d_4x4_onering_qwen_gqa_tp16_fwd_bs64_sl5120,/home/haotian/waferchip/mesh2D/astra_sim_picasso/examples/run_scripts/analytical/congestion_aware/configs/gqa_seq_scaling/tp16_hbm4_real_mesh2d_4x4_onering_qwen_gqa_tp16_fwd_bs64_sl5120.json,onering,qwen_gqa_tp16_fwd,64,5120,16,,,,,real,mesh2d,4x4,57725,29077,28648,,73.554,36.514,SUCCESS,2026-03-06 00:19:39
ffc62f7face5e0e7e6e1a4e90aec2135c11dea901ba391592e2e0c839366a326,tp16_hbm4_real_mesh2d_4x4_onering_qwen_gqa_tp16_fwd_bs64_sl6144,/home/haotian/waferchip/mesh2D/astra_sim_picasso/examples/run_scripts/analytical/congestion_aware/configs/gqa_seq_scaling/tp16_hbm4_real_mesh2d_4x4_onering_qwen_gqa_tp16_fwd_bs64_sl6144.json,onering,qwen_gqa_tp16_fwd,64,6144,16,,,,,real,mesh2d,4x4,62654,32991,29663,,72.029,38.539,SUCCESS,2026-03-06 00:19:41
afe07da16ff52a3cea4c1ddacd2b0810e858ab2367a420971fc1e67c66f0daa2,tp16_hbm4_real_mesh2d_4x4_onering_qwen_gqa_tp16_fwd_bs64_sl65536,/home/haotian/waferchip/mesh2D/astra_sim_picasso/examples/run_scripts/analytical/congestion_aware/configs/gqa_seq_scaling/tp16_hbm4_real_mesh2d_4x4_onering_qwen_gqa_tp16_fwd_bs64_sl65536.json,onering,qwen_gqa_tp16_fwd,64,65536,16,,,,,real,mesh2d,4x4,352149,260043,92106,,62.15,51.664,SUCCESS,2026-03-06 00:19:43
7e0476528a27ad3fb3afece2137d65d3643e07dc21e29811d44bdb48d12ceb8a,tp16_hbm4_real_mesh2d_4x4_onering_qwen_gqa_tp16_fwd_bs64_sl7168,/home/haotian/waferchip/mesh2D/astra_sim_picasso/examples/run_scripts/analytical/congestion_aware/configs/gqa_seq_scaling/tp16_hbm4_real_mesh2d_4x4_onering_qwen_gqa_tp16_fwd_bs64_sl7168.json,onering,qwen_gqa_tp16_fwd,64,7168,16,,,,,real,mesh2d,4x4,67586,36907,30679,,70.829,40.134,SUCCESS,2026-03-06 00:19:45
6274d80d39710ca98fca585d0c5d089606a2679dcfbac0a351758ac01aa285ac,tp16_hbm4_real_mesh2d_4x4_onering_qwen_gqa_tp16_fwd_bs64_sl8192,/home/haotian/waferchip/mesh2D/astra_sim_picasso/examples/run_scripts/analytical/congestion_aware/configs/gqa_seq_scaling/tp16_hbm4_real_mesh2d_4x4_onering_qwen_gqa_tp16_fwd_bs64_sl8192.json,onering,qwen_gqa_tp16_fwd,64,8192,16,,,,,real,mesh2d,4x4,72586,40819,31767,,69.861,41.42,SUCCESS,2026-03-06 00:19:47
b3c02f8679d15149adc9b795e81f04758d25217534c5860134fd073520e6cc48,tp16_hbm4_real_mesh2d_4x4_onering_qwen_gqa_tp16_fwd_bs64_sl9216,/home/haotian/waferchip/mesh2D/astra_sim_picasso/examples/run_scripts/analytical/congestion_aware/configs/gqa_seq_scaling/tp16_hbm4_real_mesh2d_4x4_onering_qwen_gqa_tp16_fwd_bs64_sl9216.json,onering,qwen_gqa_tp16_fwd,64,9216,16,,,,,real,mesh2d,4x4,77445,44735,32710,,69.061,42.484,SUCCESS,2026-03-06 00:19:48
5fe784bed6eafe322a996fca30771105e01bccb2d66f2dc7247ad5e00ffee7ea,tp16_hbm4_ring_mesh2d_4x4_onering_qwen_gqa_tp16_fwd_bs64_sl1024,/home/haotian/waferchip/mesh2D/astra_sim_picasso/examples/run_scripts/analytical/congestion_aware/configs/gqa_seq_scaling/tp16_hbm4_ring_mesh2d_4x4_onering_qwen_gqa_tp16_fwd_bs64_sl1024.json,onering,qwen_gqa_tp16_fwd,64,1024,16,,,,,ring,mesh2d,4x4,62890,13417,49473,,88.543,16.604,SUCCESS,2026-03-06 00:19:48
cce334c97d561b4a778fa72065f283a8c88c157de02531ee5300a3a560fb7265,tp16_hbm4_ring_mesh2d_4x4_onering_qwen_gqa_tp16_fwd_bs64_sl16384,/home/haotian/waferchip/mesh2D/astra_sim_picasso/examples/run_scripts/analytical/congestion_aware/configs/gqa_seq_scaling/tp16_hbm4_ring_mesh2d_4x4_onering_qwen_gqa_tp16_fwd_bs64_sl16384.json,onering,qwen_gqa_tp16_fwd,64,16384,16,,,,,ring,mesh2d,4x4,154235,72137,82098,,65.89,46.696,SUCCESS,2026-03-06 00:19:49
0301622519e17e39d719638d353e4373270ae43d72327db1ff05a3e266660457,tp16_hbm4_ring_mesh2d_4x4_onering_qwen_gqa_tp16_fwd_bs64_sl2048,/home/haotian/waferchip/mesh2D/astra_sim_picasso/examples/run_scripts/analytical/congestion_aware/configs/gqa_seq_scaling/tp16_hbm4_ring_mesh2d_4x4_onering_qwen_gqa_tp16_fwd_bs64_sl2048.json,onering,qwen_gqa_tp16_fwd,64,2048,16,,,,,ring,mesh2d,4x4,68852,17331,51521,,82.255,24.955,SUCCESS,2026-03-06 00:19:49
d2c73bf8301542dfd7e9c5a753b2c430fac082e664c50a321aaa079125a515a2,tp16_hbm4_ring_mesh2d_4x4_onering_qwen_gqa_tp16_fwd_bs64_sl32768,/home/haotian/waferchip/mesh2D/astra_sim_picasso/examples/run_scripts/analytical/congestion_aware/configs/gqa_seq_scaling/tp16_hbm4_ring_mesh2d_4x4_onering_qwen_gqa_tp16_fwd_bs64_sl32768.json,onering,qwen_gqa_tp16_fwd,64,32768,16,,,,,ring,mesh2d,4x4,268351,134773,133578,,63.485,49.891,SUCCESS,2026-03-06 00:19:49
e014143e2f4213953bb4292d614a221606e51444bf36866ce1db03443fb978e7,tp16_hbm4_ring_mesh2d_4x4_onering_qwen_gqa_tp16_fwd_bs64_sl4096,/home/haotian/waferchip/mesh2D/astra_sim_picasso/examples/run_scripts/analytical/congestion_aware/configs/gqa_seq_scaling/tp16_hbm4_ring_mesh2d_4x4_onering_qwen_gqa_tp16_fwd_bs64_sl4096.json,onering,qwen_gqa_tp16_fwd,64,4096,16,,,,,ring,mesh2d,4x4,80513,25161,55352,,75.551,33.861,SUCCESS,2026-03-06 00:19:49
894192ad087c5bea7e9518f3f2fe4c7dd8769bd892a83fa8cf859170eeb74660,tp16_hbm4_ring_mesh2d_4x4_onering_qwen_gqa_tp16_fwd_bs64_sl65536,/home/haotian/waferchip/mesh2D/astra_sim_picasso/examples/run_scripts/analytical/congestion_aware/configs/gqa_seq_scaling/tp16_hbm4_ring_mesh2d_4x4_onering_qwen_gqa_tp16_fwd_bs64_sl65536.json,onering,qwen_gqa_tp16_fwd,64,65536,16,,,,,ring,mesh2d,4x4,496581,260043,236538,,62.15,51.664,SUCCESS,2026-03-06 00:19:49
060f5b05bedb6a679719f609cf4ca73f1ac7f45e89d92905d3d141d825f76845,tp16_hbm4_ring_mesh2d_4x4_onering_qwen_gqa_tp16_fwd_bs64_sl8192,/home/haotian/waferchip/mesh2D/astra_sim_picasso/examples/run_scripts/analytical/congestion_aware/configs/gqa_seq_scaling/tp16_hbm4_ring_mesh2d_4x4_onering_qwen_gqa_tp16_fwd_bs64_sl8192.json,onering,qwen_gqa_tp16_fwd,64,8192,16,,,,,ring,mesh2d,4x4,104026,40819,63207,,69.861,41.42,SUCCESS,2026-03-06 00:19:49
cc1d8225030a10d8ba2f2d110fbcb5f039f68cf331b2e3335a7fb18e55851478,tp16_hbm4_ring_real_mesh2d_4x4_onering_qwen_gqa_tp16_fwd_bs64_sl1024,/home/haotian/waferchip/mesh2D/astra_sim_picasso/examples/run_scripts/analytical/congestion_aware/configs/gqa_seq_scaling/tp16_hbm4_ring_real_mesh2d_4x4_onering_qwen_gqa_tp16_fwd_bs64_sl1024.json,4x4,onering_qwen_gqa_tp16_fwd,64,1024,16,,,,,ring,real,mesh2d,62890,13417,49473,,88.543,16.604,SUCCESS,2026-03-06 00:19:49
ac0121897f6a90a52cdfc8b7c1509200ebe8f356d3e5abe89ec2819f8541b6de,tp16_hbm4_ring_real_mesh2d_4x4_onering_qwen_gqa_tp16_fwd_bs64_sl10240,/home/haotian/waferchip/mesh2D/astra_sim_picasso/examples/run_scripts/analytical/congestion_aware/configs/gqa_seq_scaling/tp16_hbm4_ring_real_mesh2d_4x4_onering_qwen_gqa_tp16_fwd_bs64_sl10240.json,4x4,onering_qwen_gqa_tp16_fwd,64,10240,16,,,,,ring,real,mesh2d,115687,48649,67038,,68.388,43.377,SUCCESS,2026-03-06 00:19:49
6ac74589e7773cc3f141a88bd688791534056abe8fa287b3b5e700cd878c18a3,tp16_hbm4_ring_real_mesh2d_4x4_onering_qwen_gqa_tp16_fwd_bs64_sl11264,/home/haotian/waferchip/mesh2D/astra_sim_picasso/examples/run_scripts/analytical/congestion_aware/configs/gqa_seq_scaling/tp16_hbm4_ring_real_mesh2d_4x4_onering_qwen_gqa_tp16_fwd_bs64_sl11264.json,4x4,onering_qwen_gqa_tp16_fwd,64,11264,16,,,,,ring,real,mesh2d,121458,52565,68893,,67.817,44.136,SUCCESS,2026-03-06 00:19:49
d54ea538aef1e2c3beb7f90ea8d5b2ad37230ac869c27b68c6b8ab9aaab710ac,tp16_hbm4_ring_real_mesh2d_4x4_onering_qwen_gqa_tp16_fwd_bs64_sl12288,/home/haotian/waferchip/mesh2D/astra_sim_picasso/examples/run_scripts/analytical/congestion_aware/configs/gqa_seq_scaling/tp16_hbm4_ring_real_mesh2d_4x4_onering_qwen_gqa_tp16_fwd_bs64_sl12288.json,4x4,onering_qwen_gqa_tp16_fwd,64,12288,16,,,,,ring,real,mesh2d,127348,56479,70869,,67.324,44.79,SUCCESS,2026-03-06 00:19:49
cd13913879420e6ff4960dd02929186c055b10bcac98825122e172770922e913,tp16_hbm4_ring_real_mesh2d_4x4_onering_qwen_gqa_tp16_fwd_bs64_sl13312,/home/haotian/waferchip/mesh2D/astra_sim_picasso/examples/run_scripts/analytical/congestion_aware/configs/gqa_seq_scaling/tp16_hbm4_ring_real_mesh2d_4x4_onering_qwen_gqa_tp16_fwd_bs64_sl13312.json,4x4,onering_qwen_gqa_tp16_fwd,64,13312,16,,,,,ring,real,mesh2d,133312,60395,72917,,66.896,45.359,SUCCESS,2026-03-06 00:19:49
43bc1ec775eb881c3e6373de0a66c80e9ac11bb57e8890fcb5f7ac09d09299de,tp16_hbm4_ring_real_mesh2d_4x4_onering_qwen_gqa_tp16_fwd_bs64_sl14336,/home/haotian/waferchip/mesh2D/astra_sim_picasso/examples/run_scripts/analytical/congestion_aware/configs/gqa_seq_scaling/tp16_hbm4_ring_real_mesh2d_4x4_onering_qwen_gqa_tp16_fwd_bs64_sl14336.json,4x4,onering_qwen_gqa_tp16_fwd,64,14336,16,,,,,ring,real,mesh2d,139873,64309,75564,,66.519,45.86,SUCCESS,2026-03-06 00:19:49
e9d652dfa74efa7dcb5f754262ea247757c234fe4349ab6bdfb9d54311461452,tp16_hbm4_ring_real_mesh2d_4x4_onering_qwen_gqa_tp16_fwd_bs64_sl15360,/home/haotian/waferchip/mesh2D/astra_sim_picasso/examples/run_scripts/analytical/congestion_aware/configs/gqa_seq_scaling/tp16_hbm4_ring_real_mesh2d_4x4_onering_qwen_gqa_tp16_fwd_bs64_sl15360.json,4x4,onering_qwen_gqa_tp16_fwd,64,15360,16,,,,,ring,real,mesh2d,147051,68223,78828,,66.188,46.301,SUCCESS,2026-03-06 00:19:49
0178f6bcb52d24daa3d57114fecdd4a46e03aab7bb6f2903c53a601f82692bf9,tp16_hbm4_ring_real_mesh2d_4x4_onering_qwen_gqa_tp16_fwd_bs64_sl2048,/home/haotian/waferchip/mesh2D/astra_sim_picasso/examples/run_scripts/analytical/congestion_aware/configs/gqa_seq_scaling/tp16_hbm4_ring_real_mesh2d_4x4_onering_qwen_gqa_tp16_fwd_bs64_sl2048.json,4x4,onering_qwen_gqa_tp16_fwd,64,2048,16,,,,,ring,real,mesh2d,68852,17331,51521,,82.255,24.955,SUCCESS,2026-03-06 00:19:49
72c533c047a59069ddb2c9490516d0cd3addd645b5116d30157b3553fca31c05,tp16_hbm4_ring_real_mesh2d_4x4_onering_qwen_gqa_tp16_fwd_bs64_sl3072,/home/haotian/waferchip/mesh2D/astra_sim_picasso/examples/run_scripts/analytical/congestion_aware/configs/gqa_seq_scaling/tp16_hbm4_ring_real_mesh2d_4x4_onering_qwen_gqa_tp16_fwd_bs64_sl3072.json,4x4,onering_qwen_gqa_tp16_fwd,64,3072,16,,,,,ring,real,mesh2d,74551,21247,53304,,78.287,30.228,SUCCESS,2026-03-06 00:19:49
e1c7d5a93f5948249120dc2976d03bf3de5ff60cfda06d86f6570839450e9148,tp16_hbm4_ring_real_mesh2d_4x4_onering_qwen_gqa_tp16_fwd_bs64_sl4096,/home/haotian/waferchip/mesh2D/astra_sim_picasso/examples/run_scripts/analytical/congestion_aware/configs/gqa_seq_scaling/tp16_hbm4_ring_real_mesh2d_4x4_onering_qwen_gqa_tp16_fwd_bs64_sl4096.json,4x4,onering_qwen_gqa_tp16_fwd,64,4096,16,,,,,ring,real,mesh2d,80513,25161,55352,,75.551,33.861,SUCCESS,2026-03-06 00:19:49
19ed178db9ceaf78ac9c486d6b08aae0d4728dab37ba841cb19e4cedc07d37fd,tp16_hbm4_ring_real_mesh2d_4x4_onering_qwen_gqa_tp16_fwd_bs64_sl5120,/home/haotian/waferchip/mesh2D/astra_sim_picasso/examples/run_scripts/analytical/congestion_aware/configs/gqa_seq_scaling/tp16_hbm4_ring_real_mesh2d_4x4_onering_qwen_gqa_tp16_fwd_bs64_sl5120.json,4x4,onering_qwen_gqa_tp16_fwd,64,5120,16,,,,,ring,real,mesh2d,86405,29077,57328,,73.554,36.514,SUCCESS,2026-03-06 00:19:49
0ec9fe6c587c5b3784bd7024665b549635dbd2673f64797cb402e7c78afe4a13,tp16_hbm4_ring_real_mesh2d_4x4_onering_qwen_gqa_tp16_fwd_bs64_sl6144,/home/haotian/waferchip/mesh2D/astra_sim_picasso/examples/run_scripts/analytical/congestion_aware/configs/gqa_seq_scaling/tp16_hbm4_ring_real_mesh2d_4x4_onering_qwen_gqa_tp16_fwd_bs64_sl6144.json,4x4,onering_qwen_gqa_tp16_fwd,64,6144,16,,,,,ring,real,mesh2d,92174,32991,59183,,72.029,38.539,SUCCESS,2026-03-06 00:19:50
ac335e4ceff6d4935c9b284e9984bccd27e5e1d1dbf04da87293087e6543fe0c,tp16_hbm4_ring_real_mesh2d_4x4_onering_qwen_gqa_tp16_fwd_bs64_sl65536,/home/haotian/waferchip/mesh2D/astra_sim_picasso/examples/run_scripts/analytical/congestion_aware/configs/gqa_seq_scaling/tp16_hbm4_ring_real_mesh2d_4x4_onering_qwen_gqa_tp16_fwd_bs64_sl65536.json,4x4,onering_qwen_gqa_tp16_fwd,64,65536,16,,,,,ring,real,mesh2d,496581,260043,236538,,62.15,51.664,SUCCESS,2026-03-06 00:19:50
3a11ece67196065231a795f29774b1db903486b9faa0194a02887879e5a6fd53,tp16_hbm4_ring_real_mesh2d_4x4_onering_qwen_gqa_tp16_fwd_bs64_sl7168,/home/haotian/waferchip/mesh2D/astra_sim_picasso/examples/run_scripts/analytical/congestion_aware/configs/gqa_seq_scaling/tp16_hbm4_ring_real_mesh2d_4x4_onering_qwen_gqa_tp16_fwd_bs64_sl7168.json,4x4,onering_qwen_gqa_tp16_fwd,64,7168,16,,,,,ring,real,mesh2d,98066,36907,61159,,70.829,40.134,SUCCESS,2026-03-06 00:19:50
0220219989e4ddd0932030ce089b5732f464662098179ee340b3677e70f4a8de,tp16_hbm4_ring_real_mesh2d_4x4_onering_qwen_gqa_tp16_fwd_bs64_sl8192,/home/haotian/waferchip/mesh2D/astra_sim_picasso/examples/run_scripts/analytical/congestion_aware/configs/gqa_seq_scaling/tp16_hbm4_ring_real_mesh2d_4x4_onering_qwen_gqa_tp16_fwd_bs64_sl8192.json,4x4,onering_qwen_gqa_tp16_fwd,64,8192,16,,,,,ring,real,mesh2d,104026,40819,63207,,69.861,41.42,SUCCESS,2026-03-06 00:19:50
d449b8e6a3687999e8dee0a7324c6a3e77a663b985b4286bc98e718f41e9a419,tp16_hbm4_ring_real_mesh2d_4x4_onering_qwen_gqa_tp16_fwd_bs64_sl9216,/home/haotian/waferchip/mesh2D/astra_sim_picasso/examples/run_scripts/analytical/congestion_aware/configs/gqa_seq_scaling/tp16_hbm4_ring_real_mesh2d_4x4_onering_qwen_gqa_tp16_fwd_bs64_sl9216.json,4x4,onering_qwen_gqa_tp16_fwd,64,9216,16,,,,,ring,real,mesh2d,109725,44735,64990,,69.061,42.484,SUCCESS,2026-03-06 00:19:50
1c1f1a8bde68a39c8a6ce72dd5af7f73f8e7d1477aa3c7ef46c5bb7d2975c560,tp16_hbm4_80t_mesh2d_4x4_onering_llama4_gqa_baseline_fwd_block2x2_bs1_sl1024,/home/haotian/waferchip/mesh2D/astra_sim_picasso/examples/run_scripts/analytical/congestion_aware/configs/gqa_seq_scaling/tp16_hbm4_80t_mesh2d_4x4_onering_llama4_gqa_baseline_fwd_block2x2_bs1_sl1024.json,onering,llama4_gqa_baseline_fwd_block2x2,1,1024,16,,,,,80t,mesh2d,4x4,18422,182,18240,,86.134,15.926,SUCCESS,2026-03-23 22:41:45
102c7a1fd651e128cee42bb6879868058625bd827ad86dab3dfc78a5e3e82045,tp16_hbm4_80t_mesh2d_4x4_onering_llama4_gqa_baseline_fwd_block2x2_bs1_sl1048576,/home/haotian/waferchip/mesh2D/astra_sim_picasso/examples/run_scripts/analytical/congestion_aware/configs/gqa_seq_scaling/tp16_hbm4_80t_mesh2d_4x4_onering_llama4_gqa_baseline_fwd_block2x2_bs1_sl1048576.json,onering,llama4_gqa_baseline_fwd_block2x2,1,1048576,16,,,,,80t,mesh2d,4x4,72054,53814,18240,,53.237,52.999,SUCCESS,2026-03-23 22:41:46
52f0778be8a841ceb07e8da07261c188de0c39d529d46a627935f8158d132b9e,tp16_hbm4_80t_mesh2d_4x4_onering_llama4_gqa_baseline_fwd_block2x2_bs1_sl131072,/home/haotian/waferchip/mesh2D/astra_sim_picasso/examples/run_scripts/analytical/congestion_aware/configs/gqa_seq_scaling/tp16_hbm4_80t_mesh2d_4x4_onering_llama4_gqa_baseline_fwd_block2x2_bs1_sl131072.json,onering,llama4_gqa_baseline_fwd_block2x2,1,131072,16,,,,,80t,mesh2d,4x4,25078,6838,18240,,54.008,52.13,SUCCESS,2026-03-23 22:41:47
44bab1d8ab64663e88d10435ba3da7efcdbd99bd20900b29e6af370f983b6e7e,tp16_hbm4_80t_mesh2d_4x4_onering_llama4_gqa_baseline_fwd_block2x2_bs1_sl16384,/home/haotian/waferchip/mesh2D/astra_sim_picasso/examples/run_scripts/analytical/congestion_aware/configs/gqa_seq_scaling/tp16_hbm4_80t_mesh2d_4x4_onering_llama4_gqa_baseline_fwd_block2x2_bs1_sl16384.json,onering,llama4_gqa_baseline_fwd_block2x2,1,16384,16,,,,,80t,mesh2d,4x4,19206,966,18240,,59.372,46.086,SUCCESS,2026-03-23 22:41:48
f9315ab1708e609abd3f174caacedb2d665b71edc4331ec3f8d831f6d31dc838,tp16_hbm4_80t_mesh2d_4x4_onering_llama4_gqa_baseline_fwd_block2x2_bs1_sl2048,/home/haotian/waferchip/mesh2D/astra_sim_picasso/examples/run_scripts/analytical/congestion_aware/configs/gqa_seq_scaling/tp16_hbm4_80t_mesh2d_4x4_onering_llama4_gqa_baseline_fwd_block2x2_bs1_sl2048.json,onering,llama4_gqa_baseline_fwd_block2x2,1,2048,16,,,,,80t,mesh2d,4x4,18474,234,18240,,78.83,24.158,SUCCESS,2026-03-23 22:41:49
4fe733dd6bb45a0ada4cd558892cefbb6b89f2ecb7ac405abacf2a114d34f690,tp16_hbm4_80t_mesh2d_4x4_onering_llama4_gqa_baseline_fwd_block2x2_bs1_sl262144,/home/haotian/waferchip/mesh2D/astra_sim_picasso/examples/run_scripts/analytical/congestion_aware/configs/gqa_seq_scaling/tp16_hbm4_80t_mesh2d_4x4_onering_llama4_gqa_baseline_fwd_block2x2_bs1_sl262144.json,onering,llama4_gqa_baseline_fwd_block2x2,1,262144,16,,,,,80t,mesh2d,4x4,31790,13550,18240,,53.571,52.623,SUCCESS,2026-03-23 22:41:50
4bc28aec0140d73a95aae09ea21313c3fb089f28fd2fd2f0de8040c6440c7f1e,tp16_hbm4_80t_mesh2d_4x4_onering_llama4_gqa_baseline_fwd_block2x2_bs1_sl32768,/home/haotian/waferchip/mesh2D/astra_sim_picasso/examples/run_scripts/analytical/congestion_aware/configs/gqa_seq_scaling/tp16_hbm4_80t_mesh2d_4x4_onering_llama4_gqa_baseline_fwd_block2x2_bs1_sl32768.json,onering,llama4_gqa_baseline_fwd_block2x2,1,32768,16,,,,,80t,mesh2d,4x4,20046,1806,18240,,56.468,49.358,SUCCESS,2026-03-23 22:41:50
4c7c8a8a9c12dfd272c6b1a3a0239362ac64b447977a14604db34da34eb8c0bc,tp16_hbm4_80t_mesh2d_4x4_onering_llama4_gqa_baseline_fwd_block2x2_bs1_sl4096,/home/haotian/waferchip/mesh2D/astra_sim_picasso/examples/run_scripts/analytical/congestion_aware/configs/gqa_seq_scaling/tp16_hbm4_80t_mesh2d_4x4_onering_llama4_gqa_baseline_fwd_block2x2_bs1_sl4096.json,onering,llama4_gqa_baseline_fwd_block2x2,1,4096,16,,,,,80t,mesh2d,4x4,18578,338,18240,,70.944,33.045,SUCCESS,2026-03-23 22:41:51
5794534cb71bc2afc721016169f20d65f0d0f8a688973fcbb3768085da86fa71,tp16_hbm4_80t_mesh2d_4x4_onering_llama4_gqa_baseline_fwd_block2x2_bs1_sl524288,/home/haotian/waferchip/mesh2D/astra_sim_picasso/examples/run_scripts/analytical/congestion_aware/configs/gqa_seq_scaling/tp16_hbm4_80t_mesh2d_4x4_onering_llama4_gqa_baseline_fwd_block2x2_bs1_sl524288.json,onering,llama4_gqa_baseline_fwd_block2x2,1,524288,16,,,,,80t,mesh2d,4x4,45210,26970,18240,,53.349,52.873,SUCCESS,2026-03-23 22:41:52
31ac590a59afcd6b0de9e5dba3830d3d753029c724857ca2b5937eb8f060984d,tp16_hbm4_80t_mesh2d_4x4_onering_llama4_gqa_baseline_fwd_block2x2_bs1_sl65536,/home/haotian/waferchip/mesh2D/astra_sim_picasso/examples/run_scripts/analytical/congestion_aware/configs/gqa_seq_scaling/tp16_hbm4_80t_mesh2d_4x4_onering_llama4_gqa_baseline_fwd_block2x2_bs1_sl65536.json,onering,llama4_gqa_baseline_fwd_block2x2,1,65536,16,,,,,80t,mesh2d,4x4,21722,3482,18240,,54.859,51.171,SUCCESS,2026-03-23 22:41:53
5007d2b8f90fe1af4268f3189dd5eee5cebf6abac5d5dbb2948d3616704726bf,tp16_hbm4_80t_mesh2d_4x4_onering_llama4_gqa_baseline_fwd_block2x2_bs1_sl8192,/home/haotian/waferchip/mesh2D/astra_sim_picasso/examples/run_scripts/analytical/congestion_aware/configs/gqa_seq_scaling/tp16_hbm4_80t_mesh2d_4x4_onering_llama4_gqa_baseline_fwd_block2x2_bs1_sl8192.json,onering,llama4_gqa_baseline_fwd_block2x2,1,8192,16,,,,,80t,mesh2d,4x4,18786,546,18240,,64.168,40.681,SUCCESS,2026-03-23 22:41:54
a239afe50a0b90c3e627e56f5d6c2825e1d07a32f308989fbfa5b9e239931652,tp16_hbm4_80t_mesh2d_4x4_onering_llama4_gqa_hmp_fwd_block2x2_bs1_sl1024,/home/haotian/waferchip/mesh2D/astra_sim_picasso/examples/run_scripts/analytical/congestion_aware/configs/gqa_seq_scaling/tp16_hbm4_80t_mesh2d_4x4_onering_llama4_gqa_hmp_fwd_block2x2_bs1_sl1024.json,onering,llama4_gqa_hmp_fwd_block2x2,1,1024,16,,,,,80t,mesh2d,4x4,340,340,,,92.339,9.2,SUCCESS,2026-03-23 22:41:54
f5dc64ab93abdf0e9864d4f6e4e37722c1b4b722854fe1adf57f7cd39fddf5b7,tp16_hbm4_80t_mesh2d_4x4_onering_llama4_gqa_hmp_fwd_block2x2_bs1_sl1048576,/home/haotian/waferchip/mesh2D/astra_sim_picasso/examples/run_scripts/analytical/congestion_aware/configs/gqa_seq_scaling/tp16_hbm4_80t_mesh2d_4x4_onering_llama4_gqa_hmp_fwd_block2x2_bs1_sl1048576.json,onering,llama4_gqa_hmp_fwd_block2x2,1,1048576,16,,,,,80t,mesh2d,4x4,53972,53972,,,53.373,52.848,SUCCESS,2026-03-23 22:41:54
4530fd6e97354d2546f51ce758c561b9117e0a366c991a7dabcd052f7c3f0416,tp16_hbm4_80t_mesh2d_4x4_onering_llama4_gqa_hmp_fwd_block2x2_bs1_sl131072,/home/haotian/waferchip/mesh2D/astra_sim_picasso/examples/run_scripts/analytical/congestion_aware/configs/gqa_seq_scaling/tp16_hbm4_80t_mesh2d_4x4_onering_llama4_gqa_hmp_fwd_block2x2_bs1_sl131072.json,onering,llama4_gqa_hmp_fwd_block2x2,1,131072,16,,,,,80t,mesh2d,4x4,6996,6996,,,55.036,50.984,SUCCESS,2026-03-23 22:41:54
ead32f4fe84a23dff452ca680bdd0ed6e1bf56286da2ebc5004915605458efdb,tp16_hbm4_80t_mesh2d_4x4_onering_llama4_gqa_hmp_fwd_block2x2_bs1_sl16384,/home/haotian/waferchip/mesh2D/astra_sim_picasso/examples/run_scripts/analytical/congestion_aware/configs/gqa_seq_scaling/tp16_hbm4_80t_mesh2d_4x4_onering_llama4_gqa_hmp_fwd_block2x2_bs1_sl16384.json,onering,llama4_gqa_hmp_fwd_block2x2,1,16384,16,,,,,80t,mesh2d,4x4,1124,1124,,,65.011,39.811,SUCCESS,2026-03-23 22:41:54
5b017fb1a7939165fefb400555c3418c2dd5155d6645499c17ac1ffa200f0925,tp16_hbm4_80t_mesh2d_4x4_onering_llama4_gqa_hmp_fwd_block2x2_bs1_sl2048,/home/haotian/waferchip/mesh2D/astra_sim_picasso/examples/run_scripts/analytical/congestion_aware/configs/gqa_seq_scaling/tp16_hbm4_80t_mesh2d_4x4_onering_llama4_gqa_hmp_fwd_block2x2_bs1_sl2048.json,onering,llama4_gqa_hmp_fwd_block2x2,1,2048,16,,,,,80t,mesh2d,4x4,392,392,,,87.15,15.012,SUCCESS,2026-03-23 22:41:54
3f55ba5e1eb7166607e0379d4645e28212600d78922a3c9a9873f11bdd33a93d,tp16_hbm4_80t_mesh2d_4x4_onering_llama4_gqa_hmp_fwd_block2x2_bs1_sl262144,/home/haotian/waferchip/mesh2D/astra_sim_picasso/examples/run_scripts/analytical/congestion_aware/configs/gqa_seq_scaling/tp16_hbm4_80t_mesh2d_4x4_onering_llama4_gqa_hmp_fwd_block2x2_bs1_sl262144.json,onering,llama4_gqa_hmp_fwd_block2x2,1,262144,16,,,,,80t,mesh2d,4x4,13708,13708,,,54.1,52.032,SUCCESS,2026-03-23 22:41:54
800114bc0f268e2e636360c5b4047e2d2e17f270f04ca7ee0fadbd8a3741566b,tp16_hbm4_80t_mesh2d_4x4_onering_llama4_gqa_hmp_fwd_block2x2_bs1_sl32768,/home/haotian/waferchip/mesh2D/astra_sim_picasso/examples/run_scripts/analytical/congestion_aware/configs/gqa_seq_scaling/tp16_hbm4_80t_mesh2d_4x4_onering_llama4_gqa_hmp_fwd_block2x2_bs1_sl32768.json,onering,llama4_gqa_hmp_fwd_block2x2,1,32768,16,,,,,80t,mesh2d,4x4,1964,1964,,,59.93,45.503,SUCCESS,2026-03-23 22:41:54
578fccaed2995dfa645d55004ecd080351d33ab786648e6f0f9059982c43abad,tp16_hbm4_80t_mesh2d_4x4_onering_llama4_gqa_hmp_fwd_block2x2_bs1_sl4096,/home/haotian/waferchip/mesh2D/astra_sim_picasso/examples/run_scripts/analytical/congestion_aware/configs/gqa_seq_scaling/tp16_hbm4_80t_mesh2d_4x4_onering_llama4_gqa_hmp_fwd_block2x2_bs1_sl4096.json,onering,llama4_gqa_hmp_fwd_block2x2,1,4096,16,,,,,80t,mesh2d,4x4,496,496,,,80.03,22.988,SUCCESS,2026-03-23 22:41:54
4b6af82caac85a051bd3f42ba65d83cde40086637ec51bb5c2b0f81fb0189ef2,tp16_hbm4_80t_mesh2d_4x4_onering_llama4_gqa_hmp_fwd_block2x2_bs1_sl524288,/home/haotian/waferchip/mesh2D/astra_sim_picasso/examples/run_scripts/analytical/congestion_aware/configs/gqa_seq_scaling/tp16_hbm4_80t_mesh2d_4x4_onering_llama4_gqa_hmp_fwd_block2x2_bs1_sl524288.json,onering,llama4_gqa_hmp_fwd_block2x2,1,524288,16,,,,,80t,mesh2d,4x4,27128,27128,,,53.618,52.573,SUCCESS,2026-03-23 22:41:54
eb766842db3e22b46dcba54e3cf7fe962d6d69794170e3094852a333e6044065,tp16_hbm4_80t_mesh2d_4x4_onering_llama4_gqa_hmp_fwd_block2x2_bs1_sl65536,/home/haotian/waferchip/mesh2D/astra_sim_picasso/examples/run_scripts/analytical/congestion_aware/configs/gqa_seq_scaling/tp16_hbm4_80t_mesh2d_4x4_onering_llama4_gqa_hmp_fwd_block2x2_bs1_sl65536.json,onering,llama4_gqa_hmp_fwd_block2x2,1,65536,16,,,,,80t,mesh2d,4x4,3640,3640,,,56.798,49.011,SUCCESS,2026-03-23 22:41:54
c13e649dc897668f9d29156bac24578c1e77539a34fb8f233aeb344e3b91a208,tp16_hbm4_80t_mesh2d_4x4_onering_llama4_gqa_hmp_fwd_block2x2_bs1_sl8192,/home/haotian/waferchip/mesh2D/astra_sim_picasso/examples/run_scripts/analytical/congestion_aware/configs/gqa_seq_scaling/tp16_hbm4_80t_mesh2d_4x4_onering_llama4_gqa_hmp_fwd_block2x2_bs1_sl8192.json,onering,llama4_gqa_hmp_fwd_block2x2,1,8192,16,,,,,80t,mesh2d,4x4,704,704,,,72.092,31.879,SUCCESS,2026-03-23 22:41:54
4282e9abe3861e180026507a38a15847ec5fdc45c039cbf7b6f4e9854b2047e6,tp16_hbm4_80t_mesh2d_4x4_onering_llama4_gqa_tp16_fwd_block2x2_bs1_sl1024,/home/haotian/waferchip/mesh2D/astra_sim_picasso/examples/run_scripts/analytical/congestion_aware/configs/gqa_seq_scaling/tp16_hbm4_80t_mesh2d_4x4_onering_llama4_gqa_tp16_fwd_block2x2_bs1_sl1024.json,onering,llama4_gqa_tp16_fwd_block2x2,1,1024,16,,,,,80t,mesh2d,4x4,21044,164,20880,,69.848,35.333,SUCCESS,2026-03-23 22:41:56
631d702a2d27672b0b1f3eca604e02bc52514683f45580d6ec21d7ac396c864a,tp16_hbm4_80t_mesh2d_4x4_onering_llama4_gqa_tp16_fwd_block2x2_bs1_sl1048576,/home/haotian/waferchip/mesh2D/astra_sim_picasso/examples/run_scripts/analytical/congestion_aware/configs/gqa_seq_scaling/tp16_hbm4_80t_mesh2d_4x4_onering_llama4_gqa_tp16_fwd_block2x2_bs1_sl1048576.json,onering,llama4_gqa_tp16_fwd_block2x2,1,1048576,16,,,,,80t,mesh2d,4x4,99842,70558,29284,,28.667,82.034,SUCCESS,2026-03-23 22:41:57
1ef6f2a06d3c2b2e0b18d490c1593bc0001b2bf9c98ca738f6f017aad41630c9,tp16_hbm4_80t_mesh2d_4x4_onering_llama4_gqa_tp16_fwd_block2x2_bs1_sl131072,/home/haotian/waferchip/mesh2D/astra_sim_picasso/examples/run_scripts/analytical/congestion_aware/configs/gqa_seq_scaling/tp16_hbm4_80t_mesh2d_4x4_onering_llama4_gqa_tp16_fwd_block2x2_bs1_sl131072.json,onering,llama4_gqa_tp16_fwd_block2x2,1,131072,16,,,,,80t,mesh2d,4x4,30799,8902,21897,,29.331,81.279,SUCCESS,2026-03-23 22:41:58
d4189d590015724daf13bfd713101869a120f366a0c8228a7ccd6ba72fbec0a9,tp16_hbm4_80t_mesh2d_4x4_onering_llama4_gqa_tp16_fwd_block2x2_bs1_sl16384,/home/haotian/waferchip/mesh2D/astra_sim_picasso/examples/run_scripts/analytical/congestion_aware/configs/gqa_seq_scaling/tp16_hbm4_80t_mesh2d_4x4_onering_llama4_gqa_tp16_fwd_block2x2_bs1_sl16384.json,onering,llama4_gqa_tp16_fwd_block2x2,1,16384,16,,,,,80t,mesh2d,4x4,22197,1196,21001,,34.284,75.673,SUCCESS,2026-03-23 22:41:59
650d8b461079fc6638e92fe504cebc2b91391839cea4a97145f56787017323b0,tp16_hbm4_80t_mesh2d_4x4_onering_llama4_gqa_tp16_fwd_block2x2_bs1_sl2048,/home/haotian/waferchip/mesh2D/astra_sim_picasso/examples/run_scripts/analytical/congestion_aware/configs/gqa_seq_scaling/tp16_hbm4_80t_mesh2d_4x4_onering_llama4_gqa_tp16_fwd_block2x2_bs1_sl2048.json,onering,llama4_gqa_tp16_fwd_block2x2,1,2048,16,,,,,80t,mesh2d,4x4,21112,232,20880,,57.725,49.056,SUCCESS,2026-03-23 22:42:00
6542d9ae24262eb04e55d21f8d05646105fa225c3d88b2e0fbce456b2a68b0c5,tp16_hbm4_80t_mesh2d_4x4_onering_llama4_gqa_tp16_fwd_block2x2_bs1_sl262144,/home/haotian/waferchip/mesh2D/astra_sim_picasso/examples/run_scripts/analytical/congestion_aware/configs/gqa_seq_scaling/tp16_hbm4_80t_mesh2d_4x4_onering_llama4_gqa_tp16_fwd_block2x2_bs1_sl262144.json,onering,llama4_gqa_tp16_fwd_block2x2,1,262144,16,,,,,80t,mesh2d,4x4,40673,17710,22963,,28.958,81.705,SUCCESS,2026-03-23 22:42:01
57f8ca1ff396d14c7c9881e4804323afc9ecbc7c06ce5e1968b243ee63a84f3d,tp16_hbm4_80t_mesh2d_4x4_onering_llama4_gqa_tp16_fwd_block2x2_bs1_sl32768,/home/haotian/waferchip/mesh2D/astra_sim_picasso/examples/run_scripts/analytical/congestion_aware/configs/gqa_seq_scaling/tp16_hbm4_80t_mesh2d_4x4_onering_llama4_gqa_tp16_fwd_block2x2_bs1_sl32768.json,onering,llama4_gqa_tp16_fwd_block2x2,1,32768,16,,,,,80t,mesh2d,4x4,23418,2296,21122,,31.552,78.768,SUCCESS,2026-03-23 22:42:02
1519b38af89e5db7c66e1af2c9d529cc44c422988f9825aa9f1aafb40d648d94,tp16_hbm4_80t_mesh2d_4x4_onering_llama4_gqa_tp16_fwd_block2x2_bs1_sl4096,/home/haotian/waferchip/mesh2D/astra_sim_picasso/examples/run_scripts/analytical/congestion_aware/configs/gqa_seq_scaling/tp16_hbm4_80t_mesh2d_4x4_onering_llama4_gqa_tp16_fwd_block2x2_bs1_sl4096.json,onering,llama4_gqa_tp16_fwd_block2x2,1,4096,16,,,,,80t,mesh2d,4x4,21248,368,20880,,46.883,61.328,SUCCESS,2026-03-23 22:42:03
221df0fb28fe623392924fe24a65139dbc253ba7f99e73fb1938543b7f554055,tp16_hbm4_80t_mesh2d_4x4_onering_llama4_gqa_tp16_fwd_block2x2_bs1_sl524288,/home/haotian/waferchip/mesh2D/astra_sim_picasso/examples/run_scripts/analytical/congestion_aware/configs/gqa_seq_scaling/tp16_hbm4_80t_mesh2d_4x4_onering_llama4_gqa_tp16_fwd_block2x2_bs1_sl524288.json,onering,llama4_gqa_tp16_fwd_block2x2,1,524288,16,,,,,80t,mesh2d,4x4,60372,35326,25046,,28.764,81.924,SUCCESS,2026-03-23 22:42:04
a6fa3e0c566f4c6941c4791c5398abc41a22802ef859c1073ff31d16ba897c63,tp16_hbm4_80t_mesh2d_4x4_onering_llama4_gqa_tp16_fwd_block2x2_bs1_sl65536,/home/haotian/waferchip/mesh2D/astra_sim_picasso/examples/run_scripts/analytical/congestion_aware/configs/gqa_seq_scaling/tp16_hbm4_80t_mesh2d_4x4_onering_llama4_gqa_tp16_fwd_block2x2_bs1_sl65536.json,onering,llama4_gqa_tp16_fwd_block2x2,1,65536,16,,,,,80t,mesh2d,4x4,25862,4498,21364,,30.087,80.425,SUCCESS,2026-03-23 22:42:05
bed7e364d90a9bb96207c42df0c53a617f14acdefd34ca4c479fbf4c1dd543d4,tp16_hbm4_80t_mesh2d_4x4_onering_llama4_gqa_tp16_fwd_block2x2_bs1_sl8192,/home/haotian/waferchip/mesh2D/astra_sim_picasso/examples/run_scripts/analytical/congestion_aware/configs/gqa_seq_scaling/tp16_hbm4_80t_mesh2d_4x4_onering_llama4_gqa_tp16_fwd_block2x2_bs1_sl8192.json,onering,llama4_gqa_tp16_fwd_block2x2,1,8192,16,,,,,80t,mesh2d,4x4,21524,644,20880,,39.089,70.202,SUCCESS,2026-03-23 22:42:06
b053898b94afdf50f8fbb6849d49bfedb420ba546ba167ab727bbd98b979a1b6,tp16_hbm4_80t_mesh2d_4x4_onering_qwen_gqa_baseline_fwd_block2x2_bs1_sl1024,/home/haotian/waferchip/mesh2D/astra_sim_picasso/examples/run_scripts/analytical/congestion_aware/configs/gqa_seq_scaling/tp16_hbm4_80t_mesh2d_4x4_onering_qwen_gqa_baseline_fwd_block2x2_bs1_sl1024.json,onering,qwen_gqa_baseline_fwd_block2x2,1,1024,16,,,,,80t,mesh2d,4x4,18422,182,18240,,86.134,15.926,SUCCESS,2026-03-23 22:42:07
fb518ad9c946a72b4541e01e3f712231fa8659b9df1135de0d673d2a6bc91264,tp16_hbm4_80t_mesh2d_4x4_onering_qwen_gqa_baseline_fwd_block2x2_bs1_sl1024_split4,/home/haotian/waferchip/mesh2D/astra_sim_picasso/examples/run_scripts/analytical/congestion_aware/configs/gqa_seq_scaling/tp16_hbm4_80t_mesh2d_4x4_onering_qwen_gqa_baseline_fwd_block2x2_bs1_sl1024_split4.json,onering,qwen_gqa_baseline_fwd_block2x2_split4,1,1024,16,,,,,80t,mesh2d,4x4,2462,182,2280,,86.134,15.926,SUCCESS,2026-03-23 22:42:08
b29d2b6eb6462695a29d1e6851fcefbb9d46dca2b9fc20b8c0d14290285b2d8c,tp16_hbm4_80t_mesh2d_4x4_onering_qwen_gqa_baseline_fwd_block2x2_bs1_sl1024_split4_bw1500,/home/haotian/waferchip/mesh2D/astra_sim_picasso/examples/run_scripts/analytical/congestion_aware/configs/gqa_seq_scaling/tp16_hbm4_80t_mesh2d_4x4_onering_qwen_gqa_baseline_fwd_block2x2_bs1_sl1024_split4_bw1500.json,onering,qwen_gqa_baseline_fwd_block2x2_split4_bw1500,1,1024,16,,,,,80t,mesh2d,4x4,677,182,495,,86.134,15.926,SUCCESS,2026-03-23 22:42:08
139719ae14d1d90950d616f87aae0db15603dde590a482ace80de5de008ab2d8,tp16_hbm4_80t_mesh2d_4x4_onering_qwen_gqa_baseline_fwd_block2x2_bs1_sl1024_split4_d2d15ns,/home/haotian/waferchip/mesh2D/astra_sim_picasso/examples/run_scripts/analytical/congestion_aware/configs/gqa_seq_scaling/tp16_hbm4_80t_mesh2d_4x4_onering_qwen_gqa_baseline_fwd_block2x2_bs1_sl1024_split4_d2d15ns.json,onering,qwen_gqa_baseline_fwd_block2x2_split4_d2d15ns,1,1024,16,,,,,80t,mesh2d,4x4,677,182,495,,86.134,15.926,SUCCESS,2026-03-23 22:42:08
b2567862b85d16c4bad3c8cc36d723c1cd9442e81cf8837265f39f4a77ca9a99,tp16_hbm4_80t_mesh2d_4x4_onering_qwen_gqa_baseline_fwd_block2x2_bs1_sl1048576,/home/haotian/waferchip/mesh2D/astra_sim_picasso/examples/run_scripts/analytical/congestion_aware/configs/gqa_seq_scaling/tp16_hbm4_80t_mesh2d_4x4_onering_qwen_gqa_baseline_fwd_block2x2_bs1_sl1048576.json,onering,qwen_gqa_baseline_fwd_block2x2,1,1048576,16,,,,,80t,mesh2d,4x4,72054,53814,18240,,53.237,52.999,SUCCESS,2026-03-23 22:42:09
5709caa616537ecd82830acc9390a4718cf4cd657ab3218d961460da261afb5c,tp16_hbm4_80t_mesh2d_4x4_onering_qwen_gqa_baseline_fwd_block2x2_bs1_sl1048576_split4,/home/haotian/waferchip/mesh2D/astra_sim_picasso/examples/run_scripts/analytical/congestion_aware/configs/gqa_seq_scaling/tp16_hbm4_80t_mesh2d_4x4_onering_qwen_gqa_baseline_fwd_block2x2_bs1_sl1048576_split4.json,onering,qwen_gqa_baseline_fwd_block2x2_split4,1,1048576,16,,,,,80t,mesh2d,4x4,56094,53814,2280,,53.237,52.999,SUCCESS,2026-03-23 22:42:10
63e27362cea2d23524e0887cb2db6f8f272b994bce6f13dc9c1de1315a295ea1,tp16_hbm4_80t_mesh2d_4x4_onering_qwen_gqa_baseline_fwd_block2x2_bs1_sl1048576_split4_bw1500,/home/haotian/waferchip/mesh2D/astra_sim_picasso/examples/run_scripts/analytical/congestion_aware/configs/gqa_seq_scaling/tp16_hbm4_80t_mesh2d_4x4_onering_qwen_gqa_baseline_fwd_block2x2_bs1_sl1048576_split4_bw1500.json,onering,qwen_gqa_baseline_fwd_block2x2_split4_bw1500,1,1048576,16,,,,,80t,mesh2d,4x4,54309,53814,495,,53.237,52.999,SUCCESS,2026-03-23 22:42:10
29cdfd1316c289fa13725ec875b0ec8a3f42cb80ff2f8512f0734ccfe69a0a41,tp16_hbm4_80t_mesh2d_4x4_onering_qwen_gqa_baseline_fwd_block2x2_bs1_sl1048576_split4_d2d15ns,/home/haotian/waferchip/mesh2D/astra_sim_picasso/examples/run_scripts/analytical/congestion_aware/configs/gqa_seq_scaling/tp16_hbm4_80t_mesh2d_4x4_onering_qwen_gqa_baseline_fwd_block2x2_bs1_sl1048576_split4_d2d15ns.json,onering,qwen_gqa_baseline_fwd_block2x2_split4_d2d15ns,1,1048576,16,,,,,80t,mesh2d,4x4,54309,53814,495,,53.237,52.999,SUCCESS,2026-03-23 22:42:10
d688854a41cb4453885550d9f794dbf47f95f56d48fcb6b7a7bb994a3411becd,tp16_hbm4_80t_mesh2d_4x4_onering_qwen_gqa_baseline_fwd_block2x2_bs1_sl131072,/home/haotian/waferchip/mesh2D/astra_sim_picasso/examples/run_scripts/analytical/congestion_aware/configs/gqa_seq_scaling/tp16_hbm4_80t_mesh2d_4x4_onering_qwen_gqa_baseline_fwd_block2x2_bs1_sl131072.json,onering,qwen_gqa_baseline_fwd_block2x2,1,131072,16,,,,,80t,mesh2d,4x4,25078,6838,18240,,54.008,52.13,SUCCESS,2026-03-23 22:42:12
faf00751ff841ad98a1a6acfbad7dd2a6ffd5ab2931b62e4552679aa65fb2985,tp16_hbm4_80t_mesh2d_4x4_onering_qwen_gqa_baseline_fwd_block2x2_bs1_sl131072_split4,/home/haotian/waferchip/mesh2D/astra_sim_picasso/examples/run_scripts/analytical/congestion_aware/configs/gqa_seq_scaling/tp16_hbm4_80t_mesh2d_4x4_onering_qwen_gqa_baseline_fwd_block2x2_bs1_sl131072_split4.json,onering,qwen_gqa_baseline_fwd_block2x2_split4,1,131072,16,,,,,80t,mesh2d,4x4,9118,6838,2280,,54.008,52.13,SUCCESS,2026-03-23 22:42:12
cc021495107d59e569b224a16d6beacf3e6ee28c5607b992ae88524807d08567,tp16_hbm4_80t_mesh2d_4x4_onering_qwen_gqa_baseline_fwd_block2x2_bs1_sl131072_split4_bw1500,/home/haotian/waferchip/mesh2D/astra_sim_picasso/examples/run_scripts/analytical/congestion_aware/configs/gqa_seq_scaling/tp16_hbm4_80t_mesh2d_4x4_onering_qwen_gqa_baseline_fwd_block2x2_bs1_sl131072_split4_bw1500.json,onering,qwen_gqa_baseline_fwd_block2x2_split4_bw1500,1,131072,16,,,,,80t,mesh2d,4x4,7333,6838,495,,54.008,52.13,SUCCESS,2026-03-23 22:42:12
26a8a794d71c88283e90bd956b62b7e3b66f23ed7de1cbd76b9aef3290ebe59f,tp16_hbm4_80t_mesh2d_4x4_onering_qwen_gqa_baseline_fwd_block2x2_bs1_sl131072_split4_d2d15ns,/home/haotian/waferchip/mesh2D/astra_sim_picasso/examples/run_scripts/analytical/congestion_aware/configs/gqa_seq_scaling/tp16_hbm4_80t_mesh2d_4x4_onering_qwen_gqa_baseline_fwd_block2x2_bs1_sl131072_split4_d2d15ns.json,onering,qwen_gqa_baseline_fwd_block2x2_split4_d2d15ns,1,131072,16,,,,,80t,mesh2d,4x4,7333,6838,495,,54.008,52.13,SUCCESS,2026-03-23 22:42:13
5c40f490878a5f31e6b04b0ff90b2d23e7be289f5539363cec37551da53b7d8a,tp16_hbm4_80t_mesh2d_4x4_onering_qwen_gqa_baseline_fwd_block2x2_bs1_sl16384,/home/haotian/waferchip/mesh2D/astra_sim_picasso/examples/run_scripts/analytical/congestion_aware/configs/gqa_seq_scaling/tp16_hbm4_80t_mesh2d_4x4_onering_qwen_gqa_baseline_fwd_block2x2_bs1_sl16384.json,onering,qwen_gqa_baseline_fwd_block2x2,1,16384,16,,,,,80t,mesh2d,4x4,19206,966,18240,,59.372,46.086,SUCCESS,2026-03-23 22:42:14
b5d700250ff3b06ba0b934e7eeeb2b94bd1ddd1604e219a2ac76ef19f7d6ae62,tp16_hbm4_80t_mesh2d_4x4_onering_qwen_gqa_baseline_fwd_block2x2_bs1_sl16384_split4,/home/haotian/waferchip/mesh2D/astra_sim_picasso/examples/run_scripts/analytical/congestion_aware/configs/gqa_seq_scaling/tp16_hbm4_80t_mesh2d_4x4_onering_qwen_gqa_baseline_fwd_block2x2_bs1_sl16384_split4.json,onering,qwen_gqa_baseline_fwd_block2x2_split4,1,16384,16,,,,,80t,mesh2d,4x4,3246,966,2280,,59.372,46.086,SUCCESS,2026-03-23 22:42:14
7907650a885465d32bc1ee5321c1097cdfb630bf3a3fc44f7a13ef20e411677c,tp16_hbm4_80t_mesh2d_4x4_onering_qwen_gqa_baseline_fwd_block2x2_bs1_sl16384_split4_bw1500,/home/haotian/waferchip/mesh2D/astra_sim_picasso/examples/run_scripts/analytical/congestion_aware/configs/gqa_seq_scaling/tp16_hbm4_80t_mesh2d_4x4_onering_qwen_gqa_baseline_fwd_block2x2_bs1_sl16384_split4_bw1500.json,onering,qwen_gqa_baseline_fwd_block2x2_split4_bw1500,1,16384,16,,,,,80t,mesh2d,4x4,1461,966,495,,59.372,46.086,SUCCESS,2026-03-23 22:42:15
cfd18a6f0d7896986ffc003b3f476e18e57a986ed4e8459b6875e2c7fd9d4b29,tp16_hbm4_80t_mesh2d_4x4_onering_qwen_gqa_baseline_fwd_block2x2_bs1_sl16384_split4_d2d15ns,/home/haotian/waferchip/mesh2D/astra_sim_picasso/examples/run_scripts/analytical/congestion_aware/configs/gqa_seq_scaling/tp16_hbm4_80t_mesh2d_4x4_onering_qwen_gqa_baseline_fwd_block2x2_bs1_sl16384_split4_d2d15ns.json,onering,qwen_gqa_baseline_fwd_block2x2_split4_d2d15ns,1,16384,16,,,,,80t,mesh2d,4x4,1461,966,495,,59.372,46.086,SUCCESS,2026-03-23 22:42:15
1df9294eeb10c21843d7d9c4e9f20f068cbccd93095d149d9976a92e02bae05b,tp16_hbm4_80t_mesh2d_4x4_onering_qwen_gqa_baseline_fwd_block2x2_bs1_sl2048,/home/haotian/waferchip/mesh2D/astra_sim_picasso/examples/run_scripts/analytical/congestion_aware/configs/gqa_seq_scaling/tp16_hbm4_80t_mesh2d_4x4_onering_qwen_gqa_baseline_fwd_block2x2_bs1_sl2048.json,onering,qwen_gqa_baseline_fwd_block2x2,1,2048,16,,,,,80t,mesh2d,4x4,18474,234,18240,,78.83,24.158,SUCCESS,2026-03-23 22:42:16
c7f54a84a7f3aabd2372278cf4bd23f23696579bed2219e821ef933b5ff55f04,tp16_hbm4_80t_mesh2d_4x4_onering_qwen_gqa_baseline_fwd_block2x2_bs1_sl2048_split4,/home/haotian/waferchip/mesh2D/astra_sim_picasso/examples/run_scripts/analytical/congestion_aware/configs/gqa_seq_scaling/tp16_hbm4_80t_mesh2d_4x4_onering_qwen_gqa_baseline_fwd_block2x2_bs1_sl2048_split4.json,onering,qwen_gqa_baseline_fwd_block2x2_split4,1,2048,16,,,,,80t,mesh2d,4x4,2514,234,2280,,78.83,24.158,SUCCESS,2026-03-23 22:42:17
b184ffb0712b853b062ad2ba75872ee01ea8150de978597effa405172fef6cb0,tp16_hbm4_80t_mesh2d_4x4_onering_qwen_gqa_baseline_fwd_block2x2_bs1_sl2048_split4_bw1500,/home/haotian/waferchip/mesh2D/astra_sim_picasso/examples/run_scripts/analytical/congestion_aware/configs/gqa_seq_scaling/tp16_hbm4_80t_mesh2d_4x4_onering_qwen_gqa_baseline_fwd_block2x2_bs1_sl2048_split4_bw1500.json,onering,qwen_gqa_baseline_fwd_block2x2_split4_bw1500,1,2048,16,,,,,80t,mesh2d,4x4,729,234,495,,78.83,24.158,SUCCESS,2026-03-23 22:42:17
99dd0dbc0fc7e21922d71864a3beb3a34b559488656c1f7d15789010c479b157,tp16_hbm4_80t_mesh2d_4x4_onering_qwen_gqa_baseline_fwd_block2x2_bs1_sl2048_split4_d2d15ns,/home/haotian/waferchip/mesh2D/astra_sim_picasso/examples/run_scripts/analytical/congestion_aware/configs/gqa_seq_scaling/tp16_hbm4_80t_mesh2d_4x4_onering_qwen_gqa_baseline_fwd_block2x2_bs1_sl2048_split4_d2d15ns.json,onering,qwen_gqa_baseline_fwd_block2x2_split4_d2d15ns,1,2048,16,,,,,80t,mesh2d,4x4,729,234,495,,78.83,24.158,SUCCESS,2026-03-23 22:42:17
b97db118b22ef29e561108aa345af9fa5bcb2469cd04b49fc38658d4e60cd01a,tp16_hbm4_80t_mesh2d_4x4_onering_qwen_gqa_baseline_fwd_block2x2_bs1_sl262144,/home/haotian/waferchip/mesh2D/astra_sim_picasso/examples/run_scripts/analytical/congestion_aware/configs/gqa_seq_scaling/tp16_hbm4_80t_mesh2d_4x4_onering_qwen_gqa_baseline_fwd_block2x2_bs1_sl262144.json,onering,qwen_gqa_baseline_fwd_block2x2,1,262144,16,,,,,80t,mesh2d,4x4,31790,13550,18240,,53.571,52.623,SUCCESS,2026-03-23 22:42:18
522206090daab827ad90ee601863d4e738bd272779673c0bc26970a3237751c4,tp16_hbm4_80t_mesh2d_4x4_onering_qwen_gqa_baseline_fwd_block2x2_bs1_sl262144_split4,/home/haotian/waferchip/mesh2D/astra_sim_picasso/examples/run_scripts/analytical/congestion_aware/configs/gqa_seq_scaling/tp16_hbm4_80t_mesh2d_4x4_onering_qwen_gqa_baseline_fwd_block2x2_bs1_sl262144_split4.json,onering,qwen_gqa_baseline_fwd_block2x2_split4,1,262144,16,,,,,80t,mesh2d,4x4,15830,13550,2280,,53.571,52.623,SUCCESS,2026-03-23 22:42:19
1462a2fab7397461e2f8e819c8594bcba11978cb2337c55f83e9fac6fcf85a0d,tp16_hbm4_80t_mesh2d_4x4_onering_qwen_gqa_baseline_fwd_block2x2_bs1_sl262144_split4_bw1500,/home/haotian/waferchip/mesh2D/astra_sim_picasso/examples/run_scripts/analytical/congestion_aware/configs/gqa_seq_scaling/tp16_hbm4_80t_mesh2d_4x4_onering_qwen_gqa_baseline_fwd_block2x2_bs1_sl262144_split4_bw1500.json,onering,qwen_gqa_baseline_fwd_block2x2_split4_bw1500,1,262144,16,,,,,80t,mesh2d,4x4,14045,13550,495,,53.571,52.623,SUCCESS,2026-03-23 22:42:19
082c7fba57423af83e024665406534734cab1853799ebaa351866033711da722,tp16_hbm4_80t_mesh2d_4x4_onering_qwen_gqa_baseline_fwd_block2x2_bs1_sl262144_split4_d2d15ns,/home/haotian/waferchip/mesh2D/astra_sim_picasso/examples/run_scripts/analytical/congestion_aware/configs/gqa_seq_scaling/tp16_hbm4_80t_mesh2d_4x4_onering_qwen_gqa_baseline_fwd_block2x2_bs1_sl262144_split4_d2d15ns.json,onering,qwen_gqa_baseline_fwd_block2x2_split4_d2d15ns,1,262144,16,,,,,80t,mesh2d,4x4,14045,13550,495,,53.571,52.623,SUCCESS,2026-03-23 22:42:19
7f80fbb1923fafba4c3adc02750e7c5b1bb19ccb07ac32dca39d502ae2690a27,tp16_hbm4_80t_mesh2d_4x4_onering_qwen_gqa_baseline_fwd_block2x2_bs1_sl32768,/home/haotian/waferchip/mesh2D/astra_sim_picasso/examples/run_scripts/analytical/congestion_aware/configs/gqa_seq_scaling/tp16_hbm4_80t_mesh2d_4x4_onering_qwen_gqa_baseline_fwd_block2x2_bs1_sl32768.json,onering,qwen_gqa_baseline_fwd_block2x2,1,32768,16,,,,,80t,mesh2d,4x4,20046,1806,18240,,56.468,49.358,SUCCESS,2026-03-23 22:42:21
f81d8c0a3bb35215ae5212f7fd9f25e18ff12614113936d9bb628de9893e767f,tp16_hbm4_80t_mesh2d_4x4_onering_qwen_gqa_baseline_fwd_block2x2_bs1_sl32768_split4,/home/haotian/waferchip/mesh2D/astra_sim_picasso/examples/run_scripts/analytical/congestion_aware/configs/gqa_seq_scaling/tp16_hbm4_80t_mesh2d_4x4_onering_qwen_gqa_baseline_fwd_block2x2_bs1_sl32768_split4.json,onering,qwen_gqa_baseline_fwd_block2x2_split4,1,32768,16,,,,,80t,mesh2d,4x4,4086,1806,2280,,56.468,49.358,SUCCESS,2026-03-23 22:42:21
a4e8d51076fa65d1b1988272b2a2646ed0f3100cc492dcfc42462d2d8c99bedf,tp16_hbm4_80t_mesh2d_4x4_onering_qwen_gqa_baseline_fwd_block2x2_bs1_sl32768_split4_bw1500,/home/haotian/waferchip/mesh2D/astra_sim_picasso/examples/run_scripts/analytical/congestion_aware/configs/gqa_seq_scaling/tp16_hbm4_80t_mesh2d_4x4_onering_qwen_gqa_baseline_fwd_block2x2_bs1_sl32768_split4_bw1500.json,onering,qwen_gqa_baseline_fwd_block2x2_split4_bw1500,1,32768,16,,,,,80t,mesh2d,4x4,2301,1806,495,,56.468,49.358,SUCCESS,2026-03-23 22:42:21
a28979303831db5fff671ede0d24098e9f3bcbb66ffe565592e5ca9be73a243c,tp16_hbm4_80t_mesh2d_4x4_onering_qwen_gqa_baseline_fwd_block2x2_bs1_sl32768_split4_d2d15ns,/home/haotian/waferchip/mesh2D/astra_sim_picasso/examples/run_scripts/analytical/congestion_aware/configs/gqa_seq_scaling/tp16_hbm4_80t_mesh2d_4x4_onering_qwen_gqa_baseline_fwd_block2x2_bs1_sl32768_split4_d2d15ns.json,onering,qwen_gqa_baseline_fwd_block2x2_split4_d2d15ns,1,32768,16,,,,,80t,mesh2d,4x4,2301,1806,495,,56.468,49.358,SUCCESS,2026-03-23 22:42:22
49f567ce45b9ec5a51f7fbeb0c88b14915ceda9dae49d72b3b3511374e11884a,tp16_hbm4_80t_mesh2d_4x4_onering_qwen_gqa_baseline_fwd_block2x2_bs1_sl4096,/home/haotian/waferchip/mesh2D/astra_sim_picasso/examples/run_scripts/analytical/congestion_aware/configs/gqa_seq_scaling/tp16_hbm4_80t_mesh2d_4x4_onering_qwen_gqa_baseline_fwd_block2x2_bs1_sl4096.json,onering,qwen_gqa_baseline_fwd_block2x2,1,4096,16,,,,,80t,mesh2d,4x4,18578,338,18240,,70.944,33.045,SUCCESS,2026-03-23 22:42:23
b1c1479eba56d21b0e7d5c80f2757bc817d73738ac20cfb95cff4b471f6d034d,tp16_hbm4_80t_mesh2d_4x4_onering_qwen_gqa_baseline_fwd_block2x2_bs1_sl4096_split4,/home/haotian/waferchip/mesh2D/astra_sim_picasso/examples/run_scripts/analytical/congestion_aware/configs/gqa_seq_scaling/tp16_hbm4_80t_mesh2d_4x4_onering_qwen_gqa_baseline_fwd_block2x2_bs1_sl4096_split4.json,onering,qwen_gqa_baseline_fwd_block2x2_split4,1,4096,16,,,,,80t,mesh2d,4x4,2618,338,2280,,70.944,33.045,SUCCESS,2026-03-23 22:42:23
ee34324d56356971836fed370255f5011fba432095356690bb163583be134e0b,tp16_hbm4_80t_mesh2d_4x4_onering_qwen_gqa_baseline_fwd_block2x2_bs1_sl4096_split4_bw1500,/home/haotian/waferchip/mesh2D/astra_sim_picasso/examples/run_scripts/analytical/congestion_aware/configs/gqa_seq_scaling/tp16_hbm4_80t_mesh2d_4x4_onering_qwen_gqa_baseline_fwd_block2x2_bs1_sl4096_split4_bw1500.json,onering,qwen_gqa_baseline_fwd_block2x2_split4_bw1500,1,4096,16,,,,,80t,mesh2d,4x4,833,338,495,,70.944,33.045,SUCCESS,2026-03-23 22:42:24
470cc4ad22ad885d84b95fca631bd315b26fc0137692f35918a9e79c88b07534,tp16_hbm4_80t_mesh2d_4x4_onering_qwen_gqa_baseline_fwd_block2x2_bs1_sl4096_split4_d2d15ns,/home/haotian/waferchip/mesh2D/astra_sim_picasso/examples/run_scripts/analytical/congestion_aware/configs/gqa_seq_scaling/tp16_hbm4_80t_mesh2d_4x4_onering_qwen_gqa_baseline_fwd_block2x2_bs1_sl4096_split4_d2d15ns.json,onering,qwen_gqa_baseline_fwd_block2x2_split4_d2d15ns,1,4096,16,,,,,80t,mesh2d,4x4,833,338,495,,70.944,33.045,SUCCESS,2026-03-23 22:42:24
4b61a0efa25e166985d0db5dffa990dfbced9d1b3e40df8fc8c84a2bc762deb1,tp16_hbm4_80t_mesh2d_4x4_onering_qwen_gqa_baseline_fwd_block2x2_bs1_sl524288,/home/haotian/waferchip/mesh2D/astra_sim_picasso/examples/run_scripts/analytical/congestion_aware/configs/gqa_seq_scaling/tp16_hbm4_80t_mesh2d_4x4_onering_qwen_gqa_baseline_fwd_block2x2_bs1_sl524288.json,onering,qwen_gqa_baseline_fwd_block2x2,1,524288,16,,,,,80t,mesh2d,4x4,45210,26970,18240,,53.349,52.873,SUCCESS,2026-03-23 22:42:25
1ca25f2004376bf760f1f220693c0657e3e47a6e18cbe8933b92139d4a2b2f65,tp16_hbm4_80t_mesh2d_4x4_onering_qwen_gqa_baseline_fwd_block2x2_bs1_sl524288_split4,/home/haotian/waferchip/mesh2D/astra_sim_picasso/examples/run_scripts/analytical/congestion_aware/configs/gqa_seq_scaling/tp16_hbm4_80t_mesh2d_4x4_onering_qwen_gqa_baseline_fwd_block2x2_bs1_sl524288_split4.json,onering,qwen_gqa_baseline_fwd_block2x2_split4,1,524288,16,,,,,80t,mesh2d,4x4,29250,26970,2280,,53.349,52.873,SUCCESS,2026-03-23 22:42:25
53d3bd795b6f244b7eb144520594628935f0d9de702bd40eae356e33206d4ebe,tp16_hbm4_80t_mesh2d_4x4_onering_qwen_gqa_baseline_fwd_block2x2_bs1_sl524288_split4_bw1500,/home/haotian/waferchip/mesh2D/astra_sim_picasso/examples/run_scripts/analytical/congestion_aware/configs/gqa_seq_scaling/tp16_hbm4_80t_mesh2d_4x4_onering_qwen_gqa_baseline_fwd_block2x2_bs1_sl524288_split4_bw1500.json,onering,qwen_gqa_baseline_fwd_block2x2_split4_bw1500,1,524288,16,,,,,80t,mesh2d,4x4,27465,26970,495,,53.349,52.873,SUCCESS,2026-03-23 22:42:26
9ac3791f26baa950e52f85ea69525086c25b440d7a7198f24f34bdb07883d198,tp16_hbm4_80t_mesh2d_4x4_onering_qwen_gqa_baseline_fwd_block2x2_bs1_sl524288_split4_d2d15ns,/home/haotian/waferchip/mesh2D/astra_sim_picasso/examples/run_scripts/analytical/congestion_aware/configs/gqa_seq_scaling/tp16_hbm4_80t_mesh2d_4x4_onering_qwen_gqa_baseline_fwd_block2x2_bs1_sl524288_split4_d2d15ns.json,onering,qwen_gqa_baseline_fwd_block2x2_split4_d2d15ns,1,524288,16,,,,,80t,mesh2d,4x4,27465,26970,495,,53.349,52.873,SUCCESS,2026-03-23 22:42:26
ab659fc8328ecf70d122e4c8baba2a0799f9df6df92f53bdd5ecba169dcd9521,tp16_hbm4_80t_mesh2d_4x4_onering_qwen_gqa_baseline_fwd_block2x2_bs1_sl65536,/home/haotian/waferchip/mesh2D/astra_sim_picasso/examples/run_scripts/analytical/congestion_aware/configs/gqa_seq_scaling/tp16_hbm4_80t_mesh2d_4x4_onering_qwen_gqa_baseline_fwd_block2x2_bs1_sl65536.json,onering,qwen_gqa_baseline_fwd_block2x2,1,65536,16,,,,,80t,mesh2d,4x4,21722,3482,18240,,54.859,51.171,SUCCESS,2026-03-23 22:42:27
2dc72ef573eb78e2c377d4cadac362cdb97bdf4d252e3530d31e0a2c207ee50b,tp16_hbm4_80t_mesh2d_4x4_onering_qwen_gqa_baseline_fwd_block2x2_bs1_sl65536_split4,/home/haotian/waferchip/mesh2D/astra_sim_picasso/examples/run_scripts/analytical/congestion_aware/configs/gqa_seq_scaling/tp16_hbm4_80t_mesh2d_4x4_onering_qwen_gqa_baseline_fwd_block2x2_bs1_sl65536_split4.json,onering,qwen_gqa_baseline_fwd_block2x2_split4,1,65536,16,,,,,80t,mesh2d,4x4,5762,3482,2280,,54.859,51.171,SUCCESS,2026-03-23 22:42:28
42b2ec8062f812b03b37b711cd95bfad9c00b8429e7cebbf78183507ec172b2e,tp16_hbm4_80t_mesh2d_4x4_onering_qwen_gqa_baseline_fwd_block2x2_bs1_sl65536_split4_bw1500,/home/haotian/waferchip/mesh2D/astra_sim_picasso/examples/run_scripts/analytical/congestion_aware/configs/gqa_seq_scaling/tp16_hbm4_80t_mesh2d_4x4_onering_qwen_gqa_baseline_fwd_block2x2_bs1_sl65536_split4_bw1500.json,onering,qwen_gqa_baseline_fwd_block2x2_split4_bw1500,1,65536,16,,,,,80t,mesh2d,4x4,3977,3482,495,,54.859,51.171,SUCCESS,2026-03-23 22:42:28
26729d34706541bb1611ea0540d0975b0503a2902e963f202d7bdab72877b127,tp16_hbm4_80t_mesh2d_4x4_onering_qwen_gqa_baseline_fwd_block2x2_bs1_sl65536_split4_d2d15ns,/home/haotian/waferchip/mesh2D/astra_sim_picasso/examples/run_scripts/analytical/congestion_aware/configs/gqa_seq_scaling/tp16_hbm4_80t_mesh2d_4x4_onering_qwen_gqa_baseline_fwd_block2x2_bs1_sl65536_split4_d2d15ns.json,onering,qwen_gqa_baseline_fwd_block2x2_split4_d2d15ns,1,65536,16,,,,,80t,mesh2d,4x4,3977,3482,495,,54.859,51.171,SUCCESS,2026-03-23 22:42:28
08e57e5c3842fb57cf725d9bb28955642e5c896f20b86b0d79a415ee4f67af03,tp16_hbm4_80t_mesh2d_4x4_onering_qwen_gqa_baseline_fwd_block2x2_bs1_sl8192,/home/haotian/waferchip/mesh2D/astra_sim_picasso/examples/run_scripts/analytical/congestion_aware/configs/gqa_seq_scaling/tp16_hbm4_80t_mesh2d_4x4_onering_qwen_gqa_baseline_fwd_block2x2_bs1_sl8192.json,onering,qwen_gqa_baseline_fwd_block2x2,1,8192,16,,,,,80t,mesh2d,4x4,18786,546,18240,,64.168,40.681,SUCCESS,2026-03-23 22:42:29
db667448c5fbe46a07d9cb1911803b5401843ffefb97f4135af6fe83037811e1,tp16_hbm4_80t_mesh2d_4x4_onering_qwen_gqa_baseline_fwd_block2x2_bs1_sl8192_split4,/home/haotian/waferchip/mesh2D/astra_sim_picasso/examples/run_scripts/analytical/congestion_aware/configs/gqa_seq_scaling/tp16_hbm4_80t_mesh2d_4x4_onering_qwen_gqa_baseline_fwd_block2x2_bs1_sl8192_split4.json,onering,qwen_gqa_baseline_fwd_block2x2_split4,1,8192,16,,,,,80t,mesh2d,4x4,2826,546,2280,,64.168,40.681,SUCCESS,2026-03-23 22:42:30
992eb8fa65d828e3d02e86ac931050265cd446f816d66a537fe3d1381b05fe70,tp16_hbm4_80t_mesh2d_4x4_onering_qwen_gqa_baseline_fwd_block2x2_bs1_sl8192_split4_bw1500,/home/haotian/waferchip/mesh2D/astra_sim_picasso/examples/run_scripts/analytical/congestion_aware/configs/gqa_seq_scaling/tp16_hbm4_80t_mesh2d_4x4_onering_qwen_gqa_baseline_fwd_block2x2_bs1_sl8192_split4_bw1500.json,onering,qwen_gqa_baseline_fwd_block2x2_split4_bw1500,1,8192,16,,,,,80t,mesh2d,4x4,1041,546,495,,64.168,40.681,SUCCESS,2026-03-23 22:42:30
ab035e30bc2c2fc9aadcb825423f2a181d703d54f062651a0adbde337dcdc18c,tp16_hbm4_80t_mesh2d_4x4_onering_qwen_gqa_baseline_fwd_block2x2_bs1_sl8192_split4_d2d15ns,/home/haotian/waferchip/mesh2D/astra_sim_picasso/examples/run_scripts/analytical/congestion_aware/configs/gqa_seq_scaling/tp16_hbm4_80t_mesh2d_4x4_onering_qwen_gqa_baseline_fwd_block2x2_bs1_sl8192_split4_d2d15ns.json,onering,qwen_gqa_baseline_fwd_block2x2_split4_d2d15ns,1,8192,16,,,,,80t,mesh2d,4x4,1041,546,495,,64.168,40.681,SUCCESS,2026-03-23 22:42:30
b4c1f1edb664531f15bad66998a81291e6a69338d109c07b0154154301f30a45,tp16_hbm4_80t_mesh2d_4x4_onering_qwen_gqa_hmp_fwd_block2x2_bs1_sl1024,/home/haotian/waferchip/mesh2D/astra_sim_picasso/examples/run_scripts/analytical/congestion_aware/configs/gqa_seq_scaling/tp16_hbm4_80t_mesh2d_4x4_onering_qwen_gqa_hmp_fwd_block2x2_bs1_sl1024.json,onering,qwen_gqa_hmp_fwd_block2x2,1,1024,16,,,,,80t,mesh2d,4x4,340,340,,,92.339,9.2,SUCCESS,2026-03-23 22:42:30
71dfbd68d558fe207aa1d7f633a80a64894990a0f294ddf19a9f07bdf2786249,tp16_hbm4_80t_mesh2d_4x4_onering_qwen_gqa_hmp_fwd_block2x2_bs1_sl1024_split4,/home/haotian/waferchip/mesh2D/astra_sim_picasso/examples/run_scripts/analytical/congestion_aware/configs/gqa_seq_scaling/tp16_hbm4_80t_mesh2d_4x4_onering_qwen_gqa_hmp_fwd_block2x2_bs1_sl1024_split4.json,onering,qwen_gqa_hmp_fwd_block2x2_split4,1,1024,16,,,,,80t,mesh2d,4x4,340,340,,,92.339,9.2,SUCCESS,2026-03-23 22:42:30
6363b78bd35732677aed77902c2e6f8b2f120fc9c075599207ae75dba4bcb240,tp16_hbm4_80t_mesh2d_4x4_onering_qwen_gqa_hmp_fwd_block2x2_bs1_sl1024_split4_bw1500,/home/haotian/waferchip/mesh2D/astra_sim_picasso/examples/run_scripts/analytical/congestion_aware/configs/gqa_seq_scaling/tp16_hbm4_80t_mesh2d_4x4_onering_qwen_gqa_hmp_fwd_block2x2_bs1_sl1024_split4_bw1500.json,onering,qwen_gqa_hmp_fwd_block2x2_split4_bw1500,1,1024,16,,,,,80t,mesh2d,4x4,340,340,,,92.339,9.2,SUCCESS,2026-03-23 22:42:31
523db68a5cd5849b445cdea54f9aa30cff937ea0299a3d1bfd8c8f5dfcb5be14,tp16_hbm4_80t_mesh2d_4x4_onering_qwen_gqa_hmp_fwd_block2x2_bs1_sl1024_split4_d2d15ns,/home/haotian/waferchip/mesh2D/astra_sim_picasso/examples/run_scripts/analytical/congestion_aware/configs/gqa_seq_scaling/tp16_hbm4_80t_mesh2d_4x4_onering_qwen_gqa_hmp_fwd_block2x2_bs1_sl1024_split4_d2d15ns.json,onering,qwen_gqa_hmp_fwd_block2x2_split4_d2d15ns,1,1024,16,,,,,80t,mesh2d,4x4,340,340,,,92.339,9.2,SUCCESS,2026-03-23 22:42:31
b0aa181816ecc7bae95e3175b5c3da85a3038155a0c5e8bc1a89ff4d4c6c44d8,tp16_hbm4_80t_mesh2d_4x4_onering_qwen_gqa_hmp_fwd_block2x2_bs1_sl1048576,/home/haotian/waferchip/mesh2D/astra_sim_picasso/examples/run_scripts/analytical/congestion_aware/configs/gqa_seq_scaling/tp16_hbm4_80t_mesh2d_4x4_onering_qwen_gqa_hmp_fwd_block2x2_bs1_sl1048576.json,onering,qwen_gqa_hmp_fwd_block2x2,1,1048576,16,,,,,80t,mesh2d,4x4,53972,53972,,,53.373,52.848,SUCCESS,2026-03-23 22:42:31
3a4cb0240abe3c8ac2a9a9cbd7626e951b685a45b79db0b263b765dd5a4b922d,tp16_hbm4_80t_mesh2d_4x4_onering_qwen_gqa_hmp_fwd_block2x2_bs1_sl1048576_split4,/home/haotian/waferchip/mesh2D/astra_sim_picasso/examples/run_scripts/analytical/congestion_aware/configs/gqa_seq_scaling/tp16_hbm4_80t_mesh2d_4x4_onering_qwen_gqa_hmp_fwd_block2x2_bs1_sl1048576_split4.json,onering,qwen_gqa_hmp_fwd_block2x2_split4,1,1048576,16,,,,,80t,mesh2d,4x4,53972,53972,,,53.373,52.848,SUCCESS,2026-03-23 22:42:31
d4f831e6dcde93e403e831d395fa0cb16e0c2b5dc76f9eeddd4fb54a51f3d1f4,tp16_hbm4_80t_mesh2d_4x4_onering_qwen_gqa_hmp_fwd_block2x2_bs1_sl1048576_split4_bw1500,/home/haotian/waferchip/mesh2D/astra_sim_picasso/examples/run_scripts/analytical/congestion_aware/configs/gqa_seq_scaling/tp16_hbm4_80t_mesh2d_4x4_onering_qwen_gqa_hmp_fwd_block2x2_bs1_sl1048576_split4_bw1500.json,onering,qwen_gqa_hmp_fwd_block2x2_split4_bw1500,1,1048576,16,,,,,80t,mesh2d,4x4,53972,53972,,,53.373,52.848,SUCCESS,2026-03-23 22:42:31
cf7286ff1ef7bf69b0bbb7b04d548a86d40e9101eb4f8f11fc8fd4c8978f5034,tp16_hbm4_80t_mesh2d_4x4_onering_qwen_gqa_hmp_fwd_block2x2_bs1_sl1048576_split4_d2d15ns,/home/haotian/waferchip/mesh2D/astra_sim_picasso/examples/run_scripts/analytical/congestion_aware/configs/gqa_seq_scaling/tp16_hbm4_80t_mesh2d_4x4_onering_qwen_gqa_hmp_fwd_block2x2_bs1_sl1048576_split4_d2d15ns.json,onering,qwen_gqa_hmp_fwd_block2x2_split4_d2d15ns,1,1048576,16,,,,,80t,mesh2d,4x4,53972,53972,,,53.373,52.848,SUCCESS,2026-03-23 22:42:31
0ddd40a7feca5a896657b1e15bab3492646cbd05c6e5cc14a9a28f601281b428,tp16_hbm4_80t_mesh2d_4x4_onering_qwen_gqa_hmp_fwd_block2x2_bs1_sl131072,/home/haotian/waferchip/mesh2D/astra_sim_picasso/examples/run_scripts/analytical/congestion_aware/configs/gqa_seq_scaling/tp16_hbm4_80t_mesh2d_4x4_onering_qwen_gqa_hmp_fwd_block2x2_bs1_sl131072.json,onering,qwen_gqa_hmp_fwd_block2x2,1,131072,16,,,,,80t,mesh2d,4x4,6996,6996,,,55.036,50.984,SUCCESS,2026-03-23 22:42:31
ff20096942fef992b990461ebb672cd03254c1ac5e025236502477ef4178983c,tp16_hbm4_80t_mesh2d_4x4_onering_qwen_gqa_hmp_fwd_block2x2_bs1_sl131072_split4,/home/haotian/waferchip/mesh2D/astra_sim_picasso/examples/run_scripts/analytical/congestion_aware/configs/gqa_seq_scaling/tp16_hbm4_80t_mesh2d_4x4_onering_qwen_gqa_hmp_fwd_block2x2_bs1_sl131072_split4.json,onering,qwen_gqa_hmp_fwd_block2x2_split4,1,131072,16,,,,,80t,mesh2d,4x4,6996,6996,,,55.036,50.984,SUCCESS,2026-03-23 22:42:31
ee69909b5d37b3487168b6c5a7a19a5d389865f8cce97c40ab1d78ed5638ca25,tp16_hbm4_80t_mesh2d_4x4_onering_qwen_gqa_hmp_fwd_block2x2_bs1_sl131072_split4_bw1500,/home/haotian/waferchip/mesh2D/astra_sim_picasso/examples/run_scripts/analytical/congestion_aware/configs/gqa_seq_scaling/tp16_hbm4_80t_mesh2d_4x4_onering_qwen_gqa_hmp_fwd_block2x2_bs1_sl131072_split4_bw1500.json,onering,qwen_gqa_hmp_fwd_block2x2_split4_bw1500,1,131072,16,,,,,80t,mesh2d,4x4,6996,6996,,,55.036,50.984,SUCCESS,2026-03-23 22:42:31
fd446930a2c216fabedb816b9abbc317df79b0854e99cd3c82438f6fe32031d9,tp16_hbm4_80t_mesh2d_4x4_onering_qwen_gqa_hmp_fwd_block2x2_bs1_sl131072_split4_d2d15ns,/home/haotian/waferchip/mesh2D/astra_sim_picasso/examples/run_scripts/analytical/congestion_aware/configs/gqa_seq_scaling/tp16_hbm4_80t_mesh2d_4x4_onering_qwen_gqa_hmp_fwd_block2x2_bs1_sl131072_split4_d2d15ns.json,onering,qwen_gqa_hmp_fwd_block2x2_split4_d2d15ns,1,131072,16,,,,,80t,mesh2d,4x4,6996,6996,,,55.036,50.984,SUCCESS,2026-03-23 22:42:31
d502b5a07257db0089ab2c8bff138eeb8abdd8d6ebab4b86871ffa3e97c7a478,tp16_hbm4_80t_mesh2d_4x4_onering_qwen_gqa_hmp_fwd_block2x2_bs1_sl16384,/home/haotian/waferchip/mesh2D/astra_sim_picasso/examples/run_scripts/analytical/congestion_aware/configs/gqa_seq_scaling/tp16_hbm4_80t_mesh2d_4x4_onering_qwen_gqa_hmp_fwd_block2x2_bs1_sl16384.json,onering,qwen_gqa_hmp_fwd_block2x2,1,16384,16,,,,,80t,mesh2d,4x4,1124,1124,,,65.011,39.811,SUCCESS,2026-03-23 22:42:31
bbdb70555af42c8a18248e813e79918c571871e656ee7b85a0b33df58546896f,tp16_hbm4_80t_mesh2d_4x4_onering_qwen_gqa_hmp_fwd_block2x2_bs1_sl16384_split4,/home/haotian/waferchip/mesh2D/astra_sim_picasso/examples/run_scripts/analytical/congestion_aware/configs/gqa_seq_scaling/tp16_hbm4_80t_mesh2d_4x4_onering_qwen_gqa_hmp_fwd_block2x2_bs1_sl16384_split4.json,onering,qwen_gqa_hmp_fwd_block2x2_split4,1,16384,16,,,,,80t,mesh2d,4x4,1124,1124,,,65.011,39.811,SUCCESS,2026-03-23 22:42:31
a40431a901ad52daa2ae4ecb0838e57f8a5ffd597ee6061b560769c23f94953b,tp16_hbm4_80t_mesh2d_4x4_onering_qwen_gqa_hmp_fwd_block2x2_bs1_sl16384_split4_bw1500,/home/haotian/waferchip/mesh2D/astra_sim_picasso/examples/run_scripts/analytical/congestion_aware/configs/gqa_seq_scaling/tp16_hbm4_80t_mesh2d_4x4_onering_qwen_gqa_hmp_fwd_block2x2_bs1_sl16384_split4_bw1500.json,onering,qwen_gqa_hmp_fwd_block2x2_split4_bw1500,1,16384,16,,,,,80t,mesh2d,4x4,1124,1124,,,65.011,39.811,SUCCESS,2026-03-23 22:42:31
3847a16028e1c082783ade73f0ed2c96d5ca9f6901908b870c8163b12818d9e6,tp16_hbm4_80t_mesh2d_4x4_onering_qwen_gqa_hmp_fwd_block2x2_bs1_sl16384_split4_d2d15ns,/home/haotian/waferchip/mesh2D/astra_sim_picasso/examples/run_scripts/analytical/congestion_aware/configs/gqa_seq_scaling/tp16_hbm4_80t_mesh2d_4x4_onering_qwen_gqa_hmp_fwd_block2x2_bs1_sl16384_split4_d2d15ns.json,onering,qwen_gqa_hmp_fwd_block2x2_split4_d2d15ns,1,16384,16,,,,,80t,mesh2d,4x4,1124,1124,,,65.011,39.811,SUCCESS,2026-03-23 22:42:31
2b15fe19e6fcbfd0dca244d2ce6cdbf8ad95d86252ca909a916d26b7c264e84e,tp16_hbm4_80t_mesh2d_4x4_onering_qwen_gqa_hmp_fwd_block2x2_bs1_sl2048,/home/haotian/waferchip/mesh2D/astra_sim_picasso/examples/run_scripts/analytical/congestion_aware/configs/gqa_seq_scaling/tp16_hbm4_80t_mesh2d_4x4_onering_qwen_gqa_hmp_fwd_block2x2_bs1_sl2048.json,onering,qwen_gqa_hmp_fwd_block2x2,1,2048,16,,,,,80t,mesh2d,4x4,392,392,,,87.15,15.012,SUCCESS,2026-03-23 22:42:31
bf861eb460c2f4d09149adb1f22a488a5559675cba6c3a7582845f3a796e5191,tp16_hbm4_80t_mesh2d_4x4_onering_qwen_gqa_hmp_fwd_block2x2_bs1_sl2048_split4,/home/haotian/waferchip/mesh2D/astra_sim_picasso/examples/run_scripts/analytical/congestion_aware/configs/gqa_seq_scaling/tp16_hbm4_80t_mesh2d_4x4_onering_qwen_gqa_hmp_fwd_block2x2_bs1_sl2048_split4.json,onering,qwen_gqa_hmp_fwd_block2x2_split4,1,2048,16,,,,,80t,mesh2d,4x4,392,392,,,87.15,15.012,SUCCESS,2026-03-23 22:42:31
0287bbeefa0aeab5bc17b8df1327628cc02758893f21e3a7bc8c35a1fbe1e510,tp16_hbm4_80t_mesh2d_4x4_onering_qwen_gqa_hmp_fwd_block2x2_bs1_sl2048_split4_bw1500,/home/haotian/waferchip/mesh2D/astra_sim_picasso/examples/run_scripts/analytical/congestion_aware/configs/gqa_seq_scaling/tp16_hbm4_80t_mesh2d_4x4_onering_qwen_gqa_hmp_fwd_block2x2_bs1_sl2048_split4_bw1500.json,onering,qwen_gqa_hmp_fwd_block2x2_split4_bw1500,1,2048,16,,,,,80t,mesh2d,4x4,392,392,,,87.15,15.012,SUCCESS,2026-03-23 22:42:31
dbc99c29e6350782e105cb9d5d4b2d0f6b70d2fd36d6c8c71de0cd36e8c789ff,tp16_hbm4_80t_mesh2d_4x4_onering_qwen_gqa_hmp_fwd_block2x2_bs1_sl2048_split4_d2d15ns,/home/haotian/waferchip/mesh2D/astra_sim_picasso/examples/run_scripts/analytical/congestion_aware/configs/gqa_seq_scaling/tp16_hbm4_80t_mesh2d_4x4_onering_qwen_gqa_hmp_fwd_block2x2_bs1_sl2048_split4_d2d15ns.json,onering,qwen_gqa_hmp_fwd_block2x2_split4_d2d15ns,1,2048,16,,,,,80t,mesh2d,4x4,392,392,,,87.15,15.012,SUCCESS,2026-03-23 22:42:31
466c490eea0383455b21544790f41aed47c2dea4a7117cef3d3607c2ecb5cd43,tp16_hbm4_80t_mesh2d_4x4_onering_qwen_gqa_hmp_fwd_block2x2_bs1_sl262144,/home/haotian/waferchip/mesh2D/astra_sim_picasso/examples/run_scripts/analytical/congestion_aware/configs/gqa_seq_scaling/tp16_hbm4_80t_mesh2d_4x4_onering_qwen_gqa_hmp_fwd_block2x2_bs1_sl262144.json,onering,qwen_gqa_hmp_fwd_block2x2,1,262144,16,,,,,80t,mesh2d,4x4,13708,13708,,,54.1,52.032,SUCCESS,2026-03-23 22:42:31
abf7c6a3af5fc626cea3f058791c427eae6953ea50d6a1fe512a8df3f5d45717,tp16_hbm4_80t_mesh2d_4x4_onering_qwen_gqa_hmp_fwd_block2x2_bs1_sl262144_split4,/home/haotian/waferchip/mesh2D/astra_sim_picasso/examples/run_scripts/analytical/congestion_aware/configs/gqa_seq_scaling/tp16_hbm4_80t_mesh2d_4x4_onering_qwen_gqa_hmp_fwd_block2x2_bs1_sl262144_split4.json,onering,qwen_gqa_hmp_fwd_block2x2_split4,1,262144,16,,,,,80t,mesh2d,4x4,13708,13708,,,54.1,52.032,SUCCESS,2026-03-23 22:42:31
b57dcb8c26a36738801c066c4932e673af7ebe69d50a2f17f505b114e2c4ce29,tp16_hbm4_80t_mesh2d_4x4_onering_qwen_gqa_hmp_fwd_block2x2_bs1_sl262144_split4_bw1500,/home/haotian/waferchip/mesh2D/astra_sim_picasso/examples/run_scripts/analytical/congestion_aware/configs/gqa_seq_scaling/tp16_hbm4_80t_mesh2d_4x4_onering_qwen_gqa_hmp_fwd_block2x2_bs1_sl262144_split4_bw1500.json,onering,qwen_gqa_hmp_fwd_block2x2_split4_bw1500,1,262144,16,,,,,80t,mesh2d,4x4,13708,13708,,,54.1,52.032,SUCCESS,2026-03-23 22:42:32
7e78632659c7e37922159484f9493f3c87e88be474cc11faa8ff771ac9c2c75e,tp16_hbm4_80t_mesh2d_4x4_onering_qwen_gqa_hmp_fwd_block2x2_bs1_sl262144_split4_d2d15ns,/home/haotian/waferchip/mesh2D/astra_sim_picasso/examples/run_scripts/analytical/congestion_aware/configs/gqa_seq_scaling/tp16_hbm4_80t_mesh2d_4x4_onering_qwen_gqa_hmp_fwd_block2x2_bs1_sl262144_split4_d2d15ns.json,onering,qwen_gqa_hmp_fwd_block2x2_split4_d2d15ns,1,262144,16,,,,,80t,mesh2d,4x4,13708,13708,,,54.1,52.032,SUCCESS,2026-03-23 22:42:32
27d1bca7c365a4ac9beeadc2e8bc4175d6f8dd0d2a2985f305fe7d90d9a3aa4b,tp16_hbm4_80t_mesh2d_4x4_onering_qwen_gqa_hmp_fwd_block2x2_bs1_sl32768,/home/haotian/waferchip/mesh2D/astra_sim_picasso/examples/run_scripts/analytical/congestion_aware/configs/gqa_seq_scaling/tp16_hbm4_80t_mesh2d_4x4_onering_qwen_gqa_hmp_fwd_block2x2_bs1_sl32768.json,onering,qwen_gqa_hmp_fwd_block2x2,1,32768,16,,,,,80t,mesh2d,4x4,1964,1964,,,59.93,45.503,SUCCESS,2026-03-23 22:42:32
0287961c50170d1fe2c90271f2d5371b63b2d1d308aa94550d11cd49d7f5db04,tp16_hbm4_80t_mesh2d_4x4_onering_qwen_gqa_hmp_fwd_block2x2_bs1_sl32768_split4,/home/haotian/waferchip/mesh2D/astra_sim_picasso/examples/run_scripts/analytical/congestion_aware/configs/gqa_seq_scaling/tp16_hbm4_80t_mesh2d_4x4_onering_qwen_gqa_hmp_fwd_block2x2_bs1_sl32768_split4.json,onering,qwen_gqa_hmp_fwd_block2x2_split4,1,32768,16,,,,,80t,mesh2d,4x4,1964,1964,,,59.93,45.503,SUCCESS,2026-03-23 22:42:32
096761b52ec7ee650f140639d01dcfb384ecffbcd5c0759872afcc5a7317897b,tp16_hbm4_80t_mesh2d_4x4_onering_qwen_gqa_hmp_fwd_block2x2_bs1_sl32768_split4_bw1500,/home/haotian/waferchip/mesh2D/astra_sim_picasso/examples/run_scripts/analytical/congestion_aware/configs/gqa_seq_scaling/tp16_hbm4_80t_mesh2d_4x4_onering_qwen_gqa_hmp_fwd_block2x2_bs1_sl32768_split4_bw1500.json,onering,qwen_gqa_hmp_fwd_block2x2_split4_bw1500,1,32768,16,,,,,80t,mesh2d,4x4,1964,1964,,,59.93,45.503,SUCCESS,2026-03-23 22:42:32
b8fc3719d643784d01f26415683008b50315b166a23624030f7346f2633ed297,tp16_hbm4_80t_mesh2d_4x4_onering_qwen_gqa_hmp_fwd_block2x2_bs1_sl32768_split4_d2d15ns,/home/haotian/waferchip/mesh2D/astra_sim_picasso/examples/run_scripts/analytical/congestion_aware/configs/gqa_seq_scaling/tp16_hbm4_80t_mesh2d_4x4_onering_qwen_gqa_hmp_fwd_block2x2_bs1_sl32768_split4_d2d15ns.json,onering,qwen_gqa_hmp_fwd_block2x2_split4_d2d15ns,1,32768,16,,,,,80t,mesh2d,4x4,1964,1964,,,59.93,45.503,SUCCESS,2026-03-23 22:42:32
bcd170a862672bd7c094ce4cc01868545f026ab55637e53841e71ecd08c93cdd,tp16_hbm4_80t_mesh2d_4x4_onering_qwen_gqa_hmp_fwd_block2x2_bs1_sl4096,/home/haotian/waferchip/mesh2D/astra_sim_picasso/examples/run_scripts/analytical/congestion_aware/configs/gqa_seq_scaling/tp16_hbm4_80t_mesh2d_4x4_onering_qwen_gqa_hmp_fwd_block2x2_bs1_sl4096.json,onering,qwen_gqa_hmp_fwd_block2x2,1,4096,16,,,,,80t,mesh2d,4x4,496,496,,,80.03,22.988,SUCCESS,2026-03-23 22:42:32
0f5ef71b655e01c2b9a05dcfc719f80a2aa63c5880035f940dcccfb36696fc9a,tp16_hbm4_80t_mesh2d_4x4_onering_qwen_gqa_hmp_fwd_block2x2_bs1_sl4096_split4,/home/haotian/waferchip/mesh2D/astra_sim_picasso/examples/run_scripts/analytical/congestion_aware/configs/gqa_seq_scaling/tp16_hbm4_80t_mesh2d_4x4_onering_qwen_gqa_hmp_fwd_block2x2_bs1_sl4096_split4.json,onering,qwen_gqa_hmp_fwd_block2x2_split4,1,4096,16,,,,,80t,mesh2d,4x4,496,496,,,80.03,22.988,SUCCESS,2026-03-23 22:42:32
142840168413e3f1648bdbf34e28c98c1f9664e6a5ec4db8a39087c27dc75e46,tp16_hbm4_80t_mesh2d_4x4_onering_qwen_gqa_hmp_fwd_block2x2_bs1_sl4096_split4_bw1500,/home/haotian/waferchip/mesh2D/astra_sim_picasso/examples/run_scripts/analytical/congestion_aware/configs/gqa_seq_scaling/tp16_hbm4_80t_mesh2d_4x4_onering_qwen_gqa_hmp_fwd_block2x2_bs1_sl4096_split4_bw1500.json,onering,qwen_gqa_hmp_fwd_block2x2_split4_bw1500,1,4096,16,,,,,80t,mesh2d,4x4,496,496,,,80.03,22.988,SUCCESS,2026-03-23 22:42:32
d40c000687c76c22678f5131ca5f9349e88b6d885a140e4ada9efd7fc2e63ea5,tp16_hbm4_80t_mesh2d_4x4_onering_qwen_gqa_hmp_fwd_block2x2_bs1_sl4096_split4_d2d15ns,/home/haotian/waferchip/mesh2D/astra_sim_picasso/examples/run_scripts/analytical/congestion_aware/configs/gqa_seq_scaling/tp16_hbm4_80t_mesh2d_4x4_onering_qwen_gqa_hmp_fwd_block2x2_bs1_sl4096_split4_d2d15ns.json,onering,qwen_gqa_hmp_fwd_block2x2_split4_d2d15ns,1,4096,16,,,,,80t,mesh2d,4x4,496,496,,,80.03,22.988,SUCCESS,2026-03-23 22:42:32
7762085b55a36326fe5eefcee643846fa4e69963e21a3dc2667dcd0c57c26627,tp16_hbm4_80t_mesh2d_4x4_onering_qwen_gqa_hmp_fwd_block2x2_bs1_sl524288,/home/haotian/waferchip/mesh2D/astra_sim_picasso/examples/run_scripts/analytical/congestion_aware/configs/gqa_seq_scaling/tp16_hbm4_80t_mesh2d_4x4_onering_qwen_gqa_hmp_fwd_block2x2_bs1_sl524288.json,onering,qwen_gqa_hmp_fwd_block2x2,1,524288,16,,,,,80t,mesh2d,4x4,27128,27128,,,53.618,52.573,SUCCESS,2026-03-23 22:42:32
414126233f4c081eff85b52feba680cbefb77d3d542c4545633132216801383b,tp16_hbm4_80t_mesh2d_4x4_onering_qwen_gqa_hmp_fwd_block2x2_bs1_sl524288_split4,/home/haotian/waferchip/mesh2D/astra_sim_picasso/examples/run_scripts/analytical/congestion_aware/configs/gqa_seq_scaling/tp16_hbm4_80t_mesh2d_4x4_onering_qwen_gqa_hmp_fwd_block2x2_bs1_sl524288_split4.json,onering,qwen_gqa_hmp_fwd_block2x2_split4,1,524288,16,,,,,80t,mesh2d,4x4,27128,27128,,,53.618,52.573,SUCCESS,2026-03-23 22:42:32
a2f681efd265b7714c251915b11985f18bf46d01b8865b47a3fa36a899788a1f,tp16_hbm4_80t_mesh2d_4x4_onering_qwen_gqa_hmp_fwd_block2x2_bs1_sl524288_split4_bw1500,/home/haotian/waferchip/mesh2D/astra_sim_picasso/examples/run_scripts/analytical/congestion_aware/configs/gqa_seq_scaling/tp16_hbm4_80t_mesh2d_4x4_onering_qwen_gqa_hmp_fwd_block2x2_bs1_sl524288_split4_bw1500.json,onering,qwen_gqa_hmp_fwd_block2x2_split4_bw1500,1,524288,16,,,,,80t,mesh2d,4x4,27128,27128,,,53.618,52.573,SUCCESS,2026-03-23 22:42:32
c0c9c76acdf5dc44994508ef3a8a81e1d444388e3ddf56ad8f983f9badcf48a9,tp16_hbm4_80t_mesh2d_4x4_onering_qwen_gqa_hmp_fwd_block2x2_bs1_sl524288_split4_d2d15ns,/home/haotian/waferchip/mesh2D/astra_sim_picasso/examples/run_scripts/analytical/congestion_aware/configs/gqa_seq_scaling/tp16_hbm4_80t_mesh2d_4x4_onering_qwen_gqa_hmp_fwd_block2x2_bs1_sl524288_split4_d2d15ns.json,onering,qwen_gqa_hmp_fwd_block2x2_split4_d2d15ns,1,524288,16,,,,,80t,mesh2d,4x4,27128,27128,,,53.618,52.573,SUCCESS,2026-03-23 22:42:32
b1ddad4bdf70c6464342de86947ce3a484e9bcf26e53e3f4b9a01b7f9ca0d6d5,tp16_hbm4_80t_mesh2d_4x4_onering_qwen_gqa_hmp_fwd_block2x2_bs1_sl65536,/home/haotian/waferchip/mesh2D/astra_sim_picasso/examples/run_scripts/analytical/congestion_aware/configs/gqa_seq_scaling/tp16_hbm4_80t_mesh2d_4x4_onering_qwen_gqa_hmp_fwd_block2x2_bs1_sl65536.json,onering,qwen_gqa_hmp_fwd_block2x2,1,65536,16,,,,,80t,mesh2d,4x4,3640,3640,,,56.798,49.011,SUCCESS,2026-03-23 22:42:32
4199a4ea30ede2dc37e20a54476a8bf26520e447b415a0bb1e00970983d539a4,tp16_hbm4_80t_mesh2d_4x4_onering_qwen_gqa_hmp_fwd_block2x2_bs1_sl65536_split4,/home/haotian/waferchip/mesh2D/astra_sim_picasso/examples/run_scripts/analytical/congestion_aware/configs/gqa_seq_scaling/tp16_hbm4_80t_mesh2d_4x4_onering_qwen_gqa_hmp_fwd_block2x2_bs1_sl65536_split4.json,onering,qwen_gqa_hmp_fwd_block2x2_split4,1,65536,16,,,,,80t,mesh2d,4x4,3640,3640,,,56.798,49.011,SUCCESS,2026-03-23 22:42:32
dc8b8ac85f90a34d07f233fc85503d543def73ab081ca99fa48fed109758537e,tp16_hbm4_80t_mesh2d_4x4_onering_qwen_gqa_hmp_fwd_block2x2_bs1_sl65536_split4_bw1500,/home/haotian/waferchip/mesh2D/astra_sim_picasso/examples/run_scripts/analytical/congestion_aware/configs/gqa_seq_scaling/tp16_hbm4_80t_mesh2d_4x4_onering_qwen_gqa_hmp_fwd_block2x2_bs1_sl65536_split4_bw1500.json,onering,qwen_gqa_hmp_fwd_block2x2_split4_bw1500,1,65536,16,,,,,80t,mesh2d,4x4,3640,3640,,,56.798,49.011,SUCCESS,2026-03-23 22:42:32
3e69b73b675a54f890686bf2d7ac4d15bfdbb0f60a73e40a5c649b4f5cd86474,tp16_hbm4_80t_mesh2d_4x4_onering_qwen_gqa_hmp_fwd_block2x2_bs1_sl65536_split4_d2d15ns,/home/haotian/waferchip/mesh2D/astra_sim_picasso/examples/run_scripts/analytical/congestion_aware/configs/gqa_seq_scaling/tp16_hbm4_80t_mesh2d_4x4_onering_qwen_gqa_hmp_fwd_block2x2_bs1_sl65536_split4_d2d15ns.json,onering,qwen_gqa_hmp_fwd_block2x2_split4_d2d15ns,1,65536,16,,,,,80t,mesh2d,4x4,3640,3640,,,56.798,49.011,SUCCESS,2026-03-23 22:42:32
83ecc95df05d6c0c13b480289b2f178f3abedba23e8158d2e25e97e36bb87a40,tp16_hbm4_80t_mesh2d_4x4_onering_qwen_gqa_hmp_fwd_block2x2_bs1_sl8192,/home/haotian/waferchip/mesh2D/astra_sim_picasso/examples/run_scripts/analytical/congestion_aware/configs/gqa_seq_scaling/tp16_hbm4_80t_mesh2d_4x4_onering_qwen_gqa_hmp_fwd_block2x2_bs1_sl8192.json,onering,qwen_gqa_hmp_fwd_block2x2,1,8192,16,,,,,80t,mesh2d,4x4,704,704,,,72.092,31.879,SUCCESS,2026-03-23 22:42:32
239192c7f98726a50534a8a1851c2d2d96cadeeb61e24a7ed0827835c96a31b6,tp16_hbm4_80t_mesh2d_4x4_onering_qwen_gqa_hmp_fwd_block2x2_bs1_sl8192_split4,/home/haotian/waferchip/mesh2D/astra_sim_picasso/examples/run_scripts/analytical/congestion_aware/configs/gqa_seq_scaling/tp16_hbm4_80t_mesh2d_4x4_onering_qwen_gqa_hmp_fwd_block2x2_bs1_sl8192_split4.json,onering,qwen_gqa_hmp_fwd_block2x2_split4,1,8192,16,,,,,80t,mesh2d,4x4,704,704,,,72.092,31.879,SUCCESS,2026-03-23 22:42:33
8affcd1f46ad6f3c0b61927e85133f23b678428854f08323fe0217ca5eede7db,tp16_hbm4_80t_mesh2d_4x4_onering_qwen_gqa_hmp_fwd_block2x2_bs1_sl8192_split4_bw1500,/home/haotian/waferchip/mesh2D/astra_sim_picasso/examples/run_scripts/analytical/congestion_aware/configs/gqa_seq_scaling/tp16_hbm4_80t_mesh2d_4x4_onering_qwen_gqa_hmp_fwd_block2x2_bs1_sl8192_split4_bw1500.json,onering,qwen_gqa_hmp_fwd_block2x2_split4_bw1500,1,8192,16,,,,,80t,mesh2d,4x4,704,704,,,72.092,31.879,SUCCESS,2026-03-23 22:42:33
4f80c359d8e7144216f3de92a2c643f7f398893365421920edd51a01a74eecc0,tp16_hbm4_80t_mesh2d_4x4_onering_qwen_gqa_hmp_fwd_block2x2_bs1_sl8192_split4_d2d15ns,/home/haotian/waferchip/mesh2D/astra_sim_picasso/examples/run_scripts/analytical/congestion_aware/configs/gqa_seq_scaling/tp16_hbm4_80t_mesh2d_4x4_onering_qwen_gqa_hmp_fwd_block2x2_bs1_sl8192_split4_d2d15ns.json,onering,qwen_gqa_hmp_fwd_block2x2_split4_d2d15ns,1,8192,16,,,,,80t,mesh2d,4x4,704,704,,,72.092,31.879,SUCCESS,2026-03-23 22:42:33
e0fffc1e2e9c4d452f460cece6e471115d11a3135a97711cbbd453af8acd01b1,tp16_hbm4_80t_mesh2d_4x4_onering_qwen_gqa_tp16_fwd_bs1_sl1024,/home/haotian/waferchip/mesh2D/astra_sim_picasso/examples/run_scripts/analytical/congestion_aware/configs/gqa_seq_scaling/tp16_hbm4_80t_mesh2d_4x4_onering_qwen_gqa_tp16_fwd_bs1_sl1024.json,onering,qwen_gqa_tp16_fwd,1,1024,16,,,,,80t,mesh2d,4x4,23442,162,23280,,84.433,21.199,SUCCESS,2026-03-23 22:42:34
7480440f9dbe5baba16e908d74effc8e58633f64cf3f048b2bd166b9490db563,tp16_hbm4_80t_mesh2d_4x4_onering_qwen_gqa_tp16_fwd_bs1_sl1024_split4,/home/haotian/waferchip/mesh2D/astra_sim_picasso/examples/run_scripts/analytical/congestion_aware/configs/gqa_seq_scaling/tp16_hbm4_80t_mesh2d_4x4_onering_qwen_gqa_tp16_fwd_bs1_sl1024_split4.json,onering,qwen_gqa_tp16_fwd_split4,1,1024,16,,,,,80t,mesh2d,4x4,3172,162,3010,,84.433,21.199,SUCCESS,2026-03-23 22:42:34
f195332a8fa1ed5595b00f518aa928f3180351b3693c4a91f7fa4fd806f3065b,tp16_hbm4_80t_mesh2d_4x4_onering_qwen_gqa_tp16_fwd_bs1_sl1024_split4_bw1500,/home/haotian/waferchip/mesh2D/astra_sim_picasso/examples/run_scripts/analytical/congestion_aware/configs/gqa_seq_scaling/tp16_hbm4_80t_mesh2d_4x4_onering_qwen_gqa_tp16_fwd_bs1_sl1024_split4_bw1500.json,onering,qwen_gqa_tp16_fwd_split4_bw1500,1,1024,16,,,,,80t,mesh2d,4x4,792,162,630,,84.433,21.199,SUCCESS,2026-03-23 22:42:35
677896538c5cddf6cccefe0bc04c21af529573ae84dd6dfc58ec1f7f67c3b4ea,tp16_hbm4_80t_mesh2d_4x4_onering_qwen_gqa_tp16_fwd_bs1_sl1024_split4_d2d15ns,/home/haotian/waferchip/mesh2D/astra_sim_picasso/examples/run_scripts/analytical/congestion_aware/configs/gqa_seq_scaling/tp16_hbm4_80t_mesh2d_4x4_onering_qwen_gqa_tp16_fwd_bs1_sl1024_split4_d2d15ns.json,onering,qwen_gqa_tp16_fwd_split4_d2d15ns,1,1024,16,,,,,80t,mesh2d,4x4,792,162,630,,84.433,21.199,SUCCESS,2026-03-23 22:42:35
c796a51b356c33fa2cf4b833938c3ff16f071116d69861aea257b7b7a2ac8251,tp16_hbm4_80t_mesh2d_4x4_onering_qwen_gqa_tp16_fwd_bs1_sl1048576,/home/haotian/waferchip/mesh2D/astra_sim_picasso/examples/run_scripts/analytical/congestion_aware/configs/gqa_seq_scaling/tp16_hbm4_80t_mesh2d_4x4_onering_qwen_gqa_tp16_fwd_bs1_sl1048576.json,onering,qwen_gqa_tp16_fwd,1,1048576,16,,,,,80t,mesh2d,4x4,93504,53794,39710,,53.22,62.375,SUCCESS,2026-03-23 22:42:37
323fd44fc7ca1d7cfd117b5efe6e2445545692f1d46037d61633c8f4a269d871,tp16_hbm4_80t_mesh2d_4x4_onering_qwen_gqa_tp16_fwd_bs1_sl1048576_split4,/home/haotian/waferchip/mesh2D/astra_sim_picasso/examples/run_scripts/analytical/congestion_aware/configs/gqa_seq_scaling/tp16_hbm4_80t_mesh2d_4x4_onering_qwen_gqa_tp16_fwd_bs1_sl1048576_split4.json,onering,qwen_gqa_tp16_fwd_split4,1,1048576,16,,,,,80t,mesh2d,4x4,69049,53794,15255,,53.22,62.375,SUCCESS,2026-03-23 22:42:37
73ebabd54a9dbc641f5e752e08061b4f29a87719642c59186d15006d3814fddf,tp16_hbm4_80t_mesh2d_4x4_onering_qwen_gqa_tp16_fwd_bs1_sl1048576_split4_bw1500,/home/haotian/waferchip/mesh2D/astra_sim_picasso/examples/run_scripts/analytical/congestion_aware/configs/gqa_seq_scaling/tp16_hbm4_80t_mesh2d_4x4_onering_qwen_gqa_tp16_fwd_bs1_sl1048576_split4_bw1500.json,onering,qwen_gqa_tp16_fwd_split4_bw1500,1,1048576,16,,,,,80t,mesh2d,4x4,71165,53794,17371,,53.22,62.375,SUCCESS,2026-03-23 22:42:37
94aefc732ee59e1fbc1248e9262f7b8f84ea143d3e6fa1e41f96fd0e085d88b7,tp16_hbm4_80t_mesh2d_4x4_onering_qwen_gqa_tp16_fwd_bs1_sl1048576_split4_d2d15ns,/home/haotian/waferchip/mesh2D/astra_sim_picasso/examples/run_scripts/analytical/congestion_aware/configs/gqa_seq_scaling/tp16_hbm4_80t_mesh2d_4x4_onering_qwen_gqa_tp16_fwd_bs1_sl1048576_split4_d2d15ns.json,onering,qwen_gqa_tp16_fwd_split4_d2d15ns,1,1048576,16,,,,,80t,mesh2d,4x4,66927,53794,13133,,53.22,62.375,SUCCESS,2026-03-23 22:42:38
25b485a33597378dadad1b7385cab15a203dbe8d8df8e646a5c3ca2ad40069df,tp16_hbm4_80t_mesh2d_4x4_onering_qwen_gqa_tp16_fwd_bs1_sl131072,/home/haotian/waferchip/mesh2D/astra_sim_picasso/examples/run_scripts/analytical/congestion_aware/configs/gqa_seq_scaling/tp16_hbm4_80t_mesh2d_4x4_onering_qwen_gqa_tp16_fwd_bs1_sl131072.json,onering,qwen_gqa_tp16_fwd,1,131072,16,,,,,80t,mesh2d,4x4,32129,6818,25311,,53.873,61.513,SUCCESS,2026-03-23 22:42:39
e4085893e1686b707560846df0f94d099699b1d13e4f7e34fbeb35f7262c2a02,tp16_hbm4_80t_mesh2d_4x4_onering_qwen_gqa_tp16_fwd_bs1_sl131072_split4,/home/haotian/waferchip/mesh2D/astra_sim_picasso/examples/run_scripts/analytical/congestion_aware/configs/gqa_seq_scaling/tp16_hbm4_80t_mesh2d_4x4_onering_qwen_gqa_tp16_fwd_bs1_sl131072_split4.json,onering,qwen_gqa_tp16_fwd_split4,1,131072,16,,,,,80t,mesh2d,4x4,11113,6818,4295,,53.873,61.513,SUCCESS,2026-03-23 22:42:40
7dee8c44373686b7a780e8ec1b0693a74e416ae83ba268669384096d36e96412,tp16_hbm4_80t_mesh2d_4x4_onering_qwen_gqa_tp16_fwd_bs1_sl131072_split4_bw1500,/home/haotian/waferchip/mesh2D/astra_sim_picasso/examples/run_scripts/analytical/congestion_aware/configs/gqa_seq_scaling/tp16_hbm4_80t_mesh2d_4x4_onering_qwen_gqa_tp16_fwd_bs1_sl131072_split4_bw1500.json,onering,qwen_gqa_tp16_fwd_split4_bw1500,1,131072,16,,,,,80t,mesh2d,4x4,9369,6818,2551,,53.873,61.513,SUCCESS,2026-03-23 22:42:40
8e94ad20312452fa4c9fcd63c701e8831dab3f72ea05fd767972006bb1bb9205,tp16_hbm4_80t_mesh2d_4x4_onering_qwen_gqa_tp16_fwd_bs1_sl131072_split4_d2d15ns,/home/haotian/waferchip/mesh2D/astra_sim_picasso/examples/run_scripts/analytical/congestion_aware/configs/gqa_seq_scaling/tp16_hbm4_80t_mesh2d_4x4_onering_qwen_gqa_tp16_fwd_bs1_sl131072_split4_d2d15ns.json,onering,qwen_gqa_tp16_fwd_split4_d2d15ns,1,131072,16,,,,,80t,mesh2d,4x4,8959,6818,2141,,53.873,61.513,SUCCESS,2026-03-23 22:42:40
ec767e4c08967c46ed3467f3cea1729f523b43593961c83b49ef9a8f007df932,tp16_hbm4_80t_mesh2d_4x4_onering_qwen_gqa_tp16_fwd_bs1_sl16384,/home/haotian/waferchip/mesh2D/astra_sim_picasso/examples/run_scripts/analytical/congestion_aware/configs/gqa_seq_scaling/tp16_hbm4_80t_mesh2d_4x4_onering_qwen_gqa_tp16_fwd_bs1_sl16384.json,onering,qwen_gqa_tp16_fwd,1,16384,16,,,,,80t,mesh2d,4x4,24371,946,23425,,58.514,55.391,SUCCESS,2026-03-23 22:42:42
a25996d61bde280b29fa6cdf15887c296997e809142ce9870ee5d55ed19e030f,tp16_hbm4_80t_mesh2d_4x4_onering_qwen_gqa_tp16_fwd_bs1_sl16384_split4,/home/haotian/waferchip/mesh2D/astra_sim_picasso/examples/run_scripts/analytical/congestion_aware/configs/gqa_seq_scaling/tp16_hbm4_80t_mesh2d_4x4_onering_qwen_gqa_tp16_fwd_bs1_sl16384_split4.json,onering,qwen_gqa_tp16_fwd_split4,1,16384,16,,,,,80t,mesh2d,4x4,4087,946,3141,,58.514,55.391,SUCCESS,2026-03-23 22:42:42
d62201b1bb1522a61bf063d2e58105ad95fbac2be0cb24130b2207303979b651,tp16_hbm4_80t_mesh2d_4x4_onering_qwen_gqa_tp16_fwd_bs1_sl16384_split4_bw1500,/home/haotian/waferchip/mesh2D/astra_sim_picasso/examples/run_scripts/analytical/congestion_aware/configs/gqa_seq_scaling/tp16_hbm4_80t_mesh2d_4x4_onering_qwen_gqa_tp16_fwd_bs1_sl16384_split4_bw1500.json,onering,qwen_gqa_tp16_fwd_split4_bw1500,1,16384,16,,,,,80t,mesh2d,4x4,1750,946,804,,58.514,55.391,SUCCESS,2026-03-23 22:42:43
7001ec5cb20e81cc7d6b3bbfeee4cfdbdf6df076be202c90543a6b19a34afa35,tp16_hbm4_80t_mesh2d_4x4_onering_qwen_gqa_tp16_fwd_bs1_sl16384_split4_d2d15ns,/home/haotian/waferchip/mesh2D/astra_sim_picasso/examples/run_scripts/analytical/congestion_aware/configs/gqa_seq_scaling/tp16_hbm4_80t_mesh2d_4x4_onering_qwen_gqa_tp16_fwd_bs1_sl16384_split4_d2d15ns.json,onering,qwen_gqa_tp16_fwd_split4_d2d15ns,1,16384,16,,,,,80t,mesh2d,4x4,1707,946,761,,58.514,55.391,SUCCESS,2026-03-23 22:42:43
e9b9402bc86043ad38d55d677a26763fbb0a13b3fd474f593734c5644dd2c7ad,tp16_hbm4_80t_mesh2d_4x4_onering_qwen_gqa_tp16_fwd_bs1_sl2048,/home/haotian/waferchip/mesh2D/astra_sim_picasso/examples/run_scripts/analytical/congestion_aware/configs/gqa_seq_scaling/tp16_hbm4_80t_mesh2d_4x4_onering_qwen_gqa_tp16_fwd_bs1_sl2048.json,onering,qwen_gqa_tp16_fwd,1,2048,16,,,,,80t,mesh2d,4x4,23494,214,23280,,76.86,31.188,SUCCESS,2026-03-23 22:42:45
690160eff92f39f260f7678698e018cfa59765140b53cb9e94020d85f002cd02,tp16_hbm4_80t_mesh2d_4x4_onering_qwen_gqa_tp16_fwd_bs1_sl2048_split4,/home/haotian/waferchip/mesh2D/astra_sim_picasso/examples/run_scripts/analytical/congestion_aware/configs/gqa_seq_scaling/tp16_hbm4_80t_mesh2d_4x4_onering_qwen_gqa_tp16_fwd_bs1_sl2048_split4.json,onering,qwen_gqa_tp16_fwd_split4,1,2048,16,,,,,80t,mesh2d,4x4,3224,214,3010,,76.86,31.188,SUCCESS,2026-03-23 22:42:45
96a72def1ad2e29f6229bb2ce123c73b5d97c530e5d686989020e61e73105ad1,tp16_hbm4_80t_mesh2d_4x4_onering_qwen_gqa_tp16_fwd_bs1_sl2048_split4_bw1500,/home/haotian/waferchip/mesh2D/astra_sim_picasso/examples/run_scripts/analytical/congestion_aware/configs/gqa_seq_scaling/tp16_hbm4_80t_mesh2d_4x4_onering_qwen_gqa_tp16_fwd_bs1_sl2048_split4_bw1500.json,onering,qwen_gqa_tp16_fwd_split4_bw1500,1,2048,16,,,,,80t,mesh2d,4x4,855,214,641,,76.86,31.188,SUCCESS,2026-03-23 22:42:45
2f1cc9c8acec10c6c47ed74381231851d2dc287b38e2bacbd3ba182bbe29c562,tp16_hbm4_80t_mesh2d_4x4_onering_qwen_gqa_tp16_fwd_bs1_sl2048_split4_d2d15ns,/home/haotian/waferchip/mesh2D/astra_sim_picasso/examples/run_scripts/analytical/congestion_aware/configs/gqa_seq_scaling/tp16_hbm4_80t_mesh2d_4x4_onering_qwen_gqa_tp16_fwd_bs1_sl2048_split4_d2d15ns.json,onering,qwen_gqa_tp16_fwd_split4_d2d15ns,1,2048,16,,,,,80t,mesh2d,4x4,844,214,630,,76.86,31.188,SUCCESS,2026-03-23 22:42:46
f877dfe7dfff13f861e64c84df40aee533edfbf5d2d2d5233fa57fec4c497860,tp16_hbm4_80t_mesh2d_4x4_onering_qwen_gqa_tp16_fwd_bs1_sl262144,/home/haotian/waferchip/mesh2D/astra_sim_picasso/examples/run_scripts/analytical/congestion_aware/configs/gqa_seq_scaling/tp16_hbm4_80t_mesh2d_4x4_onering_qwen_gqa_tp16_fwd_bs1_sl262144.json,onering,qwen_gqa_tp16_fwd,1,262144,16,,,,,80t,mesh2d,4x4,40872,13530,27342,,53.502,62.002,SUCCESS,2026-03-23 22:42:47
b0a2ddb9b7a88a54e8f6e57c710d288052fea1314e1ba3188916578d441bfa5f,tp16_hbm4_80t_mesh2d_4x4_onering_qwen_gqa_tp16_fwd_bs1_sl262144_split4,/home/haotian/waferchip/mesh2D/astra_sim_picasso/examples/run_scripts/analytical/congestion_aware/configs/gqa_seq_scaling/tp16_hbm4_80t_mesh2d_4x4_onering_qwen_gqa_tp16_fwd_bs1_sl262144_split4.json,onering,qwen_gqa_tp16_fwd_split4,1,262144,16,,,,,80t,mesh2d,4x4,19362,13530,5832,,53.502,62.002,SUCCESS,2026-03-23 22:42:48
cd43fdf1fa7468ff2e59378c7921b2cf7d04d2cbea1821673a1168606233e09a,tp16_hbm4_80t_mesh2d_4x4_onering_qwen_gqa_tp16_fwd_bs1_sl262144_split4_bw1500,/home/haotian/waferchip/mesh2D/astra_sim_picasso/examples/run_scripts/analytical/congestion_aware/configs/gqa_seq_scaling/tp16_hbm4_80t_mesh2d_4x4_onering_qwen_gqa_tp16_fwd_bs1_sl262144_split4_bw1500.json,onering,qwen_gqa_tp16_fwd_split4_bw1500,1,262144,16,,,,,80t,mesh2d,4x4,18187,13530,4657,,53.502,62.002,SUCCESS,2026-03-23 22:42:48
fbc9374accd8c3c296337a157be5f5686cd3e4bcc192347a2af0940cceb3d792,tp16_hbm4_80t_mesh2d_4x4_onering_qwen_gqa_tp16_fwd_bs1_sl262144_split4_d2d15ns,/home/haotian/waferchip/mesh2D/astra_sim_picasso/examples/run_scripts/analytical/congestion_aware/configs/gqa_seq_scaling/tp16_hbm4_80t_mesh2d_4x4_onering_qwen_gqa_tp16_fwd_bs1_sl262144_split4_d2d15ns.json,onering,qwen_gqa_tp16_fwd_split4_d2d15ns,1,262144,16,,,,,80t,mesh2d,4x4,17237,13530,3707,,53.502,62.002,SUCCESS,2026-03-23 22:42:48
057508c589b22936ca40b29c1bbf24ac0fceeff7b9d43849c224dcb1e2e89f56,tp16_hbm4_80t_mesh2d_4x4_onering_qwen_gqa_tp16_fwd_bs1_sl32768,/home/haotian/waferchip/mesh2D/astra_sim_picasso/examples/run_scripts/analytical/congestion_aware/configs/gqa_seq_scaling/tp16_hbm4_80t_mesh2d_4x4_onering_qwen_gqa_tp16_fwd_bs1_sl32768.json,onering,qwen_gqa_tp16_fwd,1,32768,16,,,,,80t,mesh2d,4x4,25501,1786,23715,,55.981,58.733,SUCCESS,2026-03-23 22:42:50
2a3ecabf12496f17e463f035f6a5f2306dcd3ebeb27962d131833e16f4c67764,tp16_hbm4_80t_mesh2d_4x4_onering_qwen_gqa_tp16_fwd_bs1_sl32768_split4,/home/haotian/waferchip/mesh2D/astra_sim_picasso/examples/run_scripts/analytical/congestion_aware/configs/gqa_seq_scaling/tp16_hbm4_80t_mesh2d_4x4_onering_qwen_gqa_tp16_fwd_bs1_sl32768_split4.json,onering,qwen_gqa_tp16_fwd_split4,1,32768,16,,,,,80t,mesh2d,4x4,5078,1786,3292,,55.981,58.733,SUCCESS,2026-03-23 22:42:50
84e745647722e9504c98202de537e75843418d6af4cdcbe6757ca062ea515c95,tp16_hbm4_80t_mesh2d_4x4_onering_qwen_gqa_tp16_fwd_bs1_sl32768_split4_bw1500,/home/haotian/waferchip/mesh2D/astra_sim_picasso/examples/run_scripts/analytical/congestion_aware/configs/gqa_seq_scaling/tp16_hbm4_80t_mesh2d_4x4_onering_qwen_gqa_tp16_fwd_bs1_sl32768_split4_bw1500.json,onering,qwen_gqa_tp16_fwd_split4_bw1500,1,32768,16,,,,,80t,mesh2d,4x4,2823,1786,1037,,55.981,58.733,SUCCESS,2026-03-23 22:42:51
289f738734be6d2d5210566fae9089baf8c1ffb316b7ea2d76fd3b093115fc3f,tp16_hbm4_80t_mesh2d_4x4_onering_qwen_gqa_tp16_fwd_bs1_sl32768_split4_d2d15ns,/home/haotian/waferchip/mesh2D/astra_sim_picasso/examples/run_scripts/analytical/congestion_aware/configs/gqa_seq_scaling/tp16_hbm4_80t_mesh2d_4x4_onering_qwen_gqa_tp16_fwd_bs1_sl32768_split4_d2d15ns.json,onering,qwen_gqa_tp16_fwd_split4_d2d15ns,1,32768,16,,,,,80t,mesh2d,4x4,2738,1786,952,,55.981,58.733,SUCCESS,2026-03-23 22:42:51
76e0a99139add2de93b32c774ebe9bc584b0a2074966b411b4e25d6b9d24dd2a,tp16_hbm4_80t_mesh2d_4x4_onering_qwen_gqa_tp16_fwd_bs1_sl4096,/home/haotian/waferchip/mesh2D/astra_sim_picasso/examples/run_scripts/analytical/congestion_aware/configs/gqa_seq_scaling/tp16_hbm4_80t_mesh2d_4x4_onering_qwen_gqa_tp16_fwd_bs1_sl4096.json,onering,qwen_gqa_tp16_fwd,1,4096,16,,,,,80t,mesh2d,4x4,23598,318,23280,,69.122,41.396,SUCCESS,2026-03-23 22:42:52
c53c7d6fac9aae5a2c62320630f1d803f8cfd0ca964cd1ae93548751f233e9f9,tp16_hbm4_80t_mesh2d_4x4_onering_qwen_gqa_tp16_fwd_bs1_sl4096_split4,/home/haotian/waferchip/mesh2D/astra_sim_picasso/examples/run_scripts/analytical/congestion_aware/configs/gqa_seq_scaling/tp16_hbm4_80t_mesh2d_4x4_onering_qwen_gqa_tp16_fwd_bs1_sl4096_split4.json,onering,qwen_gqa_tp16_fwd_split4,1,4096,16,,,,,80t,mesh2d,4x4,3348,318,3030,,69.122,41.396,SUCCESS,2026-03-23 22:42:53
8c8dac759707ce28c1c46daf5d5732eba149dd83015808be04c2fd63fad09118,tp16_hbm4_80t_mesh2d_4x4_onering_qwen_gqa_tp16_fwd_bs1_sl4096_split4_bw1500,/home/haotian/waferchip/mesh2D/astra_sim_picasso/examples/run_scripts/analytical/congestion_aware/configs/gqa_seq_scaling/tp16_hbm4_80t_mesh2d_4x4_onering_qwen_gqa_tp16_fwd_bs1_sl4096_split4_bw1500.json,onering,qwen_gqa_tp16_fwd_split4_bw1500,1,4096,16,,,,,80t,mesh2d,4x4,979,318,661,,69.122,41.396,SUCCESS,2026-03-23 22:42:53
6e2e722e90650849a7454fba2a3eb05062e1d592ec98672cfc03486097f88e91,tp16_hbm4_80t_mesh2d_4x4_onering_qwen_gqa_tp16_fwd_bs1_sl4096_split4_d2d15ns,/home/haotian/waferchip/mesh2D/astra_sim_picasso/examples/run_scripts/analytical/congestion_aware/configs/gqa_seq_scaling/tp16_hbm4_80t_mesh2d_4x4_onering_qwen_gqa_tp16_fwd_bs1_sl4096_split4_d2d15ns.json,onering,qwen_gqa_tp16_fwd_split4_d2d15ns,1,4096,16,,,,,80t,mesh2d,4x4,968,318,650,,69.122,41.396,SUCCESS,2026-03-23 22:42:54
6e0ecc9fd4f867fd3dd98ae94350d0bbfa3e1bf45359652fc767247dbd925c9c,tp16_hbm4_80t_mesh2d_4x4_onering_qwen_gqa_tp16_fwd_bs1_sl524288,/home/haotian/waferchip/mesh2D/astra_sim_picasso/examples/run_scripts/analytical/congestion_aware/configs/gqa_seq_scaling/tp16_hbm4_80t_mesh2d_4x4_onering_qwen_gqa_tp16_fwd_bs1_sl524288.json,onering,qwen_gqa_tp16_fwd,1,524288,16,,,,,80t,mesh2d,4x4,58427,26950,31477,,53.314,62.25,SUCCESS,2026-03-23 22:42:55
4abed0c7ee18ccaf12cb9c73f9f81ab3cdce19266b0ca35f5887bcb3527bb2d6,tp16_hbm4_80t_mesh2d_4x4_onering_qwen_gqa_tp16_fwd_bs1_sl524288_split4,/home/haotian/waferchip/mesh2D/astra_sim_picasso/examples/run_scripts/analytical/congestion_aware/configs/gqa_seq_scaling/tp16_hbm4_80t_mesh2d_4x4_onering_qwen_gqa_tp16_fwd_bs1_sl524288_split4.json,onering,qwen_gqa_tp16_fwd_split4,1,524288,16,,,,,80t,mesh2d,4x4,35923,26950,8973,,53.314,62.25,SUCCESS,2026-03-23 22:42:55
8641a95888da90f0a33a8495a5cf05edda205e85562ddf2ad75d2243af3e4f15,tp16_hbm4_80t_mesh2d_4x4_onering_qwen_gqa_tp16_fwd_bs1_sl524288_split4_bw1500,/home/haotian/waferchip/mesh2D/astra_sim_picasso/examples/run_scripts/analytical/congestion_aware/configs/gqa_seq_scaling/tp16_hbm4_80t_mesh2d_4x4_onering_qwen_gqa_tp16_fwd_bs1_sl524288_split4_bw1500.json,onering,qwen_gqa_tp16_fwd_split4_bw1500,1,524288,16,,,,,80t,mesh2d,4x4,35845,26950,8895,,53.314,62.25,SUCCESS,2026-03-23 22:42:56
933e5f6d6263be292dba594db6f00884a7fe918ce756f696d31ea1a164bd2e98,tp16_hbm4_80t_mesh2d_4x4_onering_qwen_gqa_tp16_fwd_bs1_sl524288_split4_d2d15ns,/home/haotian/waferchip/mesh2D/astra_sim_picasso/examples/run_scripts/analytical/congestion_aware/configs/gqa_seq_scaling/tp16_hbm4_80t_mesh2d_4x4_onering_qwen_gqa_tp16_fwd_bs1_sl524288_split4_d2d15ns.json,onering,qwen_gqa_tp16_fwd_split4_d2d15ns,1,524288,16,,,,,80t,mesh2d,4x4,33798,26950,6848,,53.314,62.25,SUCCESS,2026-03-23 22:42:56
46d568e8314d74b9332f7788a036cc3455c8a62f7c2b13105a0c15a6b0bea028,tp16_hbm4_80t_mesh2d_4x4_onering_qwen_gqa_tp16_fwd_bs1_sl65536,/home/haotian/waferchip/mesh2D/astra_sim_picasso/examples/run_scripts/analytical/congestion_aware/configs/gqa_seq_scaling/tp16_hbm4_80t_mesh2d_4x4_onering_qwen_gqa_tp16_fwd_bs1_sl65536.json,onering,qwen_gqa_tp16_fwd,1,65536,16,,,,,80t,mesh2d,4x4,27685,3462,24223,,54.599,60.556,SUCCESS,2026-03-23 22:42:58
0724d4b1001bf28c80d96b8a590177058d8dab33a99f3a0714d0bb968682a38f,tp16_hbm4_80t_mesh2d_4x4_onering_qwen_gqa_tp16_fwd_bs1_sl65536_split4,/home/haotian/waferchip/mesh2D/astra_sim_picasso/examples/run_scripts/analytical/congestion_aware/configs/gqa_seq_scaling/tp16_hbm4_80t_mesh2d_4x4_onering_qwen_gqa_tp16_fwd_bs1_sl65536_split4.json,onering,qwen_gqa_tp16_fwd_split4,1,65536,16,,,,,80t,mesh2d,4x4,7036,3462,3574,,54.599,60.556,SUCCESS,2026-03-23 22:42:58
c5d02d85adbd844a63adba0d6de0e72ab5c4d11bab2534362f7ffbb70bc6321f,tp16_hbm4_80t_mesh2d_4x4_onering_qwen_gqa_tp16_fwd_bs1_sl65536_split4_bw1500,/home/haotian/waferchip/mesh2D/astra_sim_picasso/examples/run_scripts/analytical/congestion_aware/configs/gqa_seq_scaling/tp16_hbm4_80t_mesh2d_4x4_onering_qwen_gqa_tp16_fwd_bs1_sl65536_split4_bw1500.json,onering,qwen_gqa_tp16_fwd_split4_bw1500,1,65536,16,,,,,80t,mesh2d,4x4,4973,3462,1511,,54.599,60.556,SUCCESS,2026-03-23 22:42:58
1425624cb4707bd40161a200a213193edd32948b4fe7e6484bdbf68a7c860d19,tp16_hbm4_80t_mesh2d_4x4_onering_qwen_gqa_tp16_fwd_bs1_sl65536_split4_d2d15ns,/home/haotian/waferchip/mesh2D/astra_sim_picasso/examples/run_scripts/analytical/congestion_aware/configs/gqa_seq_scaling/tp16_hbm4_80t_mesh2d_4x4_onering_qwen_gqa_tp16_fwd_bs1_sl65536_split4_d2d15ns.json,onering,qwen_gqa_tp16_fwd_split4_d2d15ns,1,65536,16,,,,,80t,mesh2d,4x4,4811,3462,1349,,54.599,60.556,SUCCESS,2026-03-23 22:42:59
7d291267dd0322a7122a839b09453ea482104be3d23c2864017daaab82468069,tp16_hbm4_80t_mesh2d_4x4_onering_qwen_gqa_tp16_fwd_bs1_sl8192,/home/haotian/waferchip/mesh2D/astra_sim_picasso/examples/run_scripts/analytical/congestion_aware/configs/gqa_seq_scaling/tp16_hbm4_80t_mesh2d_4x4_onering_qwen_gqa_tp16_fwd_bs1_sl8192.json,onering,qwen_gqa_tp16_fwd,1,8192,16,,,,,80t,mesh2d,4x4,23806,526,23280,,62.808,49.726,SUCCESS,2026-03-23 22:43:00
257d193acea0bccfe07e22c8f581923dff045f5357da0d4911d1d9aaa0afb621,tp16_hbm4_80t_mesh2d_4x4_onering_qwen_gqa_tp16_fwd_bs1_sl8192_split4,/home/haotian/waferchip/mesh2D/astra_sim_picasso/examples/run_scripts/analytical/congestion_aware/configs/gqa_seq_scaling/tp16_hbm4_80t_mesh2d_4x4_onering_qwen_gqa_tp16_fwd_bs1_sl8192_split4.json,onering,qwen_gqa_tp16_fwd_split4,1,8192,16,,,,,80t,mesh2d,4x4,3596,526,3070,,62.808,49.726,SUCCESS,2026-03-23 22:43:01
840e6da6087d060578f74ba55b30b88f8abd3e22d770bc2ce74a7d7301546894,tp16_hbm4_80t_mesh2d_4x4_onering_qwen_gqa_tp16_fwd_bs1_sl8192_split4_bw1500,/home/haotian/waferchip/mesh2D/astra_sim_picasso/examples/run_scripts/analytical/congestion_aware/configs/gqa_seq_scaling/tp16_hbm4_80t_mesh2d_4x4_onering_qwen_gqa_tp16_fwd_bs1_sl8192_split4_bw1500.json,onering,qwen_gqa_tp16_fwd_split4_bw1500,1,8192,16,,,,,80t,mesh2d,4x4,1238,526,712,,62.808,49.726,SUCCESS,2026-03-23 22:43:01
8a989db84d4f42d07bcb8566e91feb0007cb64792f6df83372d25d6f1ec45bf2,tp16_hbm4_80t_mesh2d_4x4_onering_qwen_gqa_tp16_fwd_bs1_sl8192_split4_d2d15ns,/home/haotian/waferchip/mesh2D/astra_sim_picasso/examples/run_scripts/analytical/congestion_aware/configs/gqa_seq_scaling/tp16_hbm4_80t_mesh2d_4x4_onering_qwen_gqa_tp16_fwd_bs1_sl8192_split4_d2d15ns.json,onering,qwen_gqa_tp16_fwd_split4_d2d15ns,1,8192,16,,,,,80t,mesh2d,4x4,1216,526,690,,62.808,49.726,SUCCESS,2026-03-23 22:43:01
6e3f2f30c949dd0fbc2d166b326b27bd40a655e7ec38a12719920cb3c9591bd0,tp16_hbm4_80t_mesh2d_4x4_onering_llama4_gqa_baseline_fwd_block2x2_bs1_sl1024,/home/haotian/waferchip/mesh2D/astra_sim_picasso/examples/run_scripts/analytical/congestion_aware/configs/gqa_seq_scaling/tp16_hbm4_80t_mesh2d_4x4_onering_llama4_gqa_baseline_fwd_block2x2_bs1_sl1024.json,onering,llama4_gqa_baseline_fwd_block2x2,1,1024,16,,,,,80t,mesh2d,4x4,18453,213,18240,,76.752,25.386,SUCCESS,2026-03-23 22:51:01
d561026c50f7abd9cf277093bf58975e0559a2a95a3ef0a784bc19bddac386d1,tp16_hbm4_80t_mesh2d_4x4_onering_llama4_gqa_baseline_fwd_block2x2_bs1_sl1048576,/home/haotian/waferchip/mesh2D/astra_sim_picasso/examples/run_scripts/analytical/congestion_aware/configs/gqa_seq_scaling/tp16_hbm4_80t_mesh2d_4x4_onering_llama4_gqa_baseline_fwd_block2x2_bs1_sl1048576.json,onering,llama4_gqa_baseline_fwd_block2x2,1,1048576,16,,,,,80t,mesh2d,4x4,88847,70607,18240,,28.717,77.521,SUCCESS,2026-03-23 22:51:02
3f165fbfc891e15daee5b6d83220dfed8d08f5391a74618aedaece9131a0942b,tp16_hbm4_80t_mesh2d_4x4_onering_llama4_gqa_baseline_fwd_block2x2_bs1_sl131072,/home/haotian/waferchip/mesh2D/astra_sim_picasso/examples/run_scripts/analytical/congestion_aware/configs/gqa_seq_scaling/tp16_hbm4_80t_mesh2d_4x4_onering_llama4_gqa_baseline_fwd_block2x2_bs1_sl131072.json,onering,llama4_gqa_baseline_fwd_block2x2,1,131072,16,,,,,80t,mesh2d,4x4,27191,8951,18240,,29.718,76.434,SUCCESS,2026-03-23 22:51:03
3ed5e4a698f9a959b138e28da81ff1a6c982b71ec9d64bfe4a04dbeb09bc4f52,tp16_hbm4_80t_mesh2d_4x4_onering_llama4_gqa_baseline_fwd_block2x2_bs1_sl16384,/home/haotian/waferchip/mesh2D/astra_sim_picasso/examples/run_scripts/analytical/congestion_aware/configs/gqa_seq_scaling/tp16_hbm4_80t_mesh2d_4x4_onering_llama4_gqa_baseline_fwd_block2x2_bs1_sl16384.json,onering,llama4_gqa_baseline_fwd_block2x2,1,16384,16,,,,,80t,mesh2d,4x4,19485,1245,18240,,36.868,68.677,SUCCESS,2026-03-23 22:51:04
a2614ca73e03a51bb5737d3e81457cddaa620262126ab8f6455eca16ffb40b9a,tp16_hbm4_80t_mesh2d_4x4_onering_llama4_gqa_baseline_fwd_block2x2_bs1_sl2048,/home/haotian/waferchip/mesh2D/astra_sim_picasso/examples/run_scripts/analytical/congestion_aware/configs/gqa_seq_scaling/tp16_hbm4_80t_mesh2d_4x4_onering_llama4_gqa_baseline_fwd_block2x2_bs1_sl2048.json,onering,llama4_gqa_baseline_fwd_block2x2,1,2048,16,,,,,80t,mesh2d,4x4,18521,281,18240,,65.071,38.059,SUCCESS,2026-03-23 22:51:05
e83af1f662476d67a8faeb52e94f68ea46c5c63e3524daf298c7259ae0320486,tp16_hbm4_80t_mesh2d_4x4_onering_llama4_gqa_baseline_fwd_block2x2_bs1_sl262144,/home/haotian/waferchip/mesh2D/astra_sim_picasso/examples/run_scripts/analytical/congestion_aware/configs/gqa_seq_scaling/tp16_hbm4_80t_mesh2d_4x4_onering_llama4_gqa_baseline_fwd_block2x2_bs1_sl262144.json,onering,llama4_gqa_baseline_fwd_block2x2,1,262144,16,,,,,80t,mesh2d,4x4,35999,17759,18240,,29.154,77.047,SUCCESS,2026-03-23 22:51:05
e030d5d213c1b04c2eeae1548f844b70bb6cef6ec218fa5579e53f233a54caae,tp16_hbm4_80t_mesh2d_4x4_onering_llama4_gqa_baseline_fwd_block2x2_bs1_sl32768,/home/haotian/waferchip/mesh2D/astra_sim_picasso/examples/run_scripts/analytical/congestion_aware/configs/gqa_seq_scaling/tp16_hbm4_80t_mesh2d_4x4_onering_llama4_gqa_baseline_fwd_block2x2_bs1_sl32768.json,onering,llama4_gqa_baseline_fwd_block2x2,1,32768,16,,,,,80t,mesh2d,4x4,20585,2345,18240,,32.982,72.894,SUCCESS,2026-03-23 22:51:06
99e9100af64e8ee6f380f1b7d8be9c8dcdacbccef809738af387146202fe1ae8,tp16_hbm4_80t_mesh2d_4x4_onering_llama4_gqa_baseline_fwd_block2x2_bs1_sl4096,/home/haotian/waferchip/mesh2D/astra_sim_picasso/examples/run_scripts/analytical/congestion_aware/configs/gqa_seq_scaling/tp16_hbm4_80t_mesh2d_4x4_onering_llama4_gqa_baseline_fwd_block2x2_bs1_sl4096.json,onering,llama4_gqa_baseline_fwd_block2x2,1,4096,16,,,,,80t,mesh2d,4x4,18657,417,18240,,53.11,51.035,SUCCESS,2026-03-23 22:51:07
6dd5771e233ebe67d9e58c67e6d4cd1d005dd11ebd9d46a1aea3e83df61da003,tp16_hbm4_80t_mesh2d_4x4_onering_llama4_gqa_baseline_fwd_block2x2_bs1_sl524288,/home/haotian/waferchip/mesh2D/astra_sim_picasso/examples/run_scripts/analytical/congestion_aware/configs/gqa_seq_scaling/tp16_hbm4_80t_mesh2d_4x4_onering_llama4_gqa_baseline_fwd_block2x2_bs1_sl524288.json,onering,llama4_gqa_baseline_fwd_block2x2,1,524288,16,,,,,80t,mesh2d,4x4,53615,35375,18240,,28.863,77.362,SUCCESS,2026-03-23 22:51:08
494e4d5e743ae6932761bbc78aa3594f2d522ce17361f5e037fae068085e8f82,tp16_hbm4_80t_mesh2d_4x4_onering_llama4_gqa_baseline_fwd_block2x2_bs1_sl65536,/home/haotian/waferchip/mesh2D/astra_sim_picasso/examples/run_scripts/analytical/congestion_aware/configs/gqa_seq_scaling/tp16_hbm4_80t_mesh2d_4x4_onering_llama4_gqa_baseline_fwd_block2x2_bs1_sl65536.json,onering,llama4_gqa_baseline_fwd_block2x2,1,65536,16,,,,,80t,mesh2d,4x4,22787,4547,18240,,30.84,75.216,SUCCESS,2026-03-23 22:51:09
1c4210433506cd87cd5517acdf5ff093b463bafbab305d0f5d43171c248876e9,tp16_hbm4_80t_mesh2d_4x4_onering_llama4_gqa_baseline_fwd_block2x2_bs1_sl8192,/home/haotian/waferchip/mesh2D/astra_sim_picasso/examples/run_scripts/analytical/congestion_aware/configs/gqa_seq_scaling/tp16_hbm4_80t_mesh2d_4x4_onering_llama4_gqa_baseline_fwd_block2x2_bs1_sl8192.json,onering,llama4_gqa_baseline_fwd_block2x2,1,8192,16,,,,,80t,mesh2d,4x4,18933,693,18240,,43.39,61.594,SUCCESS,2026-03-23 22:51:10
02e7bf288b227037fde4cb39b7797667d816a62c36eb7d5b5626d7709be3a415,tp16_hbm4_80t_mesh2d_4x4_onering_llama4_gqa_hmp_fwd_block2x2_bs1_sl1024,/home/haotian/waferchip/mesh2D/astra_sim_picasso/examples/run_scripts/analytical/congestion_aware/configs/gqa_seq_scaling/tp16_hbm4_80t_mesh2d_4x4_onering_llama4_gqa_hmp_fwd_block2x2_bs1_sl1024.json,onering,llama4_gqa_hmp_fwd_block2x2,1,1024,16,,,,,80t,mesh2d,4x4,338,338,,,84.882,17.069,SUCCESS,2026-03-23 22:51:10
c4aff98496e929d866df2da4ada20290f4240054d9698365d537f81b4a20aaa2,tp16_hbm4_80t_mesh2d_4x4_onering_llama4_gqa_hmp_fwd_block2x2_bs1_sl1048576,/home/haotian/waferchip/mesh2D/astra_sim_picasso/examples/run_scripts/analytical/congestion_aware/configs/gqa_seq_scaling/tp16_hbm4_80t_mesh2d_4x4_onering_llama4_gqa_hmp_fwd_block2x2_bs1_sl1048576.json,onering,llama4_gqa_hmp_fwd_block2x2,1,1048576,16,,,,,80t,mesh2d,4x4,70732,70732,,,28.841,77.389,SUCCESS,2026-03-23 22:51:10
ff5b5a1488eeea94c621fe563beab83fadefae28edef2e1886f46d2e50222267,tp16_hbm4_80t_mesh2d_4x4_onering_llama4_gqa_hmp_fwd_block2x2_bs1_sl131072,/home/haotian/waferchip/mesh2D/astra_sim_picasso/examples/run_scripts/analytical/congestion_aware/configs/gqa_seq_scaling/tp16_hbm4_80t_mesh2d_4x4_onering_llama4_gqa_hmp_fwd_block2x2_bs1_sl131072.json,onering,llama4_gqa_hmp_fwd_block2x2,1,131072,16,,,,,80t,mesh2d,4x4,9076,9076,,,30.67,75.42,SUCCESS,2026-03-23 22:51:10
46da07867dc7740f43abd65c3dbaf37c6aa0b0562f709cf3bb7568eb6447ae4f,tp16_hbm4_80t_mesh2d_4x4_onering_llama4_gqa_hmp_fwd_block2x2_bs1_sl16384,/home/haotian/waferchip/mesh2D/astra_sim_picasso/examples/run_scripts/analytical/congestion_aware/configs/gqa_seq_scaling/tp16_hbm4_80t_mesh2d_4x4_onering_llama4_gqa_hmp_fwd_block2x2_bs1_sl16384.json,onering,llama4_gqa_hmp_fwd_block2x2,1,16384,16,,,,,80t,mesh2d,4x4,1370,1370,,,42.515,62.673,SUCCESS,2026-03-23 22:51:10
2d490034044f3f738c86ca2c1f3cb24bb3100d2f0b054e79a8cce1eb1a8c236d,tp16_hbm4_80t_mesh2d_4x4_onering_llama4_gqa_hmp_fwd_block2x2_bs1_sl2048,/home/haotian/waferchip/mesh2D/astra_sim_picasso/examples/run_scripts/analytical/congestion_aware/configs/gqa_seq_scaling/tp16_hbm4_80t_mesh2d_4x4_onering_llama4_gqa_hmp_fwd_block2x2_bs1_sl2048.json,onering,llama4_gqa_hmp_fwd_block2x2,1,2048,16,,,,,80t,mesh2d,4x4,406,406,,,75.43,27.239,SUCCESS,2026-03-23 22:51:10
697060dab6464e4418c9bf2b00fab5b31d6bcae54342c27649baa46317172b7c,tp16_hbm4_80t_mesh2d_4x4_onering_llama4_gqa_hmp_fwd_block2x2_bs1_sl262144,/home/haotian/waferchip/mesh2D/astra_sim_picasso/examples/run_scripts/analytical/congestion_aware/configs/gqa_seq_scaling/tp16_hbm4_80t_mesh2d_4x4_onering_llama4_gqa_hmp_fwd_block2x2_bs1_sl262144.json,onering,llama4_gqa_hmp_fwd_block2x2,1,262144,16,,,,,80t,mesh2d,4x4,17884,17884,,,29.641,76.528,SUCCESS,2026-03-23 22:51:10
0868ccddb6e0f3a7b3f7ee515fc28fb76839cceedd9d5b48bbc662483821bb39,tp16_hbm4_80t_mesh2d_4x4_onering_llama4_gqa_hmp_fwd_block2x2_bs1_sl32768,/home/haotian/waferchip/mesh2D/astra_sim_picasso/examples/run_scripts/analytical/congestion_aware/configs/gqa_seq_scaling/tp16_hbm4_80t_mesh2d_4x4_onering_llama4_gqa_hmp_fwd_block2x2_bs1_sl32768.json,onering,llama4_gqa_hmp_fwd_block2x2,1,32768,16,,,,,80t,mesh2d,4x4,2470,2470,,,36.311,69.35,SUCCESS,2026-03-23 22:51:10
a0ab23e2d835ffd7b6866ef5f0a163bbed95bd49f6310729c432c8a275bed46f,tp16_hbm4_80t_mesh2d_4x4_onering_llama4_gqa_hmp_fwd_block2x2_bs1_sl4096,/home/haotian/waferchip/mesh2D/astra_sim_picasso/examples/run_scripts/analytical/congestion_aware/configs/gqa_seq_scaling/tp16_hbm4_80t_mesh2d_4x4_onering_llama4_gqa_hmp_fwd_block2x2_bs1_sl4096.json,onering,llama4_gqa_hmp_fwd_block2x2,1,4096,16,,,,,80t,mesh2d,4x4,542,542,,,63.628,39.938,SUCCESS,2026-03-23 22:51:10
11210a650f31dee7b395617187594c87e2cf75ffeb2690a55d96125d80eb7578,tp16_hbm4_80t_mesh2d_4x4_onering_llama4_gqa_hmp_fwd_block2x2_bs1_sl524288,/home/haotian/waferchip/mesh2D/astra_sim_picasso/examples/run_scripts/analytical/congestion_aware/configs/gqa_seq_scaling/tp16_hbm4_80t_mesh2d_4x4_onering_llama4_gqa_hmp_fwd_block2x2_bs1_sl524288.json,onering,llama4_gqa_hmp_fwd_block2x2,1,524288,16,,,,,80t,mesh2d,4x4,35500,35500,,,29.109,77.1,SUCCESS,2026-03-23 22:51:10
aae31def525643c5228d45c96ed1a09199a72f591235409648110a6c56b8c6cc,tp16_hbm4_80t_mesh2d_4x4_onering_llama4_gqa_hmp_fwd_block2x2_bs1_sl65536,/home/haotian/waferchip/mesh2D/astra_sim_picasso/examples/run_scripts/analytical/congestion_aware/configs/gqa_seq_scaling/tp16_hbm4_80t_mesh2d_4x4_onering_llama4_gqa_hmp_fwd_block2x2_bs1_sl65536.json,onering,llama4_gqa_hmp_fwd_block2x2,1,65536,16,,,,,80t,mesh2d,4x4,4672,4672,,,32.658,73.28,SUCCESS,2026-03-23 22:51:10
0334f3215c071bc59b89bf9f9c77cf926091bda45192eb0db04d2c8cec7500d3,tp16_hbm4_80t_mesh2d_4x4_onering_llama4_gqa_hmp_fwd_block2x2_bs1_sl8192,/home/haotian/waferchip/mesh2D/astra_sim_picasso/examples/run_scripts/analytical/congestion_aware/configs/gqa_seq_scaling/tp16_hbm4_80t_mesh2d_4x4_onering_llama4_gqa_hmp_fwd_block2x2_bs1_sl8192.json,onering,llama4_gqa_hmp_fwd_block2x2,1,8192,16,,,,,80t,mesh2d,4x4,818,818,,,51.847,52.625,SUCCESS,2026-03-23 22:51:10
8a79540896cbb8dab6625a1f71e65cad370062fb532b4606623786aa1e8a2194,tp16_hbm4_80t_mesh2d_4x4_onering_llama4_gqa_tp16_fwd_block2x2_bs1_sl1024,/home/haotian/waferchip/mesh2D/astra_sim_picasso/examples/run_scripts/analytical/congestion_aware/configs/gqa_seq_scaling/tp16_hbm4_80t_mesh2d_4x4_onering_llama4_gqa_tp16_fwd_block2x2_bs1_sl1024.json,onering,llama4_gqa_tp16_fwd_block2x2,1,1024,16,,,,,80t,mesh2d,4x4,21044,164,20880,,69.848,35.333,SUCCESS,2026-03-23 22:51:12
7be18e62ecc0bd048251c02867177be10a53a9fd54f45ac8e7a30c7aa5c41300,tp16_hbm4_80t_mesh2d_4x4_onering_llama4_gqa_tp16_fwd_block2x2_bs1_sl1048576,/home/haotian/waferchip/mesh2D/astra_sim_picasso/examples/run_scripts/analytical/congestion_aware/configs/gqa_seq_scaling/tp16_hbm4_80t_mesh2d_4x4_onering_llama4_gqa_tp16_fwd_block2x2_bs1_sl1048576.json,onering,llama4_gqa_tp16_fwd_block2x2,1,1048576,16,,,,,80t,mesh2d,4x4,99842,70558,29284,,28.667,82.034,SUCCESS,2026-03-23 22:51:13
a857f00040a419da79b1a6e8d9b11fe8c4ce3f70d35f8394014506ad2c502f66,tp16_hbm4_80t_mesh2d_4x4_onering_llama4_gqa_tp16_fwd_block2x2_bs1_sl131072,/home/haotian/waferchip/mesh2D/astra_sim_picasso/examples/run_scripts/analytical/congestion_aware/configs/gqa_seq_scaling/tp16_hbm4_80t_mesh2d_4x4_onering_llama4_gqa_tp16_fwd_block2x2_bs1_sl131072.json,onering,llama4_gqa_tp16_fwd_block2x2,1,131072,16,,,,,80t,mesh2d,4x4,30799,8902,21897,,29.331,81.279,SUCCESS,2026-03-23 22:51:14
7061b702796c28683410b25103d3d10d7067db907824e82612e5e0ab4d9be7c3,tp16_hbm4_80t_mesh2d_4x4_onering_llama4_gqa_tp16_fwd_block2x2_bs1_sl16384,/home/haotian/waferchip/mesh2D/astra_sim_picasso/examples/run_scripts/analytical/congestion_aware/configs/gqa_seq_scaling/tp16_hbm4_80t_mesh2d_4x4_onering_llama4_gqa_tp16_fwd_block2x2_bs1_sl16384.json,onering,llama4_gqa_tp16_fwd_block2x2,1,16384,16,,,,,80t,mesh2d,4x4,22197,1196,21001,,34.284,75.673,SUCCESS,2026-03-23 22:51:15
cd2e992ae167dc8bc20c835b74e9c4a17189aa48c8957ff7fd4a4bdb80922f48,tp16_hbm4_80t_mesh2d_4x4_onering_llama4_gqa_tp16_fwd_block2x2_bs1_sl2048,/home/haotian/waferchip/mesh2D/astra_sim_picasso/examples/run_scripts/analytical/congestion_aware/configs/gqa_seq_scaling/tp16_hbm4_80t_mesh2d_4x4_onering_llama4_gqa_tp16_fwd_block2x2_bs1_sl2048.json,onering,llama4_gqa_tp16_fwd_block2x2,1,2048,16,,,,,80t,mesh2d,4x4,21112,232,20880,,57.725,49.056,SUCCESS,2026-03-23 22:51:16
913a803d4eba7db28bd790a338f22cf138d5d90b7fc3869c104439a18ce1bede,tp16_hbm4_80t_mesh2d_4x4_onering_llama4_gqa_tp16_fwd_block2x2_bs1_sl262144,/home/haotian/waferchip/mesh2D/astra_sim_picasso/examples/run_scripts/analytical/congestion_aware/configs/gqa_seq_scaling/tp16_hbm4_80t_mesh2d_4x4_onering_llama4_gqa_tp16_fwd_block2x2_bs1_sl262144.json,onering,llama4_gqa_tp16_fwd_block2x2,1,262144,16,,,,,80t,mesh2d,4x4,40673,17710,22963,,28.958,81.705,SUCCESS,2026-03-23 22:51:17
c692c93c834e24414c41a37dbcb1b312ede5f2f7e71afbb0364d14c615a33404,tp16_hbm4_80t_mesh2d_4x4_onering_llama4_gqa_tp16_fwd_block2x2_bs1_sl32768,/home/haotian/waferchip/mesh2D/astra_sim_picasso/examples/run_scripts/analytical/congestion_aware/configs/gqa_seq_scaling/tp16_hbm4_80t_mesh2d_4x4_onering_llama4_gqa_tp16_fwd_block2x2_bs1_sl32768.json,onering,llama4_gqa_tp16_fwd_block2x2,1,32768,16,,,,,80t,mesh2d,4x4,23418,2296,21122,,31.552,78.768,SUCCESS,2026-03-23 22:51:18
36c34cd4af3ae81f3f13f934966e8eb363c4a9721795c15fc2f83326a0142542,tp16_hbm4_80t_mesh2d_4x4_onering_llama4_gqa_tp16_fwd_block2x2_bs1_sl4096,/home/haotian/waferchip/mesh2D/astra_sim_picasso/examples/run_scripts/analytical/congestion_aware/configs/gqa_seq_scaling/tp16_hbm4_80t_mesh2d_4x4_onering_llama4_gqa_tp16_fwd_block2x2_bs1_sl4096.json,onering,llama4_gqa_tp16_fwd_block2x2,1,4096,16,,,,,80t,mesh2d,4x4,21248,368,20880,,46.883,61.328,SUCCESS,2026-03-23 22:51:19
458f4f44a6d29e4c814e1aa967b5872bfbee84abbcd7fdabdeb767248c557c0d,tp16_hbm4_80t_mesh2d_4x4_onering_llama4_gqa_tp16_fwd_block2x2_bs1_sl524288,/home/haotian/waferchip/mesh2D/astra_sim_picasso/examples/run_scripts/analytical/congestion_aware/configs/gqa_seq_scaling/tp16_hbm4_80t_mesh2d_4x4_onering_llama4_gqa_tp16_fwd_block2x2_bs1_sl524288.json,onering,llama4_gqa_tp16_fwd_block2x2,1,524288,16,,,,,80t,mesh2d,4x4,60372,35326,25046,,28.764,81.924,SUCCESS,2026-03-23 22:51:20
5e3f3299e73802e8b9acfef90d5129b3ce4da37c057ea9d8f814b1bb4b4ec74d,tp16_hbm4_80t_mesh2d_4x4_onering_llama4_gqa_tp16_fwd_block2x2_bs1_sl65536,/home/haotian/waferchip/mesh2D/astra_sim_picasso/examples/run_scripts/analytical/congestion_aware/configs/gqa_seq_scaling/tp16_hbm4_80t_mesh2d_4x4_onering_llama4_gqa_tp16_fwd_block2x2_bs1_sl65536.json,onering,llama4_gqa_tp16_fwd_block2x2,1,65536,16,,,,,80t,mesh2d,4x4,25862,4498,21364,,30.087,80.425,SUCCESS,2026-03-23 22:51:21
e4d0266fca437c5ca1849d80675d6f99ee35d495b0ec76a1beaba8c31ebc2c1c,tp16_hbm4_80t_mesh2d_4x4_onering_llama4_gqa_tp16_fwd_block2x2_bs1_sl8192,/home/haotian/waferchip/mesh2D/astra_sim_picasso/examples/run_scripts/analytical/congestion_aware/configs/gqa_seq_scaling/tp16_hbm4_80t_mesh2d_4x4_onering_llama4_gqa_tp16_fwd_block2x2_bs1_sl8192.json,onering,llama4_gqa_tp16_fwd_block2x2,1,8192,16,,,,,80t,mesh2d,4x4,21524,644,20880,,39.089,70.202,SUCCESS,2026-03-23 22:51:22
99475b8b1aa51512ebb755c3e2ca37750edbe4ac404c890f93aba28e9c0f8856,tp16_hbm4_80t_mesh2d_4x4_onering_qwen_gqa_tp16_fwd_block2x2_bs1_sl1024,/home/haotian/waferchip/mesh2D/astra_sim_picasso/examples/run_scripts/analytical/congestion_aware/configs/gqa_seq_scaling/tp16_hbm4_80t_mesh2d_4x4_onering_qwen_gqa_tp16_fwd_block2x2_bs1_sl1024.json,onering,qwen_gqa_tp16_fwd_block2x2,1,1024,16,,,,,80t,mesh2d,4x4,21044,164,20880,,69.848,35.333,SUCCESS,2026-03-23 22:51:23
6075c47508f8ed69090b096a13df0afb2a80a39065758f329c3cc81c65775373,tp16_hbm4_80t_split4_bw1500_mesh2d_4x4_onering_llama4_gqa_baseline_fwd_block2x2_bs1_sl1024_split4_bw1500,/home/haotian/waferchip/mesh2D/astra_sim_picasso/examples/run_scripts/analytical/congestion_aware/configs/gqa_seq_scaling/tp16_hbm4_80t_split4_bw1500_mesh2d_4x4_onering_llama4_gqa_baseline_fwd_block2x2_bs1_sl1024_split4_bw1500.json,mesh2d,4x4_onering_llama4_gqa_baseline_fwd_block2x2_split4_bw1500,1,1024,16,,,,,80t,split4,bw1500,708,213,495,,76.752,25.386,SUCCESS,2026-03-23 23:56:22
9cf7071480a7b5ee772b6c8b59bb775367dd736a91b1451db258417591276bde,tp16_hbm4_80t_split4_bw1500_mesh2d_4x4_onering_llama4_gqa_baseline_fwd_block2x2_bs1_sl1048576_split4_bw1500,/home/haotian/waferchip/mesh2D/astra_sim_picasso/examples/run_scripts/analytical/congestion_aware/configs/gqa_seq_scaling/tp16_hbm4_80t_split4_bw1500_mesh2d_4x4_onering_llama4_gqa_baseline_fwd_block2x2_bs1_sl1048576_split4_bw1500.json,mesh2d,4x4_onering_llama4_gqa_baseline_fwd_block2x2_split4_bw1500,1,1048576,16,,,,,80t,split4,bw1500,71102,70607,495,,28.717,77.521,SUCCESS,2026-03-23 23:56:22
f3550baa2dadc47d43c1a700ade11f602bfef06aaa8928a71eccc49155d6c526,tp16_hbm4_80t_split4_bw1500_mesh2d_4x4_onering_llama4_gqa_baseline_fwd_block2x2_bs1_sl131072_split4_bw1500,/home/haotian/waferchip/mesh2D/astra_sim_picasso/examples/run_scripts/analytical/congestion_aware/configs/gqa_seq_scaling/tp16_hbm4_80t_split4_bw1500_mesh2d_4x4_onering_llama4_gqa_baseline_fwd_block2x2_bs1_sl131072_split4_bw1500.json,mesh2d,4x4_onering_llama4_gqa_baseline_fwd_block2x2_split4_bw1500,1,131072,16,,,,,80t,split4,bw1500,9446,8951,495,,29.718,76.434,SUCCESS,2026-03-23 23:56:22
a8e7b28081223e4f04d7fb971cb60629081c84c07e8ac876179b3a2af65bed45,tp16_hbm4_80t_split4_bw1500_mesh2d_4x4_onering_llama4_gqa_baseline_fwd_block2x2_bs1_sl16384_split4_bw1500,/home/haotian/waferchip/mesh2D/astra_sim_picasso/examples/run_scripts/analytical/congestion_aware/configs/gqa_seq_scaling/tp16_hbm4_80t_split4_bw1500_mesh2d_4x4_onering_llama4_gqa_baseline_fwd_block2x2_bs1_sl16384_split4_bw1500.json,mesh2d,4x4_onering_llama4_gqa_baseline_fwd_block2x2_split4_bw1500,1,16384,16,,,,,80t,split4,bw1500,1740,1245,495,,36.868,68.677,SUCCESS,2026-03-23 23:56:23
56bca9b2607fdb58e6015dd7ba8cb84cbe4c7652fc3a4087a1e151a40f71b0c7,tp16_hbm4_80t_split4_bw1500_mesh2d_4x4_onering_llama4_gqa_baseline_fwd_block2x2_bs1_sl2048_split4_bw1500,/home/haotian/waferchip/mesh2D/astra_sim_picasso/examples/run_scripts/analytical/congestion_aware/configs/gqa_seq_scaling/tp16_hbm4_80t_split4_bw1500_mesh2d_4x4_onering_llama4_gqa_baseline_fwd_block2x2_bs1_sl2048_split4_bw1500.json,mesh2d,4x4_onering_llama4_gqa_baseline_fwd_block2x2_split4_bw1500,1,2048,16,,,,,80t,split4,bw1500,776,281,495,,65.071,38.059,SUCCESS,2026-03-23 23:56:23
6f4ac234b65b571cf546ff3ee7db35552feec26456d595654e7153982aefad73,tp16_hbm4_80t_split4_bw1500_mesh2d_4x4_onering_llama4_gqa_baseline_fwd_block2x2_bs1_sl262144_split4_bw1500,/home/haotian/waferchip/mesh2D/astra_sim_picasso/examples/run_scripts/analytical/congestion_aware/configs/gqa_seq_scaling/tp16_hbm4_80t_split4_bw1500_mesh2d_4x4_onering_llama4_gqa_baseline_fwd_block2x2_bs1_sl262144_split4_bw1500.json,mesh2d,4x4_onering_llama4_gqa_baseline_fwd_block2x2_split4_bw1500,1,262144,16,,,,,80t,split4,bw1500,18254,17759,495,,29.154,77.047,SUCCESS,2026-03-23 23:56:23
a0f84ff48e2b9e051cd4b4b9bc9e0d90debb93de97798b2b03b0a720012679e2,tp16_hbm4_80t_split4_bw1500_mesh2d_4x4_onering_llama4_gqa_baseline_fwd_block2x2_bs1_sl32768_split4_bw1500,/home/haotian/waferchip/mesh2D/astra_sim_picasso/examples/run_scripts/analytical/congestion_aware/configs/gqa_seq_scaling/tp16_hbm4_80t_split4_bw1500_mesh2d_4x4_onering_llama4_gqa_baseline_fwd_block2x2_bs1_sl32768_split4_bw1500.json,mesh2d,4x4_onering_llama4_gqa_baseline_fwd_block2x2_split4_bw1500,1,32768,16,,,,,80t,split4,bw1500,2840,2345,495,,32.982,72.894,SUCCESS,2026-03-23 23:56:23
27d07e23c51a682f1fa4e75235c124efb44fc4f850d07fa762a9100e80d46786,tp16_hbm4_80t_split4_bw1500_mesh2d_4x4_onering_llama4_gqa_baseline_fwd_block2x2_bs1_sl4096_split4_bw1500,/home/haotian/waferchip/mesh2D/astra_sim_picasso/examples/run_scripts/analytical/congestion_aware/configs/gqa_seq_scaling/tp16_hbm4_80t_split4_bw1500_mesh2d_4x4_onering_llama4_gqa_baseline_fwd_block2x2_bs1_sl4096_split4_bw1500.json,mesh2d,4x4_onering_llama4_gqa_baseline_fwd_block2x2_split4_bw1500,1,4096,16,,,,,80t,split4,bw1500,912,417,495,,53.11,51.035,SUCCESS,2026-03-23 23:56:24
86a221015fdf61dc1e401269bd06d2e76bbe49a6101343f3815e025f615b968f,tp16_hbm4_80t_split4_bw1500_mesh2d_4x4_onering_llama4_gqa_baseline_fwd_block2x2_bs1_sl524288_split4_bw1500,/home/haotian/waferchip/mesh2D/astra_sim_picasso/examples/run_scripts/analytical/congestion_aware/configs/gqa_seq_scaling/tp16_hbm4_80t_split4_bw1500_mesh2d_4x4_onering_llama4_gqa_baseline_fwd_block2x2_bs1_sl524288_split4_bw1500.json,mesh2d,4x4_onering_llama4_gqa_baseline_fwd_block2x2_split4_bw1500,1,524288,16,,,,,80t,split4,bw1500,35870,35375,495,,28.863,77.362,SUCCESS,2026-03-23 23:56:24
371f8f7426b361f0815d1301b61406670c60357fa7e33c802fa26fd22c7a6557,tp16_hbm4_80t_split4_bw1500_mesh2d_4x4_onering_llama4_gqa_baseline_fwd_block2x2_bs1_sl65536_split4_bw1500,/home/haotian/waferchip/mesh2D/astra_sim_picasso/examples/run_scripts/analytical/congestion_aware/configs/gqa_seq_scaling/tp16_hbm4_80t_split4_bw1500_mesh2d_4x4_onering_llama4_gqa_baseline_fwd_block2x2_bs1_sl65536_split4_bw1500.json,mesh2d,4x4_onering_llama4_gqa_baseline_fwd_block2x2_split4_bw1500,1,65536,16,,,,,80t,split4,bw1500,5042,4547,495,,30.84,75.216,SUCCESS,2026-03-23 23:56:24
fb591f0429ad933c0d0141dda844e16334f12bc90730353f557fccc158584111,tp16_hbm4_80t_split4_bw1500_mesh2d_4x4_onering_llama4_gqa_baseline_fwd_block2x2_bs1_sl8192_split4_bw1500,/home/haotian/waferchip/mesh2D/astra_sim_picasso/examples/run_scripts/analytical/congestion_aware/configs/gqa_seq_scaling/tp16_hbm4_80t_split4_bw1500_mesh2d_4x4_onering_llama4_gqa_baseline_fwd_block2x2_bs1_sl8192_split4_bw1500.json,mesh2d,4x4_onering_llama4_gqa_baseline_fwd_block2x2_split4_bw1500,1,8192,16,,,,,80t,split4,bw1500,1188,693,495,,43.39,61.594,SUCCESS,2026-03-23 23:56:24
d48260c2711cb446908b5279d7d77c2c59760ea0c934695c65905823ef12c2fb,tp16_hbm4_80t_split4_bw1500_mesh2d_4x4_onering_llama4_gqa_hmp_fwd_block2x2_bs1_sl1024_split4_bw1500,/home/haotian/waferchip/mesh2D/astra_sim_picasso/examples/run_scripts/analytical/congestion_aware/configs/gqa_seq_scaling/tp16_hbm4_80t_split4_bw1500_mesh2d_4x4_onering_llama4_gqa_hmp_fwd_block2x2_bs1_sl1024_split4_bw1500.json,mesh2d,4x4_onering_llama4_gqa_hmp_fwd_block2x2_split4_bw1500,1,1024,16,,,,,80t,split4,bw1500,338,338,,,84.882,17.069,SUCCESS,2026-03-23 23:56:25
929687dc3b10a029fa58289096e6fb1c7a2c9c15ee6ce837af29c9fc5dd0b554,tp16_hbm4_80t_split4_bw1500_mesh2d_4x4_onering_llama4_gqa_hmp_fwd_block2x2_bs1_sl1048576_split4_bw1500,/home/haotian/waferchip/mesh2D/astra_sim_picasso/examples/run_scripts/analytical/congestion_aware/configs/gqa_seq_scaling/tp16_hbm4_80t_split4_bw1500_mesh2d_4x4_onering_llama4_gqa_hmp_fwd_block2x2_bs1_sl1048576_split4_bw1500.json,mesh2d,4x4_onering_llama4_gqa_hmp_fwd_block2x2_split4_bw1500,1,1048576,16,,,,,80t,split4,bw1500,70732,70732,,,28.841,77.389,SUCCESS,2026-03-23 23:56:25
6cc015f4027ef1fd4fdec72a8c86fb9f071a0eb00dd26411e2da151759944c3c,tp16_hbm4_80t_split4_bw1500_mesh2d_4x4_onering_llama4_gqa_hmp_fwd_block2x2_bs1_sl131072_split4_bw1500,/home/haotian/waferchip/mesh2D/astra_sim_picasso/examples/run_scripts/analytical/congestion_aware/configs/gqa_seq_scaling/tp16_hbm4_80t_split4_bw1500_mesh2d_4x4_onering_llama4_gqa_hmp_fwd_block2x2_bs1_sl131072_split4_bw1500.json,mesh2d,4x4_onering_llama4_gqa_hmp_fwd_block2x2_split4_bw1500,1,131072,16,,,,,80t,split4,bw1500,9076,9076,,,30.67,75.42,SUCCESS,2026-03-23 23:56:25
08ceb633a4bbc594084c1b34ae8a297658477e56e198c31b207ece93adc0450e,tp16_hbm4_80t_split4_bw1500_mesh2d_4x4_onering_llama4_gqa_hmp_fwd_block2x2_bs1_sl16384_split4_bw1500,/home/haotian/waferchip/mesh2D/astra_sim_picasso/examples/run_scripts/analytical/congestion_aware/configs/gqa_seq_scaling/tp16_hbm4_80t_split4_bw1500_mesh2d_4x4_onering_llama4_gqa_hmp_fwd_block2x2_bs1_sl16384_split4_bw1500.json,mesh2d,4x4_onering_llama4_gqa_hmp_fwd_block2x2_split4_bw1500,1,16384,16,,,,,80t,split4,bw1500,1370,1370,,,42.515,62.673,SUCCESS,2026-03-23 23:56:25
927d283144d6b2263c814d324a1fc08c09a635e8e5caa711e1e2921844081a7b,tp16_hbm4_80t_split4_bw1500_mesh2d_4x4_onering_llama4_gqa_hmp_fwd_block2x2_bs1_sl2048_split4_bw1500,/home/haotian/waferchip/mesh2D/astra_sim_picasso/examples/run_scripts/analytical/congestion_aware/configs/gqa_seq_scaling/tp16_hbm4_80t_split4_bw1500_mesh2d_4x4_onering_llama4_gqa_hmp_fwd_block2x2_bs1_sl2048_split4_bw1500.json,mesh2d,4x4_onering_llama4_gqa_hmp_fwd_block2x2_split4_bw1500,1,2048,16,,,,,80t,split4,bw1500,406,406,,,75.43,27.239,SUCCESS,2026-03-23 23:56:25
7b1a461ec78c963d2e08cee9b30e9c8bcacb247b102fca47b609af4b2da891f0,tp16_hbm4_80t_split4_bw1500_mesh2d_4x4_onering_llama4_gqa_hmp_fwd_block2x2_bs1_sl262144_split4_bw1500,/home/haotian/waferchip/mesh2D/astra_sim_picasso/examples/run_scripts/analytical/congestion_aware/configs/gqa_seq_scaling/tp16_hbm4_80t_split4_bw1500_mesh2d_4x4_onering_llama4_gqa_hmp_fwd_block2x2_bs1_sl262144_split4_bw1500.json,mesh2d,4x4_onering_llama4_gqa_hmp_fwd_block2x2_split4_bw1500,1,262144,16,,,,,80t,split4,bw1500,17884,17884,,,29.641,76.528,SUCCESS,2026-03-23 23:56:25
843ee4c1bbc2b45e8ef03d21989d960ac3335c67c1efe330c25d90e550f53007,tp16_hbm4_80t_split4_bw1500_mesh2d_4x4_onering_llama4_gqa_hmp_fwd_block2x2_bs1_sl32768_split4_bw1500,/home/haotian/waferchip/mesh2D/astra_sim_picasso/examples/run_scripts/analytical/congestion_aware/configs/gqa_seq_scaling/tp16_hbm4_80t_split4_bw1500_mesh2d_4x4_onering_llama4_gqa_hmp_fwd_block2x2_bs1_sl32768_split4_bw1500.json,mesh2d,4x4_onering_llama4_gqa_hmp_fwd_block2x2_split4_bw1500,1,32768,16,,,,,80t,split4,bw1500,2470,2470,,,36.311,69.35,SUCCESS,2026-03-23 23:56:25
b9c046e65b57db45f56061d64c1bacc33773eaf05249f846095f414066d50331,tp16_hbm4_80t_split4_bw1500_mesh2d_4x4_onering_llama4_gqa_hmp_fwd_block2x2_bs1_sl4096_split4_bw1500,/home/haotian/waferchip/mesh2D/astra_sim_picasso/examples/run_scripts/analytical/congestion_aware/configs/gqa_seq_scaling/tp16_hbm4_80t_split4_bw1500_mesh2d_4x4_onering_llama4_gqa_hmp_fwd_block2x2_bs1_sl4096_split4_bw1500.json,mesh2d,4x4_onering_llama4_gqa_hmp_fwd_block2x2_split4_bw1500,1,4096,16,,,,,80t,split4,bw1500,542,542,,,63.628,39.938,SUCCESS,2026-03-23 23:56:25
d054f62e0abe318f59dbf037422342bfeb258ec3a2b600a4ad944ed417363f78,tp16_hbm4_80t_split4_bw1500_mesh2d_4x4_onering_llama4_gqa_hmp_fwd_block2x2_bs1_sl524288_split4_bw1500,/home/haotian/waferchip/mesh2D/astra_sim_picasso/examples/run_scripts/analytical/congestion_aware/configs/gqa_seq_scaling/tp16_hbm4_80t_split4_bw1500_mesh2d_4x4_onering_llama4_gqa_hmp_fwd_block2x2_bs1_sl524288_split4_bw1500.json,mesh2d,4x4_onering_llama4_gqa_hmp_fwd_block2x2_split4_bw1500,1,524288,16,,,,,80t,split4,bw1500,35500,35500,,,29.109,77.1,SUCCESS,2026-03-23 23:56:25
fb3c1c3914aab82fa81d99464dcf0e921cc5a69dda7233b46705bec4cb931c63,tp16_hbm4_80t_split4_bw1500_mesh2d_4x4_onering_llama4_gqa_hmp_fwd_block2x2_bs1_sl65536_split4_bw1500,/home/haotian/waferchip/mesh2D/astra_sim_picasso/examples/run_scripts/analytical/congestion_aware/configs/gqa_seq_scaling/tp16_hbm4_80t_split4_bw1500_mesh2d_4x4_onering_llama4_gqa_hmp_fwd_block2x2_bs1_sl65536_split4_bw1500.json,mesh2d,4x4_onering_llama4_gqa_hmp_fwd_block2x2_split4_bw1500,1,65536,16,,,,,80t,split4,bw1500,4672,4672,,,32.658,73.28,SUCCESS,2026-03-23 23:56:25
27301d1197d6f171ae0b66feaa4294e7911d9ed86938c0cf606d1fa3266f2d59,tp16_hbm4_80t_split4_bw1500_mesh2d_4x4_onering_llama4_gqa_hmp_fwd_block2x2_bs1_sl8192_split4_bw1500,/home/haotian/waferchip/mesh2D/astra_sim_picasso/examples/run_scripts/analytical/congestion_aware/configs/gqa_seq_scaling/tp16_hbm4_80t_split4_bw1500_mesh2d_4x4_onering_llama4_gqa_hmp_fwd_block2x2_bs1_sl8192_split4_bw1500.json,mesh2d,4x4_onering_llama4_gqa_hmp_fwd_block2x2_split4_bw1500,1,8192,16,,,,,80t,split4,bw1500,818,818,,,51.847,52.625,SUCCESS,2026-03-23 23:56:25
12413512c7af08f483e7f2cec52be1fe3abd1898f7a28e9497be453586b99e3c,tp16_hbm4_80t_split4_bw1500_mesh2d_4x4_onering_llama4_gqa_tp16_fwd_block2x2_bs1_sl1024_split4_bw1500,/home/haotian/waferchip/mesh2D/astra_sim_picasso/examples/run_scripts/analytical/congestion_aware/configs/gqa_seq_scaling/tp16_hbm4_80t_split4_bw1500_mesh2d_4x4_onering_llama4_gqa_tp16_fwd_block2x2_bs1_sl1024_split4_bw1500.json,mesh2d,4x4_onering_llama4_gqa_tp16_fwd_block2x2_split4_bw1500,1,1024,16,,,,,80t,split4,bw1500,734,164,570,,69.848,35.333,SUCCESS,2026-03-23 23:56:25
0831f6642673595ee116520dbca31af4e0bdf77376a4593985dbeb79bb6fe6e8,tp16_hbm4_80t_split4_bw1500_mesh2d_4x4_onering_llama4_gqa_tp16_fwd_block2x2_bs1_sl1048576_split4_bw1500,/home/haotian/waferchip/mesh2D/astra_sim_picasso/examples/run_scripts/analytical/congestion_aware/configs/gqa_seq_scaling/tp16_hbm4_80t_split4_bw1500_mesh2d_4x4_onering_llama4_gqa_tp16_fwd_block2x2_bs1_sl1048576_split4_bw1500.json,mesh2d,4x4_onering_llama4_gqa_tp16_fwd_block2x2_split4_bw1500,1,1048576,16,,,,,80t,split4,bw1500,80747,70558,10189,,28.667,82.034,SUCCESS,2026-03-23 23:56:26
2ce4ccbe041f2809868f296e1b19b79dbbc67bce3ecec70f9dfea8b24cb90a05,tp16_hbm4_80t_split4_bw1500_mesh2d_4x4_onering_llama4_gqa_tp16_fwd_block2x2_bs1_sl131072_split4_bw1500,/home/haotian/waferchip/mesh2D/astra_sim_picasso/examples/run_scripts/analytical/congestion_aware/configs/gqa_seq_scaling/tp16_hbm4_80t_split4_bw1500_mesh2d_4x4_onering_llama4_gqa_tp16_fwd_block2x2_bs1_sl131072_split4_bw1500.json,mesh2d,4x4_onering_llama4_gqa_tp16_fwd_block2x2_split4_bw1500,1,131072,16,,,,,80t,split4,bw1500,10547,8902,1645,,29.331,81.279,SUCCESS,2026-03-23 23:56:26
3fded4ec73030a411282f348b18aa0a4a813bf5dcc8fbee23d15967b436d3542,tp16_hbm4_80t_split4_bw1500_mesh2d_4x4_onering_llama4_gqa_tp16_fwd_block2x2_bs1_sl16384_split4_bw1500,/home/haotian/waferchip/mesh2D/astra_sim_picasso/examples/run_scripts/analytical/congestion_aware/configs/gqa_seq_scaling/tp16_hbm4_80t_split4_bw1500_mesh2d_4x4_onering_llama4_gqa_tp16_fwd_block2x2_bs1_sl16384_split4_bw1500.json,mesh2d,4x4_onering_llama4_gqa_tp16_fwd_block2x2_split4_bw1500,1,16384,16,,,,,80t,split4,bw1500,1856,1196,660,,34.284,75.673,SUCCESS,2026-03-23 23:56:26
cec046d9b98b9f7c97fe3e759de65357c26c3f737cbcf6000443a4d25a24c354,tp16_hbm4_80t_split4_bw1500_mesh2d_4x4_onering_llama4_gqa_tp16_fwd_block2x2_bs1_sl2048_split4_bw1500,/home/haotian/waferchip/mesh2D/astra_sim_picasso/examples/run_scripts/analytical/congestion_aware/configs/gqa_seq_scaling/tp16_hbm4_80t_split4_bw1500_mesh2d_4x4_onering_llama4_gqa_tp16_fwd_block2x2_bs1_sl2048_split4_bw1500.json,mesh2d,4x4_onering_llama4_gqa_tp16_fwd_block2x2_split4_bw1500,1,2048,16,,,,,80t,split4,bw1500,802,232,570,,57.725,49.056,SUCCESS,2026-03-23 23:56:26
0fbf9ab8b8d20435c25dbcd57512c136cc610bd031a751a5adbe56507b2681f8,tp16_hbm4_80t_split4_bw1500_mesh2d_4x4_onering_llama4_gqa_tp16_fwd_block2x2_bs1_sl262144_split4_bw1500,/home/haotian/waferchip/mesh2D/astra_sim_picasso/examples/run_scripts/analytical/congestion_aware/configs/gqa_seq_scaling/tp16_hbm4_80t_split4_bw1500_mesh2d_4x4_onering_llama4_gqa_tp16_fwd_block2x2_bs1_sl262144_split4_bw1500.json,mesh2d,4x4_onering_llama4_gqa_tp16_fwd_block2x2_split4_bw1500,1,262144,16,,,,,80t,split4,bw1500,20579,17710,2869,,28.958,81.705,SUCCESS,2026-03-23 23:56:27
d8cefa21044b4de942f4c53bff44b96d4d55cfae8d5f62c7cf590bd62f08e90c,tp16_hbm4_80t_split4_bw1500_mesh2d_4x4_onering_llama4_gqa_tp16_fwd_block2x2_bs1_sl32768_split4_bw1500,/home/haotian/waferchip/mesh2D/astra_sim_picasso/examples/run_scripts/analytical/congestion_aware/configs/gqa_seq_scaling/tp16_hbm4_80t_split4_bw1500_mesh2d_4x4_onering_llama4_gqa_tp16_fwd_block2x2_bs1_sl32768_split4_bw1500.json,mesh2d,4x4_onering_llama4_gqa_tp16_fwd_block2x2_split4_bw1500,1,32768,16,,,,,80t,split4,bw1500,3068,2296,772,,31.552,78.768,SUCCESS,2026-03-23 23:56:27
2eee9a90d040e2cb0df77531e5dfb59636220fa74da65e7c08dab5c57d131706,tp16_hbm4_80t_split4_bw1500_mesh2d_4x4_onering_llama4_gqa_tp16_fwd_block2x2_bs1_sl4096_split4_bw1500,/home/haotian/waferchip/mesh2D/astra_sim_picasso/examples/run_scripts/analytical/congestion_aware/configs/gqa_seq_scaling/tp16_hbm4_80t_split4_bw1500_mesh2d_4x4_onering_llama4_gqa_tp16_fwd_block2x2_bs1_sl4096_split4_bw1500.json,mesh2d,4x4_onering_llama4_gqa_tp16_fwd_block2x2_split4_bw1500,1,4096,16,,,,,80t,split4,bw1500,956,368,588,,46.883,61.328,SUCCESS,2026-03-23 23:56:27
4a4af0d5372e3dd0b566add07b956503ff80410266dcae56b265993f81076ba5,tp16_hbm4_80t_split4_bw1500_mesh2d_4x4_onering_llama4_gqa_tp16_fwd_block2x2_bs1_sl524288_split4_bw1500,/home/haotian/waferchip/mesh2D/astra_sim_picasso/examples/run_scripts/analytical/congestion_aware/configs/gqa_seq_scaling/tp16_hbm4_80t_split4_bw1500_mesh2d_4x4_onering_llama4_gqa_tp16_fwd_block2x2_bs1_sl524288_split4_bw1500.json,mesh2d,4x4_onering_llama4_gqa_tp16_fwd_block2x2_split4_bw1500,1,524288,16,,,,,80t,split4,bw1500,40643,35326,5317,,28.764,81.924,SUCCESS,2026-03-23 23:56:28
765a81aaf9adf27e573b72816b290ab9f86e2a5e2c386ba1b4b0ed5271503059,tp16_hbm4_80t_split4_bw1500_mesh2d_4x4_onering_llama4_gqa_tp16_fwd_block2x2_bs1_sl65536_split4_bw1500,/home/haotian/waferchip/mesh2D/astra_sim_picasso/examples/run_scripts/analytical/congestion_aware/configs/gqa_seq_scaling/tp16_hbm4_80t_split4_bw1500_mesh2d_4x4_onering_llama4_gqa_tp16_fwd_block2x2_bs1_sl65536_split4_bw1500.json,mesh2d,4x4_onering_llama4_gqa_tp16_fwd_block2x2_split4_bw1500,1,65536,16,,,,,80t,split4,bw1500,5543,4498,1045,,30.087,80.425,SUCCESS,2026-03-23 23:56:28
7757ec377e1323646d20e6b9e2841c0be4ba5cb3975682aab50791284f2a8df7,tp16_hbm4_80t_split4_bw1500_mesh2d_4x4_onering_llama4_gqa_tp16_fwd_block2x2_bs1_sl8192_split4_bw1500,/home/haotian/waferchip/mesh2D/astra_sim_picasso/examples/run_scripts/analytical/congestion_aware/configs/gqa_seq_scaling/tp16_hbm4_80t_split4_bw1500_mesh2d_4x4_onering_llama4_gqa_tp16_fwd_block2x2_bs1_sl8192_split4_bw1500.json,mesh2d,4x4_onering_llama4_gqa_tp16_fwd_block2x2_split4_bw1500,1,8192,16,,,,,80t,split4,bw1500,1259,644,615,,39.089,70.202,SUCCESS,2026-03-23 23:56:28
a8decbeddecfb0b50b9e8ef784603d0cce275da3d0e04c0b9163aea031a15dd2,tp16_hbm4_80t_split4_bw1500_mesh2d_4x4_onering_qwen_gqa_hmp_fwd_block2x2_bs8_sl1024,/home/haotian/waferchip/mesh2D/astra_sim_picasso/examples/run_scripts/analytical/congestion_aware/configs/gqa_seq_scaling/tp16_hbm4_80t_split4_bw1500_mesh2d_4x4_onering_qwen_gqa_hmp_fwd_block2x2_bs8_sl1024.json,mesh2d,4x4_onering_qwen_gqa_hmp_fwd_block2x2,8,1024,16,,,,,80t,split4,bw1500,2738,2738,,,92.42,9.427,SUCCESS,2026-03-29 01:47:17
6e3f2f30c949dd0fbc2d166b326b27bd40a655e7ec38a12719920cb3c9591bd0,tp16_hbm4_80t_mesh2d_4x4_onering_llama4_gqa_baseline_fwd_block2x2_bs1_sl1024,/home/haotian/waferchip/mesh2D/astra_sim_picasso/examples/run_scripts/analytical/congestion_aware/configs/gqa_seq_scaling/tp16_hbm4_80t_mesh2d_4x4_onering_llama4_gqa_baseline_fwd_block2x2_bs1_sl1024.json,onering,llama4_gqa_baseline_fwd_block2x2,1,1024,16,,,,,80t,mesh2d,4x4,18453,213,18240,,76.752,25.386,SUCCESS,2026-03-29 01:47:53
d561026c50f7abd9cf277093bf58975e0559a2a95a3ef0a784bc19bddac386d1,tp16_hbm4_80t_mesh2d_4x4_onering_llama4_gqa_baseline_fwd_block2x2_bs1_sl1048576,/home/haotian/waferchip/mesh2D/astra_sim_picasso/examples/run_scripts/analytical/congestion_aware/configs/gqa_seq_scaling/tp16_hbm4_80t_mesh2d_4x4_onering_llama4_gqa_baseline_fwd_block2x2_bs1_sl1048576.json,onering,llama4_gqa_baseline_fwd_block2x2,1,1048576,16,,,,,80t,mesh2d,4x4,88847,70607,18240,,28.717,77.521,SUCCESS,2026-03-29 01:47:55
3f165fbfc891e15daee5b6d83220dfed8d08f5391a74618aedaece9131a0942b,tp16_hbm4_80t_mesh2d_4x4_onering_llama4_gqa_baseline_fwd_block2x2_bs1_sl131072,/home/haotian/waferchip/mesh2D/astra_sim_picasso/examples/run_scripts/analytical/congestion_aware/configs/gqa_seq_scaling/tp16_hbm4_80t_mesh2d_4x4_onering_llama4_gqa_baseline_fwd_block2x2_bs1_sl131072.json,onering,llama4_gqa_baseline_fwd_block2x2,1,131072,16,,,,,80t,mesh2d,4x4,27191,8951,18240,,29.718,76.434,SUCCESS,2026-03-29 01:47:56
3ed5e4a698f9a959b138e28da81ff1a6c982b71ec9d64bfe4a04dbeb09bc4f52,tp16_hbm4_80t_mesh2d_4x4_onering_llama4_gqa_baseline_fwd_block2x2_bs1_sl16384,/home/haotian/waferchip/mesh2D/astra_sim_picasso/examples/run_scripts/analytical/congestion_aware/configs/gqa_seq_scaling/tp16_hbm4_80t_mesh2d_4x4_onering_llama4_gqa_baseline_fwd_block2x2_bs1_sl16384.json,onering,llama4_gqa_baseline_fwd_block2x2,1,16384,16,,,,,80t,mesh2d,4x4,19485,1245,18240,,36.868,68.677,SUCCESS,2026-03-29 01:47:58
a2614ca73e03a51bb5737d3e81457cddaa620262126ab8f6455eca16ffb40b9a,tp16_hbm4_80t_mesh2d_4x4_onering_llama4_gqa_baseline_fwd_block2x2_bs1_sl2048,/home/haotian/waferchip/mesh2D/astra_sim_picasso/examples/run_scripts/analytical/congestion_aware/configs/gqa_seq_scaling/tp16_hbm4_80t_mesh2d_4x4_onering_llama4_gqa_baseline_fwd_block2x2_bs1_sl2048.json,onering,llama4_gqa_baseline_fwd_block2x2,1,2048,16,,,,,80t,mesh2d,4x4,18521,281,18240,,65.071,38.059,SUCCESS,2026-03-29 01:48:00
e83af1f662476d67a8faeb52e94f68ea46c5c63e3524daf298c7259ae0320486,tp16_hbm4_80t_mesh2d_4x4_onering_llama4_gqa_baseline_fwd_block2x2_bs1_sl262144,/home/haotian/waferchip/mesh2D/astra_sim_picasso/examples/run_scripts/analytical/congestion_aware/configs/gqa_seq_scaling/tp16_hbm4_80t_mesh2d_4x4_onering_llama4_gqa_baseline_fwd_block2x2_bs1_sl262144.json,onering,llama4_gqa_baseline_fwd_block2x2,1,262144,16,,,,,80t,mesh2d,4x4,35999,17759,18240,,29.154,77.047,SUCCESS,2026-03-29 01:48:02
e030d5d213c1b04c2eeae1548f844b70bb6cef6ec218fa5579e53f233a54caae,tp16_hbm4_80t_mesh2d_4x4_onering_llama4_gqa_baseline_fwd_block2x2_bs1_sl32768,/home/haotian/waferchip/mesh2D/astra_sim_picasso/examples/run_scripts/analytical/congestion_aware/configs/gqa_seq_scaling/tp16_hbm4_80t_mesh2d_4x4_onering_llama4_gqa_baseline_fwd_block2x2_bs1_sl32768.json,onering,llama4_gqa_baseline_fwd_block2x2,1,32768,16,,,,,80t,mesh2d,4x4,20585,2345,18240,,32.982,72.894,SUCCESS,2026-03-29 01:48:03
99e9100af64e8ee6f380f1b7d8be9c8dcdacbccef809738af387146202fe1ae8,tp16_hbm4_80t_mesh2d_4x4_onering_llama4_gqa_baseline_fwd_block2x2_bs1_sl4096,/home/haotian/waferchip/mesh2D/astra_sim_picasso/examples/run_scripts/analytical/congestion_aware/configs/gqa_seq_scaling/tp16_hbm4_80t_mesh2d_4x4_onering_llama4_gqa_baseline_fwd_block2x2_bs1_sl4096.json,onering,llama4_gqa_baseline_fwd_block2x2,1,4096,16,,,,,80t,mesh2d,4x4,18657,417,18240,,53.11,51.035,SUCCESS,2026-03-29 01:48:05
6dd5771e233ebe67d9e58c67e6d4cd1d005dd11ebd9d46a1aea3e83df61da003,tp16_hbm4_80t_mesh2d_4x4_onering_llama4_gqa_baseline_fwd_block2x2_bs1_sl524288,/home/haotian/waferchip/mesh2D/astra_sim_picasso/examples/run_scripts/analytical/congestion_aware/configs/gqa_seq_scaling/tp16_hbm4_80t_mesh2d_4x4_onering_llama4_gqa_baseline_fwd_block2x2_bs1_sl524288.json,onering,llama4_gqa_baseline_fwd_block2x2,1,524288,16,,,,,80t,mesh2d,4x4,53615,35375,18240,,28.863,77.362,SUCCESS,2026-03-29 01:48:07
494e4d5e743ae6932761bbc78aa3594f2d522ce17361f5e037fae068085e8f82,tp16_hbm4_80t_mesh2d_4x4_onering_llama4_gqa_baseline_fwd_block2x2_bs1_sl65536,/home/haotian/waferchip/mesh2D/astra_sim_picasso/examples/run_scripts/analytical/congestion_aware/configs/gqa_seq_scaling/tp16_hbm4_80t_mesh2d_4x4_onering_llama4_gqa_baseline_fwd_block2x2_bs1_sl65536.json,onering,llama4_gqa_baseline_fwd_block2x2,1,65536,16,,,,,80t,mesh2d,4x4,22787,4547,18240,,30.84,75.216,SUCCESS,2026-03-29 01:48:08
1c4210433506cd87cd5517acdf5ff093b463bafbab305d0f5d43171c248876e9,tp16_hbm4_80t_mesh2d_4x4_onering_llama4_gqa_baseline_fwd_block2x2_bs1_sl8192,/home/haotian/waferchip/mesh2D/astra_sim_picasso/examples/run_scripts/analytical/congestion_aware/configs/gqa_seq_scaling/tp16_hbm4_80t_mesh2d_4x4_onering_llama4_gqa_baseline_fwd_block2x2_bs1_sl8192.json,onering,llama4_gqa_baseline_fwd_block2x2,1,8192,16,,,,,80t,mesh2d,4x4,18933,693,18240,,43.39,61.594,SUCCESS,2026-03-29 01:48:10
02e7bf288b227037fde4cb39b7797667d816a62c36eb7d5b5626d7709be3a415,tp16_hbm4_80t_mesh2d_4x4_onering_llama4_gqa_hmp_fwd_block2x2_bs1_sl1024,/home/haotian/waferchip/mesh2D/astra_sim_picasso/examples/run_scripts/analytical/congestion_aware/configs/gqa_seq_scaling/tp16_hbm4_80t_mesh2d_4x4_onering_llama4_gqa_hmp_fwd_block2x2_bs1_sl1024.json,onering,llama4_gqa_hmp_fwd_block2x2,1,1024,16,,,,,80t,mesh2d,4x4,338,338,,,84.882,17.069,SUCCESS,2026-03-29 01:48:10
c4aff98496e929d866df2da4ada20290f4240054d9698365d537f81b4a20aaa2,tp16_hbm4_80t_mesh2d_4x4_onering_llama4_gqa_hmp_fwd_block2x2_bs1_sl1048576,/home/haotian/waferchip/mesh2D/astra_sim_picasso/examples/run_scripts/analytical/congestion_aware/configs/gqa_seq_scaling/tp16_hbm4_80t_mesh2d_4x4_onering_llama4_gqa_hmp_fwd_block2x2_bs1_sl1048576.json,onering,llama4_gqa_hmp_fwd_block2x2,1,1048576,16,,,,,80t,mesh2d,4x4,70732,70732,,,28.841,77.389,SUCCESS,2026-03-29 01:48:10
ff5b5a1488eeea94c621fe563beab83fadefae28edef2e1886f46d2e50222267,tp16_hbm4_80t_mesh2d_4x4_onering_llama4_gqa_hmp_fwd_block2x2_bs1_sl131072,/home/haotian/waferchip/mesh2D/astra_sim_picasso/examples/run_scripts/analytical/congestion_aware/configs/gqa_seq_scaling/tp16_hbm4_80t_mesh2d_4x4_onering_llama4_gqa_hmp_fwd_block2x2_bs1_sl131072.json,onering,llama4_gqa_hmp_fwd_block2x2,1,131072,16,,,,,80t,mesh2d,4x4,9076,9076,,,30.67,75.42,SUCCESS,2026-03-29 01:48:10
46da07867dc7740f43abd65c3dbaf37c6aa0b0562f709cf3bb7568eb6447ae4f,tp16_hbm4_80t_mesh2d_4x4_onering_llama4_gqa_hmp_fwd_block2x2_bs1_sl16384,/home/haotian/waferchip/mesh2D/astra_sim_picasso/examples/run_scripts/analytical/congestion_aware/configs/gqa_seq_scaling/tp16_hbm4_80t_mesh2d_4x4_onering_llama4_gqa_hmp_fwd_block2x2_bs1_sl16384.json,onering,llama4_gqa_hmp_fwd_block2x2,1,16384,16,,,,,80t,mesh2d,4x4,1370,1370,,,42.515,62.673,SUCCESS,2026-03-29 01:48:10
2d490034044f3f738c86ca2c1f3cb24bb3100d2f0b054e79a8cce1eb1a8c236d,tp16_hbm4_80t_mesh2d_4x4_onering_llama4_gqa_hmp_fwd_block2x2_bs1_sl2048,/home/haotian/waferchip/mesh2D/astra_sim_picasso/examples/run_scripts/analytical/congestion_aware/configs/gqa_seq_scaling/tp16_hbm4_80t_mesh2d_4x4_onering_llama4_gqa_hmp_fwd_block2x2_bs1_sl2048.json,onering,llama4_gqa_hmp_fwd_block2x2,1,2048,16,,,,,80t,mesh2d,4x4,406,406,,,75.43,27.239,SUCCESS,2026-03-29 01:48:10
697060dab6464e4418c9bf2b00fab5b31d6bcae54342c27649baa46317172b7c,tp16_hbm4_80t_mesh2d_4x4_onering_llama4_gqa_hmp_fwd_block2x2_bs1_sl262144,/home/haotian/waferchip/mesh2D/astra_sim_picasso/examples/run_scripts/analytical/congestion_aware/configs/gqa_seq_scaling/tp16_hbm4_80t_mesh2d_4x4_onering_llama4_gqa_hmp_fwd_block2x2_bs1_sl262144.json,onering,llama4_gqa_hmp_fwd_block2x2,1,262144,16,,,,,80t,mesh2d,4x4,17884,17884,,,29.641,76.528,SUCCESS,2026-03-29 01:48:10
0868ccddb6e0f3a7b3f7ee515fc28fb76839cceedd9d5b48bbc662483821bb39,tp16_hbm4_80t_mesh2d_4x4_onering_llama4_gqa_hmp_fwd_block2x2_bs1_sl32768,/home/haotian/waferchip/mesh2D/astra_sim_picasso/examples/run_scripts/analytical/congestion_aware/configs/gqa_seq_scaling/tp16_hbm4_80t_mesh2d_4x4_onering_llama4_gqa_hmp_fwd_block2x2_bs1_sl32768.json,onering,llama4_gqa_hmp_fwd_block2x2,1,32768,16,,,,,80t,mesh2d,4x4,2470,2470,,,36.311,69.35,SUCCESS,2026-03-29 01:48:10
a0ab23e2d835ffd7b6866ef5f0a163bbed95bd49f6310729c432c8a275bed46f,tp16_hbm4_80t_mesh2d_4x4_onering_llama4_gqa_hmp_fwd_block2x2_bs1_sl4096,/home/haotian/waferchip/mesh2D/astra_sim_picasso/examples/run_scripts/analytical/congestion_aware/configs/gqa_seq_scaling/tp16_hbm4_80t_mesh2d_4x4_onering_llama4_gqa_hmp_fwd_block2x2_bs1_sl4096.json,onering,llama4_gqa_hmp_fwd_block2x2,1,4096,16,,,,,80t,mesh2d,4x4,542,542,,,63.628,39.938,SUCCESS,2026-03-29 01:48:10
11210a650f31dee7b395617187594c87e2cf75ffeb2690a55d96125d80eb7578,tp16_hbm4_80t_mesh2d_4x4_onering_llama4_gqa_hmp_fwd_block2x2_bs1_sl524288,/home/haotian/waferchip/mesh2D/astra_sim_picasso/examples/run_scripts/analytical/congestion_aware/configs/gqa_seq_scaling/tp16_hbm4_80t_mesh2d_4x4_onering_llama4_gqa_hmp_fwd_block2x2_bs1_sl524288.json,onering,llama4_gqa_hmp_fwd_block2x2,1,524288,16,,,,,80t,mesh2d,4x4,35500,35500,,,29.109,77.1,SUCCESS,2026-03-29 01:48:10
aae31def525643c5228d45c96ed1a09199a72f591235409648110a6c56b8c6cc,tp16_hbm4_80t_mesh2d_4x4_onering_llama4_gqa_hmp_fwd_block2x2_bs1_sl65536,/home/haotian/waferchip/mesh2D/astra_sim_picasso/examples/run_scripts/analytical/congestion_aware/configs/gqa_seq_scaling/tp16_hbm4_80t_mesh2d_4x4_onering_llama4_gqa_hmp_fwd_block2x2_bs1_sl65536.json,onering,llama4_gqa_hmp_fwd_block2x2,1,65536,16,,,,,80t,mesh2d,4x4,4672,4672,,,32.658,73.28,SUCCESS,2026-03-29 01:48:10
0334f3215c071bc59b89bf9f9c77cf926091bda45192eb0db04d2c8cec7500d3,tp16_hbm4_80t_mesh2d_4x4_onering_llama4_gqa_hmp_fwd_block2x2_bs1_sl8192,/home/haotian/waferchip/mesh2D/astra_sim_picasso/examples/run_scripts/analytical/congestion_aware/configs/gqa_seq_scaling/tp16_hbm4_80t_mesh2d_4x4_onering_llama4_gqa_hmp_fwd_block2x2_bs1_sl8192.json,onering,llama4_gqa_hmp_fwd_block2x2,1,8192,16,,,,,80t,mesh2d,4x4,818,818,,,51.847,52.625,SUCCESS,2026-03-29 01:48:10
8a79540896cbb8dab6625a1f71e65cad370062fb532b4606623786aa1e8a2194,tp16_hbm4_80t_mesh2d_4x4_onering_llama4_gqa_tp16_fwd_block2x2_bs1_sl1024,/home/haotian/waferchip/mesh2D/astra_sim_picasso/examples/run_scripts/analytical/congestion_aware/configs/gqa_seq_scaling/tp16_hbm4_80t_mesh2d_4x4_onering_llama4_gqa_tp16_fwd_block2x2_bs1_sl1024.json,onering,llama4_gqa_tp16_fwd_block2x2,1,1024,16,,,,,80t,mesh2d,4x4,21044,164,20880,,69.848,35.333,SUCCESS,2026-03-29 01:48:12
7be18e62ecc0bd048251c02867177be10a53a9fd54f45ac8e7a30c7aa5c41300,tp16_hbm4_80t_mesh2d_4x4_onering_llama4_gqa_tp16_fwd_block2x2_bs1_sl1048576,/home/haotian/waferchip/mesh2D/astra_sim_picasso/examples/run_scripts/analytical/congestion_aware/configs/gqa_seq_scaling/tp16_hbm4_80t_mesh2d_4x4_onering_llama4_gqa_tp16_fwd_block2x2_bs1_sl1048576.json,onering,llama4_gqa_tp16_fwd_block2x2,1,1048576,16,,,,,80t,mesh2d,4x4,99842,70558,29284,,28.667,82.034,SUCCESS,2026-03-29 01:48:14
a857f00040a419da79b1a6e8d9b11fe8c4ce3f70d35f8394014506ad2c502f66,tp16_hbm4_80t_mesh2d_4x4_onering_llama4_gqa_tp16_fwd_block2x2_bs1_sl131072,/home/haotian/waferchip/mesh2D/astra_sim_picasso/examples/run_scripts/analytical/congestion_aware/configs/gqa_seq_scaling/tp16_hbm4_80t_mesh2d_4x4_onering_llama4_gqa_tp16_fwd_block2x2_bs1_sl131072.json,onering,llama4_gqa_tp16_fwd_block2x2,1,131072,16,,,,,80t,mesh2d,4x4,30799,8902,21897,,29.331,81.279,SUCCESS,2026-03-29 01:48:16
7061b702796c28683410b25103d3d10d7067db907824e82612e5e0ab4d9be7c3,tp16_hbm4_80t_mesh2d_4x4_onering_llama4_gqa_tp16_fwd_block2x2_bs1_sl16384,/home/haotian/waferchip/mesh2D/astra_sim_picasso/examples/run_scripts/analytical/congestion_aware/configs/gqa_seq_scaling/tp16_hbm4_80t_mesh2d_4x4_onering_llama4_gqa_tp16_fwd_block2x2_bs1_sl16384.json,onering,llama4_gqa_tp16_fwd_block2x2,1,16384,16,,,,,80t,mesh2d,4x4,22197,1196,21001,,34.284,75.673,SUCCESS,2026-03-29 01:48:18
cd2e992ae167dc8bc20c835b74e9c4a17189aa48c8957ff7fd4a4bdb80922f48,tp16_hbm4_80t_mesh2d_4x4_onering_llama4_gqa_tp16_fwd_block2x2_bs1_sl2048,/home/haotian/waferchip/mesh2D/astra_sim_picasso/examples/run_scripts/analytical/congestion_aware/configs/gqa_seq_scaling/tp16_hbm4_80t_mesh2d_4x4_onering_llama4_gqa_tp16_fwd_block2x2_bs1_sl2048.json,onering,llama4_gqa_tp16_fwd_block2x2,1,2048,16,,,,,80t,mesh2d,4x4,21112,232,20880,,57.725,49.056,SUCCESS,2026-03-29 01:48:20
913a803d4eba7db28bd790a338f22cf138d5d90b7fc3869c104439a18ce1bede,tp16_hbm4_80t_mesh2d_4x4_onering_llama4_gqa_tp16_fwd_block2x2_bs1_sl262144,/home/haotian/waferchip/mesh2D/astra_sim_picasso/examples/run_scripts/analytical/congestion_aware/configs/gqa_seq_scaling/tp16_hbm4_80t_mesh2d_4x4_onering_llama4_gqa_tp16_fwd_block2x2_bs1_sl262144.json,onering,llama4_gqa_tp16_fwd_block2x2,1,262144,16,,,,,80t,mesh2d,4x4,40673,17710,22963,,28.958,81.705,SUCCESS,2026-03-29 01:48:22
c692c93c834e24414c41a37dbcb1b312ede5f2f7e71afbb0364d14c615a33404,tp16_hbm4_80t_mesh2d_4x4_onering_llama4_gqa_tp16_fwd_block2x2_bs1_sl32768,/home/haotian/waferchip/mesh2D/astra_sim_picasso/examples/run_scripts/analytical/congestion_aware/configs/gqa_seq_scaling/tp16_hbm4_80t_mesh2d_4x4_onering_llama4_gqa_tp16_fwd_block2x2_bs1_sl32768.json,onering,llama4_gqa_tp16_fwd_block2x2,1,32768,16,,,,,80t,mesh2d,4x4,23418,2296,21122,,31.552,78.768,SUCCESS,2026-03-29 01:48:24
36c34cd4af3ae81f3f13f934966e8eb363c4a9721795c15fc2f83326a0142542,tp16_hbm4_80t_mesh2d_4x4_onering_llama4_gqa_tp16_fwd_block2x2_bs1_sl4096,/home/haotian/waferchip/mesh2D/astra_sim_picasso/examples/run_scripts/analytical/congestion_aware/configs/gqa_seq_scaling/tp16_hbm4_80t_mesh2d_4x4_onering_llama4_gqa_tp16_fwd_block2x2_bs1_sl4096.json,onering,llama4_gqa_tp16_fwd_block2x2,1,4096,16,,,,,80t,mesh2d,4x4,21248,368,20880,,46.883,61.328,SUCCESS,2026-03-29 01:48:26
458f4f44a6d29e4c814e1aa967b5872bfbee84abbcd7fdabdeb767248c557c0d,tp16_hbm4_80t_mesh2d_4x4_onering_llama4_gqa_tp16_fwd_block2x2_bs1_sl524288,/home/haotian/waferchip/mesh2D/astra_sim_picasso/examples/run_scripts/analytical/congestion_aware/configs/gqa_seq_scaling/tp16_hbm4_80t_mesh2d_4x4_onering_llama4_gqa_tp16_fwd_block2x2_bs1_sl524288.json,onering,llama4_gqa_tp16_fwd_block2x2,1,524288,16,,,,,80t,mesh2d,4x4,60372,35326,25046,,28.764,81.924,SUCCESS,2026-03-29 01:48:27
5e3f3299e73802e8b9acfef90d5129b3ce4da37c057ea9d8f814b1bb4b4ec74d,tp16_hbm4_80t_mesh2d_4x4_onering_llama4_gqa_tp16_fwd_block2x2_bs1_sl65536,/home/haotian/waferchip/mesh2D/astra_sim_picasso/examples/run_scripts/analytical/congestion_aware/configs/gqa_seq_scaling/tp16_hbm4_80t_mesh2d_4x4_onering_llama4_gqa_tp16_fwd_block2x2_bs1_sl65536.json,onering,llama4_gqa_tp16_fwd_block2x2,1,65536,16,,,,,80t,mesh2d,4x4,25862,4498,21364,,30.087,80.425,SUCCESS,2026-03-29 01:48:29
e4d0266fca437c5ca1849d80675d6f99ee35d495b0ec76a1beaba8c31ebc2c1c,tp16_hbm4_80t_mesh2d_4x4_onering_llama4_gqa_tp16_fwd_block2x2_bs1_sl8192,/home/haotian/waferchip/mesh2D/astra_sim_picasso/examples/run_scripts/analytical/congestion_aware/configs/gqa_seq_scaling/tp16_hbm4_80t_mesh2d_4x4_onering_llama4_gqa_tp16_fwd_block2x2_bs1_sl8192.json,onering,llama4_gqa_tp16_fwd_block2x2,1,8192,16,,,,,80t,mesh2d,4x4,21524,644,20880,,39.089,70.202,SUCCESS,2026-03-29 01:48:31
b053898b94afdf50f8fbb6849d49bfedb420ba546ba167ab727bbd98b979a1b6,tp16_hbm4_80t_mesh2d_4x4_onering_qwen_gqa_baseline_fwd_block2x2_bs1_sl1024,/home/haotian/waferchip/mesh2D/astra_sim_picasso/examples/run_scripts/analytical/congestion_aware/configs/gqa_seq_scaling/tp16_hbm4_80t_mesh2d_4x4_onering_qwen_gqa_baseline_fwd_block2x2_bs1_sl1024.json,onering,qwen_gqa_baseline_fwd_block2x2,1,1024,16,,,,,80t,mesh2d,4x4,18422,182,18240,,86.134,15.926,SUCCESS,2026-03-29 01:48:33
fb518ad9c946a72b4541e01e3f712231fa8659b9df1135de0d673d2a6bc91264,tp16_hbm4_80t_mesh2d_4x4_onering_qwen_gqa_baseline_fwd_block2x2_bs1_sl1024_split4,/home/haotian/waferchip/mesh2D/astra_sim_picasso/examples/run_scripts/analytical/congestion_aware/configs/gqa_seq_scaling/tp16_hbm4_80t_mesh2d_4x4_onering_qwen_gqa_baseline_fwd_block2x2_bs1_sl1024_split4.json,onering,qwen_gqa_baseline_fwd_block2x2_split4,1,1024,16,,,,,80t,mesh2d,4x4,2462,182,2280,,86.134,15.926,SUCCESS,2026-03-29 01:48:33
b29d2b6eb6462695a29d1e6851fcefbb9d46dca2b9fc20b8c0d14290285b2d8c,tp16_hbm4_80t_mesh2d_4x4_onering_qwen_gqa_baseline_fwd_block2x2_bs1_sl1024_split4_bw1500,/home/haotian/waferchip/mesh2D/astra_sim_picasso/examples/run_scripts/analytical/congestion_aware/configs/gqa_seq_scaling/tp16_hbm4_80t_mesh2d_4x4_onering_qwen_gqa_baseline_fwd_block2x2_bs1_sl1024_split4_bw1500.json,onering,qwen_gqa_baseline_fwd_block2x2_split4_bw1500,1,1024,16,,,,,80t,mesh2d,4x4,677,182,495,,86.134,15.926,SUCCESS,2026-03-29 01:48:34
139719ae14d1d90950d616f87aae0db15603dde590a482ace80de5de008ab2d8,tp16_hbm4_80t_mesh2d_4x4_onering_qwen_gqa_baseline_fwd_block2x2_bs1_sl1024_split4_d2d15ns,/home/haotian/waferchip/mesh2D/astra_sim_picasso/examples/run_scripts/analytical/congestion_aware/configs/gqa_seq_scaling/tp16_hbm4_80t_mesh2d_4x4_onering_qwen_gqa_baseline_fwd_block2x2_bs1_sl1024_split4_d2d15ns.json,onering,qwen_gqa_baseline_fwd_block2x2_split4_d2d15ns,1,1024,16,,,,,80t,mesh2d,4x4,677,182,495,,86.134,15.926,SUCCESS,2026-03-29 01:48:34
b2567862b85d16c4bad3c8cc36d723c1cd9442e81cf8837265f39f4a77ca9a99,tp16_hbm4_80t_mesh2d_4x4_onering_qwen_gqa_baseline_fwd_block2x2_bs1_sl1048576,/home/haotian/waferchip/mesh2D/astra_sim_picasso/examples/run_scripts/analytical/congestion_aware/configs/gqa_seq_scaling/tp16_hbm4_80t_mesh2d_4x4_onering_qwen_gqa_baseline_fwd_block2x2_bs1_sl1048576.json,onering,qwen_gqa_baseline_fwd_block2x2,1,1048576,16,,,,,80t,mesh2d,4x4,72054,53814,18240,,53.237,52.999,SUCCESS,2026-03-29 01:48:36
5709caa616537ecd82830acc9390a4718cf4cd657ab3218d961460da261afb5c,tp16_hbm4_80t_mesh2d_4x4_onering_qwen_gqa_baseline_fwd_block2x2_bs1_sl1048576_split4,/home/haotian/waferchip/mesh2D/astra_sim_picasso/examples/run_scripts/analytical/congestion_aware/configs/gqa_seq_scaling/tp16_hbm4_80t_mesh2d_4x4_onering_qwen_gqa_baseline_fwd_block2x2_bs1_sl1048576_split4.json,onering,qwen_gqa_baseline_fwd_block2x2_split4,1,1048576,16,,,,,80t,mesh2d,4x4,56094,53814,2280,,53.237,52.999,SUCCESS,2026-03-29 01:48:36
63e27362cea2d23524e0887cb2db6f8f272b994bce6f13dc9c1de1315a295ea1,tp16_hbm4_80t_mesh2d_4x4_onering_qwen_gqa_baseline_fwd_block2x2_bs1_sl1048576_split4_bw1500,/home/haotian/waferchip/mesh2D/astra_sim_picasso/examples/run_scripts/analytical/congestion_aware/configs/gqa_seq_scaling/tp16_hbm4_80t_mesh2d_4x4_onering_qwen_gqa_baseline_fwd_block2x2_bs1_sl1048576_split4_bw1500.json,onering,qwen_gqa_baseline_fwd_block2x2_split4_bw1500,1,1048576,16,,,,,80t,mesh2d,4x4,54309,53814,495,,53.237,52.999,SUCCESS,2026-03-29 01:48:37
29cdfd1316c289fa13725ec875b0ec8a3f42cb80ff2f8512f0734ccfe69a0a41,tp16_hbm4_80t_mesh2d_4x4_onering_qwen_gqa_baseline_fwd_block2x2_bs1_sl1048576_split4_d2d15ns,/home/haotian/waferchip/mesh2D/astra_sim_picasso/examples/run_scripts/analytical/congestion_aware/configs/gqa_seq_scaling/tp16_hbm4_80t_mesh2d_4x4_onering_qwen_gqa_baseline_fwd_block2x2_bs1_sl1048576_split4_d2d15ns.json,onering,qwen_gqa_baseline_fwd_block2x2_split4_d2d15ns,1,1048576,16,,,,,80t,mesh2d,4x4,54309,53814,495,,53.237,52.999,SUCCESS,2026-03-29 01:48:37
d688854a41cb4453885550d9f794dbf47f95f56d48fcb6b7a7bb994a3411becd,tp16_hbm4_80t_mesh2d_4x4_onering_qwen_gqa_baseline_fwd_block2x2_bs1_sl131072,/home/haotian/waferchip/mesh2D/astra_sim_picasso/examples/run_scripts/analytical/congestion_aware/configs/gqa_seq_scaling/tp16_hbm4_80t_mesh2d_4x4_onering_qwen_gqa_baseline_fwd_block2x2_bs1_sl131072.json,onering,qwen_gqa_baseline_fwd_block2x2,1,131072,16,,,,,80t,mesh2d,4x4,25078,6838,18240,,54.008,52.13,SUCCESS,2026-03-29 01:48:39
faf00751ff841ad98a1a6acfbad7dd2a6ffd5ab2931b62e4552679aa65fb2985,tp16_hbm4_80t_mesh2d_4x4_onering_qwen_gqa_baseline_fwd_block2x2_bs1_sl131072_split4,/home/haotian/waferchip/mesh2D/astra_sim_picasso/examples/run_scripts/analytical/congestion_aware/configs/gqa_seq_scaling/tp16_hbm4_80t_mesh2d_4x4_onering_qwen_gqa_baseline_fwd_block2x2_bs1_sl131072_split4.json,onering,qwen_gqa_baseline_fwd_block2x2_split4,1,131072,16,,,,,80t,mesh2d,4x4,9118,6838,2280,,54.008,52.13,SUCCESS,2026-03-29 01:48:39
cc021495107d59e569b224a16d6beacf3e6ee28c5607b992ae88524807d08567,tp16_hbm4_80t_mesh2d_4x4_onering_qwen_gqa_baseline_fwd_block2x2_bs1_sl131072_split4_bw1500,/home/haotian/waferchip/mesh2D/astra_sim_picasso/examples/run_scripts/analytical/congestion_aware/configs/gqa_seq_scaling/tp16_hbm4_80t_mesh2d_4x4_onering_qwen_gqa_baseline_fwd_block2x2_bs1_sl131072_split4_bw1500.json,onering,qwen_gqa_baseline_fwd_block2x2_split4_bw1500,1,131072,16,,,,,80t,mesh2d,4x4,7333,6838,495,,54.008,52.13,SUCCESS,2026-03-29 01:48:40
26a8a794d71c88283e90bd956b62b7e3b66f23ed7de1cbd76b9aef3290ebe59f,tp16_hbm4_80t_mesh2d_4x4_onering_qwen_gqa_baseline_fwd_block2x2_bs1_sl131072_split4_d2d15ns,/home/haotian/waferchip/mesh2D/astra_sim_picasso/examples/run_scripts/analytical/congestion_aware/configs/gqa_seq_scaling/tp16_hbm4_80t_mesh2d_4x4_onering_qwen_gqa_baseline_fwd_block2x2_bs1_sl131072_split4_d2d15ns.json,onering,qwen_gqa_baseline_fwd_block2x2_split4_d2d15ns,1,131072,16,,,,,80t,mesh2d,4x4,7333,6838,495,,54.008,52.13,SUCCESS,2026-03-29 01:48:40
5c40f490878a5f31e6b04b0ff90b2d23e7be289f5539363cec37551da53b7d8a,tp16_hbm4_80t_mesh2d_4x4_onering_qwen_gqa_baseline_fwd_block2x2_bs1_sl16384,/home/haotian/waferchip/mesh2D/astra_sim_picasso/examples/run_scripts/analytical/congestion_aware/configs/gqa_seq_scaling/tp16_hbm4_80t_mesh2d_4x4_onering_qwen_gqa_baseline_fwd_block2x2_bs1_sl16384.json,onering,qwen_gqa_baseline_fwd_block2x2,1,16384,16,,,,,80t,mesh2d,4x4,19206,966,18240,,59.372,46.086,SUCCESS,2026-03-29 01:48:42
b5d700250ff3b06ba0b934e7eeeb2b94bd1ddd1604e219a2ac76ef19f7d6ae62,tp16_hbm4_80t_mesh2d_4x4_onering_qwen_gqa_baseline_fwd_block2x2_bs1_sl16384_split4,/home/haotian/waferchip/mesh2D/astra_sim_picasso/examples/run_scripts/analytical/congestion_aware/configs/gqa_seq_scaling/tp16_hbm4_80t_mesh2d_4x4_onering_qwen_gqa_baseline_fwd_block2x2_bs1_sl16384_split4.json,onering,qwen_gqa_baseline_fwd_block2x2_split4,1,16384,16,,,,,80t,mesh2d,4x4,3246,966,2280,,59.372,46.086,SUCCESS,2026-03-29 01:48:42
7907650a885465d32bc1ee5321c1097cdfb630bf3a3fc44f7a13ef20e411677c,tp16_hbm4_80t_mesh2d_4x4_onering_qwen_gqa_baseline_fwd_block2x2_bs1_sl16384_split4_bw1500,/home/haotian/waferchip/mesh2D/astra_sim_picasso/examples/run_scripts/analytical/congestion_aware/configs/gqa_seq_scaling/tp16_hbm4_80t_mesh2d_4x4_onering_qwen_gqa_baseline_fwd_block2x2_bs1_sl16384_split4_bw1500.json,onering,qwen_gqa_baseline_fwd_block2x2_split4_bw1500,1,16384,16,,,,,80t,mesh2d,4x4,1461,966,495,,59.372,46.086,SUCCESS,2026-03-29 01:48:43
cfd18a6f0d7896986ffc003b3f476e18e57a986ed4e8459b6875e2c7fd9d4b29,tp16_hbm4_80t_mesh2d_4x4_onering_qwen_gqa_baseline_fwd_block2x2_bs1_sl16384_split4_d2d15ns,/home/haotian/waferchip/mesh2D/astra_sim_picasso/examples/run_scripts/analytical/congestion_aware/configs/gqa_seq_scaling/tp16_hbm4_80t_mesh2d_4x4_onering_qwen_gqa_baseline_fwd_block2x2_bs1_sl16384_split4_d2d15ns.json,onering,qwen_gqa_baseline_fwd_block2x2_split4_d2d15ns,1,16384,16,,,,,80t,mesh2d,4x4,1461,966,495,,59.372,46.086,SUCCESS,2026-03-29 01:48:43
1df9294eeb10c21843d7d9c4e9f20f068cbccd93095d149d9976a92e02bae05b,tp16_hbm4_80t_mesh2d_4x4_onering_qwen_gqa_baseline_fwd_block2x2_bs1_sl2048,/home/haotian/waferchip/mesh2D/astra_sim_picasso/examples/run_scripts/analytical/congestion_aware/configs/gqa_seq_scaling/tp16_hbm4_80t_mesh2d_4x4_onering_qwen_gqa_baseline_fwd_block2x2_bs1_sl2048.json,onering,qwen_gqa_baseline_fwd_block2x2,1,2048,16,,,,,80t,mesh2d,4x4,18474,234,18240,,78.83,24.158,SUCCESS,2026-03-29 01:48:45
c7f54a84a7f3aabd2372278cf4bd23f23696579bed2219e821ef933b5ff55f04,tp16_hbm4_80t_mesh2d_4x4_onering_qwen_gqa_baseline_fwd_block2x2_bs1_sl2048_split4,/home/haotian/waferchip/mesh2D/astra_sim_picasso/examples/run_scripts/analytical/congestion_aware/configs/gqa_seq_scaling/tp16_hbm4_80t_mesh2d_4x4_onering_qwen_gqa_baseline_fwd_block2x2_bs1_sl2048_split4.json,onering,qwen_gqa_baseline_fwd_block2x2_split4,1,2048,16,,,,,80t,mesh2d,4x4,2514,234,2280,,78.83,24.158,SUCCESS,2026-03-29 01:48:46
b184ffb0712b853b062ad2ba75872ee01ea8150de978597effa405172fef6cb0,tp16_hbm4_80t_mesh2d_4x4_onering_qwen_gqa_baseline_fwd_block2x2_bs1_sl2048_split4_bw1500,/home/haotian/waferchip/mesh2D/astra_sim_picasso/examples/run_scripts/analytical/congestion_aware/configs/gqa_seq_scaling/tp16_hbm4_80t_mesh2d_4x4_onering_qwen_gqa_baseline_fwd_block2x2_bs1_sl2048_split4_bw1500.json,onering,qwen_gqa_baseline_fwd_block2x2_split4_bw1500,1,2048,16,,,,,80t,mesh2d,4x4,729,234,495,,78.83,24.158,SUCCESS,2026-03-29 01:48:46
99dd0dbc0fc7e21922d71864a3beb3a34b559488656c1f7d15789010c479b157,tp16_hbm4_80t_mesh2d_4x4_onering_qwen_gqa_baseline_fwd_block2x2_bs1_sl2048_split4_d2d15ns,/home/haotian/waferchip/mesh2D/astra_sim_picasso/examples/run_scripts/analytical/congestion_aware/configs/gqa_seq_scaling/tp16_hbm4_80t_mesh2d_4x4_onering_qwen_gqa_baseline_fwd_block2x2_bs1_sl2048_split4_d2d15ns.json,onering,qwen_gqa_baseline_fwd_block2x2_split4_d2d15ns,1,2048,16,,,,,80t,mesh2d,4x4,729,234,495,,78.83,24.158,SUCCESS,2026-03-29 01:48:47
b97db118b22ef29e561108aa345af9fa5bcb2469cd04b49fc38658d4e60cd01a,tp16_hbm4_80t_mesh2d_4x4_onering_qwen_gqa_baseline_fwd_block2x2_bs1_sl262144,/home/haotian/waferchip/mesh2D/astra_sim_picasso/examples/run_scripts/analytical/congestion_aware/configs/gqa_seq_scaling/tp16_hbm4_80t_mesh2d_4x4_onering_qwen_gqa_baseline_fwd_block2x2_bs1_sl262144.json,onering,qwen_gqa_baseline_fwd_block2x2,1,262144,16,,,,,80t,mesh2d,4x4,31790,13550,18240,,53.571,52.623,SUCCESS,2026-03-29 01:48:48
522206090daab827ad90ee601863d4e738bd272779673c0bc26970a3237751c4,tp16_hbm4_80t_mesh2d_4x4_onering_qwen_gqa_baseline_fwd_block2x2_bs1_sl262144_split4,/home/haotian/waferchip/mesh2D/astra_sim_picasso/examples/run_scripts/analytical/congestion_aware/configs/gqa_seq_scaling/tp16_hbm4_80t_mesh2d_4x4_onering_qwen_gqa_baseline_fwd_block2x2_bs1_sl262144_split4.json,onering,qwen_gqa_baseline_fwd_block2x2_split4,1,262144,16,,,,,80t,mesh2d,4x4,15830,13550,2280,,53.571,52.623,SUCCESS,2026-03-29 01:48:49
1462a2fab7397461e2f8e819c8594bcba11978cb2337c55f83e9fac6fcf85a0d,tp16_hbm4_80t_mesh2d_4x4_onering_qwen_gqa_baseline_fwd_block2x2_bs1_sl262144_split4_bw1500,/home/haotian/waferchip/mesh2D/astra_sim_picasso/examples/run_scripts/analytical/congestion_aware/configs/gqa_seq_scaling/tp16_hbm4_80t_mesh2d_4x4_onering_qwen_gqa_baseline_fwd_block2x2_bs1_sl262144_split4_bw1500.json,onering,qwen_gqa_baseline_fwd_block2x2_split4_bw1500,1,262144,16,,,,,80t,mesh2d,4x4,14045,13550,495,,53.571,52.623,SUCCESS,2026-03-29 01:48:49
082c7fba57423af83e024665406534734cab1853799ebaa351866033711da722,tp16_hbm4_80t_mesh2d_4x4_onering_qwen_gqa_baseline_fwd_block2x2_bs1_sl262144_split4_d2d15ns,/home/haotian/waferchip/mesh2D/astra_sim_picasso/examples/run_scripts/analytical/congestion_aware/configs/gqa_seq_scaling/tp16_hbm4_80t_mesh2d_4x4_onering_qwen_gqa_baseline_fwd_block2x2_bs1_sl262144_split4_d2d15ns.json,onering,qwen_gqa_baseline_fwd_block2x2_split4_d2d15ns,1,262144,16,,,,,80t,mesh2d,4x4,14045,13550,495,,53.571,52.623,SUCCESS,2026-03-29 01:48:50
7f80fbb1923fafba4c3adc02750e7c5b1bb19ccb07ac32dca39d502ae2690a27,tp16_hbm4_80t_mesh2d_4x4_onering_qwen_gqa_baseline_fwd_block2x2_bs1_sl32768,/home/haotian/waferchip/mesh2D/astra_sim_picasso/examples/run_scripts/analytical/congestion_aware/configs/gqa_seq_scaling/tp16_hbm4_80t_mesh2d_4x4_onering_qwen_gqa_baseline_fwd_block2x2_bs1_sl32768.json,onering,qwen_gqa_baseline_fwd_block2x2,1,32768,16,,,,,80t,mesh2d,4x4,20046,1806,18240,,56.468,49.358,SUCCESS,2026-03-29 01:48:51
f81d8c0a3bb35215ae5212f7fd9f25e18ff12614113936d9bb628de9893e767f,tp16_hbm4_80t_mesh2d_4x4_onering_qwen_gqa_baseline_fwd_block2x2_bs1_sl32768_split4,/home/haotian/waferchip/mesh2D/astra_sim_picasso/examples/run_scripts/analytical/congestion_aware/configs/gqa_seq_scaling/tp16_hbm4_80t_mesh2d_4x4_onering_qwen_gqa_baseline_fwd_block2x2_bs1_sl32768_split4.json,onering,qwen_gqa_baseline_fwd_block2x2_split4,1,32768,16,,,,,80t,mesh2d,4x4,4086,1806,2280,,56.468,49.358,SUCCESS,2026-03-29 01:48:52
a4e8d51076fa65d1b1988272b2a2646ed0f3100cc492dcfc42462d2d8c99bedf,tp16_hbm4_80t_mesh2d_4x4_onering_qwen_gqa_baseline_fwd_block2x2_bs1_sl32768_split4_bw1500,/home/haotian/waferchip/mesh2D/astra_sim_picasso/examples/run_scripts/analytical/congestion_aware/configs/gqa_seq_scaling/tp16_hbm4_80t_mesh2d_4x4_onering_qwen_gqa_baseline_fwd_block2x2_bs1_sl32768_split4_bw1500.json,onering,qwen_gqa_baseline_fwd_block2x2_split4_bw1500,1,32768,16,,,,,80t,mesh2d,4x4,2301,1806,495,,56.468,49.358,SUCCESS,2026-03-29 01:48:52
a28979303831db5fff671ede0d24098e9f3bcbb66ffe565592e5ca9be73a243c,tp16_hbm4_80t_mesh2d_4x4_onering_qwen_gqa_baseline_fwd_block2x2_bs1_sl32768_split4_d2d15ns,/home/haotian/waferchip/mesh2D/astra_sim_picasso/examples/run_scripts/analytical/congestion_aware/configs/gqa_seq_scaling/tp16_hbm4_80t_mesh2d_4x4_onering_qwen_gqa_baseline_fwd_block2x2_bs1_sl32768_split4_d2d15ns.json,onering,qwen_gqa_baseline_fwd_block2x2_split4_d2d15ns,1,32768,16,,,,,80t,mesh2d,4x4,2301,1806,495,,56.468,49.358,SUCCESS,2026-03-29 01:48:52
49f567ce45b9ec5a51f7fbeb0c88b14915ceda9dae49d72b3b3511374e11884a,tp16_hbm4_80t_mesh2d_4x4_onering_qwen_gqa_baseline_fwd_block2x2_bs1_sl4096,/home/haotian/waferchip/mesh2D/astra_sim_picasso/examples/run_scripts/analytical/congestion_aware/configs/gqa_seq_scaling/tp16_hbm4_80t_mesh2d_4x4_onering_qwen_gqa_baseline_fwd_block2x2_bs1_sl4096.json,onering,qwen_gqa_baseline_fwd_block2x2,1,4096,16,,,,,80t,mesh2d,4x4,18578,338,18240,,70.944,33.045,SUCCESS,2026-03-29 01:48:54
b1c1479eba56d21b0e7d5c80f2757bc817d73738ac20cfb95cff4b471f6d034d,tp16_hbm4_80t_mesh2d_4x4_onering_qwen_gqa_baseline_fwd_block2x2_bs1_sl4096_split4,/home/haotian/waferchip/mesh2D/astra_sim_picasso/examples/run_scripts/analytical/congestion_aware/configs/gqa_seq_scaling/tp16_hbm4_80t_mesh2d_4x4_onering_qwen_gqa_baseline_fwd_block2x2_bs1_sl4096_split4.json,onering,qwen_gqa_baseline_fwd_block2x2_split4,1,4096,16,,,,,80t,mesh2d,4x4,2618,338,2280,,70.944,33.045,SUCCESS,2026-03-29 01:48:54
ee34324d56356971836fed370255f5011fba432095356690bb163583be134e0b,tp16_hbm4_80t_mesh2d_4x4_onering_qwen_gqa_baseline_fwd_block2x2_bs1_sl4096_split4_bw1500,/home/haotian/waferchip/mesh2D/astra_sim_picasso/examples/run_scripts/analytical/congestion_aware/configs/gqa_seq_scaling/tp16_hbm4_80t_mesh2d_4x4_onering_qwen_gqa_baseline_fwd_block2x2_bs1_sl4096_split4_bw1500.json,onering,qwen_gqa_baseline_fwd_block2x2_split4_bw1500,1,4096,16,,,,,80t,mesh2d,4x4,833,338,495,,70.944,33.045,SUCCESS,2026-03-29 01:48:55
470cc4ad22ad885d84b95fca631bd315b26fc0137692f35918a9e79c88b07534,tp16_hbm4_80t_mesh2d_4x4_onering_qwen_gqa_baseline_fwd_block2x2_bs1_sl4096_split4_d2d15ns,/home/haotian/waferchip/mesh2D/astra_sim_picasso/examples/run_scripts/analytical/congestion_aware/configs/gqa_seq_scaling/tp16_hbm4_80t_mesh2d_4x4_onering_qwen_gqa_baseline_fwd_block2x2_bs1_sl4096_split4_d2d15ns.json,onering,qwen_gqa_baseline_fwd_block2x2_split4_d2d15ns,1,4096,16,,,,,80t,mesh2d,4x4,833,338,495,,70.944,33.045,SUCCESS,2026-03-29 01:48:55
4b61a0efa25e166985d0db5dffa990dfbced9d1b3e40df8fc8c84a2bc762deb1,tp16_hbm4_80t_mesh2d_4x4_onering_qwen_gqa_baseline_fwd_block2x2_bs1_sl524288,/home/haotian/waferchip/mesh2D/astra_sim_picasso/examples/run_scripts/analytical/congestion_aware/configs/gqa_seq_scaling/tp16_hbm4_80t_mesh2d_4x4_onering_qwen_gqa_baseline_fwd_block2x2_bs1_sl524288.json,onering,qwen_gqa_baseline_fwd_block2x2,1,524288,16,,,,,80t,mesh2d,4x4,45210,26970,18240,,53.349,52.873,SUCCESS,2026-03-29 01:48:57
1ca25f2004376bf760f1f220693c0657e3e47a6e18cbe8933b92139d4a2b2f65,tp16_hbm4_80t_mesh2d_4x4_onering_qwen_gqa_baseline_fwd_block2x2_bs1_sl524288_split4,/home/haotian/waferchip/mesh2D/astra_sim_picasso/examples/run_scripts/analytical/congestion_aware/configs/gqa_seq_scaling/tp16_hbm4_80t_mesh2d_4x4_onering_qwen_gqa_baseline_fwd_block2x2_bs1_sl524288_split4.json,onering,qwen_gqa_baseline_fwd_block2x2_split4,1,524288,16,,,,,80t,mesh2d,4x4,29250,26970,2280,,53.349,52.873,SUCCESS,2026-03-29 01:48:57
53d3bd795b6f244b7eb144520594628935f0d9de702bd40eae356e33206d4ebe,tp16_hbm4_80t_mesh2d_4x4_onering_qwen_gqa_baseline_fwd_block2x2_bs1_sl524288_split4_bw1500,/home/haotian/waferchip/mesh2D/astra_sim_picasso/examples/run_scripts/analytical/congestion_aware/configs/gqa_seq_scaling/tp16_hbm4_80t_mesh2d_4x4_onering_qwen_gqa_baseline_fwd_block2x2_bs1_sl524288_split4_bw1500.json,onering,qwen_gqa_baseline_fwd_block2x2_split4_bw1500,1,524288,16,,,,,80t,mesh2d,4x4,27465,26970,495,,53.349,52.873,SUCCESS,2026-03-29 01:48:58
9ac3791f26baa950e52f85ea69525086c25b440d7a7198f24f34bdb07883d198,tp16_hbm4_80t_mesh2d_4x4_onering_qwen_gqa_baseline_fwd_block2x2_bs1_sl524288_split4_d2d15ns,/home/haotian/waferchip/mesh2D/astra_sim_picasso/examples/run_scripts/analytical/congestion_aware/configs/gqa_seq_scaling/tp16_hbm4_80t_mesh2d_4x4_onering_qwen_gqa_baseline_fwd_block2x2_bs1_sl524288_split4_d2d15ns.json,onering,qwen_gqa_baseline_fwd_block2x2_split4_d2d15ns,1,524288,16,,,,,80t,mesh2d,4x4,27465,26970,495,,53.349,52.873,SUCCESS,2026-03-29 01:48:58
ab659fc8328ecf70d122e4c8baba2a0799f9df6df92f53bdd5ecba169dcd9521,tp16_hbm4_80t_mesh2d_4x4_onering_qwen_gqa_baseline_fwd_block2x2_bs1_sl65536,/home/haotian/waferchip/mesh2D/astra_sim_picasso/examples/run_scripts/analytical/congestion_aware/configs/gqa_seq_scaling/tp16_hbm4_80t_mesh2d_4x4_onering_qwen_gqa_baseline_fwd_block2x2_bs1_sl65536.json,onering,qwen_gqa_baseline_fwd_block2x2,1,65536,16,,,,,80t,mesh2d,4x4,21722,3482,18240,,54.859,51.171,SUCCESS,2026-03-29 01:49:00
2dc72ef573eb78e2c377d4cadac362cdb97bdf4d252e3530d31e0a2c207ee50b,tp16_hbm4_80t_mesh2d_4x4_onering_qwen_gqa_baseline_fwd_block2x2_bs1_sl65536_split4,/home/haotian/waferchip/mesh2D/astra_sim_picasso/examples/run_scripts/analytical/congestion_aware/configs/gqa_seq_scaling/tp16_hbm4_80t_mesh2d_4x4_onering_qwen_gqa_baseline_fwd_block2x2_bs1_sl65536_split4.json,onering,qwen_gqa_baseline_fwd_block2x2_split4,1,65536,16,,,,,80t,mesh2d,4x4,5762,3482,2280,,54.859,51.171,SUCCESS,2026-03-29 01:49:00
42b2ec8062f812b03b37b711cd95bfad9c00b8429e7cebbf78183507ec172b2e,tp16_hbm4_80t_mesh2d_4x4_onering_qwen_gqa_baseline_fwd_block2x2_bs1_sl65536_split4_bw1500,/home/haotian/waferchip/mesh2D/astra_sim_picasso/examples/run_scripts/analytical/congestion_aware/configs/gqa_seq_scaling/tp16_hbm4_80t_mesh2d_4x4_onering_qwen_gqa_baseline_fwd_block2x2_bs1_sl65536_split4_bw1500.json,onering,qwen_gqa_baseline_fwd_block2x2_split4_bw1500,1,65536,16,,,,,80t,mesh2d,4x4,3977,3482,495,,54.859,51.171,SUCCESS,2026-03-29 01:49:01
26729d34706541bb1611ea0540d0975b0503a2902e963f202d7bdab72877b127,tp16_hbm4_80t_mesh2d_4x4_onering_qwen_gqa_baseline_fwd_block2x2_bs1_sl65536_split4_d2d15ns,/home/haotian/waferchip/mesh2D/astra_sim_picasso/examples/run_scripts/analytical/congestion_aware/configs/gqa_seq_scaling/tp16_hbm4_80t_mesh2d_4x4_onering_qwen_gqa_baseline_fwd_block2x2_bs1_sl65536_split4_d2d15ns.json,onering,qwen_gqa_baseline_fwd_block2x2_split4_d2d15ns,1,65536,16,,,,,80t,mesh2d,4x4,3977,3482,495,,54.859,51.171,SUCCESS,2026-03-29 01:49:01
08e57e5c3842fb57cf725d9bb28955642e5c896f20b86b0d79a415ee4f67af03,tp16_hbm4_80t_mesh2d_4x4_onering_qwen_gqa_baseline_fwd_block2x2_bs1_sl8192,/home/haotian/waferchip/mesh2D/astra_sim_picasso/examples/run_scripts/analytical/congestion_aware/configs/gqa_seq_scaling/tp16_hbm4_80t_mesh2d_4x4_onering_qwen_gqa_baseline_fwd_block2x2_bs1_sl8192.json,onering,qwen_gqa_baseline_fwd_block2x2,1,8192,16,,,,,80t,mesh2d,4x4,18786,546,18240,,64.168,40.681,SUCCESS,2026-03-29 01:49:03
db667448c5fbe46a07d9cb1911803b5401843ffefb97f4135af6fe83037811e1,tp16_hbm4_80t_mesh2d_4x4_onering_qwen_gqa_baseline_fwd_block2x2_bs1_sl8192_split4,/home/haotian/waferchip/mesh2D/astra_sim_picasso/examples/run_scripts/analytical/congestion_aware/configs/gqa_seq_scaling/tp16_hbm4_80t_mesh2d_4x4_onering_qwen_gqa_baseline_fwd_block2x2_bs1_sl8192_split4.json,onering,qwen_gqa_baseline_fwd_block2x2_split4,1,8192,16,,,,,80t,mesh2d,4x4,2826,546,2280,,64.168,40.681,SUCCESS,2026-03-29 01:49:03
992eb8fa65d828e3d02e86ac931050265cd446f816d66a537fe3d1381b05fe70,tp16_hbm4_80t_mesh2d_4x4_onering_qwen_gqa_baseline_fwd_block2x2_bs1_sl8192_split4_bw1500,/home/haotian/waferchip/mesh2D/astra_sim_picasso/examples/run_scripts/analytical/congestion_aware/configs/gqa_seq_scaling/tp16_hbm4_80t_mesh2d_4x4_onering_qwen_gqa_baseline_fwd_block2x2_bs1_sl8192_split4_bw1500.json,onering,qwen_gqa_baseline_fwd_block2x2_split4_bw1500,1,8192,16,,,,,80t,mesh2d,4x4,1041,546,495,,64.168,40.681,SUCCESS,2026-03-29 01:49:03
ab035e30bc2c2fc9aadcb825423f2a181d703d54f062651a0adbde337dcdc18c,tp16_hbm4_80t_mesh2d_4x4_onering_qwen_gqa_baseline_fwd_block2x2_bs1_sl8192_split4_d2d15ns,/home/haotian/waferchip/mesh2D/astra_sim_picasso/examples/run_scripts/analytical/congestion_aware/configs/gqa_seq_scaling/tp16_hbm4_80t_mesh2d_4x4_onering_qwen_gqa_baseline_fwd_block2x2_bs1_sl8192_split4_d2d15ns.json,onering,qwen_gqa_baseline_fwd_block2x2_split4_d2d15ns,1,8192,16,,,,,80t,mesh2d,4x4,1041,546,495,,64.168,40.681,SUCCESS,2026-03-29 01:49:04
b4c1f1edb664531f15bad66998a81291e6a69338d109c07b0154154301f30a45,tp16_hbm4_80t_mesh2d_4x4_onering_qwen_gqa_hmp_fwd_block2x2_bs1_sl1024,/home/haotian/waferchip/mesh2D/astra_sim_picasso/examples/run_scripts/analytical/congestion_aware/configs/gqa_seq_scaling/tp16_hbm4_80t_mesh2d_4x4_onering_qwen_gqa_hmp_fwd_block2x2_bs1_sl1024.json,onering,qwen_gqa_hmp_fwd_block2x2,1,1024,16,,,,,80t,mesh2d,4x4,340,340,,,92.339,9.2,SUCCESS,2026-03-29 01:49:04
71dfbd68d558fe207aa1d7f633a80a64894990a0f294ddf19a9f07bdf2786249,tp16_hbm4_80t_mesh2d_4x4_onering_qwen_gqa_hmp_fwd_block2x2_bs1_sl1024_split4,/home/haotian/waferchip/mesh2D/astra_sim_picasso/examples/run_scripts/analytical/congestion_aware/configs/gqa_seq_scaling/tp16_hbm4_80t_mesh2d_4x4_onering_qwen_gqa_hmp_fwd_block2x2_bs1_sl1024_split4.json,onering,qwen_gqa_hmp_fwd_block2x2_split4,1,1024,16,,,,,80t,mesh2d,4x4,340,340,,,92.339,9.2,SUCCESS,2026-03-29 01:49:04
6363b78bd35732677aed77902c2e6f8b2f120fc9c075599207ae75dba4bcb240,tp16_hbm4_80t_mesh2d_4x4_onering_qwen_gqa_hmp_fwd_block2x2_bs1_sl1024_split4_bw1500,/home/haotian/waferchip/mesh2D/astra_sim_picasso/examples/run_scripts/analytical/congestion_aware/configs/gqa_seq_scaling/tp16_hbm4_80t_mesh2d_4x4_onering_qwen_gqa_hmp_fwd_block2x2_bs1_sl1024_split4_bw1500.json,onering,qwen_gqa_hmp_fwd_block2x2_split4_bw1500,1,1024,16,,,,,80t,mesh2d,4x4,340,340,,,92.339,9.2,SUCCESS,2026-03-29 01:49:04
523db68a5cd5849b445cdea54f9aa30cff937ea0299a3d1bfd8c8f5dfcb5be14,tp16_hbm4_80t_mesh2d_4x4_onering_qwen_gqa_hmp_fwd_block2x2_bs1_sl1024_split4_d2d15ns,/home/haotian/waferchip/mesh2D/astra_sim_picasso/examples/run_scripts/analytical/congestion_aware/configs/gqa_seq_scaling/tp16_hbm4_80t_mesh2d_4x4_onering_qwen_gqa_hmp_fwd_block2x2_bs1_sl1024_split4_d2d15ns.json,onering,qwen_gqa_hmp_fwd_block2x2_split4_d2d15ns,1,1024,16,,,,,80t,mesh2d,4x4,340,340,,,92.339,9.2,SUCCESS,2026-03-29 01:49:04
b0aa181816ecc7bae95e3175b5c3da85a3038155a0c5e8bc1a89ff4d4c6c44d8,tp16_hbm4_80t_mesh2d_4x4_onering_qwen_gqa_hmp_fwd_block2x2_bs1_sl1048576,/home/haotian/waferchip/mesh2D/astra_sim_picasso/examples/run_scripts/analytical/congestion_aware/configs/gqa_seq_scaling/tp16_hbm4_80t_mesh2d_4x4_onering_qwen_gqa_hmp_fwd_block2x2_bs1_sl1048576.json,onering,qwen_gqa_hmp_fwd_block2x2,1,1048576,16,,,,,80t,mesh2d,4x4,53972,53972,,,53.373,52.848,SUCCESS,2026-03-29 01:49:04
3a4cb0240abe3c8ac2a9a9cbd7626e951b685a45b79db0b263b765dd5a4b922d,tp16_hbm4_80t_mesh2d_4x4_onering_qwen_gqa_hmp_fwd_block2x2_bs1_sl1048576_split4,/home/haotian/waferchip/mesh2D/astra_sim_picasso/examples/run_scripts/analytical/congestion_aware/configs/gqa_seq_scaling/tp16_hbm4_80t_mesh2d_4x4_onering_qwen_gqa_hmp_fwd_block2x2_bs1_sl1048576_split4.json,onering,qwen_gqa_hmp_fwd_block2x2_split4,1,1048576,16,,,,,80t,mesh2d,4x4,53972,53972,,,53.373,52.848,SUCCESS,2026-03-29 01:49:04
d4f831e6dcde93e403e831d395fa0cb16e0c2b5dc76f9eeddd4fb54a51f3d1f4,tp16_hbm4_80t_mesh2d_4x4_onering_qwen_gqa_hmp_fwd_block2x2_bs1_sl1048576_split4_bw1500,/home/haotian/waferchip/mesh2D/astra_sim_picasso/examples/run_scripts/analytical/congestion_aware/configs/gqa_seq_scaling/tp16_hbm4_80t_mesh2d_4x4_onering_qwen_gqa_hmp_fwd_block2x2_bs1_sl1048576_split4_bw1500.json,onering,qwen_gqa_hmp_fwd_block2x2_split4_bw1500,1,1048576,16,,,,,80t,mesh2d,4x4,53972,53972,,,53.373,52.848,SUCCESS,2026-03-29 01:49:04
cf7286ff1ef7bf69b0bbb7b04d548a86d40e9101eb4f8f11fc8fd4c8978f5034,tp16_hbm4_80t_mesh2d_4x4_onering_qwen_gqa_hmp_fwd_block2x2_bs1_sl1048576_split4_d2d15ns,/home/haotian/waferchip/mesh2D/astra_sim_picasso/examples/run_scripts/analytical/congestion_aware/configs/gqa_seq_scaling/tp16_hbm4_80t_mesh2d_4x4_onering_qwen_gqa_hmp_fwd_block2x2_bs1_sl1048576_split4_d2d15ns.json,onering,qwen_gqa_hmp_fwd_block2x2_split4_d2d15ns,1,1048576,16,,,,,80t,mesh2d,4x4,53972,53972,,,53.373,52.848,SUCCESS,2026-03-29 01:49:04
0ddd40a7feca5a896657b1e15bab3492646cbd05c6e5cc14a9a28f601281b428,tp16_hbm4_80t_mesh2d_4x4_onering_qwen_gqa_hmp_fwd_block2x2_bs1_sl131072,/home/haotian/waferchip/mesh2D/astra_sim_picasso/examples/run_scripts/analytical/congestion_aware/configs/gqa_seq_scaling/tp16_hbm4_80t_mesh2d_4x4_onering_qwen_gqa_hmp_fwd_block2x2_bs1_sl131072.json,onering,qwen_gqa_hmp_fwd_block2x2,1,131072,16,,,,,80t,mesh2d,4x4,6996,6996,,,55.036,50.984,SUCCESS,2026-03-29 01:49:04
ff20096942fef992b990461ebb672cd03254c1ac5e025236502477ef4178983c,tp16_hbm4_80t_mesh2d_4x4_onering_qwen_gqa_hmp_fwd_block2x2_bs1_sl131072_split4,/home/haotian/waferchip/mesh2D/astra_sim_picasso/examples/run_scripts/analytical/congestion_aware/configs/gqa_seq_scaling/tp16_hbm4_80t_mesh2d_4x4_onering_qwen_gqa_hmp_fwd_block2x2_bs1_sl131072_split4.json,onering,qwen_gqa_hmp_fwd_block2x2_split4,1,131072,16,,,,,80t,mesh2d,4x4,6996,6996,,,55.036,50.984,SUCCESS,2026-03-29 01:49:04
ee69909b5d37b3487168b6c5a7a19a5d389865f8cce97c40ab1d78ed5638ca25,tp16_hbm4_80t_mesh2d_4x4_onering_qwen_gqa_hmp_fwd_block2x2_bs1_sl131072_split4_bw1500,/home/haotian/waferchip/mesh2D/astra_sim_picasso/examples/run_scripts/analytical/congestion_aware/configs/gqa_seq_scaling/tp16_hbm4_80t_mesh2d_4x4_onering_qwen_gqa_hmp_fwd_block2x2_bs1_sl131072_split4_bw1500.json,onering,qwen_gqa_hmp_fwd_block2x2_split4_bw1500,1,131072,16,,,,,80t,mesh2d,4x4,6996,6996,,,55.036,50.984,SUCCESS,2026-03-29 01:49:04
fd446930a2c216fabedb816b9abbc317df79b0854e99cd3c82438f6fe32031d9,tp16_hbm4_80t_mesh2d_4x4_onering_qwen_gqa_hmp_fwd_block2x2_bs1_sl131072_split4_d2d15ns,/home/haotian/waferchip/mesh2D/astra_sim_picasso/examples/run_scripts/analytical/congestion_aware/configs/gqa_seq_scaling/tp16_hbm4_80t_mesh2d_4x4_onering_qwen_gqa_hmp_fwd_block2x2_bs1_sl131072_split4_d2d15ns.json,onering,qwen_gqa_hmp_fwd_block2x2_split4_d2d15ns,1,131072,16,,,,,80t,mesh2d,4x4,6996,6996,,,55.036,50.984,SUCCESS,2026-03-29 01:49:04
d502b5a07257db0089ab2c8bff138eeb8abdd8d6ebab4b86871ffa3e97c7a478,tp16_hbm4_80t_mesh2d_4x4_onering_qwen_gqa_hmp_fwd_block2x2_bs1_sl16384,/home/haotian/waferchip/mesh2D/astra_sim_picasso/examples/run_scripts/analytical/congestion_aware/configs/gqa_seq_scaling/tp16_hbm4_80t_mesh2d_4x4_onering_qwen_gqa_hmp_fwd_block2x2_bs1_sl16384.json,onering,qwen_gqa_hmp_fwd_block2x2,1,16384,16,,,,,80t,mesh2d,4x4,1124,1124,,,65.011,39.811,SUCCESS,2026-03-29 01:49:04
bbdb70555af42c8a18248e813e79918c571871e656ee7b85a0b33df58546896f,tp16_hbm4_80t_mesh2d_4x4_onering_qwen_gqa_hmp_fwd_block2x2_bs1_sl16384_split4,/home/haotian/waferchip/mesh2D/astra_sim_picasso/examples/run_scripts/analytical/congestion_aware/configs/gqa_seq_scaling/tp16_hbm4_80t_mesh2d_4x4_onering_qwen_gqa_hmp_fwd_block2x2_bs1_sl16384_split4.json,onering,qwen_gqa_hmp_fwd_block2x2_split4,1,16384,16,,,,,80t,mesh2d,4x4,1124,1124,,,65.011,39.811,SUCCESS,2026-03-29 01:49:05
a40431a901ad52daa2ae4ecb0838e57f8a5ffd597ee6061b560769c23f94953b,tp16_hbm4_80t_mesh2d_4x4_onering_qwen_gqa_hmp_fwd_block2x2_bs1_sl16384_split4_bw1500,/home/haotian/waferchip/mesh2D/astra_sim_picasso/examples/run_scripts/analytical/congestion_aware/configs/gqa_seq_scaling/tp16_hbm4_80t_mesh2d_4x4_onering_qwen_gqa_hmp_fwd_block2x2_bs1_sl16384_split4_bw1500.json,onering,qwen_gqa_hmp_fwd_block2x2_split4_bw1500,1,16384,16,,,,,80t,mesh2d,4x4,1124,1124,,,65.011,39.811,SUCCESS,2026-03-29 01:49:05
3847a16028e1c082783ade73f0ed2c96d5ca9f6901908b870c8163b12818d9e6,tp16_hbm4_80t_mesh2d_4x4_onering_qwen_gqa_hmp_fwd_block2x2_bs1_sl16384_split4_d2d15ns,/home/haotian/waferchip/mesh2D/astra_sim_picasso/examples/run_scripts/analytical/congestion_aware/configs/gqa_seq_scaling/tp16_hbm4_80t_mesh2d_4x4_onering_qwen_gqa_hmp_fwd_block2x2_bs1_sl16384_split4_d2d15ns.json,onering,qwen_gqa_hmp_fwd_block2x2_split4_d2d15ns,1,16384,16,,,,,80t,mesh2d,4x4,1124,1124,,,65.011,39.811,SUCCESS,2026-03-29 01:49:05
2b15fe19e6fcbfd0dca244d2ce6cdbf8ad95d86252ca909a916d26b7c264e84e,tp16_hbm4_80t_mesh2d_4x4_onering_qwen_gqa_hmp_fwd_block2x2_bs1_sl2048,/home/haotian/waferchip/mesh2D/astra_sim_picasso/examples/run_scripts/analytical/congestion_aware/configs/gqa_seq_scaling/tp16_hbm4_80t_mesh2d_4x4_onering_qwen_gqa_hmp_fwd_block2x2_bs1_sl2048.json,onering,qwen_gqa_hmp_fwd_block2x2,1,2048,16,,,,,80t,mesh2d,4x4,392,392,,,87.15,15.012,SUCCESS,2026-03-29 01:49:05
bf861eb460c2f4d09149adb1f22a488a5559675cba6c3a7582845f3a796e5191,tp16_hbm4_80t_mesh2d_4x4_onering_qwen_gqa_hmp_fwd_block2x2_bs1_sl2048_split4,/home/haotian/waferchip/mesh2D/astra_sim_picasso/examples/run_scripts/analytical/congestion_aware/configs/gqa_seq_scaling/tp16_hbm4_80t_mesh2d_4x4_onering_qwen_gqa_hmp_fwd_block2x2_bs1_sl2048_split4.json,onering,qwen_gqa_hmp_fwd_block2x2_split4,1,2048,16,,,,,80t,mesh2d,4x4,392,392,,,87.15,15.012,SUCCESS,2026-03-29 01:49:05
0287bbeefa0aeab5bc17b8df1327628cc02758893f21e3a7bc8c35a1fbe1e510,tp16_hbm4_80t_mesh2d_4x4_onering_qwen_gqa_hmp_fwd_block2x2_bs1_sl2048_split4_bw1500,/home/haotian/waferchip/mesh2D/astra_sim_picasso/examples/run_scripts/analytical/congestion_aware/configs/gqa_seq_scaling/tp16_hbm4_80t_mesh2d_4x4_onering_qwen_gqa_hmp_fwd_block2x2_bs1_sl2048_split4_bw1500.json,onering,qwen_gqa_hmp_fwd_block2x2_split4_bw1500,1,2048,16,,,,,80t,mesh2d,4x4,392,392,,,87.15,15.012,SUCCESS,2026-03-29 01:49:05
dbc99c29e6350782e105cb9d5d4b2d0f6b70d2fd36d6c8c71de0cd36e8c789ff,tp16_hbm4_80t_mesh2d_4x4_onering_qwen_gqa_hmp_fwd_block2x2_bs1_sl2048_split4_d2d15ns,/home/haotian/waferchip/mesh2D/astra_sim_picasso/examples/run_scripts/analytical/congestion_aware/configs/gqa_seq_scaling/tp16_hbm4_80t_mesh2d_4x4_onering_qwen_gqa_hmp_fwd_block2x2_bs1_sl2048_split4_d2d15ns.json,onering,qwen_gqa_hmp_fwd_block2x2_split4_d2d15ns,1,2048,16,,,,,80t,mesh2d,4x4,392,392,,,87.15,15.012,SUCCESS,2026-03-29 01:49:05
466c490eea0383455b21544790f41aed47c2dea4a7117cef3d3607c2ecb5cd43,tp16_hbm4_80t_mesh2d_4x4_onering_qwen_gqa_hmp_fwd_block2x2_bs1_sl262144,/home/haotian/waferchip/mesh2D/astra_sim_picasso/examples/run_scripts/analytical/congestion_aware/configs/gqa_seq_scaling/tp16_hbm4_80t_mesh2d_4x4_onering_qwen_gqa_hmp_fwd_block2x2_bs1_sl262144.json,onering,qwen_gqa_hmp_fwd_block2x2,1,262144,16,,,,,80t,mesh2d,4x4,13708,13708,,,54.1,52.032,SUCCESS,2026-03-29 01:49:05
abf7c6a3af5fc626cea3f058791c427eae6953ea50d6a1fe512a8df3f5d45717,tp16_hbm4_80t_mesh2d_4x4_onering_qwen_gqa_hmp_fwd_block2x2_bs1_sl262144_split4,/home/haotian/waferchip/mesh2D/astra_sim_picasso/examples/run_scripts/analytical/congestion_aware/configs/gqa_seq_scaling/tp16_hbm4_80t_mesh2d_4x4_onering_qwen_gqa_hmp_fwd_block2x2_bs1_sl262144_split4.json,onering,qwen_gqa_hmp_fwd_block2x2_split4,1,262144,16,,,,,80t,mesh2d,4x4,13708,13708,,,54.1,52.032,SUCCESS,2026-03-29 01:49:05
b57dcb8c26a36738801c066c4932e673af7ebe69d50a2f17f505b114e2c4ce29,tp16_hbm4_80t_mesh2d_4x4_onering_qwen_gqa_hmp_fwd_block2x2_bs1_sl262144_split4_bw1500,/home/haotian/waferchip/mesh2D/astra_sim_picasso/examples/run_scripts/analytical/congestion_aware/configs/gqa_seq_scaling/tp16_hbm4_80t_mesh2d_4x4_onering_qwen_gqa_hmp_fwd_block2x2_bs1_sl262144_split4_bw1500.json,onering,qwen_gqa_hmp_fwd_block2x2_split4_bw1500,1,262144,16,,,,,80t,mesh2d,4x4,13708,13708,,,54.1,52.032,SUCCESS,2026-03-29 01:49:05
7e78632659c7e37922159484f9493f3c87e88be474cc11faa8ff771ac9c2c75e,tp16_hbm4_80t_mesh2d_4x4_onering_qwen_gqa_hmp_fwd_block2x2_bs1_sl262144_split4_d2d15ns,/home/haotian/waferchip/mesh2D/astra_sim_picasso/examples/run_scripts/analytical/congestion_aware/configs/gqa_seq_scaling/tp16_hbm4_80t_mesh2d_4x4_onering_qwen_gqa_hmp_fwd_block2x2_bs1_sl262144_split4_d2d15ns.json,onering,qwen_gqa_hmp_fwd_block2x2_split4_d2d15ns,1,262144,16,,,,,80t,mesh2d,4x4,13708,13708,,,54.1,52.032,SUCCESS,2026-03-29 01:49:05
27d1bca7c365a4ac9beeadc2e8bc4175d6f8dd0d2a2985f305fe7d90d9a3aa4b,tp16_hbm4_80t_mesh2d_4x4_onering_qwen_gqa_hmp_fwd_block2x2_bs1_sl32768,/home/haotian/waferchip/mesh2D/astra_sim_picasso/examples/run_scripts/analytical/congestion_aware/configs/gqa_seq_scaling/tp16_hbm4_80t_mesh2d_4x4_onering_qwen_gqa_hmp_fwd_block2x2_bs1_sl32768.json,onering,qwen_gqa_hmp_fwd_block2x2,1,32768,16,,,,,80t,mesh2d,4x4,1964,1964,,,59.93,45.503,SUCCESS,2026-03-29 01:49:05
0287961c50170d1fe2c90271f2d5371b63b2d1d308aa94550d11cd49d7f5db04,tp16_hbm4_80t_mesh2d_4x4_onering_qwen_gqa_hmp_fwd_block2x2_bs1_sl32768_split4,/home/haotian/waferchip/mesh2D/astra_sim_picasso/examples/run_scripts/analytical/congestion_aware/configs/gqa_seq_scaling/tp16_hbm4_80t_mesh2d_4x4_onering_qwen_gqa_hmp_fwd_block2x2_bs1_sl32768_split4.json,onering,qwen_gqa_hmp_fwd_block2x2_split4,1,32768,16,,,,,80t,mesh2d,4x4,1964,1964,,,59.93,45.503,SUCCESS,2026-03-29 01:49:05
096761b52ec7ee650f140639d01dcfb384ecffbcd5c0759872afcc5a7317897b,tp16_hbm4_80t_mesh2d_4x4_onering_qwen_gqa_hmp_fwd_block2x2_bs1_sl32768_split4_bw1500,/home/haotian/waferchip/mesh2D/astra_sim_picasso/examples/run_scripts/analytical/congestion_aware/configs/gqa_seq_scaling/tp16_hbm4_80t_mesh2d_4x4_onering_qwen_gqa_hmp_fwd_block2x2_bs1_sl32768_split4_bw1500.json,onering,qwen_gqa_hmp_fwd_block2x2_split4_bw1500,1,32768,16,,,,,80t,mesh2d,4x4,1964,1964,,,59.93,45.503,SUCCESS,2026-03-29 01:49:05
b8fc3719d643784d01f26415683008b50315b166a23624030f7346f2633ed297,tp16_hbm4_80t_mesh2d_4x4_onering_qwen_gqa_hmp_fwd_block2x2_bs1_sl32768_split4_d2d15ns,/home/haotian/waferchip/mesh2D/astra_sim_picasso/examples/run_scripts/analytical/congestion_aware/configs/gqa_seq_scaling/tp16_hbm4_80t_mesh2d_4x4_onering_qwen_gqa_hmp_fwd_block2x2_bs1_sl32768_split4_d2d15ns.json,onering,qwen_gqa_hmp_fwd_block2x2_split4_d2d15ns,1,32768,16,,,,,80t,mesh2d,4x4,1964,1964,,,59.93,45.503,SUCCESS,2026-03-29 01:49:05
bcd170a862672bd7c094ce4cc01868545f026ab55637e53841e71ecd08c93cdd,tp16_hbm4_80t_mesh2d_4x4_onering_qwen_gqa_hmp_fwd_block2x2_bs1_sl4096,/home/haotian/waferchip/mesh2D/astra_sim_picasso/examples/run_scripts/analytical/congestion_aware/configs/gqa_seq_scaling/tp16_hbm4_80t_mesh2d_4x4_onering_qwen_gqa_hmp_fwd_block2x2_bs1_sl4096.json,onering,qwen_gqa_hmp_fwd_block2x2,1,4096,16,,,,,80t,mesh2d,4x4,496,496,,,80.03,22.988,SUCCESS,2026-03-29 01:49:05
0f5ef71b655e01c2b9a05dcfc719f80a2aa63c5880035f940dcccfb36696fc9a,tp16_hbm4_80t_mesh2d_4x4_onering_qwen_gqa_hmp_fwd_block2x2_bs1_sl4096_split4,/home/haotian/waferchip/mesh2D/astra_sim_picasso/examples/run_scripts/analytical/congestion_aware/configs/gqa_seq_scaling/tp16_hbm4_80t_mesh2d_4x4_onering_qwen_gqa_hmp_fwd_block2x2_bs1_sl4096_split4.json,onering,qwen_gqa_hmp_fwd_block2x2_split4,1,4096,16,,,,,80t,mesh2d,4x4,496,496,,,80.03,22.988,SUCCESS,2026-03-29 01:49:05
142840168413e3f1648bdbf34e28c98c1f9664e6a5ec4db8a39087c27dc75e46,tp16_hbm4_80t_mesh2d_4x4_onering_qwen_gqa_hmp_fwd_block2x2_bs1_sl4096_split4_bw1500,/home/haotian/waferchip/mesh2D/astra_sim_picasso/examples/run_scripts/analytical/congestion_aware/configs/gqa_seq_scaling/tp16_hbm4_80t_mesh2d_4x4_onering_qwen_gqa_hmp_fwd_block2x2_bs1_sl4096_split4_bw1500.json,onering,qwen_gqa_hmp_fwd_block2x2_split4_bw1500,1,4096,16,,,,,80t,mesh2d,4x4,496,496,,,80.03,22.988,SUCCESS,2026-03-29 01:49:05
d40c000687c76c22678f5131ca5f9349e88b6d885a140e4ada9efd7fc2e63ea5,tp16_hbm4_80t_mesh2d_4x4_onering_qwen_gqa_hmp_fwd_block2x2_bs1_sl4096_split4_d2d15ns,/home/haotian/waferchip/mesh2D/astra_sim_picasso/examples/run_scripts/analytical/congestion_aware/configs/gqa_seq_scaling/tp16_hbm4_80t_mesh2d_4x4_onering_qwen_gqa_hmp_fwd_block2x2_bs1_sl4096_split4_d2d15ns.json,onering,qwen_gqa_hmp_fwd_block2x2_split4_d2d15ns,1,4096,16,,,,,80t,mesh2d,4x4,496,496,,,80.03,22.988,SUCCESS,2026-03-29 01:49:05
7762085b55a36326fe5eefcee643846fa4e69963e21a3dc2667dcd0c57c26627,tp16_hbm4_80t_mesh2d_4x4_onering_qwen_gqa_hmp_fwd_block2x2_bs1_sl524288,/home/haotian/waferchip/mesh2D/astra_sim_picasso/examples/run_scripts/analytical/congestion_aware/configs/gqa_seq_scaling/tp16_hbm4_80t_mesh2d_4x4_onering_qwen_gqa_hmp_fwd_block2x2_bs1_sl524288.json,onering,qwen_gqa_hmp_fwd_block2x2,1,524288,16,,,,,80t,mesh2d,4x4,27128,27128,,,53.618,52.573,SUCCESS,2026-03-29 01:49:05
414126233f4c081eff85b52feba680cbefb77d3d542c4545633132216801383b,tp16_hbm4_80t_mesh2d_4x4_onering_qwen_gqa_hmp_fwd_block2x2_bs1_sl524288_split4,/home/haotian/waferchip/mesh2D/astra_sim_picasso/examples/run_scripts/analytical/congestion_aware/configs/gqa_seq_scaling/tp16_hbm4_80t_mesh2d_4x4_onering_qwen_gqa_hmp_fwd_block2x2_bs1_sl524288_split4.json,onering,qwen_gqa_hmp_fwd_block2x2_split4,1,524288,16,,,,,80t,mesh2d,4x4,27128,27128,,,53.618,52.573,SUCCESS,2026-03-29 01:49:05
a2f681efd265b7714c251915b11985f18bf46d01b8865b47a3fa36a899788a1f,tp16_hbm4_80t_mesh2d_4x4_onering_qwen_gqa_hmp_fwd_block2x2_bs1_sl524288_split4_bw1500,/home/haotian/waferchip/mesh2D/astra_sim_picasso/examples/run_scripts/analytical/congestion_aware/configs/gqa_seq_scaling/tp16_hbm4_80t_mesh2d_4x4_onering_qwen_gqa_hmp_fwd_block2x2_bs1_sl524288_split4_bw1500.json,onering,qwen_gqa_hmp_fwd_block2x2_split4_bw1500,1,524288,16,,,,,80t,mesh2d,4x4,27128,27128,,,53.618,52.573,SUCCESS,2026-03-29 01:49:06
c0c9c76acdf5dc44994508ef3a8a81e1d444388e3ddf56ad8f983f9badcf48a9,tp16_hbm4_80t_mesh2d_4x4_onering_qwen_gqa_hmp_fwd_block2x2_bs1_sl524288_split4_d2d15ns,/home/haotian/waferchip/mesh2D/astra_sim_picasso/examples/run_scripts/analytical/congestion_aware/configs/gqa_seq_scaling/tp16_hbm4_80t_mesh2d_4x4_onering_qwen_gqa_hmp_fwd_block2x2_bs1_sl524288_split4_d2d15ns.json,onering,qwen_gqa_hmp_fwd_block2x2_split4_d2d15ns,1,524288,16,,,,,80t,mesh2d,4x4,27128,27128,,,53.618,52.573,SUCCESS,2026-03-29 01:49:06
b1ddad4bdf70c6464342de86947ce3a484e9bcf26e53e3f4b9a01b7f9ca0d6d5,tp16_hbm4_80t_mesh2d_4x4_onering_qwen_gqa_hmp_fwd_block2x2_bs1_sl65536,/home/haotian/waferchip/mesh2D/astra_sim_picasso/examples/run_scripts/analytical/congestion_aware/configs/gqa_seq_scaling/tp16_hbm4_80t_mesh2d_4x4_onering_qwen_gqa_hmp_fwd_block2x2_bs1_sl65536.json,onering,qwen_gqa_hmp_fwd_block2x2,1,65536,16,,,,,80t,mesh2d,4x4,3640,3640,,,56.798,49.011,SUCCESS,2026-03-29 01:49:06
4199a4ea30ede2dc37e20a54476a8bf26520e447b415a0bb1e00970983d539a4,tp16_hbm4_80t_mesh2d_4x4_onering_qwen_gqa_hmp_fwd_block2x2_bs1_sl65536_split4,/home/haotian/waferchip/mesh2D/astra_sim_picasso/examples/run_scripts/analytical/congestion_aware/configs/gqa_seq_scaling/tp16_hbm4_80t_mesh2d_4x4_onering_qwen_gqa_hmp_fwd_block2x2_bs1_sl65536_split4.json,onering,qwen_gqa_hmp_fwd_block2x2_split4,1,65536,16,,,,,80t,mesh2d,4x4,3640,3640,,,56.798,49.011,SUCCESS,2026-03-29 01:49:06
dc8b8ac85f90a34d07f233fc85503d543def73ab081ca99fa48fed109758537e,tp16_hbm4_80t_mesh2d_4x4_onering_qwen_gqa_hmp_fwd_block2x2_bs1_sl65536_split4_bw1500,/home/haotian/waferchip/mesh2D/astra_sim_picasso/examples/run_scripts/analytical/congestion_aware/configs/gqa_seq_scaling/tp16_hbm4_80t_mesh2d_4x4_onering_qwen_gqa_hmp_fwd_block2x2_bs1_sl65536_split4_bw1500.json,onering,qwen_gqa_hmp_fwd_block2x2_split4_bw1500,1,65536,16,,,,,80t,mesh2d,4x4,3640,3640,,,56.798,49.011,SUCCESS,2026-03-29 01:49:06
3e69b73b675a54f890686bf2d7ac4d15bfdbb0f60a73e40a5c649b4f5cd86474,tp16_hbm4_80t_mesh2d_4x4_onering_qwen_gqa_hmp_fwd_block2x2_bs1_sl65536_split4_d2d15ns,/home/haotian/waferchip/mesh2D/astra_sim_picasso/examples/run_scripts/analytical/congestion_aware/configs/gqa_seq_scaling/tp16_hbm4_80t_mesh2d_4x4_onering_qwen_gqa_hmp_fwd_block2x2_bs1_sl65536_split4_d2d15ns.json,onering,qwen_gqa_hmp_fwd_block2x2_split4_d2d15ns,1,65536,16,,,,,80t,mesh2d,4x4,3640,3640,,,56.798,49.011,SUCCESS,2026-03-29 01:49:06
83ecc95df05d6c0c13b480289b2f178f3abedba23e8158d2e25e97e36bb87a40,tp16_hbm4_80t_mesh2d_4x4_onering_qwen_gqa_hmp_fwd_block2x2_bs1_sl8192,/home/haotian/waferchip/mesh2D/astra_sim_picasso/examples/run_scripts/analytical/congestion_aware/configs/gqa_seq_scaling/tp16_hbm4_80t_mesh2d_4x4_onering_qwen_gqa_hmp_fwd_block2x2_bs1_sl8192.json,onering,qwen_gqa_hmp_fwd_block2x2,1,8192,16,,,,,80t,mesh2d,4x4,704,704,,,72.092,31.879,SUCCESS,2026-03-29 01:49:06
239192c7f98726a50534a8a1851c2d2d96cadeeb61e24a7ed0827835c96a31b6,tp16_hbm4_80t_mesh2d_4x4_onering_qwen_gqa_hmp_fwd_block2x2_bs1_sl8192_split4,/home/haotian/waferchip/mesh2D/astra_sim_picasso/examples/run_scripts/analytical/congestion_aware/configs/gqa_seq_scaling/tp16_hbm4_80t_mesh2d_4x4_onering_qwen_gqa_hmp_fwd_block2x2_bs1_sl8192_split4.json,onering,qwen_gqa_hmp_fwd_block2x2_split4,1,8192,16,,,,,80t,mesh2d,4x4,704,704,,,72.092,31.879,SUCCESS,2026-03-29 01:49:06
8affcd1f46ad6f3c0b61927e85133f23b678428854f08323fe0217ca5eede7db,tp16_hbm4_80t_mesh2d_4x4_onering_qwen_gqa_hmp_fwd_block2x2_bs1_sl8192_split4_bw1500,/home/haotian/waferchip/mesh2D/astra_sim_picasso/examples/run_scripts/analytical/congestion_aware/configs/gqa_seq_scaling/tp16_hbm4_80t_mesh2d_4x4_onering_qwen_gqa_hmp_fwd_block2x2_bs1_sl8192_split4_bw1500.json,onering,qwen_gqa_hmp_fwd_block2x2_split4_bw1500,1,8192,16,,,,,80t,mesh2d,4x4,704,704,,,72.092,31.879,SUCCESS,2026-03-29 01:49:06
4f80c359d8e7144216f3de92a2c643f7f398893365421920edd51a01a74eecc0,tp16_hbm4_80t_mesh2d_4x4_onering_qwen_gqa_hmp_fwd_block2x2_bs1_sl8192_split4_d2d15ns,/home/haotian/waferchip/mesh2D/astra_sim_picasso/examples/run_scripts/analytical/congestion_aware/configs/gqa_seq_scaling/tp16_hbm4_80t_mesh2d_4x4_onering_qwen_gqa_hmp_fwd_block2x2_bs1_sl8192_split4_d2d15ns.json,onering,qwen_gqa_hmp_fwd_block2x2_split4_d2d15ns,1,8192,16,,,,,80t,mesh2d,4x4,704,704,,,72.092,31.879,SUCCESS,2026-03-29 01:49:06
99475b8b1aa51512ebb755c3e2ca37750edbe4ac404c890f93aba28e9c0f8856,tp16_hbm4_80t_mesh2d_4x4_onering_qwen_gqa_tp16_fwd_block2x2_bs1_sl1024,/home/haotian/waferchip/mesh2D/astra_sim_picasso/examples/run_scripts/analytical/congestion_aware/configs/gqa_seq_scaling/tp16_hbm4_80t_mesh2d_4x4_onering_qwen_gqa_tp16_fwd_block2x2_bs1_sl1024.json,onering,qwen_gqa_tp16_fwd_block2x2,1,1024,16,,,,,80t,mesh2d,4x4,21044,164,20880,,69.848,35.333,SUCCESS,2026-03-29 01:49:08
e0fffc1e2e9c4d452f460cece6e471115d11a3135a97711cbbd453af8acd01b1,tp16_hbm4_80t_mesh2d_4x4_onering_qwen_gqa_tp16_fwd_bs1_sl1024,/home/haotian/waferchip/mesh2D/astra_sim_picasso/examples/run_scripts/analytical/congestion_aware/configs/gqa_seq_scaling/tp16_hbm4_80t_mesh2d_4x4_onering_qwen_gqa_tp16_fwd_bs1_sl1024.json,onering,qwen_gqa_tp16_fwd,1,1024,16,,,,,80t,mesh2d,4x4,23442,162,23280,,84.433,21.199,SUCCESS,2026-03-29 01:49:10
7480440f9dbe5baba16e908d74effc8e58633f64cf3f048b2bd166b9490db563,tp16_hbm4_80t_mesh2d_4x4_onering_qwen_gqa_tp16_fwd_bs1_sl1024_split4,/home/haotian/waferchip/mesh2D/astra_sim_picasso/examples/run_scripts/analytical/congestion_aware/configs/gqa_seq_scaling/tp16_hbm4_80t_mesh2d_4x4_onering_qwen_gqa_tp16_fwd_bs1_sl1024_split4.json,onering,qwen_gqa_tp16_fwd_split4,1,1024,16,,,,,80t,mesh2d,4x4,3172,162,3010,,84.433,21.199,SUCCESS,2026-03-29 01:49:10
f195332a8fa1ed5595b00f518aa928f3180351b3693c4a91f7fa4fd806f3065b,tp16_hbm4_80t_mesh2d_4x4_onering_qwen_gqa_tp16_fwd_bs1_sl1024_split4_bw1500,/home/haotian/waferchip/mesh2D/astra_sim_picasso/examples/run_scripts/analytical/congestion_aware/configs/gqa_seq_scaling/tp16_hbm4_80t_mesh2d_4x4_onering_qwen_gqa_tp16_fwd_bs1_sl1024_split4_bw1500.json,onering,qwen_gqa_tp16_fwd_split4_bw1500,1,1024,16,,,,,80t,mesh2d,4x4,792,162,630,,84.433,21.199,SUCCESS,2026-03-29 01:49:11
677896538c5cddf6cccefe0bc04c21af529573ae84dd6dfc58ec1f7f67c3b4ea,tp16_hbm4_80t_mesh2d_4x4_onering_qwen_gqa_tp16_fwd_bs1_sl1024_split4_d2d15ns,/home/haotian/waferchip/mesh2D/astra_sim_picasso/examples/run_scripts/analytical/congestion_aware/configs/gqa_seq_scaling/tp16_hbm4_80t_mesh2d_4x4_onering_qwen_gqa_tp16_fwd_bs1_sl1024_split4_d2d15ns.json,onering,qwen_gqa_tp16_fwd_split4_d2d15ns,1,1024,16,,,,,80t,mesh2d,4x4,792,162,630,,84.433,21.199,SUCCESS,2026-03-29 01:49:11
c796a51b356c33fa2cf4b833938c3ff16f071116d69861aea257b7b7a2ac8251,tp16_hbm4_80t_mesh2d_4x4_onering_qwen_gqa_tp16_fwd_bs1_sl1048576,/home/haotian/waferchip/mesh2D/astra_sim_picasso/examples/run_scripts/analytical/congestion_aware/configs/gqa_seq_scaling/tp16_hbm4_80t_mesh2d_4x4_onering_qwen_gqa_tp16_fwd_bs1_sl1048576.json,onering,qwen_gqa_tp16_fwd,1,1048576,16,,,,,80t,mesh2d,4x4,93504,53794,39710,,53.22,62.375,SUCCESS,2026-03-29 01:49:13
323fd44fc7ca1d7cfd117b5efe6e2445545692f1d46037d61633c8f4a269d871,tp16_hbm4_80t_mesh2d_4x4_onering_qwen_gqa_tp16_fwd_bs1_sl1048576_split4,/home/haotian/waferchip/mesh2D/astra_sim_picasso/examples/run_scripts/analytical/congestion_aware/configs/gqa_seq_scaling/tp16_hbm4_80t_mesh2d_4x4_onering_qwen_gqa_tp16_fwd_bs1_sl1048576_split4.json,onering,qwen_gqa_tp16_fwd_split4,1,1048576,16,,,,,80t,mesh2d,4x4,69049,53794,15255,,53.22,62.375,SUCCESS,2026-03-29 01:49:14
73ebabd54a9dbc641f5e752e08061b4f29a87719642c59186d15006d3814fddf,tp16_hbm4_80t_mesh2d_4x4_onering_qwen_gqa_tp16_fwd_bs1_sl1048576_split4_bw1500,/home/haotian/waferchip/mesh2D/astra_sim_picasso/examples/run_scripts/analytical/congestion_aware/configs/gqa_seq_scaling/tp16_hbm4_80t_mesh2d_4x4_onering_qwen_gqa_tp16_fwd_bs1_sl1048576_split4_bw1500.json,onering,qwen_gqa_tp16_fwd_split4_bw1500,1,1048576,16,,,,,80t,mesh2d,4x4,71165,53794,17371,,53.22,62.375,SUCCESS,2026-03-29 01:49:14
94aefc732ee59e1fbc1248e9262f7b8f84ea143d3e6fa1e41f96fd0e085d88b7,tp16_hbm4_80t_mesh2d_4x4_onering_qwen_gqa_tp16_fwd_bs1_sl1048576_split4_d2d15ns,/home/haotian/waferchip/mesh2D/astra_sim_picasso/examples/run_scripts/analytical/congestion_aware/configs/gqa_seq_scaling/tp16_hbm4_80t_mesh2d_4x4_onering_qwen_gqa_tp16_fwd_bs1_sl1048576_split4_d2d15ns.json,onering,qwen_gqa_tp16_fwd_split4_d2d15ns,1,1048576,16,,,,,80t,mesh2d,4x4,66927,53794,13133,,53.22,62.375,SUCCESS,2026-03-29 01:49:15
25b485a33597378dadad1b7385cab15a203dbe8d8df8e646a5c3ca2ad40069df,tp16_hbm4_80t_mesh2d_4x4_onering_qwen_gqa_tp16_fwd_bs1_sl131072,/home/haotian/waferchip/mesh2D/astra_sim_picasso/examples/run_scripts/analytical/congestion_aware/configs/gqa_seq_scaling/tp16_hbm4_80t_mesh2d_4x4_onering_qwen_gqa_tp16_fwd_bs1_sl131072.json,onering,qwen_gqa_tp16_fwd,1,131072,16,,,,,80t,mesh2d,4x4,32129,6818,25311,,53.873,61.513,SUCCESS,2026-03-29 01:49:17
e4085893e1686b707560846df0f94d099699b1d13e4f7e34fbeb35f7262c2a02,tp16_hbm4_80t_mesh2d_4x4_onering_qwen_gqa_tp16_fwd_bs1_sl131072_split4,/home/haotian/waferchip/mesh2D/astra_sim_picasso/examples/run_scripts/analytical/congestion_aware/configs/gqa_seq_scaling/tp16_hbm4_80t_mesh2d_4x4_onering_qwen_gqa_tp16_fwd_bs1_sl131072_split4.json,onering,qwen_gqa_tp16_fwd_split4,1,131072,16,,,,,80t,mesh2d,4x4,11113,6818,4295,,53.873,61.513,SUCCESS,2026-03-29 01:49:17
7dee8c44373686b7a780e8ec1b0693a74e416ae83ba268669384096d36e96412,tp16_hbm4_80t_mesh2d_4x4_onering_qwen_gqa_tp16_fwd_bs1_sl131072_split4_bw1500,/home/haotian/waferchip/mesh2D/astra_sim_picasso/examples/run_scripts/analytical/congestion_aware/configs/gqa_seq_scaling/tp16_hbm4_80t_mesh2d_4x4_onering_qwen_gqa_tp16_fwd_bs1_sl131072_split4_bw1500.json,onering,qwen_gqa_tp16_fwd_split4_bw1500,1,131072,16,,,,,80t,mesh2d,4x4,9369,6818,2551,,53.873,61.513,SUCCESS,2026-03-29 01:49:18
8e94ad20312452fa4c9fcd63c701e8831dab3f72ea05fd767972006bb1bb9205,tp16_hbm4_80t_mesh2d_4x4_onering_qwen_gqa_tp16_fwd_bs1_sl131072_split4_d2d15ns,/home/haotian/waferchip/mesh2D/astra_sim_picasso/examples/run_scripts/analytical/congestion_aware/configs/gqa_seq_scaling/tp16_hbm4_80t_mesh2d_4x4_onering_qwen_gqa_tp16_fwd_bs1_sl131072_split4_d2d15ns.json,onering,qwen_gqa_tp16_fwd_split4_d2d15ns,1,131072,16,,,,,80t,mesh2d,4x4,8959,6818,2141,,53.873,61.513,SUCCESS,2026-03-29 01:49:18
ec767e4c08967c46ed3467f3cea1729f523b43593961c83b49ef9a8f007df932,tp16_hbm4_80t_mesh2d_4x4_onering_qwen_gqa_tp16_fwd_bs1_sl16384,/home/haotian/waferchip/mesh2D/astra_sim_picasso/examples/run_scripts/analytical/congestion_aware/configs/gqa_seq_scaling/tp16_hbm4_80t_mesh2d_4x4_onering_qwen_gqa_tp16_fwd_bs1_sl16384.json,onering,qwen_gqa_tp16_fwd,1,16384,16,,,,,80t,mesh2d,4x4,24371,946,23425,,58.514,55.391,SUCCESS,2026-03-29 01:49:20
a25996d61bde280b29fa6cdf15887c296997e809142ce9870ee5d55ed19e030f,tp16_hbm4_80t_mesh2d_4x4_onering_qwen_gqa_tp16_fwd_bs1_sl16384_split4,/home/haotian/waferchip/mesh2D/astra_sim_picasso/examples/run_scripts/analytical/congestion_aware/configs/gqa_seq_scaling/tp16_hbm4_80t_mesh2d_4x4_onering_qwen_gqa_tp16_fwd_bs1_sl16384_split4.json,onering,qwen_gqa_tp16_fwd_split4,1,16384,16,,,,,80t,mesh2d,4x4,4087,946,3141,,58.514,55.391,SUCCESS,2026-03-29 01:49:21
d62201b1bb1522a61bf063d2e58105ad95fbac2be0cb24130b2207303979b651,tp16_hbm4_80t_mesh2d_4x4_onering_qwen_gqa_tp16_fwd_bs1_sl16384_split4_bw1500,/home/haotian/waferchip/mesh2D/astra_sim_picasso/examples/run_scripts/analytical/congestion_aware/configs/gqa_seq_scaling/tp16_hbm4_80t_mesh2d_4x4_onering_qwen_gqa_tp16_fwd_bs1_sl16384_split4_bw1500.json,onering,qwen_gqa_tp16_fwd_split4_bw1500,1,16384,16,,,,,80t,mesh2d,4x4,1750,946,804,,58.514,55.391,SUCCESS,2026-03-29 01:49:22
7001ec5cb20e81cc7d6b3bbfeee4cfdbdf6df076be202c90543a6b19a34afa35,tp16_hbm4_80t_mesh2d_4x4_onering_qwen_gqa_tp16_fwd_bs1_sl16384_split4_d2d15ns,/home/haotian/waferchip/mesh2D/astra_sim_picasso/examples/run_scripts/analytical/congestion_aware/configs/gqa_seq_scaling/tp16_hbm4_80t_mesh2d_4x4_onering_qwen_gqa_tp16_fwd_bs1_sl16384_split4_d2d15ns.json,onering,qwen_gqa_tp16_fwd_split4_d2d15ns,1,16384,16,,,,,80t,mesh2d,4x4,1707,946,761,,58.514,55.391,SUCCESS,2026-03-29 01:49:22
e9b9402bc86043ad38d55d677a26763fbb0a13b3fd474f593734c5644dd2c7ad,tp16_hbm4_80t_mesh2d_4x4_onering_qwen_gqa_tp16_fwd_bs1_sl2048,/home/haotian/waferchip/mesh2D/astra_sim_picasso/examples/run_scripts/analytical/congestion_aware/configs/gqa_seq_scaling/tp16_hbm4_80t_mesh2d_4x4_onering_qwen_gqa_tp16_fwd_bs1_sl2048.json,onering,qwen_gqa_tp16_fwd,1,2048,16,,,,,80t,mesh2d,4x4,23494,214,23280,,76.86,31.188,SUCCESS,2026-03-29 01:49:24
690160eff92f39f260f7678698e018cfa59765140b53cb9e94020d85f002cd02,tp16_hbm4_80t_mesh2d_4x4_onering_qwen_gqa_tp16_fwd_bs1_sl2048_split4,/home/haotian/waferchip/mesh2D/astra_sim_picasso/examples/run_scripts/analytical/congestion_aware/configs/gqa_seq_scaling/tp16_hbm4_80t_mesh2d_4x4_onering_qwen_gqa_tp16_fwd_bs1_sl2048_split4.json,onering,qwen_gqa_tp16_fwd_split4,1,2048,16,,,,,80t,mesh2d,4x4,3224,214,3010,,76.86,31.188,SUCCESS,2026-03-29 01:49:25
96a72def1ad2e29f6229bb2ce123c73b5d97c530e5d686989020e61e73105ad1,tp16_hbm4_80t_mesh2d_4x4_onering_qwen_gqa_tp16_fwd_bs1_sl2048_split4_bw1500,/home/haotian/waferchip/mesh2D/astra_sim_picasso/examples/run_scripts/analytical/congestion_aware/configs/gqa_seq_scaling/tp16_hbm4_80t_mesh2d_4x4_onering_qwen_gqa_tp16_fwd_bs1_sl2048_split4_bw1500.json,onering,qwen_gqa_tp16_fwd_split4_bw1500,1,2048,16,,,,,80t,mesh2d,4x4,855,214,641,,76.86,31.188,SUCCESS,2026-03-29 01:49:25
2f1cc9c8acec10c6c47ed74381231851d2dc287b38e2bacbd3ba182bbe29c562,tp16_hbm4_80t_mesh2d_4x4_onering_qwen_gqa_tp16_fwd_bs1_sl2048_split4_d2d15ns,/home/haotian/waferchip/mesh2D/astra_sim_picasso/examples/run_scripts/analytical/congestion_aware/configs/gqa_seq_scaling/tp16_hbm4_80t_mesh2d_4x4_onering_qwen_gqa_tp16_fwd_bs1_sl2048_split4_d2d15ns.json,onering,qwen_gqa_tp16_fwd_split4_d2d15ns,1,2048,16,,,,,80t,mesh2d,4x4,844,214,630,,76.86,31.188,SUCCESS,2026-03-29 01:49:26
f877dfe7dfff13f861e64c84df40aee533edfbf5d2d2d5233fa57fec4c497860,tp16_hbm4_80t_mesh2d_4x4_onering_qwen_gqa_tp16_fwd_bs1_sl262144,/home/haotian/waferchip/mesh2D/astra_sim_picasso/examples/run_scripts/analytical/congestion_aware/configs/gqa_seq_scaling/tp16_hbm4_80t_mesh2d_4x4_onering_qwen_gqa_tp16_fwd_bs1_sl262144.json,onering,qwen_gqa_tp16_fwd,1,262144,16,,,,,80t,mesh2d,4x4,40872,13530,27342,,53.502,62.002,SUCCESS,2026-03-29 01:49:28
b0a2ddb9b7a88a54e8f6e57c710d288052fea1314e1ba3188916578d441bfa5f,tp16_hbm4_80t_mesh2d_4x4_onering_qwen_gqa_tp16_fwd_bs1_sl262144_split4,/home/haotian/waferchip/mesh2D/astra_sim_picasso/examples/run_scripts/analytical/congestion_aware/configs/gqa_seq_scaling/tp16_hbm4_80t_mesh2d_4x4_onering_qwen_gqa_tp16_fwd_bs1_sl262144_split4.json,onering,qwen_gqa_tp16_fwd_split4,1,262144,16,,,,,80t,mesh2d,4x4,19362,13530,5832,,53.502,62.002,SUCCESS,2026-03-29 01:49:28
cd43fdf1fa7468ff2e59378c7921b2cf7d04d2cbea1821673a1168606233e09a,tp16_hbm4_80t_mesh2d_4x4_onering_qwen_gqa_tp16_fwd_bs1_sl262144_split4_bw1500,/home/haotian/waferchip/mesh2D/astra_sim_picasso/examples/run_scripts/analytical/congestion_aware/configs/gqa_seq_scaling/tp16_hbm4_80t_mesh2d_4x4_onering_qwen_gqa_tp16_fwd_bs1_sl262144_split4_bw1500.json,onering,qwen_gqa_tp16_fwd_split4_bw1500,1,262144,16,,,,,80t,mesh2d,4x4,18187,13530,4657,,53.502,62.002,SUCCESS,2026-03-29 01:49:29
fbc9374accd8c3c296337a157be5f5686cd3e4bcc192347a2af0940cceb3d792,tp16_hbm4_80t_mesh2d_4x4_onering_qwen_gqa_tp16_fwd_bs1_sl262144_split4_d2d15ns,/home/haotian/waferchip/mesh2D/astra_sim_picasso/examples/run_scripts/analytical/congestion_aware/configs/gqa_seq_scaling/tp16_hbm4_80t_mesh2d_4x4_onering_qwen_gqa_tp16_fwd_bs1_sl262144_split4_d2d15ns.json,onering,qwen_gqa_tp16_fwd_split4_d2d15ns,1,262144,16,,,,,80t,mesh2d,4x4,17237,13530,3707,,53.502,62.002,SUCCESS,2026-03-29 01:49:29
057508c589b22936ca40b29c1bbf24ac0fceeff7b9d43849c224dcb1e2e89f56,tp16_hbm4_80t_mesh2d_4x4_onering_qwen_gqa_tp16_fwd_bs1_sl32768,/home/haotian/waferchip/mesh2D/astra_sim_picasso/examples/run_scripts/analytical/congestion_aware/configs/gqa_seq_scaling/tp16_hbm4_80t_mesh2d_4x4_onering_qwen_gqa_tp16_fwd_bs1_sl32768.json,onering,qwen_gqa_tp16_fwd,1,32768,16,,,,,80t,mesh2d,4x4,25501,1786,23715,,55.981,58.733,SUCCESS,2026-03-29 01:49:31
2a3ecabf12496f17e463f035f6a5f2306dcd3ebeb27962d131833e16f4c67764,tp16_hbm4_80t_mesh2d_4x4_onering_qwen_gqa_tp16_fwd_bs1_sl32768_split4,/home/haotian/waferchip/mesh2D/astra_sim_picasso/examples/run_scripts/analytical/congestion_aware/configs/gqa_seq_scaling/tp16_hbm4_80t_mesh2d_4x4_onering_qwen_gqa_tp16_fwd_bs1_sl32768_split4.json,onering,qwen_gqa_tp16_fwd_split4,1,32768,16,,,,,80t,mesh2d,4x4,5078,1786,3292,,55.981,58.733,SUCCESS,2026-03-29 01:49:32
84e745647722e9504c98202de537e75843418d6af4cdcbe6757ca062ea515c95,tp16_hbm4_80t_mesh2d_4x4_onering_qwen_gqa_tp16_fwd_bs1_sl32768_split4_bw1500,/home/haotian/waferchip/mesh2D/astra_sim_picasso/examples/run_scripts/analytical/congestion_aware/configs/gqa_seq_scaling/tp16_hbm4_80t_mesh2d_4x4_onering_qwen_gqa_tp16_fwd_bs1_sl32768_split4_bw1500.json,onering,qwen_gqa_tp16_fwd_split4_bw1500,1,32768,16,,,,,80t,mesh2d,4x4,2823,1786,1037,,55.981,58.733,SUCCESS,2026-03-29 01:49:33
289f738734be6d2d5210566fae9089baf8c1ffb316b7ea2d76fd3b093115fc3f,tp16_hbm4_80t_mesh2d_4x4_onering_qwen_gqa_tp16_fwd_bs1_sl32768_split4_d2d15ns,/home/haotian/waferchip/mesh2D/astra_sim_picasso/examples/run_scripts/analytical/congestion_aware/configs/gqa_seq_scaling/tp16_hbm4_80t_mesh2d_4x4_onering_qwen_gqa_tp16_fwd_bs1_sl32768_split4_d2d15ns.json,onering,qwen_gqa_tp16_fwd_split4_d2d15ns,1,32768,16,,,,,80t,mesh2d,4x4,2738,1786,952,,55.981,58.733,SUCCESS,2026-03-29 01:49:33
76e0a99139add2de93b32c774ebe9bc584b0a2074966b411b4e25d6b9d24dd2a,tp16_hbm4_80t_mesh2d_4x4_onering_qwen_gqa_tp16_fwd_bs1_sl4096,/home/haotian/waferchip/mesh2D/astra_sim_picasso/examples/run_scripts/analytical/congestion_aware/configs/gqa_seq_scaling/tp16_hbm4_80t_mesh2d_4x4_onering_qwen_gqa_tp16_fwd_bs1_sl4096.json,onering,qwen_gqa_tp16_fwd,1,4096,16,,,,,80t,mesh2d,4x4,23598,318,23280,,69.122,41.396,SUCCESS,2026-03-29 01:49:35
c53c7d6fac9aae5a2c62320630f1d803f8cfd0ca964cd1ae93548751f233e9f9,tp16_hbm4_80t_mesh2d_4x4_onering_qwen_gqa_tp16_fwd_bs1_sl4096_split4,/home/haotian/waferchip/mesh2D/astra_sim_picasso/examples/run_scripts/analytical/congestion_aware/configs/gqa_seq_scaling/tp16_hbm4_80t_mesh2d_4x4_onering_qwen_gqa_tp16_fwd_bs1_sl4096_split4.json,onering,qwen_gqa_tp16_fwd_split4,1,4096,16,,,,,80t,mesh2d,4x4,3348,318,3030,,69.122,41.396,SUCCESS,2026-03-29 01:49:35
8c8dac759707ce28c1c46daf5d5732eba149dd83015808be04c2fd63fad09118,tp16_hbm4_80t_mesh2d_4x4_onering_qwen_gqa_tp16_fwd_bs1_sl4096_split4_bw1500,/home/haotian/waferchip/mesh2D/astra_sim_picasso/examples/run_scripts/analytical/congestion_aware/configs/gqa_seq_scaling/tp16_hbm4_80t_mesh2d_4x4_onering_qwen_gqa_tp16_fwd_bs1_sl4096_split4_bw1500.json,onering,qwen_gqa_tp16_fwd_split4_bw1500,1,4096,16,,,,,80t,mesh2d,4x4,979,318,661,,69.122,41.396,SUCCESS,2026-03-29 01:49:36
6e2e722e90650849a7454fba2a3eb05062e1d592ec98672cfc03486097f88e91,tp16_hbm4_80t_mesh2d_4x4_onering_qwen_gqa_tp16_fwd_bs1_sl4096_split4_d2d15ns,/home/haotian/waferchip/mesh2D/astra_sim_picasso/examples/run_scripts/analytical/congestion_aware/configs/gqa_seq_scaling/tp16_hbm4_80t_mesh2d_4x4_onering_qwen_gqa_tp16_fwd_bs1_sl4096_split4_d2d15ns.json,onering,qwen_gqa_tp16_fwd_split4_d2d15ns,1,4096,16,,,,,80t,mesh2d,4x4,968,318,650,,69.122,41.396,SUCCESS,2026-03-29 01:49:36
6e0ecc9fd4f867fd3dd98ae94350d0bbfa3e1bf45359652fc767247dbd925c9c,tp16_hbm4_80t_mesh2d_4x4_onering_qwen_gqa_tp16_fwd_bs1_sl524288,/home/haotian/waferchip/mesh2D/astra_sim_picasso/examples/run_scripts/analytical/congestion_aware/configs/gqa_seq_scaling/tp16_hbm4_80t_mesh2d_4x4_onering_qwen_gqa_tp16_fwd_bs1_sl524288.json,onering,qwen_gqa_tp16_fwd,1,524288,16,,,,,80t,mesh2d,4x4,58427,26950,31477,,53.314,62.25,SUCCESS,2026-03-29 01:49:38
4abed0c7ee18ccaf12cb9c73f9f81ab3cdce19266b0ca35f5887bcb3527bb2d6,tp16_hbm4_80t_mesh2d_4x4_onering_qwen_gqa_tp16_fwd_bs1_sl524288_split4,/home/haotian/waferchip/mesh2D/astra_sim_picasso/examples/run_scripts/analytical/congestion_aware/configs/gqa_seq_scaling/tp16_hbm4_80t_mesh2d_4x4_onering_qwen_gqa_tp16_fwd_bs1_sl524288_split4.json,onering,qwen_gqa_tp16_fwd_split4,1,524288,16,,,,,80t,mesh2d,4x4,35923,26950,8973,,53.314,62.25,SUCCESS,2026-03-29 01:49:39
8641a95888da90f0a33a8495a5cf05edda205e85562ddf2ad75d2243af3e4f15,tp16_hbm4_80t_mesh2d_4x4_onering_qwen_gqa_tp16_fwd_bs1_sl524288_split4_bw1500,/home/haotian/waferchip/mesh2D/astra_sim_picasso/examples/run_scripts/analytical/congestion_aware/configs/gqa_seq_scaling/tp16_hbm4_80t_mesh2d_4x4_onering_qwen_gqa_tp16_fwd_bs1_sl524288_split4_bw1500.json,onering,qwen_gqa_tp16_fwd_split4_bw1500,1,524288,16,,,,,80t,mesh2d,4x4,35845,26950,8895,,53.314,62.25,SUCCESS,2026-03-29 01:49:39
933e5f6d6263be292dba594db6f00884a7fe918ce756f696d31ea1a164bd2e98,tp16_hbm4_80t_mesh2d_4x4_onering_qwen_gqa_tp16_fwd_bs1_sl524288_split4_d2d15ns,/home/haotian/waferchip/mesh2D/astra_sim_picasso/examples/run_scripts/analytical/congestion_aware/configs/gqa_seq_scaling/tp16_hbm4_80t_mesh2d_4x4_onering_qwen_gqa_tp16_fwd_bs1_sl524288_split4_d2d15ns.json,onering,qwen_gqa_tp16_fwd_split4_d2d15ns,1,524288,16,,,,,80t,mesh2d,4x4,33798,26950,6848,,53.314,62.25,SUCCESS,2026-03-29 01:49:40
46d568e8314d74b9332f7788a036cc3455c8a62f7c2b13105a0c15a6b0bea028,tp16_hbm4_80t_mesh2d_4x4_onering_qwen_gqa_tp16_fwd_bs1_sl65536,/home/haotian/waferchip/mesh2D/astra_sim_picasso/examples/run_scripts/analytical/congestion_aware/configs/gqa_seq_scaling/tp16_hbm4_80t_mesh2d_4x4_onering_qwen_gqa_tp16_fwd_bs1_sl65536.json,onering,qwen_gqa_tp16_fwd,1,65536,16,,,,,80t,mesh2d,4x4,27685,3462,24223,,54.599,60.556,SUCCESS,2026-03-29 01:49:42
0724d4b1001bf28c80d96b8a590177058d8dab33a99f3a0714d0bb968682a38f,tp16_hbm4_80t_mesh2d_4x4_onering_qwen_gqa_tp16_fwd_bs1_sl65536_split4,/home/haotian/waferchip/mesh2D/astra_sim_picasso/examples/run_scripts/analytical/congestion_aware/configs/gqa_seq_scaling/tp16_hbm4_80t_mesh2d_4x4_onering_qwen_gqa_tp16_fwd_bs1_sl65536_split4.json,onering,qwen_gqa_tp16_fwd_split4,1,65536,16,,,,,80t,mesh2d,4x4,7036,3462,3574,,54.599,60.556,SUCCESS,2026-03-29 01:49:42
c5d02d85adbd844a63adba0d6de0e72ab5c4d11bab2534362f7ffbb70bc6321f,tp16_hbm4_80t_mesh2d_4x4_onering_qwen_gqa_tp16_fwd_bs1_sl65536_split4_bw1500,/home/haotian/waferchip/mesh2D/astra_sim_picasso/examples/run_scripts/analytical/congestion_aware/configs/gqa_seq_scaling/tp16_hbm4_80t_mesh2d_4x4_onering_qwen_gqa_tp16_fwd_bs1_sl65536_split4_bw1500.json,onering,qwen_gqa_tp16_fwd_split4_bw1500,1,65536,16,,,,,80t,mesh2d,4x4,4973,3462,1511,,54.599,60.556,SUCCESS,2026-03-29 01:49:43
1425624cb4707bd40161a200a213193edd32948b4fe7e6484bdbf68a7c860d19,tp16_hbm4_80t_mesh2d_4x4_onering_qwen_gqa_tp16_fwd_bs1_sl65536_split4_d2d15ns,/home/haotian/waferchip/mesh2D/astra_sim_picasso/examples/run_scripts/analytical/congestion_aware/configs/gqa_seq_scaling/tp16_hbm4_80t_mesh2d_4x4_onering_qwen_gqa_tp16_fwd_bs1_sl65536_split4_d2d15ns.json,onering,qwen_gqa_tp16_fwd_split4_d2d15ns,1,65536,16,,,,,80t,mesh2d,4x4,4811,3462,1349,,54.599,60.556,SUCCESS,2026-03-29 01:49:43
7d291267dd0322a7122a839b09453ea482104be3d23c2864017daaab82468069,tp16_hbm4_80t_mesh2d_4x4_onering_qwen_gqa_tp16_fwd_bs1_sl8192,/home/haotian/waferchip/mesh2D/astra_sim_picasso/examples/run_scripts/analytical/congestion_aware/configs/gqa_seq_scaling/tp16_hbm4_80t_mesh2d_4x4_onering_qwen_gqa_tp16_fwd_bs1_sl8192.json,onering,qwen_gqa_tp16_fwd,1,8192,16,,,,,80t,mesh2d,4x4,23806,526,23280,,62.808,49.726,SUCCESS,2026-03-29 01:49:45
257d193acea0bccfe07e22c8f581923dff045f5357da0d4911d1d9aaa0afb621,tp16_hbm4_80t_mesh2d_4x4_onering_qwen_gqa_tp16_fwd_bs1_sl8192_split4,/home/haotian/waferchip/mesh2D/astra_sim_picasso/examples/run_scripts/analytical/congestion_aware/configs/gqa_seq_scaling/tp16_hbm4_80t_mesh2d_4x4_onering_qwen_gqa_tp16_fwd_bs1_sl8192_split4.json,onering,qwen_gqa_tp16_fwd_split4,1,8192,16,,,,,80t,mesh2d,4x4,3596,526,3070,,62.808,49.726,SUCCESS,2026-03-29 01:49:46
840e6da6087d060578f74ba55b30b88f8abd3e22d770bc2ce74a7d7301546894,tp16_hbm4_80t_mesh2d_4x4_onering_qwen_gqa_tp16_fwd_bs1_sl8192_split4_bw1500,/home/haotian/waferchip/mesh2D/astra_sim_picasso/examples/run_scripts/analytical/congestion_aware/configs/gqa_seq_scaling/tp16_hbm4_80t_mesh2d_4x4_onering_qwen_gqa_tp16_fwd_bs1_sl8192_split4_bw1500.json,onering,qwen_gqa_tp16_fwd_split4_bw1500,1,8192,16,,,,,80t,mesh2d,4x4,1238,526,712,,62.808,49.726,SUCCESS,2026-03-29 01:49:46
8a989db84d4f42d07bcb8566e91feb0007cb64792f6df83372d25d6f1ec45bf2,tp16_hbm4_80t_mesh2d_4x4_onering_qwen_gqa_tp16_fwd_bs1_sl8192_split4_d2d15ns,/home/haotian/waferchip/mesh2D/astra_sim_picasso/examples/run_scripts/analytical/congestion_aware/configs/gqa_seq_scaling/tp16_hbm4_80t_mesh2d_4x4_onering_qwen_gqa_tp16_fwd_bs1_sl8192_split4_d2d15ns.json,onering,qwen_gqa_tp16_fwd_split4_d2d15ns,1,8192,16,,,,,80t,mesh2d,4x4,1216,526,690,,62.808,49.726,SUCCESS,2026-03-29 01:49:47
6075c47508f8ed69090b096a13df0afb2a80a39065758f329c3cc81c65775373,tp16_hbm4_80t_split4_bw1500_mesh2d_4x4_onering_llama4_gqa_baseline_fwd_block2x2_bs1_sl1024_split4_bw1500,/home/haotian/waferchip/mesh2D/astra_sim_picasso/examples/run_scripts/analytical/congestion_aware/configs/gqa_seq_scaling/tp16_hbm4_80t_split4_bw1500_mesh2d_4x4_onering_llama4_gqa_baseline_fwd_block2x2_bs1_sl1024_split4_bw1500.json,mesh2d,4x4_onering_llama4_gqa_baseline_fwd_block2x2_split4_bw1500,1,1024,16,,,,,80t,split4,bw1500,708,213,495,,76.752,25.386,SUCCESS,2026-03-29 01:49:47
9cf7071480a7b5ee772b6c8b59bb775367dd736a91b1451db258417591276bde,tp16_hbm4_80t_split4_bw1500_mesh2d_4x4_onering_llama4_gqa_baseline_fwd_block2x2_bs1_sl1048576_split4_bw1500,/home/haotian/waferchip/mesh2D/astra_sim_picasso/examples/run_scripts/analytical/congestion_aware/configs/gqa_seq_scaling/tp16_hbm4_80t_split4_bw1500_mesh2d_4x4_onering_llama4_gqa_baseline_fwd_block2x2_bs1_sl1048576_split4_bw1500.json,mesh2d,4x4_onering_llama4_gqa_baseline_fwd_block2x2_split4_bw1500,1,1048576,16,,,,,80t,split4,bw1500,71102,70607,495,,28.717,77.521,SUCCESS,2026-03-29 01:49:48
f3550baa2dadc47d43c1a700ade11f602bfef06aaa8928a71eccc49155d6c526,tp16_hbm4_80t_split4_bw1500_mesh2d_4x4_onering_llama4_gqa_baseline_fwd_block2x2_bs1_sl131072_split4_bw1500,/home/haotian/waferchip/mesh2D/astra_sim_picasso/examples/run_scripts/analytical/congestion_aware/configs/gqa_seq_scaling/tp16_hbm4_80t_split4_bw1500_mesh2d_4x4_onering_llama4_gqa_baseline_fwd_block2x2_bs1_sl131072_split4_bw1500.json,mesh2d,4x4_onering_llama4_gqa_baseline_fwd_block2x2_split4_bw1500,1,131072,16,,,,,80t,split4,bw1500,9446,8951,495,,29.718,76.434,SUCCESS,2026-03-29 01:49:48
a8e7b28081223e4f04d7fb971cb60629081c84c07e8ac876179b3a2af65bed45,tp16_hbm4_80t_split4_bw1500_mesh2d_4x4_onering_llama4_gqa_baseline_fwd_block2x2_bs1_sl16384_split4_bw1500,/home/haotian/waferchip/mesh2D/astra_sim_picasso/examples/run_scripts/analytical/congestion_aware/configs/gqa_seq_scaling/tp16_hbm4_80t_split4_bw1500_mesh2d_4x4_onering_llama4_gqa_baseline_fwd_block2x2_bs1_sl16384_split4_bw1500.json,mesh2d,4x4_onering_llama4_gqa_baseline_fwd_block2x2_split4_bw1500,1,16384,16,,,,,80t,split4,bw1500,1740,1245,495,,36.868,68.677,SUCCESS,2026-03-29 01:49:48
56bca9b2607fdb58e6015dd7ba8cb84cbe4c7652fc3a4087a1e151a40f71b0c7,tp16_hbm4_80t_split4_bw1500_mesh2d_4x4_onering_llama4_gqa_baseline_fwd_block2x2_bs1_sl2048_split4_bw1500,/home/haotian/waferchip/mesh2D/astra_sim_picasso/examples/run_scripts/analytical/congestion_aware/configs/gqa_seq_scaling/tp16_hbm4_80t_split4_bw1500_mesh2d_4x4_onering_llama4_gqa_baseline_fwd_block2x2_bs1_sl2048_split4_bw1500.json,mesh2d,4x4_onering_llama4_gqa_baseline_fwd_block2x2_split4_bw1500,1,2048,16,,,,,80t,split4,bw1500,776,281,495,,65.071,38.059,SUCCESS,2026-03-29 01:49:49
6f4ac234b65b571cf546ff3ee7db35552feec26456d595654e7153982aefad73,tp16_hbm4_80t_split4_bw1500_mesh2d_4x4_onering_llama4_gqa_baseline_fwd_block2x2_bs1_sl262144_split4_bw1500,/home/haotian/waferchip/mesh2D/astra_sim_picasso/examples/run_scripts/analytical/congestion_aware/configs/gqa_seq_scaling/tp16_hbm4_80t_split4_bw1500_mesh2d_4x4_onering_llama4_gqa_baseline_fwd_block2x2_bs1_sl262144_split4_bw1500.json,mesh2d,4x4_onering_llama4_gqa_baseline_fwd_block2x2_split4_bw1500,1,262144,16,,,,,80t,split4,bw1500,18254,17759,495,,29.154,77.047,SUCCESS,2026-03-29 01:49:49
a0f84ff48e2b9e051cd4b4b9bc9e0d90debb93de97798b2b03b0a720012679e2,tp16_hbm4_80t_split4_bw1500_mesh2d_4x4_onering_llama4_gqa_baseline_fwd_block2x2_bs1_sl32768_split4_bw1500,/home/haotian/waferchip/mesh2D/astra_sim_picasso/examples/run_scripts/analytical/congestion_aware/configs/gqa_seq_scaling/tp16_hbm4_80t_split4_bw1500_mesh2d_4x4_onering_llama4_gqa_baseline_fwd_block2x2_bs1_sl32768_split4_bw1500.json,mesh2d,4x4_onering_llama4_gqa_baseline_fwd_block2x2_split4_bw1500,1,32768,16,,,,,80t,split4,bw1500,2840,2345,495,,32.982,72.894,SUCCESS,2026-03-29 01:49:50
27d07e23c51a682f1fa4e75235c124efb44fc4f850d07fa762a9100e80d46786,tp16_hbm4_80t_split4_bw1500_mesh2d_4x4_onering_llama4_gqa_baseline_fwd_block2x2_bs1_sl4096_split4_bw1500,/home/haotian/waferchip/mesh2D/astra_sim_picasso/examples/run_scripts/analytical/congestion_aware/configs/gqa_seq_scaling/tp16_hbm4_80t_split4_bw1500_mesh2d_4x4_onering_llama4_gqa_baseline_fwd_block2x2_bs1_sl4096_split4_bw1500.json,mesh2d,4x4_onering_llama4_gqa_baseline_fwd_block2x2_split4_bw1500,1,4096,16,,,,,80t,split4,bw1500,912,417,495,,53.11,51.035,SUCCESS,2026-03-29 01:49:50
86a221015fdf61dc1e401269bd06d2e76bbe49a6101343f3815e025f615b968f,tp16_hbm4_80t_split4_bw1500_mesh2d_4x4_onering_llama4_gqa_baseline_fwd_block2x2_bs1_sl524288_split4_bw1500,/home/haotian/waferchip/mesh2D/astra_sim_picasso/examples/run_scripts/analytical/congestion_aware/configs/gqa_seq_scaling/tp16_hbm4_80t_split4_bw1500_mesh2d_4x4_onering_llama4_gqa_baseline_fwd_block2x2_bs1_sl524288_split4_bw1500.json,mesh2d,4x4_onering_llama4_gqa_baseline_fwd_block2x2_split4_bw1500,1,524288,16,,,,,80t,split4,bw1500,35870,35375,495,,28.863,77.362,SUCCESS,2026-03-29 01:49:51
371f8f7426b361f0815d1301b61406670c60357fa7e33c802fa26fd22c7a6557,tp16_hbm4_80t_split4_bw1500_mesh2d_4x4_onering_llama4_gqa_baseline_fwd_block2x2_bs1_sl65536_split4_bw1500,/home/haotian/waferchip/mesh2D/astra_sim_picasso/examples/run_scripts/analytical/congestion_aware/configs/gqa_seq_scaling/tp16_hbm4_80t_split4_bw1500_mesh2d_4x4_onering_llama4_gqa_baseline_fwd_block2x2_bs1_sl65536_split4_bw1500.json,mesh2d,4x4_onering_llama4_gqa_baseline_fwd_block2x2_split4_bw1500,1,65536,16,,,,,80t,split4,bw1500,5042,4547,495,,30.84,75.216,SUCCESS,2026-03-29 01:49:51
fb591f0429ad933c0d0141dda844e16334f12bc90730353f557fccc158584111,tp16_hbm4_80t_split4_bw1500_mesh2d_4x4_onering_llama4_gqa_baseline_fwd_block2x2_bs1_sl8192_split4_bw1500,/home/haotian/waferchip/mesh2D/astra_sim_picasso/examples/run_scripts/analytical/congestion_aware/configs/gqa_seq_scaling/tp16_hbm4_80t_split4_bw1500_mesh2d_4x4_onering_llama4_gqa_baseline_fwd_block2x2_bs1_sl8192_split4_bw1500.json,mesh2d,4x4_onering_llama4_gqa_baseline_fwd_block2x2_split4_bw1500,1,8192,16,,,,,80t,split4,bw1500,1188,693,495,,43.39,61.594,SUCCESS,2026-03-29 01:49:51
d48260c2711cb446908b5279d7d77c2c59760ea0c934695c65905823ef12c2fb,tp16_hbm4_80t_split4_bw1500_mesh2d_4x4_onering_llama4_gqa_hmp_fwd_block2x2_bs1_sl1024_split4_bw1500,/home/haotian/waferchip/mesh2D/astra_sim_picasso/examples/run_scripts/analytical/congestion_aware/configs/gqa_seq_scaling/tp16_hbm4_80t_split4_bw1500_mesh2d_4x4_onering_llama4_gqa_hmp_fwd_block2x2_bs1_sl1024_split4_bw1500.json,mesh2d,4x4_onering_llama4_gqa_hmp_fwd_block2x2_split4_bw1500,1,1024,16,,,,,80t,split4,bw1500,338,338,,,84.882,17.069,SUCCESS,2026-03-29 01:49:51
929687dc3b10a029fa58289096e6fb1c7a2c9c15ee6ce837af29c9fc5dd0b554,tp16_hbm4_80t_split4_bw1500_mesh2d_4x4_onering_llama4_gqa_hmp_fwd_block2x2_bs1_sl1048576_split4_bw1500,/home/haotian/waferchip/mesh2D/astra_sim_picasso/examples/run_scripts/analytical/congestion_aware/configs/gqa_seq_scaling/tp16_hbm4_80t_split4_bw1500_mesh2d_4x4_onering_llama4_gqa_hmp_fwd_block2x2_bs1_sl1048576_split4_bw1500.json,mesh2d,4x4_onering_llama4_gqa_hmp_fwd_block2x2_split4_bw1500,1,1048576,16,,,,,80t,split4,bw1500,70732,70732,,,28.841,77.389,SUCCESS,2026-03-29 01:49:52
6cc015f4027ef1fd4fdec72a8c86fb9f071a0eb00dd26411e2da151759944c3c,tp16_hbm4_80t_split4_bw1500_mesh2d_4x4_onering_llama4_gqa_hmp_fwd_block2x2_bs1_sl131072_split4_bw1500,/home/haotian/waferchip/mesh2D/astra_sim_picasso/examples/run_scripts/analytical/congestion_aware/configs/gqa_seq_scaling/tp16_hbm4_80t_split4_bw1500_mesh2d_4x4_onering_llama4_gqa_hmp_fwd_block2x2_bs1_sl131072_split4_bw1500.json,mesh2d,4x4_onering_llama4_gqa_hmp_fwd_block2x2_split4_bw1500,1,131072,16,,,,,80t,split4,bw1500,9076,9076,,,30.67,75.42,SUCCESS,2026-03-29 01:49:52
08ceb633a4bbc594084c1b34ae8a297658477e56e198c31b207ece93adc0450e,tp16_hbm4_80t_split4_bw1500_mesh2d_4x4_onering_llama4_gqa_hmp_fwd_block2x2_bs1_sl16384_split4_bw1500,/home/haotian/waferchip/mesh2D/astra_sim_picasso/examples/run_scripts/analytical/congestion_aware/configs/gqa_seq_scaling/tp16_hbm4_80t_split4_bw1500_mesh2d_4x4_onering_llama4_gqa_hmp_fwd_block2x2_bs1_sl16384_split4_bw1500.json,mesh2d,4x4_onering_llama4_gqa_hmp_fwd_block2x2_split4_bw1500,1,16384,16,,,,,80t,split4,bw1500,1370,1370,,,42.515,62.673,SUCCESS,2026-03-29 01:49:52
927d283144d6b2263c814d324a1fc08c09a635e8e5caa711e1e2921844081a7b,tp16_hbm4_80t_split4_bw1500_mesh2d_4x4_onering_llama4_gqa_hmp_fwd_block2x2_bs1_sl2048_split4_bw1500,/home/haotian/waferchip/mesh2D/astra_sim_picasso/examples/run_scripts/analytical/congestion_aware/configs/gqa_seq_scaling/tp16_hbm4_80t_split4_bw1500_mesh2d_4x4_onering_llama4_gqa_hmp_fwd_block2x2_bs1_sl2048_split4_bw1500.json,mesh2d,4x4_onering_llama4_gqa_hmp_fwd_block2x2_split4_bw1500,1,2048,16,,,,,80t,split4,bw1500,406,406,,,75.43,27.239,SUCCESS,2026-03-29 01:49:52
7b1a461ec78c963d2e08cee9b30e9c8bcacb247b102fca47b609af4b2da891f0,tp16_hbm4_80t_split4_bw1500_mesh2d_4x4_onering_llama4_gqa_hmp_fwd_block2x2_bs1_sl262144_split4_bw1500,/home/haotian/waferchip/mesh2D/astra_sim_picasso/examples/run_scripts/analytical/congestion_aware/configs/gqa_seq_scaling/tp16_hbm4_80t_split4_bw1500_mesh2d_4x4_onering_llama4_gqa_hmp_fwd_block2x2_bs1_sl262144_split4_bw1500.json,mesh2d,4x4_onering_llama4_gqa_hmp_fwd_block2x2_split4_bw1500,1,262144,16,,,,,80t,split4,bw1500,17884,17884,,,29.641,76.528,SUCCESS,2026-03-29 01:49:52
843ee4c1bbc2b45e8ef03d21989d960ac3335c67c1efe330c25d90e550f53007,tp16_hbm4_80t_split4_bw1500_mesh2d_4x4_onering_llama4_gqa_hmp_fwd_block2x2_bs1_sl32768_split4_bw1500,/home/haotian/waferchip/mesh2D/astra_sim_picasso/examples/run_scripts/analytical/congestion_aware/configs/gqa_seq_scaling/tp16_hbm4_80t_split4_bw1500_mesh2d_4x4_onering_llama4_gqa_hmp_fwd_block2x2_bs1_sl32768_split4_bw1500.json,mesh2d,4x4_onering_llama4_gqa_hmp_fwd_block2x2_split4_bw1500,1,32768,16,,,,,80t,split4,bw1500,2470,2470,,,36.311,69.35,SUCCESS,2026-03-29 01:49:52
b9c046e65b57db45f56061d64c1bacc33773eaf05249f846095f414066d50331,tp16_hbm4_80t_split4_bw1500_mesh2d_4x4_onering_llama4_gqa_hmp_fwd_block2x2_bs1_sl4096_split4_bw1500,/home/haotian/waferchip/mesh2D/astra_sim_picasso/examples/run_scripts/analytical/congestion_aware/configs/gqa_seq_scaling/tp16_hbm4_80t_split4_bw1500_mesh2d_4x4_onering_llama4_gqa_hmp_fwd_block2x2_bs1_sl4096_split4_bw1500.json,mesh2d,4x4_onering_llama4_gqa_hmp_fwd_block2x2_split4_bw1500,1,4096,16,,,,,80t,split4,bw1500,542,542,,,63.628,39.938,SUCCESS,2026-03-29 01:49:52
d054f62e0abe318f59dbf037422342bfeb258ec3a2b600a4ad944ed417363f78,tp16_hbm4_80t_split4_bw1500_mesh2d_4x4_onering_llama4_gqa_hmp_fwd_block2x2_bs1_sl524288_split4_bw1500,/home/haotian/waferchip/mesh2D/astra_sim_picasso/examples/run_scripts/analytical/congestion_aware/configs/gqa_seq_scaling/tp16_hbm4_80t_split4_bw1500_mesh2d_4x4_onering_llama4_gqa_hmp_fwd_block2x2_bs1_sl524288_split4_bw1500.json,mesh2d,4x4_onering_llama4_gqa_hmp_fwd_block2x2_split4_bw1500,1,524288,16,,,,,80t,split4,bw1500,35500,35500,,,29.109,77.1,SUCCESS,2026-03-29 01:49:52
fb3c1c3914aab82fa81d99464dcf0e921cc5a69dda7233b46705bec4cb931c63,tp16_hbm4_80t_split4_bw1500_mesh2d_4x4_onering_llama4_gqa_hmp_fwd_block2x2_bs1_sl65536_split4_bw1500,/home/haotian/waferchip/mesh2D/astra_sim_picasso/examples/run_scripts/analytical/congestion_aware/configs/gqa_seq_scaling/tp16_hbm4_80t_split4_bw1500_mesh2d_4x4_onering_llama4_gqa_hmp_fwd_block2x2_bs1_sl65536_split4_bw1500.json,mesh2d,4x4_onering_llama4_gqa_hmp_fwd_block2x2_split4_bw1500,1,65536,16,,,,,80t,split4,bw1500,4672,4672,,,32.658,73.28,SUCCESS,2026-03-29 01:49:52
27301d1197d6f171ae0b66feaa4294e7911d9ed86938c0cf606d1fa3266f2d59,tp16_hbm4_80t_split4_bw1500_mesh2d_4x4_onering_llama4_gqa_hmp_fwd_block2x2_bs1_sl8192_split4_bw1500,/home/haotian/waferchip/mesh2D/astra_sim_picasso/examples/run_scripts/analytical/congestion_aware/configs/gqa_seq_scaling/tp16_hbm4_80t_split4_bw1500_mesh2d_4x4_onering_llama4_gqa_hmp_fwd_block2x2_bs1_sl8192_split4_bw1500.json,mesh2d,4x4_onering_llama4_gqa_hmp_fwd_block2x2_split4_bw1500,1,8192,16,,,,,80t,split4,bw1500,818,818,,,51.847,52.625,SUCCESS,2026-03-29 01:49:52
12413512c7af08f483e7f2cec52be1fe3abd1898f7a28e9497be453586b99e3c,tp16_hbm4_80t_split4_bw1500_mesh2d_4x4_onering_llama4_gqa_tp16_fwd_block2x2_bs1_sl1024_split4_bw1500,/home/haotian/waferchip/mesh2D/astra_sim_picasso/examples/run_scripts/analytical/congestion_aware/configs/gqa_seq_scaling/tp16_hbm4_80t_split4_bw1500_mesh2d_4x4_onering_llama4_gqa_tp16_fwd_block2x2_bs1_sl1024_split4_bw1500.json,mesh2d,4x4_onering_llama4_gqa_tp16_fwd_block2x2_split4_bw1500,1,1024,16,,,,,80t,split4,bw1500,734,164,570,,69.848,35.333,SUCCESS,2026-03-29 01:49:52
0831f6642673595ee116520dbca31af4e0bdf77376a4593985dbeb79bb6fe6e8,tp16_hbm4_80t_split4_bw1500_mesh2d_4x4_onering_llama4_gqa_tp16_fwd_block2x2_bs1_sl1048576_split4_bw1500,/home/haotian/waferchip/mesh2D/astra_sim_picasso/examples/run_scripts/analytical/congestion_aware/configs/gqa_seq_scaling/tp16_hbm4_80t_split4_bw1500_mesh2d_4x4_onering_llama4_gqa_tp16_fwd_block2x2_bs1_sl1048576_split4_bw1500.json,mesh2d,4x4_onering_llama4_gqa_tp16_fwd_block2x2_split4_bw1500,1,1048576,16,,,,,80t,split4,bw1500,80747,70558,10189,,28.667,82.034,SUCCESS,2026-03-29 01:49:53
2ce4ccbe041f2809868f296e1b19b79dbbc67bce3ecec70f9dfea8b24cb90a05,tp16_hbm4_80t_split4_bw1500_mesh2d_4x4_onering_llama4_gqa_tp16_fwd_block2x2_bs1_sl131072_split4_bw1500,/home/haotian/waferchip/mesh2D/astra_sim_picasso/examples/run_scripts/analytical/congestion_aware/configs/gqa_seq_scaling/tp16_hbm4_80t_split4_bw1500_mesh2d_4x4_onering_llama4_gqa_tp16_fwd_block2x2_bs1_sl131072_split4_bw1500.json,mesh2d,4x4_onering_llama4_gqa_tp16_fwd_block2x2_split4_bw1500,1,131072,16,,,,,80t,split4,bw1500,10547,8902,1645,,29.331,81.279,SUCCESS,2026-03-29 01:49:53
3fded4ec73030a411282f348b18aa0a4a813bf5dcc8fbee23d15967b436d3542,tp16_hbm4_80t_split4_bw1500_mesh2d_4x4_onering_llama4_gqa_tp16_fwd_block2x2_bs1_sl16384_split4_bw1500,/home/haotian/waferchip/mesh2D/astra_sim_picasso/examples/run_scripts/analytical/congestion_aware/configs/gqa_seq_scaling/tp16_hbm4_80t_split4_bw1500_mesh2d_4x4_onering_llama4_gqa_tp16_fwd_block2x2_bs1_sl16384_split4_bw1500.json,mesh2d,4x4_onering_llama4_gqa_tp16_fwd_block2x2_split4_bw1500,1,16384,16,,,,,80t,split4,bw1500,1856,1196,660,,34.284,75.673,SUCCESS,2026-03-29 01:49:54
cec046d9b98b9f7c97fe3e759de65357c26c3f737cbcf6000443a4d25a24c354,tp16_hbm4_80t_split4_bw1500_mesh2d_4x4_onering_llama4_gqa_tp16_fwd_block2x2_bs1_sl2048_split4_bw1500,/home/haotian/waferchip/mesh2D/astra_sim_picasso/examples/run_scripts/analytical/congestion_aware/configs/gqa_seq_scaling/tp16_hbm4_80t_split4_bw1500_mesh2d_4x4_onering_llama4_gqa_tp16_fwd_block2x2_bs1_sl2048_split4_bw1500.json,mesh2d,4x4_onering_llama4_gqa_tp16_fwd_block2x2_split4_bw1500,1,2048,16,,,,,80t,split4,bw1500,802,232,570,,57.725,49.056,SUCCESS,2026-03-29 01:49:55
0fbf9ab8b8d20435c25dbcd57512c136cc610bd031a751a5adbe56507b2681f8,tp16_hbm4_80t_split4_bw1500_mesh2d_4x4_onering_llama4_gqa_tp16_fwd_block2x2_bs1_sl262144_split4_bw1500,/home/haotian/waferchip/mesh2D/astra_sim_picasso/examples/run_scripts/analytical/congestion_aware/configs/gqa_seq_scaling/tp16_hbm4_80t_split4_bw1500_mesh2d_4x4_onering_llama4_gqa_tp16_fwd_block2x2_bs1_sl262144_split4_bw1500.json,mesh2d,4x4_onering_llama4_gqa_tp16_fwd_block2x2_split4_bw1500,1,262144,16,,,,,80t,split4,bw1500,20579,17710,2869,,28.958,81.705,SUCCESS,2026-03-29 01:49:55
d8cefa21044b4de942f4c53bff44b96d4d55cfae8d5f62c7cf590bd62f08e90c,tp16_hbm4_80t_split4_bw1500_mesh2d_4x4_onering_llama4_gqa_tp16_fwd_block2x2_bs1_sl32768_split4_bw1500,/home/haotian/waferchip/mesh2D/astra_sim_picasso/examples/run_scripts/analytical/congestion_aware/configs/gqa_seq_scaling/tp16_hbm4_80t_split4_bw1500_mesh2d_4x4_onering_llama4_gqa_tp16_fwd_block2x2_bs1_sl32768_split4_bw1500.json,mesh2d,4x4_onering_llama4_gqa_tp16_fwd_block2x2_split4_bw1500,1,32768,16,,,,,80t,split4,bw1500,3068,2296,772,,31.552,78.768,SUCCESS,2026-03-29 01:49:56
2eee9a90d040e2cb0df77531e5dfb59636220fa74da65e7c08dab5c57d131706,tp16_hbm4_80t_split4_bw1500_mesh2d_4x4_onering_llama4_gqa_tp16_fwd_block2x2_bs1_sl4096_split4_bw1500,/home/haotian/waferchip/mesh2D/astra_sim_picasso/examples/run_scripts/analytical/congestion_aware/configs/gqa_seq_scaling/tp16_hbm4_80t_split4_bw1500_mesh2d_4x4_onering_llama4_gqa_tp16_fwd_block2x2_bs1_sl4096_split4_bw1500.json,mesh2d,4x4_onering_llama4_gqa_tp16_fwd_block2x2_split4_bw1500,1,4096,16,,,,,80t,split4,bw1500,956,368,588,,46.883,61.328,SUCCESS,2026-03-29 01:49:56
4a4af0d5372e3dd0b566add07b956503ff80410266dcae56b265993f81076ba5,tp16_hbm4_80t_split4_bw1500_mesh2d_4x4_onering_llama4_gqa_tp16_fwd_block2x2_bs1_sl524288_split4_bw1500,/home/haotian/waferchip/mesh2D/astra_sim_picasso/examples/run_scripts/analytical/congestion_aware/configs/gqa_seq_scaling/tp16_hbm4_80t_split4_bw1500_mesh2d_4x4_onering_llama4_gqa_tp16_fwd_block2x2_bs1_sl524288_split4_bw1500.json,mesh2d,4x4_onering_llama4_gqa_tp16_fwd_block2x2_split4_bw1500,1,524288,16,,,,,80t,split4,bw1500,40643,35326,5317,,28.764,81.924,SUCCESS,2026-03-29 01:49:57
765a81aaf9adf27e573b72816b290ab9f86e2a5e2c386ba1b4b0ed5271503059,tp16_hbm4_80t_split4_bw1500_mesh2d_4x4_onering_llama4_gqa_tp16_fwd_block2x2_bs1_sl65536_split4_bw1500,/home/haotian/waferchip/mesh2D/astra_sim_picasso/examples/run_scripts/analytical/congestion_aware/configs/gqa_seq_scaling/tp16_hbm4_80t_split4_bw1500_mesh2d_4x4_onering_llama4_gqa_tp16_fwd_block2x2_bs1_sl65536_split4_bw1500.json,mesh2d,4x4_onering_llama4_gqa_tp16_fwd_block2x2_split4_bw1500,1,65536,16,,,,,80t,split4,bw1500,5543,4498,1045,,30.087,80.425,SUCCESS,2026-03-29 01:49:57
7757ec377e1323646d20e6b9e2841c0be4ba5cb3975682aab50791284f2a8df7,tp16_hbm4_80t_split4_bw1500_mesh2d_4x4_onering_llama4_gqa_tp16_fwd_block2x2_bs1_sl8192_split4_bw1500,/home/haotian/waferchip/mesh2D/astra_sim_picasso/examples/run_scripts/analytical/congestion_aware/configs/gqa_seq_scaling/tp16_hbm4_80t_split4_bw1500_mesh2d_4x4_onering_llama4_gqa_tp16_fwd_block2x2_bs1_sl8192_split4_bw1500.json,mesh2d,4x4_onering_llama4_gqa_tp16_fwd_block2x2_split4_bw1500,1,8192,16,,,,,80t,split4,bw1500,1259,644,615,,39.089,70.202,SUCCESS,2026-03-29 01:49:58
94ed7ef6f14472da2b9d45b0bf101a08e7ce46baba34f22a003b33eeaad36252,tp16_hbm4_80t_split4_bw1500_mesh2d_4x4_onering_qwen_gqa_baseline_fwd_block2x2_bs8_sl1024,/home/haotian/waferchip/mesh2D/astra_sim_picasso/examples/run_scripts/analytical/congestion_aware/configs/gqa_seq_scaling/tp16_hbm4_80t_split4_bw1500_mesh2d_4x4_onering_qwen_gqa_baseline_fwd_block2x2_bs8_sl1024.json,mesh2d,4x4_onering_qwen_gqa_baseline_fwd_block2x2,8,1024,16,,,,,80t,split4,bw1500,1968,1467,501,,86.521,16.035,SUCCESS,2026-03-29 01:49:58
20ebfe542810004374195655176cbeee01164c54f651ed6c0e27d9c76fb81fb2,tp16_hbm4_80t_split4_bw1500_mesh2d_4x4_onering_qwen_gqa_baseline_fwd_block2x2_bs8_sl1048576,/home/haotian/waferchip/mesh2D/astra_sim_picasso/examples/run_scripts/analytical/congestion_aware/configs/gqa_seq_scaling/tp16_hbm4_80t_split4_bw1500_mesh2d_4x4_onering_qwen_gqa_baseline_fwd_block2x2_bs8_sl1048576.json,mesh2d,4x4_onering_qwen_gqa_baseline_fwd_block2x2,8,1048576,16,,,,,80t,split4,bw1500,431044,430543,501,,53.239,52.999,SUCCESS,2026-03-29 01:49:58
700dcfa4b39c18f8564121fb57956b1ba545f7d7a41c65ecd07ba35002675396,tp16_hbm4_80t_split4_bw1500_mesh2d_4x4_onering_qwen_gqa_baseline_fwd_block2x2_bs8_sl16384,/home/haotian/waferchip/mesh2D/astra_sim_picasso/examples/run_scripts/analytical/congestion_aware/configs/gqa_seq_scaling/tp16_hbm4_80t_split4_bw1500_mesh2d_4x4_onering_qwen_gqa_baseline_fwd_block2x2_bs8_sl16384.json,mesh2d,4x4_onering_qwen_gqa_baseline_fwd_block2x2,8,16384,16,,,,,80t,split4,bw1500,8260,7759,501,,59.443,46.109,SUCCESS,2026-03-29 01:49:59
ee8a05c6625aeb883b2a1ba584bca74de4bad7e2cb69e915326ffd7207e09e93,tp16_hbm4_80t_split4_bw1500_mesh2d_4x4_onering_qwen_gqa_baseline_fwd_block2x2_bs8_sl262144,/home/haotian/waferchip/mesh2D/astra_sim_picasso/examples/run_scripts/analytical/congestion_aware/configs/gqa_seq_scaling/tp16_hbm4_80t_split4_bw1500_mesh2d_4x4_onering_qwen_gqa_baseline_fwd_block2x2_bs8_sl262144.json,mesh2d,4x4_onering_qwen_gqa_baseline_fwd_block2x2,8,262144,16,,,,,80t,split4,bw1500,108920,108419,501,,53.577,52.623,SUCCESS,2026-03-29 01:49:59
94503af3d828272103fd271c40dc255939a64f76bd91b69518eadd1ab82b4b0b,tp16_hbm4_80t_split4_bw1500_mesh2d_4x4_onering_qwen_gqa_baseline_fwd_block2x2_bs8_sl4096,/home/haotian/waferchip/mesh2D/astra_sim_picasso/examples/run_scripts/analytical/congestion_aware/configs/gqa_seq_scaling/tp16_hbm4_80t_split4_bw1500_mesh2d_4x4_onering_qwen_gqa_baseline_fwd_block2x2_bs8_sl4096.json,mesh2d,4x4_onering_qwen_gqa_baseline_fwd_block2x2,8,4096,16,,,,,80t,split4,bw1500,3224,2723,501,,71.122,33.137,SUCCESS,2026-03-29 01:49:59
9f268f216a874147eba4e7cfab4b96171a9fc673cd62103fbb58520b2fa35c94,tp16_hbm4_80t_split4_bw1500_mesh2d_4x4_onering_qwen_gqa_baseline_fwd_block2x2_bs8_sl65536,/home/haotian/waferchip/mesh2D/astra_sim_picasso/examples/run_scripts/analytical/congestion_aware/configs/gqa_seq_scaling/tp16_hbm4_80t_split4_bw1500_mesh2d_4x4_onering_qwen_gqa_baseline_fwd_block2x2_bs8_sl65536.json,mesh2d,4x4_onering_qwen_gqa_baseline_fwd_block2x2,8,65536,16,,,,,80t,split4,bw1500,28392,27891,501,,54.883,51.173,SUCCESS,2026-03-29 01:50:00
a8decbeddecfb0b50b9e8ef784603d0cce275da3d0e04c0b9163aea031a15dd2,tp16_hbm4_80t_split4_bw1500_mesh2d_4x4_onering_qwen_gqa_hmp_fwd_block2x2_bs8_sl1024,/home/haotian/waferchip/mesh2D/astra_sim_picasso/examples/run_scripts/analytical/congestion_aware/configs/gqa_seq_scaling/tp16_hbm4_80t_split4_bw1500_mesh2d_4x4_onering_qwen_gqa_hmp_fwd_block2x2_bs8_sl1024.json,mesh2d,4x4_onering_qwen_gqa_hmp_fwd_block2x2,8,1024,16,,,,,80t,split4,bw1500,2738,2738,,,92.42,9.427,SUCCESS,2026-03-29 01:50:00
9ca12b6c1ff2caf6664486cd506f7fe8c696066c581cc78f487106c58e172ce1,tp16_hbm4_80t_split4_bw1500_mesh2d_4x4_onering_qwen_gqa_hmp_fwd_block2x2_bs8_sl1048576,/home/haotian/waferchip/mesh2D/astra_sim_picasso/examples/run_scripts/analytical/congestion_aware/configs/gqa_seq_scaling/tp16_hbm4_80t_split4_bw1500_mesh2d_4x4_onering_qwen_gqa_hmp_fwd_block2x2_bs8_sl1048576.json,mesh2d,4x4_onering_qwen_gqa_hmp_fwd_block2x2,8,1048576,16,,,,,80t,split4,bw1500,431814,431814,,,53.374,52.848,SUCCESS,2026-03-29 01:50:00
1b1e2481c6cabb22c68c5d4a391a10c6776e7757312d85924c2f15e4d6e0c6a4,tp16_hbm4_80t_split4_bw1500_mesh2d_4x4_onering_qwen_gqa_hmp_fwd_block2x2_bs8_sl16384,/home/haotian/waferchip/mesh2D/astra_sim_picasso/examples/run_scripts/analytical/congestion_aware/configs/gqa_seq_scaling/tp16_hbm4_80t_split4_bw1500_mesh2d_4x4_onering_qwen_gqa_hmp_fwd_block2x2_bs8_sl16384.json,mesh2d,4x4_onering_qwen_gqa_hmp_fwd_block2x2,8,16384,16,,,,,80t,split4,bw1500,9030,9030,,,65.043,39.872,SUCCESS,2026-03-29 01:50:00
c87d87349031ae4d346838e0149a0c39510ff598b8f3c5daad9478102378b190,tp16_hbm4_80t_split4_bw1500_mesh2d_4x4_onering_qwen_gqa_hmp_fwd_block2x2_bs8_sl262144,/home/haotian/waferchip/mesh2D/astra_sim_picasso/examples/run_scripts/analytical/congestion_aware/configs/gqa_seq_scaling/tp16_hbm4_80t_split4_bw1500_mesh2d_4x4_onering_qwen_gqa_hmp_fwd_block2x2_bs8_sl262144.json,mesh2d,4x4_onering_qwen_gqa_hmp_fwd_block2x2,8,262144,16,,,,,80t,split4,bw1500,109690,109690,,,54.106,52.034,SUCCESS,2026-03-29 01:50:00
2c335cc72b3aea9c4518e2d3fe6985734a9ec5c9846161b1465de1bb0b98b927,tp16_hbm4_80t_split4_bw1500_mesh2d_4x4_onering_qwen_gqa_hmp_fwd_block2x2_bs8_sl4096,/home/haotian/waferchip/mesh2D/astra_sim_picasso/examples/run_scripts/analytical/congestion_aware/configs/gqa_seq_scaling/tp16_hbm4_80t_split4_bw1500_mesh2d_4x4_onering_qwen_gqa_hmp_fwd_block2x2_bs8_sl4096.json,mesh2d,4x4_onering_qwen_gqa_hmp_fwd_block2x2,8,4096,16,,,,,80t,split4,bw1500,3994,3994,,,80.066,23.166,SUCCESS,2026-03-29 01:50:00
d1e14df1f632d21611a9592c64a878348d30e6799728b52dbe2d98e40feb6b96,tp16_hbm4_80t_split4_bw1500_mesh2d_4x4_onering_qwen_gqa_hmp_fwd_block2x2_bs8_sl65536,/home/haotian/waferchip/mesh2D/astra_sim_picasso/examples/run_scripts/analytical/congestion_aware/configs/gqa_seq_scaling/tp16_hbm4_80t_split4_bw1500_mesh2d_4x4_onering_qwen_gqa_hmp_fwd_block2x2_bs8_sl65536.json,mesh2d,4x4_onering_qwen_gqa_hmp_fwd_block2x2,8,65536,16,,,,,80t,split4,bw1500,29162,29162,,,56.816,49.021,SUCCESS,2026-03-29 01:50:00
b61a23bed90c959800189f0cc97d10561ac33c7eeff7d8352cc36d802e92a401,tp16_hbm4_80t_split4_bw1500_mesh2d_4x4_onering_qwen_gqa_tp16_fwd_block2x2_bs8_sl1024,/home/haotian/waferchip/mesh2D/astra_sim_picasso/examples/run_scripts/analytical/congestion_aware/configs/gqa_seq_scaling/tp16_hbm4_80t_split4_bw1500_mesh2d_4x4_onering_qwen_gqa_tp16_fwd_block2x2_bs8_sl1024.json,mesh2d,4x4_onering_qwen_gqa_tp16_fwd_block2x2,8,1024,16,,,,,80t,split4,bw1500,1972,1306,666,,85.004,21.16,SUCCESS,2026-03-29 01:50:00
1641c2ba9c9875ffaded47fd0b9bc7f3f3603c8d403841fda0f17126fc3da3e1,tp16_hbm4_80t_split4_bw1500_mesh2d_4x4_onering_qwen_gqa_tp16_fwd_block2x2_bs8_sl1048576,/home/haotian/waferchip/mesh2D/astra_sim_picasso/examples/run_scripts/analytical/congestion_aware/configs/gqa_seq_scaling/tp16_hbm4_80t_split4_bw1500_mesh2d_4x4_onering_qwen_gqa_tp16_fwd_block2x2_bs8_sl1048576.json,mesh2d,4x4_onering_qwen_gqa_tp16_fwd_block2x2,8,1048576,16,,,,,80t,split4,bw1500,555847,430386,125461,,53.222,62.374,SUCCESS,2026-03-29 01:50:01
6de5f6ea3bf2f7949be5083395c11c1752477db15723253a22f6f1efe12f338a,tp16_hbm4_80t_split4_bw1500_mesh2d_4x4_onering_qwen_gqa_tp16_fwd_block2x2_bs8_sl16384,/home/haotian/waferchip/mesh2D/astra_sim_picasso/examples/run_scripts/analytical/congestion_aware/configs/gqa_seq_scaling/tp16_hbm4_80t_split4_bw1500_mesh2d_4x4_onering_qwen_gqa_tp16_fwd_block2x2_bs8_sl16384.json,mesh2d,4x4_onering_qwen_gqa_tp16_fwd_block2x2,8,16384,16,,,,,80t,split4,bw1500,10011,7598,2413,,58.608,55.39,SUCCESS,2026-03-29 01:50:02
83d1e209dafa4445ab9866677496e12b9b3f1b24e3edf052525f7d1e1354b32d,tp16_hbm4_80t_split4_bw1500_mesh2d_4x4_onering_qwen_gqa_tp16_fwd_block2x2_bs8_sl262144,/home/haotian/waferchip/mesh2D/astra_sim_picasso/examples/run_scripts/analytical/congestion_aware/configs/gqa_seq_scaling/tp16_hbm4_80t_split4_bw1500_mesh2d_4x4_onering_qwen_gqa_tp16_fwd_block2x2_bs8_sl262144.json,mesh2d,4x4_onering_qwen_gqa_tp16_fwd_block2x2,8,262144,16,,,,,80t,split4,bw1500,139979,108262,31717,,53.51,62.001,SUCCESS,2026-03-29 01:50:02
75680b29a65dd4a3290d642946e33d3b80fe0f54f2b270c2810415ed0610d524,tp16_hbm4_80t_split4_bw1500_mesh2d_4x4_onering_qwen_gqa_tp16_fwd_block2x2_bs8_sl4096,/home/haotian/waferchip/mesh2D/astra_sim_picasso/examples/run_scripts/analytical/congestion_aware/configs/gqa_seq_scaling/tp16_hbm4_80t_split4_bw1500_mesh2d_4x4_onering_qwen_gqa_tp16_fwd_block2x2_bs8_sl4096.json,mesh2d,4x4_onering_qwen_gqa_tp16_fwd_block2x2,8,4096,16,,,,,80t,split4,bw1500,3527,2566,961,,69.356,41.452,SUCCESS,2026-03-29 01:50:02
2ba647ba523ef95674ac9d6c134d782faf4eaabfddc7da93c27625f4385cf187,tp16_hbm4_80t_split4_bw1500_mesh2d_4x4_onering_qwen_gqa_tp16_fwd_block2x2_bs8_sl65536,/home/haotian/waferchip/mesh2D/astra_sim_picasso/examples/run_scripts/analytical/congestion_aware/configs/gqa_seq_scaling/tp16_hbm4_80t_split4_bw1500_mesh2d_4x4_onering_qwen_gqa_tp16_fwd_block2x2_bs8_sl65536.json,mesh2d,4x4_onering_qwen_gqa_tp16_fwd_block2x2,8,65536,16,,,,,80t,split4,bw1500,35999,27730,8269,,54.627,60.552,SUCCESS,2026-03-29 01:50:03
d6a0763382f8933898993cd8ac30214563ad486dbb86a672d87a69f3e28db013,tp16_hbm4_mesh2d_4x4_onering_qwen_gqa_baseline_fwd_block2x2_bs64_sl1024,/home/haotian/waferchip/mesh2D/astra_sim_picasso/examples/run_scripts/analytical/congestion_aware/configs/gqa_seq_scaling/tp16_hbm4_mesh2d_4x4_onering_qwen_gqa_baseline_fwd_block2x2_bs64_sl1024.json,qwen,gqa_baseline_fwd_block2x2,64,1024,16,,,,,mesh2d,4x4,onering,40098,21833,18265,,93.223,8.672,SUCCESS,2026-03-29 01:50:05
036aeb1c1d9b4b5f37bdbcb88ffbf034118bad8c8a7ac3a0961c3b894bc3b04c,tp16_hbm4_mesh2d_4x4_onering_qwen_gqa_baseline_fwd_block2x2_bs64_sl16384,/home/haotian/waferchip/mesh2D/astra_sim_picasso/examples/run_scripts/analytical/congestion_aware/configs/gqa_seq_scaling/tp16_hbm4_mesh2d_4x4_onering_qwen_gqa_baseline_fwd_block2x2_bs64_sl16384.json,qwen,gqa_baseline_fwd_block2x2,64,16384,16,,,,,mesh2d,4x4,onering,115596,97331,18265,,75.856,29.417,SUCCESS,2026-03-29 01:50:06
2b33c3d6dfc0caca6d62228d99dc5860cefe211d18ccf357f122d42a7f9c910a,tp16_hbm4_mesh2d_4x4_onering_qwen_gqa_baseline_fwd_block2x2_bs64_sl2048,/home/haotian/waferchip/mesh2D/astra_sim_picasso/examples/run_scripts/analytical/congestion_aware/configs/gqa_seq_scaling/tp16_hbm4_mesh2d_4x4_onering_qwen_gqa_baseline_fwd_block2x2_bs64_sl2048.json,qwen,gqa_baseline_fwd_block2x2,64,2048,16,,,,,mesh2d,4x4,onering,45128,26863,18265,,89.033,13.678,SUCCESS,2026-03-29 01:50:08
5fb8363e761397e495b96e7dacbbf2aa4942682de129b1c92e891d4e1c6db363,tp16_hbm4_mesh2d_4x4_onering_qwen_gqa_baseline_fwd_block2x2_bs64_sl32768,/home/haotian/waferchip/mesh2D/astra_sim_picasso/examples/run_scripts/analytical/congestion_aware/configs/gqa_seq_scaling/tp16_hbm4_mesh2d_4x4_onering_qwen_gqa_baseline_fwd_block2x2_bs64_sl32768.json,qwen,gqa_baseline_fwd_block2x2,64,32768,16,,,,,mesh2d,4x4,onering,196124,177859,18265,,73.582,32.133,SUCCESS,2026-03-29 01:50:10
ce5699dd75d699fbdef68796f5561169a337697fb838dddda3d8d858b07f9cb7,tp16_hbm4_mesh2d_4x4_onering_qwen_gqa_baseline_fwd_block2x2_bs64_sl4096,/home/haotian/waferchip/mesh2D/astra_sim_picasso/examples/run_scripts/analytical/congestion_aware/configs/gqa_seq_scaling/tp16_hbm4_mesh2d_4x4_onering_qwen_gqa_baseline_fwd_block2x2_bs64_sl4096.json,qwen,gqa_baseline_fwd_block2x2,64,4096,16,,,,,mesh2d,4x4,onering,55196,36931,18265,,84.071,19.604,SUCCESS,2026-03-29 01:50:12
a1862be90727399c9de6da0ae0b9a87b97a315233240bebb7ff92470775dc082,tp16_hbm4_mesh2d_4x4_onering_qwen_gqa_baseline_fwd_block2x2_bs64_sl65536,/home/haotian/waferchip/mesh2D/astra_sim_picasso/examples/run_scripts/analytical/congestion_aware/configs/gqa_seq_scaling/tp16_hbm4_mesh2d_4x4_onering_qwen_gqa_baseline_fwd_block2x2_bs64_sl65536.json,qwen,gqa_baseline_fwd_block2x2,64,65536,16,,,,,mesh2d,4x4,onering,357186,338921,18265,,72.276,33.694,SUCCESS,2026-03-29 01:50:13
ebd066c19cf12fa7f59ae53f0c865961ecfbe34d055df117e91301b7ad20f65f,tp16_hbm4_mesh2d_4x4_onering_qwen_gqa_baseline_fwd_block2x2_bs64_sl8192,/home/haotian/waferchip/mesh2D/astra_sim_picasso/examples/run_scripts/analytical/congestion_aware/configs/gqa_seq_scaling/tp16_hbm4_mesh2d_4x4_onering_qwen_gqa_baseline_fwd_block2x2_bs64_sl8192.json,qwen,gqa_baseline_fwd_block2x2,64,8192,16,,,,,mesh2d,4x4,onering,75330,57065,18265,,79.4,25.184,SUCCESS,2026-03-29 01:50:15
a6fba6d5e490f1cc9f7db6a78751840c4f65516e33cd5c56c778fcfd00574422,tp16_hbm4_mesh2d_4x4_onering_qwen_gqa_baseline_fwd_bs64_sl16384,/home/haotian/waferchip/mesh2D/astra_sim_picasso/examples/run_scripts/analytical/congestion_aware/configs/gqa_seq_scaling/tp16_hbm4_mesh2d_4x4_onering_qwen_gqa_baseline_fwd_bs64_sl16384.json,qwen,gqa_baseline_fwd,64,16384,16,,,,,mesh2d,4x4,onering,116808,97331,19477,,75.856,29.417,SUCCESS,2026-03-29 01:50:16
2c72b2e87a547aacd3d8ca281fefeb135f2c3d8ab76e2c527f0011c09c976ad4,tp16_hbm4_mesh2d_4x4_onering_qwen_gqa_baseline_fwd_bs64_sl32768,/home/haotian/waferchip/mesh2D/astra_sim_picasso/examples/run_scripts/analytical/congestion_aware/configs/gqa_seq_scaling/tp16_hbm4_mesh2d_4x4_onering_qwen_gqa_baseline_fwd_bs64_sl32768.json,qwen,gqa_baseline_fwd,64,32768,16,,,,,mesh2d,4x4,onering,197336,177859,19477,,73.582,32.133,SUCCESS,2026-03-29 01:50:18
7f66b35437c3e70db1cc33b1c7dd0d6c82c013d156a53de6c113a6537756774c,tp16_hbm4_mesh2d_4x4_onering_qwen_gqa_hmp_fwd_block2x2_bs64_sl1024,/home/haotian/waferchip/mesh2D/astra_sim_picasso/examples/run_scripts/analytical/congestion_aware/configs/gqa_seq_scaling/tp16_hbm4_mesh2d_4x4_onering_qwen_gqa_hmp_fwd_block2x2_bs64_sl1024.json,qwen,gqa_hmp_fwd_block2x2,64,1024,16,,,,,mesh2d,4x4,onering,42070,42070,,,96.359,4.935,SUCCESS,2026-03-29 01:50:18
fe6b0fad12d310e09a1d02384e34a31353af5544aad8d96237bb8f93212b827e,tp16_hbm4_mesh2d_4x4_onering_qwen_gqa_hmp_fwd_block2x2_bs64_sl16384,/home/haotian/waferchip/mesh2D/astra_sim_picasso/examples/run_scripts/analytical/congestion_aware/configs/gqa_seq_scaling/tp16_hbm4_mesh2d_4x4_onering_qwen_gqa_hmp_fwd_block2x2_bs64_sl16384.json,qwen,gqa_hmp_fwd_block2x2,64,16384,16,,,,,mesh2d,4x4,onering,117568,117568,,,79.968,24.509,SUCCESS,2026-03-29 01:50:18
e6c2af9d85060625649454924a76f83ee9a8e26c24713c96cad233e95272eddb,tp16_hbm4_mesh2d_4x4_onering_qwen_gqa_hmp_fwd_block2x2_bs64_sl2048,/home/haotian/waferchip/mesh2D/astra_sim_picasso/examples/run_scripts/analytical/congestion_aware/configs/gqa_seq_scaling/tp16_hbm4_mesh2d_4x4_onering_qwen_gqa_hmp_fwd_block2x2_bs64_sl2048.json,qwen,gqa_hmp_fwd_block2x2,64,2048,16,,,,,mesh2d,4x4,onering,47100,47100,,,93.634,8.189,SUCCESS,2026-03-29 01:50:18
f597288a8b586e4a1ea0845f4c582307535394ccdf3515034157cf4deecaa56d,tp16_hbm4_mesh2d_4x4_onering_qwen_gqa_hmp_fwd_block2x2_bs64_sl32768,/home/haotian/waferchip/mesh2D/astra_sim_picasso/examples/run_scripts/analytical/congestion_aware/configs/gqa_seq_scaling/tp16_hbm4_mesh2d_4x4_onering_qwen_gqa_hmp_fwd_block2x2_bs64_sl32768.json,qwen,gqa_hmp_fwd_block2x2,64,32768,16,,,,,mesh2d,4x4,onering,198096,198096,,,76.255,28.943,SUCCESS,2026-03-29 01:50:18
b41cc6b3256d461e89aff5753f2afa16e6a47a3291c9f4d212642475b1e3b8b0,tp16_hbm4_mesh2d_4x4_onering_qwen_gqa_hmp_fwd_block2x2_bs64_sl4096,/home/haotian/waferchip/mesh2D/astra_sim_picasso/examples/run_scripts/analytical/congestion_aware/configs/gqa_seq_scaling/tp16_hbm4_mesh2d_4x4_onering_qwen_gqa_hmp_fwd_block2x2_bs64_sl4096.json,qwen,gqa_hmp_fwd_block2x2,64,4096,16,,,,,mesh2d,4x4,onering,57168,57168,,,89.619,12.984,SUCCESS,2026-03-29 01:50:18
656a866d58b152948e8ad18fb2c3781affee11be2eef4dc00a9274103afd260c,tp16_hbm4_mesh2d_4x4_onering_qwen_gqa_hmp_fwd_block2x2_bs64_sl65536,/home/haotian/waferchip/mesh2D/astra_sim_picasso/examples/run_scripts/analytical/congestion_aware/configs/gqa_seq_scaling/tp16_hbm4_mesh2d_4x4_onering_qwen_gqa_hmp_fwd_block2x2_bs64_sl65536.json,qwen,gqa_hmp_fwd_block2x2,64,65536,16,,,,,mesh2d,4x4,onering,359158,359158,,,73.823,31.846,SUCCESS,2026-03-29 01:50:18
31768a1c2d5985a05eed8fbafcb96bef8319834c57735565cdf188b4fd4b40b8,tp16_hbm4_mesh2d_4x4_onering_qwen_gqa_hmp_fwd_block2x2_bs64_sl8192,/home/haotian/waferchip/mesh2D/astra_sim_picasso/examples/run_scripts/analytical/congestion_aware/configs/gqa_seq_scaling/tp16_hbm4_mesh2d_4x4_onering_qwen_gqa_hmp_fwd_block2x2_bs64_sl8192.json,qwen,gqa_hmp_fwd_block2x2,64,8192,16,,,,,mesh2d,4x4,onering,77302,77302,,,84.725,18.827,SUCCESS,2026-03-29 01:50:18
37c1ecbf8355a0ad9cd6a6fe5937df753ca3d0bafbac1ae06119eb29b1f05492,tp16_hbm4_mesh2d_4x4_onering_qwen_gqa_hmp_fwd_bs64_sl16384,/home/haotian/waferchip/mesh2D/astra_sim_picasso/examples/run_scripts/analytical/congestion_aware/configs/gqa_seq_scaling/tp16_hbm4_mesh2d_4x4_onering_qwen_gqa_hmp_fwd_bs64_sl16384.json,qwen,gqa_hmp_fwd,64,16384,16,,,,,mesh2d,4x4,onering,117568,117568,,,79.968,24.509,SUCCESS,2026-03-29 01:50:18
00a9af9c5afe4ec688c7ac9a54be3d8e8dd37956d636f4da63b88e8d7d48f86a,tp16_hbm4_mesh2d_4x4_onering_qwen_gqa_hmp_fwd_bs64_sl32768,/home/haotian/waferchip/mesh2D/astra_sim_picasso/examples/run_scripts/analytical/congestion_aware/configs/gqa_seq_scaling/tp16_hbm4_mesh2d_4x4_onering_qwen_gqa_hmp_fwd_bs64_sl32768.json,qwen,gqa_hmp_fwd,64,32768,16,,,,,mesh2d,4x4,onering,198096,198096,,,76.255,28.943,SUCCESS,2026-03-29 01:50:18
7486b3b291408135cb30e634381fa41dfdce0c3c768dab81ea4a391499cb382a,tp16_hbm4_mesh2d_4x4_onering_qwen_gqa_tp16_fwd_bs64_sl1024,/home/haotian/waferchip/mesh2D/astra_sim_picasso/examples/run_scripts/analytical/congestion_aware/configs/gqa_seq_scaling/tp16_hbm4_mesh2d_4x4_onering_qwen_gqa_tp16_fwd_bs64_sl1024.json,qwen,gqa_tp16_fwd,64,1024,16,,,,,mesh2d,4x4,onering,43801,19288,24513,,92.392,11.55,SUCCESS,2026-03-29 01:50:20
09937efd2591d18a0bc77ca91431e9c88da85e3d8b588b489e528a91b8704d57,tp16_hbm4_mesh2d_4x4_onering_qwen_gqa_tp16_fwd_bs64_sl16384,/home/haotian/waferchip/mesh2D/astra_sim_picasso/examples/run_scripts/analytical/congestion_aware/configs/gqa_seq_scaling/tp16_hbm4_mesh2d_4x4_onering_qwen_gqa_tp16_fwd_bs64_sl16384.json,qwen,gqa_tp16_fwd,64,16384,16,,,,,mesh2d,4x4,onering,134786,94786,40000,,75.22,35.538,SUCCESS,2026-03-29 01:50:22
0959ec13256dd6419f14f05bfead1c57353d9982dcff0e61cb0564853be31d52,tp16_hbm4_mesh2d_4x4_onering_qwen_gqa_tp16_fwd_bs64_sl2048,/home/haotian/waferchip/mesh2D/astra_sim_picasso/examples/run_scripts/analytical/congestion_aware/configs/gqa_seq_scaling/tp16_hbm4_mesh2d_4x4_onering_qwen_gqa_tp16_fwd_bs64_sl2048.json,qwen,gqa_tp16_fwd,64,2048,16,,,,,mesh2d,4x4,onering,49923,24322,25601,,87.93,17.783,SUCCESS,2026-03-29 01:50:24
23dce48afb961b7a977eb02c9212ff3d00991c4e321d25e2a81fcf4f198cd6b6,tp16_hbm4_mesh2d_4x4_onering_qwen_gqa_tp16_fwd_bs64_sl32768,/home/haotian/waferchip/mesh2D/astra_sim_picasso/examples/run_scripts/analytical/congestion_aware/configs/gqa_seq_scaling/tp16_hbm4_mesh2d_4x4_onering_qwen_gqa_tp16_fwd_bs64_sl32768.json,qwen,gqa_tp16_fwd,64,32768,16,,,,,mesh2d,4x4,onering,232150,175318,56832,,73.205,38.353,SUCCESS,2026-03-29 01:50:26
f28628bda6b33d8e0687d6447e5a9163f0cb135d9e1b560c2fc2eefc786ae1e1,tp16_hbm4_mesh2d_4x4_onering_qwen_gqa_tp16_fwd_bs64_sl4096,/home/haotian/waferchip/mesh2D/astra_sim_picasso/examples/run_scripts/analytical/congestion_aware/configs/gqa_seq_scaling/tp16_hbm4_mesh2d_4x4_onering_qwen_gqa_tp16_fwd_bs64_sl4096.json,qwen,gqa_tp16_fwd,64,4096,16,,,,,mesh2d,4x4,onering,62020,34388,27632,,82.924,24.776,SUCCESS,2026-03-29 01:50:28
d7ef4a0654998aa5d3257ac90ff9dea9cd31da8fbc1791647e50a75924916935,tp16_hbm4_mesh2d_4x4_onering_qwen_gqa_tp16_fwd_bs64_sl65536,/home/haotian/waferchip/mesh2D/astra_sim_picasso/examples/run_scripts/analytical/congestion_aware/configs/gqa_seq_scaling/tp16_hbm4_mesh2d_4x4_onering_qwen_gqa_tp16_fwd_bs64_sl65536.json,qwen,gqa_tp16_fwd,64,65536,16,,,,,mesh2d,4x4,onering,428486,336380,92106,,72.069,39.94,SUCCESS,2026-03-29 01:50:30
fab814d36822e0021c2446745112b75aef57a4dc38f64b73685bd6b2990bca05,tp16_hbm4_mesh2d_4x4_onering_qwen_gqa_tp16_fwd_bs64_sl8192,/home/haotian/waferchip/mesh2D/astra_sim_picasso/examples/run_scripts/analytical/congestion_aware/configs/gqa_seq_scaling/tp16_hbm4_mesh2d_4x4_onering_qwen_gqa_tp16_fwd_bs64_sl8192.json,qwen,gqa_tp16_fwd,64,8192,16,,,,,mesh2d,4x4,onering,86287,54520,31767,,78.461,31.012,SUCCESS,2026-03-29 01:50:32
67aef3d26bef850ace2666b3750e6fb1a59595b88c66ca4a13dfca845a4a03bb,tp16_hbm4_real_mesh2d_4x4_onering_qwen_gqa_baseline_fwd_bs64_sl1022,/home/haotian/waferchip/mesh2D/astra_sim_picasso/examples/run_scripts/analytical/congestion_aware/configs/gqa_seq_scaling/tp16_hbm4_real_mesh2d_4x4_onering_qwen_gqa_baseline_fwd_bs64_sl1022.json,onering,qwen_gqa_baseline_fwd,64,1022,16,,,,,real,mesh2d,4x4,41298,21821,19477,,93.235,8.658,SUCCESS,2026-03-29 01:50:33
bd2ea5090cc499dae154f21f7b644048e492e16441ce3993144b27c3036a1674,tp16_hbm4_real_mesh2d_4x4_onering_qwen_gqa_baseline_fwd_bs64_sl1023,/home/haotian/waferchip/mesh2D/astra_sim_picasso/examples/run_scripts/analytical/congestion_aware/configs/gqa_seq_scaling/tp16_hbm4_real_mesh2d_4x4_onering_qwen_gqa_baseline_fwd_bs64_sl1023.json,onering,qwen_gqa_baseline_fwd,64,1023,16,,,,,real,mesh2d,4x4,41304,21827,19477,,93.229,8.665,SUCCESS,2026-03-29 01:50:35
3fbb54714745f9efc9a58e8ad804262a15157fd97045c00f94c0e39d76a07c52,tp16_hbm4_real_mesh2d_4x4_onering_qwen_gqa_baseline_fwd_bs64_sl1024,/home/haotian/waferchip/mesh2D/astra_sim_picasso/examples/run_scripts/analytical/congestion_aware/configs/gqa_seq_scaling/tp16_hbm4_real_mesh2d_4x4_onering_qwen_gqa_baseline_fwd_bs64_sl1024.json,onering,qwen_gqa_baseline_fwd,64,1024,16,,,,,real,mesh2d,4x4,41310,21833,19477,,93.223,8.672,SUCCESS,2026-03-29 01:50:37
c52a6a9ca08ae82ea6b55e5128c85b2e6cd782655a460a7e75f9e4ee7d4d0f49,tp16_hbm4_real_mesh2d_4x4_onering_qwen_gqa_baseline_fwd_bs64_sl10240,/home/haotian/waferchip/mesh2D/astra_sim_picasso/examples/run_scripts/analytical/congestion_aware/configs/gqa_seq_scaling/tp16_hbm4_real_mesh2d_4x4_onering_qwen_gqa_baseline_fwd_bs64_sl10240.json,onering,qwen_gqa_baseline_fwd,64,10240,16,,,,,real,mesh2d,4x4,86606,67129,19477,,78.116,26.717,SUCCESS,2026-03-29 01:50:38
e25e86bc0e48e38755133738ea8d2073f9778778f760d1781cbdfa3ec579ea3b,tp16_hbm4_real_mesh2d_4x4_onering_qwen_gqa_baseline_fwd_bs64_sl11264,/home/haotian/waferchip/mesh2D/astra_sim_picasso/examples/run_scripts/analytical/congestion_aware/configs/gqa_seq_scaling/tp16_hbm4_real_mesh2d_4x4_onering_qwen_gqa_baseline_fwd_bs64_sl11264.json,onering,qwen_gqa_baseline_fwd,64,11264,16,,,,,real,mesh2d,4x4,91640,72163,19477,,77.608,27.324,SUCCESS,2026-03-29 01:50:40
f55735139236ae00bbd82b4d7a59ef8bb539a56ae313ed4e1b02149313db164c,tp16_hbm4_real_mesh2d_4x4_onering_qwen_gqa_baseline_fwd_bs64_sl12288,/home/haotian/waferchip/mesh2D/astra_sim_picasso/examples/run_scripts/analytical/congestion_aware/configs/gqa_seq_scaling/tp16_hbm4_real_mesh2d_4x4_onering_qwen_gqa_baseline_fwd_bs64_sl12288.json,onering,qwen_gqa_baseline_fwd,64,12288,16,,,,,real,mesh2d,4x4,96674,77197,19477,,77.167,27.852,SUCCESS,2026-03-29 01:50:42
0d511d9b063177111b52ccb6cd32b3ddb7dc389dfcc1b31964aa40669867b8ea,tp16_hbm4_real_mesh2d_4x4_onering_qwen_gqa_baseline_fwd_bs64_sl13312,/home/haotian/waferchip/mesh2D/astra_sim_picasso/examples/run_scripts/analytical/congestion_aware/configs/gqa_seq_scaling/tp16_hbm4_real_mesh2d_4x4_onering_qwen_gqa_baseline_fwd_bs64_sl13312.json,onering,qwen_gqa_baseline_fwd,64,13312,16,,,,,real,mesh2d,4x4,101706,82229,19477,,76.778,28.315,SUCCESS,2026-03-29 01:50:44
ce407b069d596b7aa099df02c633858b9b4990e2ce38ee9fd4f4cc0b16beb531,tp16_hbm4_real_mesh2d_4x4_onering_qwen_gqa_baseline_fwd_bs64_sl14336,/home/haotian/waferchip/mesh2D/astra_sim_picasso/examples/run_scripts/analytical/congestion_aware/configs/gqa_seq_scaling/tp16_hbm4_real_mesh2d_4x4_onering_qwen_gqa_baseline_fwd_bs64_sl14336.json,onering,qwen_gqa_baseline_fwd,64,14336,16,,,,,real,mesh2d,4x4,106740,87263,19477,,76.435,28.725,SUCCESS,2026-03-29 01:50:46
c5c5dbbc6f775e71ad21730ab48ac1cb840ee5a81e742bc5d18b370418928fc4,tp16_hbm4_real_mesh2d_4x4_onering_qwen_gqa_baseline_fwd_bs64_sl15360,/home/haotian/waferchip/mesh2D/astra_sim_picasso/examples/run_scripts/analytical/congestion_aware/configs/gqa_seq_scaling/tp16_hbm4_real_mesh2d_4x4_onering_qwen_gqa_baseline_fwd_bs64_sl15360.json,onering,qwen_gqa_baseline_fwd,64,15360,16,,,,,real,mesh2d,4x4,111774,92297,19477,,76.13,29.09,SUCCESS,2026-03-29 01:50:47
061459413fffc464ab7f69252f8a3f72efa8bf279c3a5c269fb6ab33d9fd2b53,tp16_hbm4_real_mesh2d_4x4_onering_qwen_gqa_baseline_fwd_bs64_sl2048,/home/haotian/waferchip/mesh2D/astra_sim_picasso/examples/run_scripts/analytical/congestion_aware/configs/gqa_seq_scaling/tp16_hbm4_real_mesh2d_4x4_onering_qwen_gqa_baseline_fwd_bs64_sl2048.json,onering,qwen_gqa_baseline_fwd,64,2048,16,,,,,real,mesh2d,4x4,46340,26863,19477,,89.033,13.678,SUCCESS,2026-03-29 01:50:49
c2909c20871ddd4383c0292cc8bcffafe92f623b144bbd664fc2036a24df21c1,tp16_hbm4_real_mesh2d_4x4_onering_qwen_gqa_baseline_fwd_bs64_sl3072,/home/haotian/waferchip/mesh2D/astra_sim_picasso/examples/run_scripts/analytical/congestion_aware/configs/gqa_seq_scaling/tp16_hbm4_real_mesh2d_4x4_onering_qwen_gqa_baseline_fwd_bs64_sl3072.json,onering,qwen_gqa_baseline_fwd,64,3072,16,,,,,real,mesh2d,4x4,51374,31897,19477,,86.161,17.108,SUCCESS,2026-03-29 01:50:51
68f27c9f4eaba66883bab49bf0e6a6b3cb16745ef2e38d4f5825f0897043e0ba,tp16_hbm4_real_mesh2d_4x4_onering_qwen_gqa_baseline_fwd_bs64_sl4096,/home/haotian/waferchip/mesh2D/astra_sim_picasso/examples/run_scripts/analytical/congestion_aware/configs/gqa_seq_scaling/tp16_hbm4_real_mesh2d_4x4_onering_qwen_gqa_baseline_fwd_bs64_sl4096.json,onering,qwen_gqa_baseline_fwd,64,4096,16,,,,,real,mesh2d,4x4,56408,36931,19477,,84.071,19.604,SUCCESS,2026-03-29 01:50:52
cbc18d04366e84f64b7fb6158b60e253848804a2a67d152b4bbd5f6d42f17bb5,tp16_hbm4_real_mesh2d_4x4_onering_qwen_gqa_baseline_fwd_bs64_sl5120,/home/haotian/waferchip/mesh2D/astra_sim_picasso/examples/run_scripts/analytical/congestion_aware/configs/gqa_seq_scaling/tp16_hbm4_real_mesh2d_4x4_onering_qwen_gqa_baseline_fwd_bs64_sl5120.json,onering,qwen_gqa_baseline_fwd,64,5120,16,,,,,real,mesh2d,4x4,61442,41965,19477,,82.483,21.501,SUCCESS,2026-03-29 01:50:54
43be11bd74e660f2859b3a27d0762b7026037a6ed2832f115ab288d6a0ff1695,tp16_hbm4_real_mesh2d_4x4_onering_qwen_gqa_baseline_fwd_bs64_sl6144,/home/haotian/waferchip/mesh2D/astra_sim_picasso/examples/run_scripts/analytical/congestion_aware/configs/gqa_seq_scaling/tp16_hbm4_real_mesh2d_4x4_onering_qwen_gqa_baseline_fwd_bs64_sl6144.json,onering,qwen_gqa_baseline_fwd,64,6144,16,,,,,real,mesh2d,4x4,66474,46997,19477,,81.235,22.992,SUCCESS,2026-03-29 01:50:56
f23dd62175af1e2e5d3bc2d87fe6ec91530d84eecb51e6ee5bc2e54b1dd9e7d5,tp16_hbm4_real_mesh2d_4x4_onering_qwen_gqa_baseline_fwd_bs64_sl65536,/home/haotian/waferchip/mesh2D/astra_sim_picasso/examples/run_scripts/analytical/congestion_aware/configs/gqa_seq_scaling/tp16_hbm4_real_mesh2d_4x4_onering_qwen_gqa_baseline_fwd_bs64_sl65536.json,onering,qwen_gqa_baseline_fwd,64,65536,16,,,,,real,mesh2d,4x4,358398,338921,19477,,72.276,33.694,SUCCESS,2026-03-29 01:50:57
18d175a6ef954155230cd7ed2132855a1d57b54e902a0f40e736edc43daee365,tp16_hbm4_real_mesh2d_4x4_onering_qwen_gqa_baseline_fwd_bs64_sl7168,/home/haotian/waferchip/mesh2D/astra_sim_picasso/examples/run_scripts/analytical/congestion_aware/configs/gqa_seq_scaling/tp16_hbm4_real_mesh2d_4x4_onering_qwen_gqa_baseline_fwd_bs64_sl7168.json,onering,qwen_gqa_baseline_fwd,64,7168,16,,,,,real,mesh2d,4x4,71508,52031,19477,,80.229,24.194,SUCCESS,2026-03-29 01:50:59
db63185ec8c7af9ed6c449d2cb6b9d4854551c599eac4dae9c22aae95580c6e7,tp16_hbm4_real_mesh2d_4x4_onering_qwen_gqa_baseline_fwd_bs64_sl8192,/home/haotian/waferchip/mesh2D/astra_sim_picasso/examples/run_scripts/analytical/congestion_aware/configs/gqa_seq_scaling/tp16_hbm4_real_mesh2d_4x4_onering_qwen_gqa_baseline_fwd_bs64_sl8192.json,onering,qwen_gqa_baseline_fwd,64,8192,16,,,,,real,mesh2d,4x4,76542,57065,19477,,79.4,25.184,SUCCESS,2026-03-29 01:51:01
ccfb986c365edb468b72ec0c453a18a2cecdd49c4e9c5cf6e417274cb7a5e76d,tp16_hbm4_real_mesh2d_4x4_onering_qwen_gqa_baseline_fwd_bs64_sl9216,/home/haotian/waferchip/mesh2D/astra_sim_picasso/examples/run_scripts/analytical/congestion_aware/configs/gqa_seq_scaling/tp16_hbm4_real_mesh2d_4x4_onering_qwen_gqa_baseline_fwd_bs64_sl9216.json,onering,qwen_gqa_baseline_fwd,64,9216,16,,,,,real,mesh2d,4x4,81576,62099,19477,,78.705,26.014,SUCCESS,2026-03-29 01:51:02
c5300dd572a2142ccd2be00bfbc39f3c951b024ae174c1fd7127ba12fce4d4af,tp16_hbm4_real_mesh2d_4x4_onering_qwen_gqa_hmp_fwd_bs64_sl1024,/home/haotian/waferchip/mesh2D/astra_sim_picasso/examples/run_scripts/analytical/congestion_aware/configs/gqa_seq_scaling/tp16_hbm4_real_mesh2d_4x4_onering_qwen_gqa_hmp_fwd_bs64_sl1024.json,onering,qwen_gqa_hmp_fwd,64,1024,16,,,,,real,mesh2d,4x4,42070,42070,,,96.359,4.935,SUCCESS,2026-03-29 01:51:02
e3c56c4d6d3aee5321cae299108b529f085eee7adac8b144527cce8e407f73e2,tp16_hbm4_real_mesh2d_4x4_onering_qwen_gqa_hmp_fwd_bs64_sl10240,/home/haotian/waferchip/mesh2D/astra_sim_picasso/examples/run_scripts/analytical/congestion_aware/configs/gqa_seq_scaling/tp16_hbm4_real_mesh2d_4x4_onering_qwen_gqa_hmp_fwd_bs64_sl10240.json,onering,qwen_gqa_hmp_fwd,64,10240,16,,,,,real,mesh2d,4x4,87366,87366,,,83.126,20.738,SUCCESS,2026-03-29 01:51:02
a42cab100486b099284152c6d5b2d1a0be427ad4cde316bd42c8ed15a6eb5c57,tp16_hbm4_real_mesh2d_4x4_onering_qwen_gqa_hmp_fwd_bs64_sl11264,/home/haotian/waferchip/mesh2D/astra_sim_picasso/examples/run_scripts/analytical/congestion_aware/configs/gqa_seq_scaling/tp16_hbm4_real_mesh2d_4x4_onering_qwen_gqa_hmp_fwd_bs64_sl11264.json,onering,qwen_gqa_hmp_fwd,64,11264,16,,,,,real,mesh2d,4x4,92400,92400,,,82.456,21.537,SUCCESS,2026-03-29 01:51:02
53704a8a64d0cf78b2e9380d13ab1b417d1205e960836b15b23f1f56a00e42bd,tp16_hbm4_real_mesh2d_4x4_onering_qwen_gqa_hmp_fwd_bs64_sl12288,/home/haotian/waferchip/mesh2D/astra_sim_picasso/examples/run_scripts/analytical/congestion_aware/configs/gqa_seq_scaling/tp16_hbm4_real_mesh2d_4x4_onering_qwen_gqa_hmp_fwd_bs64_sl12288.json,onering,qwen_gqa_hmp_fwd,64,12288,16,,,,,real,mesh2d,4x4,97434,97434,,,81.856,22.254,SUCCESS,2026-03-29 01:51:02
586c33463a57832714892f6769f3a2eab111d1ba1b8da77781e2bc7f0aae1824,tp16_hbm4_real_mesh2d_4x4_onering_qwen_gqa_hmp_fwd_bs64_sl13312,/home/haotian/waferchip/mesh2D/astra_sim_picasso/examples/run_scripts/analytical/congestion_aware/configs/gqa_seq_scaling/tp16_hbm4_real_mesh2d_4x4_onering_qwen_gqa_hmp_fwd_bs64_sl13312.json,onering,qwen_gqa_hmp_fwd,64,13312,16,,,,,real,mesh2d,4x4,102466,102466,,,81.314,22.901,SUCCESS,2026-03-29 01:51:02
11fa250a0ff4b99de9322f308645fe3bfeb469a578de63e3b65251e5de5552b3,tp16_hbm4_real_mesh2d_4x4_onering_qwen_gqa_hmp_fwd_bs64_sl14336,/home/haotian/waferchip/mesh2D/astra_sim_picasso/examples/run_scripts/analytical/congestion_aware/configs/gqa_seq_scaling/tp16_hbm4_real_mesh2d_4x4_onering_qwen_gqa_hmp_fwd_bs64_sl14336.json,onering,qwen_gqa_hmp_fwd,64,14336,16,,,,,real,mesh2d,4x4,107500,107500,,,80.823,23.488,SUCCESS,2026-03-29 01:51:02
1620aa472d4c1a38b33c45e7e8be9d5e18f36749162cf6e53bd674d263f1ce7b,tp16_hbm4_real_mesh2d_4x4_onering_qwen_gqa_hmp_fwd_bs64_sl15360,/home/haotian/waferchip/mesh2D/astra_sim_picasso/examples/run_scripts/analytical/congestion_aware/configs/gqa_seq_scaling/tp16_hbm4_real_mesh2d_4x4_onering_qwen_gqa_hmp_fwd_bs64_sl15360.json,onering,qwen_gqa_hmp_fwd,64,15360,16,,,,,real,mesh2d,4x4,112534,112534,,,80.376,24.021,SUCCESS,2026-03-29 01:51:03
7546133deab5b16d244ba15523eff50abd35b045ac004a257df86e71806f0942,tp16_hbm4_real_mesh2d_4x4_onering_qwen_gqa_hmp_fwd_bs64_sl2048,/home/haotian/waferchip/mesh2D/astra_sim_picasso/examples/run_scripts/analytical/congestion_aware/configs/gqa_seq_scaling/tp16_hbm4_real_mesh2d_4x4_onering_qwen_gqa_hmp_fwd_bs64_sl2048.json,onering,qwen_gqa_hmp_fwd,64,2048,16,,,,,real,mesh2d,4x4,47100,47100,,,93.634,8.189,SUCCESS,2026-03-29 01:51:03
b9be96608f3269f0a4cd56868ba4bcd4020775e7fe8140cfb7c1d3b899aa8dfd,tp16_hbm4_real_mesh2d_4x4_onering_qwen_gqa_hmp_fwd_bs64_sl3072,/home/haotian/waferchip/mesh2D/astra_sim_picasso/examples/run_scripts/analytical/congestion_aware/configs/gqa_seq_scaling/tp16_hbm4_real_mesh2d_4x4_onering_qwen_gqa_hmp_fwd_bs64_sl3072.json,onering,qwen_gqa_hmp_fwd,64,3072,16,,,,,real,mesh2d,4x4,52134,52134,,,91.433,10.818,SUCCESS,2026-03-29 01:51:03
234ddae2f54dbeda0c6aecd36827f87619ec2b04df4f208cc75dbf7f89374901,tp16_hbm4_real_mesh2d_4x4_onering_qwen_gqa_hmp_fwd_bs64_sl4096,/home/haotian/waferchip/mesh2D/astra_sim_picasso/examples/run_scripts/analytical/congestion_aware/configs/gqa_seq_scaling/tp16_hbm4_real_mesh2d_4x4_onering_qwen_gqa_hmp_fwd_bs64_sl4096.json,onering,qwen_gqa_hmp_fwd,64,4096,16,,,,,real,mesh2d,4x4,57168,57168,,,89.619,12.984,SUCCESS,2026-03-29 01:51:03
3f5184b6de20b669f5c24ccf258aeffa9d8520dcb5a17f2e095446745b8f7dcc,tp16_hbm4_real_mesh2d_4x4_onering_qwen_gqa_hmp_fwd_bs64_sl5120,/home/haotian/waferchip/mesh2D/astra_sim_picasso/examples/run_scripts/analytical/congestion_aware/configs/gqa_seq_scaling/tp16_hbm4_real_mesh2d_4x4_onering_qwen_gqa_hmp_fwd_bs64_sl5120.json,onering,qwen_gqa_hmp_fwd,64,5120,16,,,,,real,mesh2d,4x4,62202,62202,,,88.099,14.799,SUCCESS,2026-03-29 01:51:03
9e0a163bd9a0f63ad4947546b64b33043131da8b1894d73268441d595f335013,tp16_hbm4_real_mesh2d_4x4_onering_qwen_gqa_hmp_fwd_bs64_sl6144,/home/haotian/waferchip/mesh2D/astra_sim_picasso/examples/run_scripts/analytical/congestion_aware/configs/gqa_seq_scaling/tp16_hbm4_real_mesh2d_4x4_onering_qwen_gqa_hmp_fwd_bs64_sl6144.json,onering,qwen_gqa_hmp_fwd,64,6144,16,,,,,real,mesh2d,4x4,67234,67234,,,86.806,16.343,SUCCESS,2026-03-29 01:51:03
22e086222b46f992027136ee360bac3f5a21461679283c5dabf6b8551cf29edb,tp16_hbm4_real_mesh2d_4x4_onering_qwen_gqa_hmp_fwd_bs64_sl65536,/home/haotian/waferchip/mesh2D/astra_sim_picasso/examples/run_scripts/analytical/congestion_aware/configs/gqa_seq_scaling/tp16_hbm4_real_mesh2d_4x4_onering_qwen_gqa_hmp_fwd_bs64_sl65536.json,onering,qwen_gqa_hmp_fwd,64,65536,16,,,,,real,mesh2d,4x4,359158,359158,,,73.823,31.846,SUCCESS,2026-03-29 01:51:03
6ce2c2df4cb0a34cb265fd59b88674873f6b85d15b90907bb6734b764b3bdf97,tp16_hbm4_real_mesh2d_4x4_onering_qwen_gqa_hmp_fwd_bs64_sl7168,/home/haotian/waferchip/mesh2D/astra_sim_picasso/examples/run_scripts/analytical/congestion_aware/configs/gqa_seq_scaling/tp16_hbm4_real_mesh2d_4x4_onering_qwen_gqa_hmp_fwd_bs64_sl7168.json,onering,qwen_gqa_hmp_fwd,64,7168,16,,,,,real,mesh2d,4x4,72268,72268,,,85.693,17.672,SUCCESS,2026-03-29 01:51:03
f2e02262b6b5bec8e997e28a24dc8d1856cb34c16a1c632e5bd9ee40bf9d8e42,tp16_hbm4_real_mesh2d_4x4_onering_qwen_gqa_hmp_fwd_bs64_sl8192,/home/haotian/waferchip/mesh2D/astra_sim_picasso/examples/run_scripts/analytical/congestion_aware/configs/gqa_seq_scaling/tp16_hbm4_real_mesh2d_4x4_onering_qwen_gqa_hmp_fwd_bs64_sl8192.json,onering,qwen_gqa_hmp_fwd,64,8192,16,,,,,real,mesh2d,4x4,77302,77302,,,84.725,18.827,SUCCESS,2026-03-29 01:51:03
6a089f05dbf752c9bb1a80ae8eebb868d882109b5e0408c4b828943a9ca22c57,tp16_hbm4_real_mesh2d_4x4_onering_qwen_gqa_hmp_fwd_bs64_sl9216,/home/haotian/waferchip/mesh2D/astra_sim_picasso/examples/run_scripts/analytical/congestion_aware/configs/gqa_seq_scaling/tp16_hbm4_real_mesh2d_4x4_onering_qwen_gqa_hmp_fwd_bs64_sl9216.json,onering,qwen_gqa_hmp_fwd,64,9216,16,,,,,real,mesh2d,4x4,82336,82336,,,83.876,19.842,SUCCESS,2026-03-29 01:51:03
0be021edf46ed150efd39ef7c56d4330a414a97a43b7b4b5364d2f2ba90afd59,tp16_hbm4_real_mesh2d_4x4_onering_qwen_gqa_tp16_fwd_bs64_sl1024,/home/haotian/waferchip/mesh2D/astra_sim_picasso/examples/run_scripts/analytical/congestion_aware/configs/gqa_seq_scaling/tp16_hbm4_real_mesh2d_4x4_onering_qwen_gqa_tp16_fwd_bs64_sl1024.json,onering,qwen_gqa_tp16_fwd,64,1024,16,,,,,real,mesh2d,4x4,43801,19288,24513,,92.392,11.55,SUCCESS,2026-03-29 01:51:05
3e08a169e76899539644c3ef81a7ea351e0c3016fb22c3333aba64ae07047a5c,tp16_hbm4_real_mesh2d_4x4_onering_qwen_gqa_tp16_fwd_bs64_sl10240,/home/haotian/waferchip/mesh2D/astra_sim_picasso/examples/run_scripts/analytical/congestion_aware/configs/gqa_seq_scaling/tp16_hbm4_real_mesh2d_4x4_onering_qwen_gqa_tp16_fwd_bs64_sl10240.json,onering,qwen_gqa_tp16_fwd,64,10240,16,,,,,real,mesh2d,4x4,98386,64588,33798,,77.272,32.673,SUCCESS,2026-03-29 01:51:07
89b087816f78da858b7ce3d3aa0e9f3a8fd7ea681f7fe9c4c2d3887c37c3ac0f,tp16_hbm4_real_mesh2d_4x4_onering_qwen_gqa_tp16_fwd_bs64_sl11264,/home/haotian/waferchip/mesh2D/astra_sim_picasso/examples/run_scripts/analytical/congestion_aware/configs/gqa_seq_scaling/tp16_hbm4_real_mesh2d_4x4_onering_qwen_gqa_tp16_fwd_bs64_sl11264.json,onering,qwen_gqa_tp16_fwd,64,11264,16,,,,,real,mesh2d,4x4,104433,69620,34813,,76.805,33.324,SUCCESS,2026-03-29 01:51:09
0cff1ca93b46337a6eb169eca0f513944d90625bff1353ba6cc87edf6e323023,tp16_hbm4_real_mesh2d_4x4_onering_qwen_gqa_tp16_fwd_bs64_sl12288,/home/haotian/waferchip/mesh2D/astra_sim_picasso/examples/run_scripts/analytical/congestion_aware/configs/gqa_seq_scaling/tp16_hbm4_real_mesh2d_4x4_onering_qwen_gqa_tp16_fwd_bs64_sl12288.json,onering,qwen_gqa_tp16_fwd,64,12288,16,,,,,real,mesh2d,4x4,110483,74654,35829,,76.403,33.886,SUCCESS,2026-03-29 01:51:11
b7cd400138f82a214595117c902e4e0bc9beaba0e7772423ef350c6bbd3df61b,tp16_hbm4_real_mesh2d_4x4_onering_qwen_gqa_tp16_fwd_bs64_sl13312,/home/haotian/waferchip/mesh2D/astra_sim_picasso/examples/run_scripts/analytical/congestion_aware/configs/gqa_seq_scaling/tp16_hbm4_real_mesh2d_4x4_onering_qwen_gqa_tp16_fwd_bs64_sl13312.json,onering,qwen_gqa_tp16_fwd,64,13312,16,,,,,real,mesh2d,4x4,116605,79688,36917,,76.051,34.378,SUCCESS,2026-03-29 01:51:13
4a115da2ad539afac462002163ae3ef39ecc99f31a5a4959879ccda5aa249a28,tp16_hbm4_real_mesh2d_4x4_onering_qwen_gqa_tp16_fwd_bs64_sl14336,/home/haotian/waferchip/mesh2D/astra_sim_picasso/examples/run_scripts/analytical/congestion_aware/configs/gqa_seq_scaling/tp16_hbm4_real_mesh2d_4x4_onering_qwen_gqa_tp16_fwd_bs64_sl14336.json,onering,qwen_gqa_tp16_fwd,64,14336,16,,,,,real,mesh2d,4x4,122582,84722,37860,,75.741,34.811,SUCCESS,2026-03-29 01:51:15
39cbeefeedb6d18bb6db5cf9a887e5cd1528cb32368c550443e029f3a74bdd88,tp16_hbm4_real_mesh2d_4x4_onering_qwen_gqa_tp16_fwd_bs64_sl15360,/home/haotian/waferchip/mesh2D/astra_sim_picasso/examples/run_scripts/analytical/congestion_aware/configs/gqa_seq_scaling/tp16_hbm4_real_mesh2d_4x4_onering_qwen_gqa_tp16_fwd_bs64_sl15360.json,onering,qwen_gqa_tp16_fwd,64,15360,16,,,,,real,mesh2d,4x4,128712,89752,38960,,75.467,35.194,SUCCESS,2026-03-29 01:51:17
3261472f002bd678bf833289f34117e433c7676d8b890a70536c7c14f98396d4,tp16_hbm4_real_mesh2d_4x4_onering_qwen_gqa_tp16_fwd_bs64_sl2048,/home/haotian/waferchip/mesh2D/astra_sim_picasso/examples/run_scripts/analytical/congestion_aware/configs/gqa_seq_scaling/tp16_hbm4_real_mesh2d_4x4_onering_qwen_gqa_tp16_fwd_bs64_sl2048.json,onering,qwen_gqa_tp16_fwd,64,2048,16,,,,,real,mesh2d,4x4,49923,24322,25601,,87.93,17.783,SUCCESS,2026-03-29 01:51:19
7f2a5e37c435b5c6b9b662c89ac25e460004846839f97fcf4346f440bfc2c138,tp16_hbm4_real_mesh2d_4x4_onering_qwen_gqa_tp16_fwd_bs64_sl3072,/home/haotian/waferchip/mesh2D/astra_sim_picasso/examples/run_scripts/analytical/congestion_aware/configs/gqa_seq_scaling/tp16_hbm4_real_mesh2d_4x4_onering_qwen_gqa_tp16_fwd_bs64_sl3072.json,onering,qwen_gqa_tp16_fwd,64,3072,16,,,,,real,mesh2d,4x4,55900,29356,26544,,84.998,21.879,SUCCESS,2026-03-29 01:51:22
14299f2baf023f8b800be0f196501ce90a672055e353ecae6a73e3e97d75f631,tp16_hbm4_real_mesh2d_4x4_onering_qwen_gqa_tp16_fwd_bs64_sl4096,/home/haotian/waferchip/mesh2D/astra_sim_picasso/examples/run_scripts/analytical/congestion_aware/configs/gqa_seq_scaling/tp16_hbm4_real_mesh2d_4x4_onering_qwen_gqa_tp16_fwd_bs64_sl4096.json,onering,qwen_gqa_tp16_fwd,64,4096,16,,,,,real,mesh2d,4x4,62020,34388,27632,,82.924,24.776,SUCCESS,2026-03-29 01:51:24
b05584689faa3e4c3fecdc4469aade01ce8ae76fc64cdbc226f4a60fc7d0c3f1,tp16_hbm4_real_mesh2d_4x4_onering_qwen_gqa_tp16_fwd_bs64_sl5120,/home/haotian/waferchip/mesh2D/astra_sim_picasso/examples/run_scripts/analytical/congestion_aware/configs/gqa_seq_scaling/tp16_hbm4_real_mesh2d_4x4_onering_qwen_gqa_tp16_fwd_bs64_sl5120.json,onering,qwen_gqa_tp16_fwd,64,5120,16,,,,,real,mesh2d,4x4,68070,39422,28648,,81.38,26.933,SUCCESS,2026-03-29 01:51:26
ffc62f7face5e0e7e6e1a4e90aec2135c11dea901ba391592e2e0c839366a326,tp16_hbm4_real_mesh2d_4x4_onering_qwen_gqa_tp16_fwd_bs64_sl6144,/home/haotian/waferchip/mesh2D/astra_sim_picasso/examples/run_scripts/analytical/congestion_aware/configs/gqa_seq_scaling/tp16_hbm4_real_mesh2d_4x4_onering_qwen_gqa_tp16_fwd_bs64_sl6144.json,onering,qwen_gqa_tp16_fwd,64,6144,16,,,,,real,mesh2d,4x4,74119,44456,29663,,80.186,28.601,SUCCESS,2026-03-29 01:51:28
afe07da16ff52a3cea4c1ddacd2b0810e858ab2367a420971fc1e67c66f0daa2,tp16_hbm4_real_mesh2d_4x4_onering_qwen_gqa_tp16_fwd_bs64_sl65536,/home/haotian/waferchip/mesh2D/astra_sim_picasso/examples/run_scripts/analytical/congestion_aware/configs/gqa_seq_scaling/tp16_hbm4_real_mesh2d_4x4_onering_qwen_gqa_tp16_fwd_bs64_sl65536.json,onering,qwen_gqa_tp16_fwd,64,65536,16,,,,,real,mesh2d,4x4,428486,336380,92106,,72.069,39.94,SUCCESS,2026-03-29 01:51:30
7e0476528a27ad3fb3afece2137d65d3643e07dc21e29811d44bdb48d12ceb8a,tp16_hbm4_real_mesh2d_4x4_onering_qwen_gqa_tp16_fwd_bs64_sl7168,/home/haotian/waferchip/mesh2D/astra_sim_picasso/examples/run_scripts/analytical/congestion_aware/configs/gqa_seq_scaling/tp16_hbm4_real_mesh2d_4x4_onering_qwen_gqa_tp16_fwd_bs64_sl7168.json,onering,qwen_gqa_tp16_fwd,64,7168,16,,,,,real,mesh2d,4x4,80169,49490,30679,,79.235,29.93,SUCCESS,2026-03-29 01:51:32
6274d80d39710ca98fca585d0c5d089606a2679dcfbac0a351758ac01aa285ac,tp16_hbm4_real_mesh2d_4x4_onering_qwen_gqa_tp16_fwd_bs64_sl8192,/home/haotian/waferchip/mesh2D/astra_sim_picasso/examples/run_scripts/analytical/congestion_aware/configs/gqa_seq_scaling/tp16_hbm4_real_mesh2d_4x4_onering_qwen_gqa_tp16_fwd_bs64_sl8192.json,onering,qwen_gqa_tp16_fwd,64,8192,16,,,,,real,mesh2d,4x4,86287,54520,31767,,78.461,31.012,SUCCESS,2026-03-29 01:51:34
b3c02f8679d15149adc9b795e81f04758d25217534c5860134fd073520e6cc48,tp16_hbm4_real_mesh2d_4x4_onering_qwen_gqa_tp16_fwd_bs64_sl9216,/home/haotian/waferchip/mesh2D/astra_sim_picasso/examples/run_scripts/analytical/congestion_aware/configs/gqa_seq_scaling/tp16_hbm4_real_mesh2d_4x4_onering_qwen_gqa_tp16_fwd_bs64_sl9216.json,onering,qwen_gqa_tp16_fwd,64,9216,16,,,,,real,mesh2d,4x4,92264,59554,32710,,77.816,31.912,SUCCESS,2026-03-29 01:51:36
5fe784bed6eafe322a996fca30771105e01bccb2d66f2dc7247ad5e00ffee7ea,tp16_hbm4_ring_mesh2d_4x4_onering_qwen_gqa_tp16_fwd_bs64_sl1024,/home/haotian/waferchip/mesh2D/astra_sim_picasso/examples/run_scripts/analytical/congestion_aware/configs/gqa_seq_scaling/tp16_hbm4_ring_mesh2d_4x4_onering_qwen_gqa_tp16_fwd_bs64_sl1024.json,onering,qwen_gqa_tp16_fwd,64,1024,16,,,,,ring,mesh2d,4x4,68761,19288,49473,,92.392,11.55,SUCCESS,2026-03-29 01:51:36
cce334c97d561b4a778fa72065f283a8c88c157de02531ee5300a3a560fb7265,tp16_hbm4_ring_mesh2d_4x4_onering_qwen_gqa_tp16_fwd_bs64_sl16384,/home/haotian/waferchip/mesh2D/astra_sim_picasso/examples/run_scripts/analytical/congestion_aware/configs/gqa_seq_scaling/tp16_hbm4_ring_mesh2d_4x4_onering_qwen_gqa_tp16_fwd_bs64_sl16384.json,onering,qwen_gqa_tp16_fwd,64,16384,16,,,,,ring,mesh2d,4x4,176884,94786,82098,,75.22,35.538,SUCCESS,2026-03-29 01:51:36
0301622519e17e39d719638d353e4373270ae43d72327db1ff05a3e266660457,tp16_hbm4_ring_mesh2d_4x4_onering_qwen_gqa_tp16_fwd_bs64_sl2048,/home/haotian/waferchip/mesh2D/astra_sim_picasso/examples/run_scripts/analytical/congestion_aware/configs/gqa_seq_scaling/tp16_hbm4_ring_mesh2d_4x4_onering_qwen_gqa_tp16_fwd_bs64_sl2048.json,onering,qwen_gqa_tp16_fwd,64,2048,16,,,,,ring,mesh2d,4x4,75843,24322,51521,,87.93,17.783,SUCCESS,2026-03-29 01:51:36
d2c73bf8301542dfd7e9c5a753b2c430fac082e664c50a321aaa079125a515a2,tp16_hbm4_ring_mesh2d_4x4_onering_qwen_gqa_tp16_fwd_bs64_sl32768,/home/haotian/waferchip/mesh2D/astra_sim_picasso/examples/run_scripts/analytical/congestion_aware/configs/gqa_seq_scaling/tp16_hbm4_ring_mesh2d_4x4_onering_qwen_gqa_tp16_fwd_bs64_sl32768.json,onering,qwen_gqa_tp16_fwd,64,32768,16,,,,,ring,mesh2d,4x4,308896,175318,133578,,73.205,38.353,SUCCESS,2026-03-29 01:51:36
e014143e2f4213953bb4292d614a221606e51444bf36866ce1db03443fb978e7,tp16_hbm4_ring_mesh2d_4x4_onering_qwen_gqa_tp16_fwd_bs64_sl4096,/home/haotian/waferchip/mesh2D/astra_sim_picasso/examples/run_scripts/analytical/congestion_aware/configs/gqa_seq_scaling/tp16_hbm4_ring_mesh2d_4x4_onering_qwen_gqa_tp16_fwd_bs64_sl4096.json,onering,qwen_gqa_tp16_fwd,64,4096,16,,,,,ring,mesh2d,4x4,89740,34388,55352,,82.924,24.776,SUCCESS,2026-03-29 01:51:36
894192ad087c5bea7e9518f3f2fe4c7dd8769bd892a83fa8cf859170eeb74660,tp16_hbm4_ring_mesh2d_4x4_onering_qwen_gqa_tp16_fwd_bs64_sl65536,/home/haotian/waferchip/mesh2D/astra_sim_picasso/examples/run_scripts/analytical/congestion_aware/configs/gqa_seq_scaling/tp16_hbm4_ring_mesh2d_4x4_onering_qwen_gqa_tp16_fwd_bs64_sl65536.json,onering,qwen_gqa_tp16_fwd,64,65536,16,,,,,ring,mesh2d,4x4,572918,336380,236538,,72.069,39.94,SUCCESS,2026-03-29 01:51:36
060f5b05bedb6a679719f609cf4ca73f1ac7f45e89d92905d3d141d825f76845,tp16_hbm4_ring_mesh2d_4x4_onering_qwen_gqa_tp16_fwd_bs64_sl8192,/home/haotian/waferchip/mesh2D/astra_sim_picasso/examples/run_scripts/analytical/congestion_aware/configs/gqa_seq_scaling/tp16_hbm4_ring_mesh2d_4x4_onering_qwen_gqa_tp16_fwd_bs64_sl8192.json,onering,qwen_gqa_tp16_fwd,64,8192,16,,,,,ring,mesh2d,4x4,117727,54520,63207,,78.461,31.012,SUCCESS,2026-03-29 01:51:36
cc1d8225030a10d8ba2f2d110fbcb5f039f68cf331b2e3335a7fb18e55851478,tp16_hbm4_ring_real_mesh2d_4x4_onering_qwen_gqa_tp16_fwd_bs64_sl1024,/home/haotian/waferchip/mesh2D/astra_sim_picasso/examples/run_scripts/analytical/congestion_aware/configs/gqa_seq_scaling/tp16_hbm4_ring_real_mesh2d_4x4_onering_qwen_gqa_tp16_fwd_bs64_sl1024.json,4x4,onering_qwen_gqa_tp16_fwd,64,1024,16,,,,,ring,real,mesh2d,68761,19288,49473,,92.392,11.55,SUCCESS,2026-03-29 01:51:36
ac0121897f6a90a52cdfc8b7c1509200ebe8f356d3e5abe89ec2819f8541b6de,tp16_hbm4_ring_real_mesh2d_4x4_onering_qwen_gqa_tp16_fwd_bs64_sl10240,/home/haotian/waferchip/mesh2D/astra_sim_picasso/examples/run_scripts/analytical/congestion_aware/configs/gqa_seq_scaling/tp16_hbm4_ring_real_mesh2d_4x4_onering_qwen_gqa_tp16_fwd_bs64_sl10240.json,4x4,onering_qwen_gqa_tp16_fwd,64,10240,16,,,,,ring,real,mesh2d,131626,64588,67038,,77.272,32.673,SUCCESS,2026-03-29 01:51:36
6ac74589e7773cc3f141a88bd688791534056abe8fa287b3b5e700cd878c18a3,tp16_hbm4_ring_real_mesh2d_4x4_onering_qwen_gqa_tp16_fwd_bs64_sl11264,/home/haotian/waferchip/mesh2D/astra_sim_picasso/examples/run_scripts/analytical/congestion_aware/configs/gqa_seq_scaling/tp16_hbm4_ring_real_mesh2d_4x4_onering_qwen_gqa_tp16_fwd_bs64_sl11264.json,4x4,onering_qwen_gqa_tp16_fwd,64,11264,16,,,,,ring,real,mesh2d,138513,69620,68893,,76.805,33.324,SUCCESS,2026-03-29 01:51:36
d54ea538aef1e2c3beb7f90ea8d5b2ad37230ac869c27b68c6b8ab9aaab710ac,tp16_hbm4_ring_real_mesh2d_4x4_onering_qwen_gqa_tp16_fwd_bs64_sl12288,/home/haotian/waferchip/mesh2D/astra_sim_picasso/examples/run_scripts/analytical/congestion_aware/configs/gqa_seq_scaling/tp16_hbm4_ring_real_mesh2d_4x4_onering_qwen_gqa_tp16_fwd_bs64_sl12288.json,4x4,onering_qwen_gqa_tp16_fwd,64,12288,16,,,,,ring,real,mesh2d,145523,74654,70869,,76.403,33.886,SUCCESS,2026-03-29 01:51:36
cd13913879420e6ff4960dd02929186c055b10bcac98825122e172770922e913,tp16_hbm4_ring_real_mesh2d_4x4_onering_qwen_gqa_tp16_fwd_bs64_sl13312,/home/haotian/waferchip/mesh2D/astra_sim_picasso/examples/run_scripts/analytical/congestion_aware/configs/gqa_seq_scaling/tp16_hbm4_ring_real_mesh2d_4x4_onering_qwen_gqa_tp16_fwd_bs64_sl13312.json,4x4,onering_qwen_gqa_tp16_fwd,64,13312,16,,,,,ring,real,mesh2d,152605,79688,72917,,76.051,34.378,SUCCESS,2026-03-29 01:51:36
43bc1ec775eb881c3e6373de0a66c80e9ac11bb57e8890fcb5f7ac09d09299de,tp16_hbm4_ring_real_mesh2d_4x4_onering_qwen_gqa_tp16_fwd_bs64_sl14336,/home/haotian/waferchip/mesh2D/astra_sim_picasso/examples/run_scripts/analytical/congestion_aware/configs/gqa_seq_scaling/tp16_hbm4_ring_real_mesh2d_4x4_onering_qwen_gqa_tp16_fwd_bs64_sl14336.json,4x4,onering_qwen_gqa_tp16_fwd,64,14336,16,,,,,ring,real,mesh2d,160286,84722,75564,,75.741,34.811,SUCCESS,2026-03-29 01:51:36
e9d652dfa74efa7dcb5f754262ea247757c234fe4349ab6bdfb9d54311461452,tp16_hbm4_ring_real_mesh2d_4x4_onering_qwen_gqa_tp16_fwd_bs64_sl15360,/home/haotian/waferchip/mesh2D/astra_sim_picasso/examples/run_scripts/analytical/congestion_aware/configs/gqa_seq_scaling/tp16_hbm4_ring_real_mesh2d_4x4_onering_qwen_gqa_tp16_fwd_bs64_sl15360.json,4x4,onering_qwen_gqa_tp16_fwd,64,15360,16,,,,,ring,real,mesh2d,168580,89752,78828,,75.467,35.194,SUCCESS,2026-03-29 01:51:36
0178f6bcb52d24daa3d57114fecdd4a46e03aab7bb6f2903c53a601f82692bf9,tp16_hbm4_ring_real_mesh2d_4x4_onering_qwen_gqa_tp16_fwd_bs64_sl2048,/home/haotian/waferchip/mesh2D/astra_sim_picasso/examples/run_scripts/analytical/congestion_aware/configs/gqa_seq_scaling/tp16_hbm4_ring_real_mesh2d_4x4_onering_qwen_gqa_tp16_fwd_bs64_sl2048.json,4x4,onering_qwen_gqa_tp16_fwd,64,2048,16,,,,,ring,real,mesh2d,75843,24322,51521,,87.93,17.783,SUCCESS,2026-03-29 01:51:37
72c533c047a59069ddb2c9490516d0cd3addd645b5116d30157b3553fca31c05,tp16_hbm4_ring_real_mesh2d_4x4_onering_qwen_gqa_tp16_fwd_bs64_sl3072,/home/haotian/waferchip/mesh2D/astra_sim_picasso/examples/run_scripts/analytical/congestion_aware/configs/gqa_seq_scaling/tp16_hbm4_ring_real_mesh2d_4x4_onering_qwen_gqa_tp16_fwd_bs64_sl3072.json,4x4,onering_qwen_gqa_tp16_fwd,64,3072,16,,,,,ring,real,mesh2d,82660,29356,53304,,84.998,21.879,SUCCESS,2026-03-29 01:51:37
e1c7d5a93f5948249120dc2976d03bf3de5ff60cfda06d86f6570839450e9148,tp16_hbm4_ring_real_mesh2d_4x4_onering_qwen_gqa_tp16_fwd_bs64_sl4096,/home/haotian/waferchip/mesh2D/astra_sim_picasso/examples/run_scripts/analytical/congestion_aware/configs/gqa_seq_scaling/tp16_hbm4_ring_real_mesh2d_4x4_onering_qwen_gqa_tp16_fwd_bs64_sl4096.json,4x4,onering_qwen_gqa_tp16_fwd,64,4096,16,,,,,ring,real,mesh2d,89740,34388,55352,,82.924,24.776,SUCCESS,2026-03-29 01:51:37
19ed178db9ceaf78ac9c486d6b08aae0d4728dab37ba841cb19e4cedc07d37fd,tp16_hbm4_ring_real_mesh2d_4x4_onering_qwen_gqa_tp16_fwd_bs64_sl5120,/home/haotian/waferchip/mesh2D/astra_sim_picasso/examples/run_scripts/analytical/congestion_aware/configs/gqa_seq_scaling/tp16_hbm4_ring_real_mesh2d_4x4_onering_qwen_gqa_tp16_fwd_bs64_sl5120.json,4x4,onering_qwen_gqa_tp16_fwd,64,5120,16,,,,,ring,real,mesh2d,96750,39422,57328,,81.38,26.933,SUCCESS,2026-03-29 01:51:37
0ec9fe6c587c5b3784bd7024665b549635dbd2673f64797cb402e7c78afe4a13,tp16_hbm4_ring_real_mesh2d_4x4_onering_qwen_gqa_tp16_fwd_bs64_sl6144,/home/haotian/waferchip/mesh2D/astra_sim_picasso/examples/run_scripts/analytical/congestion_aware/configs/gqa_seq_scaling/tp16_hbm4_ring_real_mesh2d_4x4_onering_qwen_gqa_tp16_fwd_bs64_sl6144.json,4x4,onering_qwen_gqa_tp16_fwd,64,6144,16,,,,,ring,real,mesh2d,103639,44456,59183,,80.186,28.601,SUCCESS,2026-03-29 01:51:37
ac335e4ceff6d4935c9b284e9984bccd27e5e1d1dbf04da87293087e6543fe0c,tp16_hbm4_ring_real_mesh2d_4x4_onering_qwen_gqa_tp16_fwd_bs64_sl65536,/home/haotian/waferchip/mesh2D/astra_sim_picasso/examples/run_scripts/analytical/congestion_aware/configs/gqa_seq_scaling/tp16_hbm4_ring_real_mesh2d_4x4_onering_qwen_gqa_tp16_fwd_bs64_sl65536.json,4x4,onering_qwen_gqa_tp16_fwd,64,65536,16,,,,,ring,real,mesh2d,572918,336380,236538,,72.069,39.94,SUCCESS,2026-03-29 01:51:37
3a11ece67196065231a795f29774b1db903486b9faa0194a02887879e5a6fd53,tp16_hbm4_ring_real_mesh2d_4x4_onering_qwen_gqa_tp16_fwd_bs64_sl7168,/home/haotian/waferchip/mesh2D/astra_sim_picasso/examples/run_scripts/analytical/congestion_aware/configs/gqa_seq_scaling/tp16_hbm4_ring_real_mesh2d_4x4_onering_qwen_gqa_tp16_fwd_bs64_sl7168.json,4x4,onering_qwen_gqa_tp16_fwd,64,7168,16,,,,,ring,real,mesh2d,110649,49490,61159,,79.235,29.93,SUCCESS,2026-03-29 01:51:37
0220219989e4ddd0932030ce089b5732f464662098179ee340b3677e70f4a8de,tp16_hbm4_ring_real_mesh2d_4x4_onering_qwen_gqa_tp16_fwd_bs64_sl8192,/home/haotian/waferchip/mesh2D/astra_sim_picasso/examples/run_scripts/analytical/congestion_aware/configs/gqa_seq_scaling/tp16_hbm4_ring_real_mesh2d_4x4_onering_qwen_gqa_tp16_fwd_bs64_sl8192.json,4x4,onering_qwen_gqa_tp16_fwd,64,8192,16,,,,,ring,real,mesh2d,117727,54520,63207,,78.461,31.012,SUCCESS,2026-03-29 01:51:37
d449b8e6a3687999e8dee0a7324c6a3e77a663b985b4286bc98e718f41e9a419,tp16_hbm4_ring_real_mesh2d_4x4_onering_qwen_gqa_tp16_fwd_bs64_sl9216,/home/haotian/waferchip/mesh2D/astra_sim_picasso/examples/run_scripts/analytical/congestion_aware/configs/gqa_seq_scaling/tp16_hbm4_ring_real_mesh2d_4x4_onering_qwen_gqa_tp16_fwd_bs64_sl9216.json,4x4,onering_qwen_gqa_tp16_fwd,64,9216,16,,,,,ring,real,mesh2d,124544,59554,64990,,77.816,31.912,SUCCESS,2026-03-29 01:51:37
6e3f2f30c949dd0fbc2d166b326b27bd40a655e7ec38a12719920cb3c9591bd0,tp16_hbm4_80t_mesh2d_4x4_onering_llama4_gqa_baseline_fwd_block2x2_bs1_sl1024,/home/haotian/waferchip/mesh2D/astra_sim_picasso/examples/run_scripts/analytical/congestion_aware/configs/gqa_seq_scaling/tp16_hbm4_80t_mesh2d_4x4_onering_llama4_gqa_baseline_fwd_block2x2_bs1_sl1024.json,onering,llama4_gqa_baseline_fwd_block2x2,1,1024,16,,,,,80t,mesh2d,4x4,18453,213,18240,,76.752,25.386,SUCCESS,2026-03-29 01:51:50
d561026c50f7abd9cf277093bf58975e0559a2a95a3ef0a784bc19bddac386d1,tp16_hbm4_80t_mesh2d_4x4_onering_llama4_gqa_baseline_fwd_block2x2_bs1_sl1048576,/home/haotian/waferchip/mesh2D/astra_sim_picasso/examples/run_scripts/analytical/congestion_aware/configs/gqa_seq_scaling/tp16_hbm4_80t_mesh2d_4x4_onering_llama4_gqa_baseline_fwd_block2x2_bs1_sl1048576.json,onering,llama4_gqa_baseline_fwd_block2x2,1,1048576,16,,,,,80t,mesh2d,4x4,88847,70607,18240,,28.717,77.521,SUCCESS,2026-03-29 01:51:52
3f165fbfc891e15daee5b6d83220dfed8d08f5391a74618aedaece9131a0942b,tp16_hbm4_80t_mesh2d_4x4_onering_llama4_gqa_baseline_fwd_block2x2_bs1_sl131072,/home/haotian/waferchip/mesh2D/astra_sim_picasso/examples/run_scripts/analytical/congestion_aware/configs/gqa_seq_scaling/tp16_hbm4_80t_mesh2d_4x4_onering_llama4_gqa_baseline_fwd_block2x2_bs1_sl131072.json,onering,llama4_gqa_baseline_fwd_block2x2,1,131072,16,,,,,80t,mesh2d,4x4,27191,8951,18240,,29.718,76.434,SUCCESS,2026-03-29 01:51:53
3ed5e4a698f9a959b138e28da81ff1a6c982b71ec9d64bfe4a04dbeb09bc4f52,tp16_hbm4_80t_mesh2d_4x4_onering_llama4_gqa_baseline_fwd_block2x2_bs1_sl16384,/home/haotian/waferchip/mesh2D/astra_sim_picasso/examples/run_scripts/analytical/congestion_aware/configs/gqa_seq_scaling/tp16_hbm4_80t_mesh2d_4x4_onering_llama4_gqa_baseline_fwd_block2x2_bs1_sl16384.json,onering,llama4_gqa_baseline_fwd_block2x2,1,16384,16,,,,,80t,mesh2d,4x4,19485,1245,18240,,36.868,68.677,SUCCESS,2026-03-29 01:51:55
a2614ca73e03a51bb5737d3e81457cddaa620262126ab8f6455eca16ffb40b9a,tp16_hbm4_80t_mesh2d_4x4_onering_llama4_gqa_baseline_fwd_block2x2_bs1_sl2048,/home/haotian/waferchip/mesh2D/astra_sim_picasso/examples/run_scripts/analytical/congestion_aware/configs/gqa_seq_scaling/tp16_hbm4_80t_mesh2d_4x4_onering_llama4_gqa_baseline_fwd_block2x2_bs1_sl2048.json,onering,llama4_gqa_baseline_fwd_block2x2,1,2048,16,,,,,80t,mesh2d,4x4,18521,281,18240,,65.071,38.059,SUCCESS,2026-03-29 01:51:57
e83af1f662476d67a8faeb52e94f68ea46c5c63e3524daf298c7259ae0320486,tp16_hbm4_80t_mesh2d_4x4_onering_llama4_gqa_baseline_fwd_block2x2_bs1_sl262144,/home/haotian/waferchip/mesh2D/astra_sim_picasso/examples/run_scripts/analytical/congestion_aware/configs/gqa_seq_scaling/tp16_hbm4_80t_mesh2d_4x4_onering_llama4_gqa_baseline_fwd_block2x2_bs1_sl262144.json,onering,llama4_gqa_baseline_fwd_block2x2,1,262144,16,,,,,80t,mesh2d,4x4,35999,17759,18240,,29.154,77.047,SUCCESS,2026-03-29 01:51:59
e030d5d213c1b04c2eeae1548f844b70bb6cef6ec218fa5579e53f233a54caae,tp16_hbm4_80t_mesh2d_4x4_onering_llama4_gqa_baseline_fwd_block2x2_bs1_sl32768,/home/haotian/waferchip/mesh2D/astra_sim_picasso/examples/run_scripts/analytical/congestion_aware/configs/gqa_seq_scaling/tp16_hbm4_80t_mesh2d_4x4_onering_llama4_gqa_baseline_fwd_block2x2_bs1_sl32768.json,onering,llama4_gqa_baseline_fwd_block2x2,1,32768,16,,,,,80t,mesh2d,4x4,20585,2345,18240,,32.982,72.894,SUCCESS,2026-03-29 01:52:00
99e9100af64e8ee6f380f1b7d8be9c8dcdacbccef809738af387146202fe1ae8,tp16_hbm4_80t_mesh2d_4x4_onering_llama4_gqa_baseline_fwd_block2x2_bs1_sl4096,/home/haotian/waferchip/mesh2D/astra_sim_picasso/examples/run_scripts/analytical/congestion_aware/configs/gqa_seq_scaling/tp16_hbm4_80t_mesh2d_4x4_onering_llama4_gqa_baseline_fwd_block2x2_bs1_sl4096.json,onering,llama4_gqa_baseline_fwd_block2x2,1,4096,16,,,,,80t,mesh2d,4x4,18657,417,18240,,53.11,51.035,SUCCESS,2026-03-29 01:52:02
6dd5771e233ebe67d9e58c67e6d4cd1d005dd11ebd9d46a1aea3e83df61da003,tp16_hbm4_80t_mesh2d_4x4_onering_llama4_gqa_baseline_fwd_block2x2_bs1_sl524288,/home/haotian/waferchip/mesh2D/astra_sim_picasso/examples/run_scripts/analytical/congestion_aware/configs/gqa_seq_scaling/tp16_hbm4_80t_mesh2d_4x4_onering_llama4_gqa_baseline_fwd_block2x2_bs1_sl524288.json,onering,llama4_gqa_baseline_fwd_block2x2,1,524288,16,,,,,80t,mesh2d,4x4,53615,35375,18240,,28.863,77.362,SUCCESS,2026-03-29 01:52:04
494e4d5e743ae6932761bbc78aa3594f2d522ce17361f5e037fae068085e8f82,tp16_hbm4_80t_mesh2d_4x4_onering_llama4_gqa_baseline_fwd_block2x2_bs1_sl65536,/home/haotian/waferchip/mesh2D/astra_sim_picasso/examples/run_scripts/analytical/congestion_aware/configs/gqa_seq_scaling/tp16_hbm4_80t_mesh2d_4x4_onering_llama4_gqa_baseline_fwd_block2x2_bs1_sl65536.json,onering,llama4_gqa_baseline_fwd_block2x2,1,65536,16,,,,,80t,mesh2d,4x4,22787,4547,18240,,30.84,75.216,SUCCESS,2026-03-29 01:52:05
1c4210433506cd87cd5517acdf5ff093b463bafbab305d0f5d43171c248876e9,tp16_hbm4_80t_mesh2d_4x4_onering_llama4_gqa_baseline_fwd_block2x2_bs1_sl8192,/home/haotian/waferchip/mesh2D/astra_sim_picasso/examples/run_scripts/analytical/congestion_aware/configs/gqa_seq_scaling/tp16_hbm4_80t_mesh2d_4x4_onering_llama4_gqa_baseline_fwd_block2x2_bs1_sl8192.json,onering,llama4_gqa_baseline_fwd_block2x2,1,8192,16,,,,,80t,mesh2d,4x4,18933,693,18240,,43.39,61.594,SUCCESS,2026-03-29 01:52:07
02e7bf288b227037fde4cb39b7797667d816a62c36eb7d5b5626d7709be3a415,tp16_hbm4_80t_mesh2d_4x4_onering_llama4_gqa_hmp_fwd_block2x2_bs1_sl1024,/home/haotian/waferchip/mesh2D/astra_sim_picasso/examples/run_scripts/analytical/congestion_aware/configs/gqa_seq_scaling/tp16_hbm4_80t_mesh2d_4x4_onering_llama4_gqa_hmp_fwd_block2x2_bs1_sl1024.json,onering,llama4_gqa_hmp_fwd_block2x2,1,1024,16,,,,,80t,mesh2d,4x4,338,338,,,84.882,17.069,SUCCESS,2026-03-29 01:52:07
c4aff98496e929d866df2da4ada20290f4240054d9698365d537f81b4a20aaa2,tp16_hbm4_80t_mesh2d_4x4_onering_llama4_gqa_hmp_fwd_block2x2_bs1_sl1048576,/home/haotian/waferchip/mesh2D/astra_sim_picasso/examples/run_scripts/analytical/congestion_aware/configs/gqa_seq_scaling/tp16_hbm4_80t_mesh2d_4x4_onering_llama4_gqa_hmp_fwd_block2x2_bs1_sl1048576.json,onering,llama4_gqa_hmp_fwd_block2x2,1,1048576,16,,,,,80t,mesh2d,4x4,70732,70732,,,28.841,77.389,SUCCESS,2026-03-29 01:52:07
ff5b5a1488eeea94c621fe563beab83fadefae28edef2e1886f46d2e50222267,tp16_hbm4_80t_mesh2d_4x4_onering_llama4_gqa_hmp_fwd_block2x2_bs1_sl131072,/home/haotian/waferchip/mesh2D/astra_sim_picasso/examples/run_scripts/analytical/congestion_aware/configs/gqa_seq_scaling/tp16_hbm4_80t_mesh2d_4x4_onering_llama4_gqa_hmp_fwd_block2x2_bs1_sl131072.json,onering,llama4_gqa_hmp_fwd_block2x2,1,131072,16,,,,,80t,mesh2d,4x4,9076,9076,,,30.67,75.42,SUCCESS,2026-03-29 01:52:07
46da07867dc7740f43abd65c3dbaf37c6aa0b0562f709cf3bb7568eb6447ae4f,tp16_hbm4_80t_mesh2d_4x4_onering_llama4_gqa_hmp_fwd_block2x2_bs1_sl16384,/home/haotian/waferchip/mesh2D/astra_sim_picasso/examples/run_scripts/analytical/congestion_aware/configs/gqa_seq_scaling/tp16_hbm4_80t_mesh2d_4x4_onering_llama4_gqa_hmp_fwd_block2x2_bs1_sl16384.json,onering,llama4_gqa_hmp_fwd_block2x2,1,16384,16,,,,,80t,mesh2d,4x4,1370,1370,,,42.515,62.673,SUCCESS,2026-03-29 01:52:07
2d490034044f3f738c86ca2c1f3cb24bb3100d2f0b054e79a8cce1eb1a8c236d,tp16_hbm4_80t_mesh2d_4x4_onering_llama4_gqa_hmp_fwd_block2x2_bs1_sl2048,/home/haotian/waferchip/mesh2D/astra_sim_picasso/examples/run_scripts/analytical/congestion_aware/configs/gqa_seq_scaling/tp16_hbm4_80t_mesh2d_4x4_onering_llama4_gqa_hmp_fwd_block2x2_bs1_sl2048.json,onering,llama4_gqa_hmp_fwd_block2x2,1,2048,16,,,,,80t,mesh2d,4x4,406,406,,,75.43,27.239,SUCCESS,2026-03-29 01:52:07
697060dab6464e4418c9bf2b00fab5b31d6bcae54342c27649baa46317172b7c,tp16_hbm4_80t_mesh2d_4x4_onering_llama4_gqa_hmp_fwd_block2x2_bs1_sl262144,/home/haotian/waferchip/mesh2D/astra_sim_picasso/examples/run_scripts/analytical/congestion_aware/configs/gqa_seq_scaling/tp16_hbm4_80t_mesh2d_4x4_onering_llama4_gqa_hmp_fwd_block2x2_bs1_sl262144.json,onering,llama4_gqa_hmp_fwd_block2x2,1,262144,16,,,,,80t,mesh2d,4x4,17884,17884,,,29.641,76.528,SUCCESS,2026-03-29 01:52:07
0868ccddb6e0f3a7b3f7ee515fc28fb76839cceedd9d5b48bbc662483821bb39,tp16_hbm4_80t_mesh2d_4x4_onering_llama4_gqa_hmp_fwd_block2x2_bs1_sl32768,/home/haotian/waferchip/mesh2D/astra_sim_picasso/examples/run_scripts/analytical/congestion_aware/configs/gqa_seq_scaling/tp16_hbm4_80t_mesh2d_4x4_onering_llama4_gqa_hmp_fwd_block2x2_bs1_sl32768.json,onering,llama4_gqa_hmp_fwd_block2x2,1,32768,16,,,,,80t,mesh2d,4x4,2470,2470,,,36.311,69.35,SUCCESS,2026-03-29 01:52:07
a0ab23e2d835ffd7b6866ef5f0a163bbed95bd49f6310729c432c8a275bed46f,tp16_hbm4_80t_mesh2d_4x4_onering_llama4_gqa_hmp_fwd_block2x2_bs1_sl4096,/home/haotian/waferchip/mesh2D/astra_sim_picasso/examples/run_scripts/analytical/congestion_aware/configs/gqa_seq_scaling/tp16_hbm4_80t_mesh2d_4x4_onering_llama4_gqa_hmp_fwd_block2x2_bs1_sl4096.json,onering,llama4_gqa_hmp_fwd_block2x2,1,4096,16,,,,,80t,mesh2d,4x4,542,542,,,63.628,39.938,SUCCESS,2026-03-29 01:52:07
11210a650f31dee7b395617187594c87e2cf75ffeb2690a55d96125d80eb7578,tp16_hbm4_80t_mesh2d_4x4_onering_llama4_gqa_hmp_fwd_block2x2_bs1_sl524288,/home/haotian/waferchip/mesh2D/astra_sim_picasso/examples/run_scripts/analytical/congestion_aware/configs/gqa_seq_scaling/tp16_hbm4_80t_mesh2d_4x4_onering_llama4_gqa_hmp_fwd_block2x2_bs1_sl524288.json,onering,llama4_gqa_hmp_fwd_block2x2,1,524288,16,,,,,80t,mesh2d,4x4,35500,35500,,,29.109,77.1,SUCCESS,2026-03-29 01:52:07
aae31def525643c5228d45c96ed1a09199a72f591235409648110a6c56b8c6cc,tp16_hbm4_80t_mesh2d_4x4_onering_llama4_gqa_hmp_fwd_block2x2_bs1_sl65536,/home/haotian/waferchip/mesh2D/astra_sim_picasso/examples/run_scripts/analytical/congestion_aware/configs/gqa_seq_scaling/tp16_hbm4_80t_mesh2d_4x4_onering_llama4_gqa_hmp_fwd_block2x2_bs1_sl65536.json,onering,llama4_gqa_hmp_fwd_block2x2,1,65536,16,,,,,80t,mesh2d,4x4,4672,4672,,,32.658,73.28,SUCCESS,2026-03-29 01:52:07
0334f3215c071bc59b89bf9f9c77cf926091bda45192eb0db04d2c8cec7500d3,tp16_hbm4_80t_mesh2d_4x4_onering_llama4_gqa_hmp_fwd_block2x2_bs1_sl8192,/home/haotian/waferchip/mesh2D/astra_sim_picasso/examples/run_scripts/analytical/congestion_aware/configs/gqa_seq_scaling/tp16_hbm4_80t_mesh2d_4x4_onering_llama4_gqa_hmp_fwd_block2x2_bs1_sl8192.json,onering,llama4_gqa_hmp_fwd_block2x2,1,8192,16,,,,,80t,mesh2d,4x4,818,818,,,51.847,52.625,SUCCESS,2026-03-29 01:52:07
8a79540896cbb8dab6625a1f71e65cad370062fb532b4606623786aa1e8a2194,tp16_hbm4_80t_mesh2d_4x4_onering_llama4_gqa_tp16_fwd_block2x2_bs1_sl1024,/home/haotian/waferchip/mesh2D/astra_sim_picasso/examples/run_scripts/analytical/congestion_aware/configs/gqa_seq_scaling/tp16_hbm4_80t_mesh2d_4x4_onering_llama4_gqa_tp16_fwd_block2x2_bs1_sl1024.json,onering,llama4_gqa_tp16_fwd_block2x2,1,1024,16,,,,,80t,mesh2d,4x4,21044,164,20880,,69.848,35.333,SUCCESS,2026-03-29 01:52:09
7be18e62ecc0bd048251c02867177be10a53a9fd54f45ac8e7a30c7aa5c41300,tp16_hbm4_80t_mesh2d_4x4_onering_llama4_gqa_tp16_fwd_block2x2_bs1_sl1048576,/home/haotian/waferchip/mesh2D/astra_sim_picasso/examples/run_scripts/analytical/congestion_aware/configs/gqa_seq_scaling/tp16_hbm4_80t_mesh2d_4x4_onering_llama4_gqa_tp16_fwd_block2x2_bs1_sl1048576.json,onering,llama4_gqa_tp16_fwd_block2x2,1,1048576,16,,,,,80t,mesh2d,4x4,99842,70558,29284,,28.667,82.034,SUCCESS,2026-03-29 01:52:11
a857f00040a419da79b1a6e8d9b11fe8c4ce3f70d35f8394014506ad2c502f66,tp16_hbm4_80t_mesh2d_4x4_onering_llama4_gqa_tp16_fwd_block2x2_bs1_sl131072,/home/haotian/waferchip/mesh2D/astra_sim_picasso/examples/run_scripts/analytical/congestion_aware/configs/gqa_seq_scaling/tp16_hbm4_80t_mesh2d_4x4_onering_llama4_gqa_tp16_fwd_block2x2_bs1_sl131072.json,onering,llama4_gqa_tp16_fwd_block2x2,1,131072,16,,,,,80t,mesh2d,4x4,30799,8902,21897,,29.331,81.279,SUCCESS,2026-03-29 01:52:13
7061b702796c28683410b25103d3d10d7067db907824e82612e5e0ab4d9be7c3,tp16_hbm4_80t_mesh2d_4x4_onering_llama4_gqa_tp16_fwd_block2x2_bs1_sl16384,/home/haotian/waferchip/mesh2D/astra_sim_picasso/examples/run_scripts/analytical/congestion_aware/configs/gqa_seq_scaling/tp16_hbm4_80t_mesh2d_4x4_onering_llama4_gqa_tp16_fwd_block2x2_bs1_sl16384.json,onering,llama4_gqa_tp16_fwd_block2x2,1,16384,16,,,,,80t,mesh2d,4x4,22197,1196,21001,,34.284,75.673,SUCCESS,2026-03-29 01:52:15
cd2e992ae167dc8bc20c835b74e9c4a17189aa48c8957ff7fd4a4bdb80922f48,tp16_hbm4_80t_mesh2d_4x4_onering_llama4_gqa_tp16_fwd_block2x2_bs1_sl2048,/home/haotian/waferchip/mesh2D/astra_sim_picasso/examples/run_scripts/analytical/congestion_aware/configs/gqa_seq_scaling/tp16_hbm4_80t_mesh2d_4x4_onering_llama4_gqa_tp16_fwd_block2x2_bs1_sl2048.json,onering,llama4_gqa_tp16_fwd_block2x2,1,2048,16,,,,,80t,mesh2d,4x4,21112,232,20880,,57.725,49.056,SUCCESS,2026-03-29 01:52:17
913a803d4eba7db28bd790a338f22cf138d5d90b7fc3869c104439a18ce1bede,tp16_hbm4_80t_mesh2d_4x4_onering_llama4_gqa_tp16_fwd_block2x2_bs1_sl262144,/home/haotian/waferchip/mesh2D/astra_sim_picasso/examples/run_scripts/analytical/congestion_aware/configs/gqa_seq_scaling/tp16_hbm4_80t_mesh2d_4x4_onering_llama4_gqa_tp16_fwd_block2x2_bs1_sl262144.json,onering,llama4_gqa_tp16_fwd_block2x2,1,262144,16,,,,,80t,mesh2d,4x4,40673,17710,22963,,28.958,81.705,SUCCESS,2026-03-29 01:52:19
c692c93c834e24414c41a37dbcb1b312ede5f2f7e71afbb0364d14c615a33404,tp16_hbm4_80t_mesh2d_4x4_onering_llama4_gqa_tp16_fwd_block2x2_bs1_sl32768,/home/haotian/waferchip/mesh2D/astra_sim_picasso/examples/run_scripts/analytical/congestion_aware/configs/gqa_seq_scaling/tp16_hbm4_80t_mesh2d_4x4_onering_llama4_gqa_tp16_fwd_block2x2_bs1_sl32768.json,onering,llama4_gqa_tp16_fwd_block2x2,1,32768,16,,,,,80t,mesh2d,4x4,23418,2296,21122,,31.552,78.768,SUCCESS,2026-03-29 01:52:20
36c34cd4af3ae81f3f13f934966e8eb363c4a9721795c15fc2f83326a0142542,tp16_hbm4_80t_mesh2d_4x4_onering_llama4_gqa_tp16_fwd_block2x2_bs1_sl4096,/home/haotian/waferchip/mesh2D/astra_sim_picasso/examples/run_scripts/analytical/congestion_aware/configs/gqa_seq_scaling/tp16_hbm4_80t_mesh2d_4x4_onering_llama4_gqa_tp16_fwd_block2x2_bs1_sl4096.json,onering,llama4_gqa_tp16_fwd_block2x2,1,4096,16,,,,,80t,mesh2d,4x4,21248,368,20880,,46.883,61.328,SUCCESS,2026-03-29 01:52:22
458f4f44a6d29e4c814e1aa967b5872bfbee84abbcd7fdabdeb767248c557c0d,tp16_hbm4_80t_mesh2d_4x4_onering_llama4_gqa_tp16_fwd_block2x2_bs1_sl524288,/home/haotian/waferchip/mesh2D/astra_sim_picasso/examples/run_scripts/analytical/congestion_aware/configs/gqa_seq_scaling/tp16_hbm4_80t_mesh2d_4x4_onering_llama4_gqa_tp16_fwd_block2x2_bs1_sl524288.json,onering,llama4_gqa_tp16_fwd_block2x2,1,524288,16,,,,,80t,mesh2d,4x4,60372,35326,25046,,28.764,81.924,SUCCESS,2026-03-29 01:52:24
5e3f3299e73802e8b9acfef90d5129b3ce4da37c057ea9d8f814b1bb4b4ec74d,tp16_hbm4_80t_mesh2d_4x4_onering_llama4_gqa_tp16_fwd_block2x2_bs1_sl65536,/home/haotian/waferchip/mesh2D/astra_sim_picasso/examples/run_scripts/analytical/congestion_aware/configs/gqa_seq_scaling/tp16_hbm4_80t_mesh2d_4x4_onering_llama4_gqa_tp16_fwd_block2x2_bs1_sl65536.json,onering,llama4_gqa_tp16_fwd_block2x2,1,65536,16,,,,,80t,mesh2d,4x4,25862,4498,21364,,30.087,80.425,SUCCESS,2026-03-29 01:52:26
e4d0266fca437c5ca1849d80675d6f99ee35d495b0ec76a1beaba8c31ebc2c1c,tp16_hbm4_80t_mesh2d_4x4_onering_llama4_gqa_tp16_fwd_block2x2_bs1_sl8192,/home/haotian/waferchip/mesh2D/astra_sim_picasso/examples/run_scripts/analytical/congestion_aware/configs/gqa_seq_scaling/tp16_hbm4_80t_mesh2d_4x4_onering_llama4_gqa_tp16_fwd_block2x2_bs1_sl8192.json,onering,llama4_gqa_tp16_fwd_block2x2,1,8192,16,,,,,80t,mesh2d,4x4,21524,644,20880,,39.089,70.202,SUCCESS,2026-03-29 01:52:28
b053898b94afdf50f8fbb6849d49bfedb420ba546ba167ab727bbd98b979a1b6,tp16_hbm4_80t_mesh2d_4x4_onering_qwen_gqa_baseline_fwd_block2x2_bs1_sl1024,/home/haotian/waferchip/mesh2D/astra_sim_picasso/examples/run_scripts/analytical/congestion_aware/configs/gqa_seq_scaling/tp16_hbm4_80t_mesh2d_4x4_onering_qwen_gqa_baseline_fwd_block2x2_bs1_sl1024.json,onering,qwen_gqa_baseline_fwd_block2x2,1,1024,16,,,,,80t,mesh2d,4x4,18422,182,18240,,86.134,15.926,SUCCESS,2026-03-29 01:52:29
fb518ad9c946a72b4541e01e3f712231fa8659b9df1135de0d673d2a6bc91264,tp16_hbm4_80t_mesh2d_4x4_onering_qwen_gqa_baseline_fwd_block2x2_bs1_sl1024_split4,/home/haotian/waferchip/mesh2D/astra_sim_picasso/examples/run_scripts/analytical/congestion_aware/configs/gqa_seq_scaling/tp16_hbm4_80t_mesh2d_4x4_onering_qwen_gqa_baseline_fwd_block2x2_bs1_sl1024_split4.json,onering,qwen_gqa_baseline_fwd_block2x2_split4,1,1024,16,,,,,80t,mesh2d,4x4,2462,182,2280,,86.134,15.926,SUCCESS,2026-03-29 01:52:30
b29d2b6eb6462695a29d1e6851fcefbb9d46dca2b9fc20b8c0d14290285b2d8c,tp16_hbm4_80t_mesh2d_4x4_onering_qwen_gqa_baseline_fwd_block2x2_bs1_sl1024_split4_bw1500,/home/haotian/waferchip/mesh2D/astra_sim_picasso/examples/run_scripts/analytical/congestion_aware/configs/gqa_seq_scaling/tp16_hbm4_80t_mesh2d_4x4_onering_qwen_gqa_baseline_fwd_block2x2_bs1_sl1024_split4_bw1500.json,onering,qwen_gqa_baseline_fwd_block2x2_split4_bw1500,1,1024,16,,,,,80t,mesh2d,4x4,677,182,495,,86.134,15.926,SUCCESS,2026-03-29 01:52:30
139719ae14d1d90950d616f87aae0db15603dde590a482ace80de5de008ab2d8,tp16_hbm4_80t_mesh2d_4x4_onering_qwen_gqa_baseline_fwd_block2x2_bs1_sl1024_split4_d2d15ns,/home/haotian/waferchip/mesh2D/astra_sim_picasso/examples/run_scripts/analytical/congestion_aware/configs/gqa_seq_scaling/tp16_hbm4_80t_mesh2d_4x4_onering_qwen_gqa_baseline_fwd_block2x2_bs1_sl1024_split4_d2d15ns.json,onering,qwen_gqa_baseline_fwd_block2x2_split4_d2d15ns,1,1024,16,,,,,80t,mesh2d,4x4,677,182,495,,86.134,15.926,SUCCESS,2026-03-29 01:52:31
b2567862b85d16c4bad3c8cc36d723c1cd9442e81cf8837265f39f4a77ca9a99,tp16_hbm4_80t_mesh2d_4x4_onering_qwen_gqa_baseline_fwd_block2x2_bs1_sl1048576,/home/haotian/waferchip/mesh2D/astra_sim_picasso/examples/run_scripts/analytical/congestion_aware/configs/gqa_seq_scaling/tp16_hbm4_80t_mesh2d_4x4_onering_qwen_gqa_baseline_fwd_block2x2_bs1_sl1048576.json,onering,qwen_gqa_baseline_fwd_block2x2,1,1048576,16,,,,,80t,mesh2d,4x4,72054,53814,18240,,53.237,52.999,SUCCESS,2026-03-29 01:52:33
5709caa616537ecd82830acc9390a4718cf4cd657ab3218d961460da261afb5c,tp16_hbm4_80t_mesh2d_4x4_onering_qwen_gqa_baseline_fwd_block2x2_bs1_sl1048576_split4,/home/haotian/waferchip/mesh2D/astra_sim_picasso/examples/run_scripts/analytical/congestion_aware/configs/gqa_seq_scaling/tp16_hbm4_80t_mesh2d_4x4_onering_qwen_gqa_baseline_fwd_block2x2_bs1_sl1048576_split4.json,onering,qwen_gqa_baseline_fwd_block2x2_split4,1,1048576,16,,,,,80t,mesh2d,4x4,56094,53814,2280,,53.237,52.999,SUCCESS,2026-03-29 01:52:33
63e27362cea2d23524e0887cb2db6f8f272b994bce6f13dc9c1de1315a295ea1,tp16_hbm4_80t_mesh2d_4x4_onering_qwen_gqa_baseline_fwd_block2x2_bs1_sl1048576_split4_bw1500,/home/haotian/waferchip/mesh2D/astra_sim_picasso/examples/run_scripts/analytical/congestion_aware/configs/gqa_seq_scaling/tp16_hbm4_80t_mesh2d_4x4_onering_qwen_gqa_baseline_fwd_block2x2_bs1_sl1048576_split4_bw1500.json,onering,qwen_gqa_baseline_fwd_block2x2_split4_bw1500,1,1048576,16,,,,,80t,mesh2d,4x4,54309,53814,495,,53.237,52.999,SUCCESS,2026-03-29 01:52:34
29cdfd1316c289fa13725ec875b0ec8a3f42cb80ff2f8512f0734ccfe69a0a41,tp16_hbm4_80t_mesh2d_4x4_onering_qwen_gqa_baseline_fwd_block2x2_bs1_sl1048576_split4_d2d15ns,/home/haotian/waferchip/mesh2D/astra_sim_picasso/examples/run_scripts/analytical/congestion_aware/configs/gqa_seq_scaling/tp16_hbm4_80t_mesh2d_4x4_onering_qwen_gqa_baseline_fwd_block2x2_bs1_sl1048576_split4_d2d15ns.json,onering,qwen_gqa_baseline_fwd_block2x2_split4_d2d15ns,1,1048576,16,,,,,80t,mesh2d,4x4,54309,53814,495,,53.237,52.999,SUCCESS,2026-03-29 01:52:34
d688854a41cb4453885550d9f794dbf47f95f56d48fcb6b7a7bb994a3411becd,tp16_hbm4_80t_mesh2d_4x4_onering_qwen_gqa_baseline_fwd_block2x2_bs1_sl131072,/home/haotian/waferchip/mesh2D/astra_sim_picasso/examples/run_scripts/analytical/congestion_aware/configs/gqa_seq_scaling/tp16_hbm4_80t_mesh2d_4x4_onering_qwen_gqa_baseline_fwd_block2x2_bs1_sl131072.json,onering,qwen_gqa_baseline_fwd_block2x2,1,131072,16,,,,,80t,mesh2d,4x4,25078,6838,18240,,54.008,52.13,SUCCESS,2026-03-29 01:52:36
faf00751ff841ad98a1a6acfbad7dd2a6ffd5ab2931b62e4552679aa65fb2985,tp16_hbm4_80t_mesh2d_4x4_onering_qwen_gqa_baseline_fwd_block2x2_bs1_sl131072_split4,/home/haotian/waferchip/mesh2D/astra_sim_picasso/examples/run_scripts/analytical/congestion_aware/configs/gqa_seq_scaling/tp16_hbm4_80t_mesh2d_4x4_onering_qwen_gqa_baseline_fwd_block2x2_bs1_sl131072_split4.json,onering,qwen_gqa_baseline_fwd_block2x2_split4,1,131072,16,,,,,80t,mesh2d,4x4,9118,6838,2280,,54.008,52.13,SUCCESS,2026-03-29 01:52:36
cc021495107d59e569b224a16d6beacf3e6ee28c5607b992ae88524807d08567,tp16_hbm4_80t_mesh2d_4x4_onering_qwen_gqa_baseline_fwd_block2x2_bs1_sl131072_split4_bw1500,/home/haotian/waferchip/mesh2D/astra_sim_picasso/examples/run_scripts/analytical/congestion_aware/configs/gqa_seq_scaling/tp16_hbm4_80t_mesh2d_4x4_onering_qwen_gqa_baseline_fwd_block2x2_bs1_sl131072_split4_bw1500.json,onering,qwen_gqa_baseline_fwd_block2x2_split4_bw1500,1,131072,16,,,,,80t,mesh2d,4x4,7333,6838,495,,54.008,52.13,SUCCESS,2026-03-29 01:52:37
26a8a794d71c88283e90bd956b62b7e3b66f23ed7de1cbd76b9aef3290ebe59f,tp16_hbm4_80t_mesh2d_4x4_onering_qwen_gqa_baseline_fwd_block2x2_bs1_sl131072_split4_d2d15ns,/home/haotian/waferchip/mesh2D/astra_sim_picasso/examples/run_scripts/analytical/congestion_aware/configs/gqa_seq_scaling/tp16_hbm4_80t_mesh2d_4x4_onering_qwen_gqa_baseline_fwd_block2x2_bs1_sl131072_split4_d2d15ns.json,onering,qwen_gqa_baseline_fwd_block2x2_split4_d2d15ns,1,131072,16,,,,,80t,mesh2d,4x4,7333,6838,495,,54.008,52.13,SUCCESS,2026-03-29 01:52:37
5c40f490878a5f31e6b04b0ff90b2d23e7be289f5539363cec37551da53b7d8a,tp16_hbm4_80t_mesh2d_4x4_onering_qwen_gqa_baseline_fwd_block2x2_bs1_sl16384,/home/haotian/waferchip/mesh2D/astra_sim_picasso/examples/run_scripts/analytical/congestion_aware/configs/gqa_seq_scaling/tp16_hbm4_80t_mesh2d_4x4_onering_qwen_gqa_baseline_fwd_block2x2_bs1_sl16384.json,onering,qwen_gqa_baseline_fwd_block2x2,1,16384,16,,,,,80t,mesh2d,4x4,19206,966,18240,,59.372,46.086,SUCCESS,2026-03-29 01:52:39
b5d700250ff3b06ba0b934e7eeeb2b94bd1ddd1604e219a2ac76ef19f7d6ae62,tp16_hbm4_80t_mesh2d_4x4_onering_qwen_gqa_baseline_fwd_block2x2_bs1_sl16384_split4,/home/haotian/waferchip/mesh2D/astra_sim_picasso/examples/run_scripts/analytical/congestion_aware/configs/gqa_seq_scaling/tp16_hbm4_80t_mesh2d_4x4_onering_qwen_gqa_baseline_fwd_block2x2_bs1_sl16384_split4.json,onering,qwen_gqa_baseline_fwd_block2x2_split4,1,16384,16,,,,,80t,mesh2d,4x4,3246,966,2280,,59.372,46.086,SUCCESS,2026-03-29 01:52:40
7907650a885465d32bc1ee5321c1097cdfb630bf3a3fc44f7a13ef20e411677c,tp16_hbm4_80t_mesh2d_4x4_onering_qwen_gqa_baseline_fwd_block2x2_bs1_sl16384_split4_bw1500,/home/haotian/waferchip/mesh2D/astra_sim_picasso/examples/run_scripts/analytical/congestion_aware/configs/gqa_seq_scaling/tp16_hbm4_80t_mesh2d_4x4_onering_qwen_gqa_baseline_fwd_block2x2_bs1_sl16384_split4_bw1500.json,onering,qwen_gqa_baseline_fwd_block2x2_split4_bw1500,1,16384,16,,,,,80t,mesh2d,4x4,1461,966,495,,59.372,46.086,SUCCESS,2026-03-29 01:52:40
cfd18a6f0d7896986ffc003b3f476e18e57a986ed4e8459b6875e2c7fd9d4b29,tp16_hbm4_80t_mesh2d_4x4_onering_qwen_gqa_baseline_fwd_block2x2_bs1_sl16384_split4_d2d15ns,/home/haotian/waferchip/mesh2D/astra_sim_picasso/examples/run_scripts/analytical/congestion_aware/configs/gqa_seq_scaling/tp16_hbm4_80t_mesh2d_4x4_onering_qwen_gqa_baseline_fwd_block2x2_bs1_sl16384_split4_d2d15ns.json,onering,qwen_gqa_baseline_fwd_block2x2_split4_d2d15ns,1,16384,16,,,,,80t,mesh2d,4x4,1461,966,495,,59.372,46.086,SUCCESS,2026-03-29 01:52:41
1df9294eeb10c21843d7d9c4e9f20f068cbccd93095d149d9976a92e02bae05b,tp16_hbm4_80t_mesh2d_4x4_onering_qwen_gqa_baseline_fwd_block2x2_bs1_sl2048,/home/haotian/waferchip/mesh2D/astra_sim_picasso/examples/run_scripts/analytical/congestion_aware/configs/gqa_seq_scaling/tp16_hbm4_80t_mesh2d_4x4_onering_qwen_gqa_baseline_fwd_block2x2_bs1_sl2048.json,onering,qwen_gqa_baseline_fwd_block2x2,1,2048,16,,,,,80t,mesh2d,4x4,18474,234,18240,,78.83,24.158,SUCCESS,2026-03-29 01:52:42
c7f54a84a7f3aabd2372278cf4bd23f23696579bed2219e821ef933b5ff55f04,tp16_hbm4_80t_mesh2d_4x4_onering_qwen_gqa_baseline_fwd_block2x2_bs1_sl2048_split4,/home/haotian/waferchip/mesh2D/astra_sim_picasso/examples/run_scripts/analytical/congestion_aware/configs/gqa_seq_scaling/tp16_hbm4_80t_mesh2d_4x4_onering_qwen_gqa_baseline_fwd_block2x2_bs1_sl2048_split4.json,onering,qwen_gqa_baseline_fwd_block2x2_split4,1,2048,16,,,,,80t,mesh2d,4x4,2514,234,2280,,78.83,24.158,SUCCESS,2026-03-29 01:52:43
b184ffb0712b853b062ad2ba75872ee01ea8150de978597effa405172fef6cb0,tp16_hbm4_80t_mesh2d_4x4_onering_qwen_gqa_baseline_fwd_block2x2_bs1_sl2048_split4_bw1500,/home/haotian/waferchip/mesh2D/astra_sim_picasso/examples/run_scripts/analytical/congestion_aware/configs/gqa_seq_scaling/tp16_hbm4_80t_mesh2d_4x4_onering_qwen_gqa_baseline_fwd_block2x2_bs1_sl2048_split4_bw1500.json,onering,qwen_gqa_baseline_fwd_block2x2_split4_bw1500,1,2048,16,,,,,80t,mesh2d,4x4,729,234,495,,78.83,24.158,SUCCESS,2026-03-29 01:52:43
99dd0dbc0fc7e21922d71864a3beb3a34b559488656c1f7d15789010c479b157,tp16_hbm4_80t_mesh2d_4x4_onering_qwen_gqa_baseline_fwd_block2x2_bs1_sl2048_split4_d2d15ns,/home/haotian/waferchip/mesh2D/astra_sim_picasso/examples/run_scripts/analytical/congestion_aware/configs/gqa_seq_scaling/tp16_hbm4_80t_mesh2d_4x4_onering_qwen_gqa_baseline_fwd_block2x2_bs1_sl2048_split4_d2d15ns.json,onering,qwen_gqa_baseline_fwd_block2x2_split4_d2d15ns,1,2048,16,,,,,80t,mesh2d,4x4,729,234,495,,78.83,24.158,SUCCESS,2026-03-29 01:52:44
b97db118b22ef29e561108aa345af9fa5bcb2469cd04b49fc38658d4e60cd01a,tp16_hbm4_80t_mesh2d_4x4_onering_qwen_gqa_baseline_fwd_block2x2_bs1_sl262144,/home/haotian/waferchip/mesh2D/astra_sim_picasso/examples/run_scripts/analytical/congestion_aware/configs/gqa_seq_scaling/tp16_hbm4_80t_mesh2d_4x4_onering_qwen_gqa_baseline_fwd_block2x2_bs1_sl262144.json,onering,qwen_gqa_baseline_fwd_block2x2,1,262144,16,,,,,80t,mesh2d,4x4,31790,13550,18240,,53.571,52.623,SUCCESS,2026-03-29 01:52:45
522206090daab827ad90ee601863d4e738bd272779673c0bc26970a3237751c4,tp16_hbm4_80t_mesh2d_4x4_onering_qwen_gqa_baseline_fwd_block2x2_bs1_sl262144_split4,/home/haotian/waferchip/mesh2D/astra_sim_picasso/examples/run_scripts/analytical/congestion_aware/configs/gqa_seq_scaling/tp16_hbm4_80t_mesh2d_4x4_onering_qwen_gqa_baseline_fwd_block2x2_bs1_sl262144_split4.json,onering,qwen_gqa_baseline_fwd_block2x2_split4,1,262144,16,,,,,80t,mesh2d,4x4,15830,13550,2280,,53.571,52.623,SUCCESS,2026-03-29 01:52:46
1462a2fab7397461e2f8e819c8594bcba11978cb2337c55f83e9fac6fcf85a0d,tp16_hbm4_80t_mesh2d_4x4_onering_qwen_gqa_baseline_fwd_block2x2_bs1_sl262144_split4_bw1500,/home/haotian/waferchip/mesh2D/astra_sim_picasso/examples/run_scripts/analytical/congestion_aware/configs/gqa_seq_scaling/tp16_hbm4_80t_mesh2d_4x4_onering_qwen_gqa_baseline_fwd_block2x2_bs1_sl262144_split4_bw1500.json,onering,qwen_gqa_baseline_fwd_block2x2_split4_bw1500,1,262144,16,,,,,80t,mesh2d,4x4,14045,13550,495,,53.571,52.623,SUCCESS,2026-03-29 01:52:46
082c7fba57423af83e024665406534734cab1853799ebaa351866033711da722,tp16_hbm4_80t_mesh2d_4x4_onering_qwen_gqa_baseline_fwd_block2x2_bs1_sl262144_split4_d2d15ns,/home/haotian/waferchip/mesh2D/astra_sim_picasso/examples/run_scripts/analytical/congestion_aware/configs/gqa_seq_scaling/tp16_hbm4_80t_mesh2d_4x4_onering_qwen_gqa_baseline_fwd_block2x2_bs1_sl262144_split4_d2d15ns.json,onering,qwen_gqa_baseline_fwd_block2x2_split4_d2d15ns,1,262144,16,,,,,80t,mesh2d,4x4,14045,13550,495,,53.571,52.623,SUCCESS,2026-03-29 01:52:47
7f80fbb1923fafba4c3adc02750e7c5b1bb19ccb07ac32dca39d502ae2690a27,tp16_hbm4_80t_mesh2d_4x4_onering_qwen_gqa_baseline_fwd_block2x2_bs1_sl32768,/home/haotian/waferchip/mesh2D/astra_sim_picasso/examples/run_scripts/analytical/congestion_aware/configs/gqa_seq_scaling/tp16_hbm4_80t_mesh2d_4x4_onering_qwen_gqa_baseline_fwd_block2x2_bs1_sl32768.json,onering,qwen_gqa_baseline_fwd_block2x2,1,32768,16,,,,,80t,mesh2d,4x4,20046,1806,18240,,56.468,49.358,SUCCESS,2026-03-29 01:52:48
f81d8c0a3bb35215ae5212f7fd9f25e18ff12614113936d9bb628de9893e767f,tp16_hbm4_80t_mesh2d_4x4_onering_qwen_gqa_baseline_fwd_block2x2_bs1_sl32768_split4,/home/haotian/waferchip/mesh2D/astra_sim_picasso/examples/run_scripts/analytical/congestion_aware/configs/gqa_seq_scaling/tp16_hbm4_80t_mesh2d_4x4_onering_qwen_gqa_baseline_fwd_block2x2_bs1_sl32768_split4.json,onering,qwen_gqa_baseline_fwd_block2x2_split4,1,32768,16,,,,,80t,mesh2d,4x4,4086,1806,2280,,56.468,49.358,SUCCESS,2026-03-29 01:52:49
a4e8d51076fa65d1b1988272b2a2646ed0f3100cc492dcfc42462d2d8c99bedf,tp16_hbm4_80t_mesh2d_4x4_onering_qwen_gqa_baseline_fwd_block2x2_bs1_sl32768_split4_bw1500,/home/haotian/waferchip/mesh2D/astra_sim_picasso/examples/run_scripts/analytical/congestion_aware/configs/gqa_seq_scaling/tp16_hbm4_80t_mesh2d_4x4_onering_qwen_gqa_baseline_fwd_block2x2_bs1_sl32768_split4_bw1500.json,onering,qwen_gqa_baseline_fwd_block2x2_split4_bw1500,1,32768,16,,,,,80t,mesh2d,4x4,2301,1806,495,,56.468,49.358,SUCCESS,2026-03-29 01:52:49
a28979303831db5fff671ede0d24098e9f3bcbb66ffe565592e5ca9be73a243c,tp16_hbm4_80t_mesh2d_4x4_onering_qwen_gqa_baseline_fwd_block2x2_bs1_sl32768_split4_d2d15ns,/home/haotian/waferchip/mesh2D/astra_sim_picasso/examples/run_scripts/analytical/congestion_aware/configs/gqa_seq_scaling/tp16_hbm4_80t_mesh2d_4x4_onering_qwen_gqa_baseline_fwd_block2x2_bs1_sl32768_split4_d2d15ns.json,onering,qwen_gqa_baseline_fwd_block2x2_split4_d2d15ns,1,32768,16,,,,,80t,mesh2d,4x4,2301,1806,495,,56.468,49.358,SUCCESS,2026-03-29 01:52:49
49f567ce45b9ec5a51f7fbeb0c88b14915ceda9dae49d72b3b3511374e11884a,tp16_hbm4_80t_mesh2d_4x4_onering_qwen_gqa_baseline_fwd_block2x2_bs1_sl4096,/home/haotian/waferchip/mesh2D/astra_sim_picasso/examples/run_scripts/analytical/congestion_aware/configs/gqa_seq_scaling/tp16_hbm4_80t_mesh2d_4x4_onering_qwen_gqa_baseline_fwd_block2x2_bs1_sl4096.json,onering,qwen_gqa_baseline_fwd_block2x2,1,4096,16,,,,,80t,mesh2d,4x4,18578,338,18240,,70.944,33.045,SUCCESS,2026-03-29 01:52:51
b1c1479eba56d21b0e7d5c80f2757bc817d73738ac20cfb95cff4b471f6d034d,tp16_hbm4_80t_mesh2d_4x4_onering_qwen_gqa_baseline_fwd_block2x2_bs1_sl4096_split4,/home/haotian/waferchip/mesh2D/astra_sim_picasso/examples/run_scripts/analytical/congestion_aware/configs/gqa_seq_scaling/tp16_hbm4_80t_mesh2d_4x4_onering_qwen_gqa_baseline_fwd_block2x2_bs1_sl4096_split4.json,onering,qwen_gqa_baseline_fwd_block2x2_split4,1,4096,16,,,,,80t,mesh2d,4x4,2618,338,2280,,70.944,33.045,SUCCESS,2026-03-29 01:52:51
ee34324d56356971836fed370255f5011fba432095356690bb163583be134e0b,tp16_hbm4_80t_mesh2d_4x4_onering_qwen_gqa_baseline_fwd_block2x2_bs1_sl4096_split4_bw1500,/home/haotian/waferchip/mesh2D/astra_sim_picasso/examples/run_scripts/analytical/congestion_aware/configs/gqa_seq_scaling/tp16_hbm4_80t_mesh2d_4x4_onering_qwen_gqa_baseline_fwd_block2x2_bs1_sl4096_split4_bw1500.json,onering,qwen_gqa_baseline_fwd_block2x2_split4_bw1500,1,4096,16,,,,,80t,mesh2d,4x4,833,338,495,,70.944,33.045,SUCCESS,2026-03-29 01:52:52
470cc4ad22ad885d84b95fca631bd315b26fc0137692f35918a9e79c88b07534,tp16_hbm4_80t_mesh2d_4x4_onering_qwen_gqa_baseline_fwd_block2x2_bs1_sl4096_split4_d2d15ns,/home/haotian/waferchip/mesh2D/astra_sim_picasso/examples/run_scripts/analytical/congestion_aware/configs/gqa_seq_scaling/tp16_hbm4_80t_mesh2d_4x4_onering_qwen_gqa_baseline_fwd_block2x2_bs1_sl4096_split4_d2d15ns.json,onering,qwen_gqa_baseline_fwd_block2x2_split4_d2d15ns,1,4096,16,,,,,80t,mesh2d,4x4,833,338,495,,70.944,33.045,SUCCESS,2026-03-29 01:52:52
4b61a0efa25e166985d0db5dffa990dfbced9d1b3e40df8fc8c84a2bc762deb1,tp16_hbm4_80t_mesh2d_4x4_onering_qwen_gqa_baseline_fwd_block2x2_bs1_sl524288,/home/haotian/waferchip/mesh2D/astra_sim_picasso/examples/run_scripts/analytical/congestion_aware/configs/gqa_seq_scaling/tp16_hbm4_80t_mesh2d_4x4_onering_qwen_gqa_baseline_fwd_block2x2_bs1_sl524288.json,onering,qwen_gqa_baseline_fwd_block2x2,1,524288,16,,,,,80t,mesh2d,4x4,45210,26970,18240,,53.349,52.873,SUCCESS,2026-03-29 01:52:54
1ca25f2004376bf760f1f220693c0657e3e47a6e18cbe8933b92139d4a2b2f65,tp16_hbm4_80t_mesh2d_4x4_onering_qwen_gqa_baseline_fwd_block2x2_bs1_sl524288_split4,/home/haotian/waferchip/mesh2D/astra_sim_picasso/examples/run_scripts/analytical/congestion_aware/configs/gqa_seq_scaling/tp16_hbm4_80t_mesh2d_4x4_onering_qwen_gqa_baseline_fwd_block2x2_bs1_sl524288_split4.json,onering,qwen_gqa_baseline_fwd_block2x2_split4,1,524288,16,,,,,80t,mesh2d,4x4,29250,26970,2280,,53.349,52.873,SUCCESS,2026-03-29 01:52:54
53d3bd795b6f244b7eb144520594628935f0d9de702bd40eae356e33206d4ebe,tp16_hbm4_80t_mesh2d_4x4_onering_qwen_gqa_baseline_fwd_block2x2_bs1_sl524288_split4_bw1500,/home/haotian/waferchip/mesh2D/astra_sim_picasso/examples/run_scripts/analytical/congestion_aware/configs/gqa_seq_scaling/tp16_hbm4_80t_mesh2d_4x4_onering_qwen_gqa_baseline_fwd_block2x2_bs1_sl524288_split4_bw1500.json,onering,qwen_gqa_baseline_fwd_block2x2_split4_bw1500,1,524288,16,,,,,80t,mesh2d,4x4,27465,26970,495,,53.349,52.873,SUCCESS,2026-03-29 01:52:55
9ac3791f26baa950e52f85ea69525086c25b440d7a7198f24f34bdb07883d198,tp16_hbm4_80t_mesh2d_4x4_onering_qwen_gqa_baseline_fwd_block2x2_bs1_sl524288_split4_d2d15ns,/home/haotian/waferchip/mesh2D/astra_sim_picasso/examples/run_scripts/analytical/congestion_aware/configs/gqa_seq_scaling/tp16_hbm4_80t_mesh2d_4x4_onering_qwen_gqa_baseline_fwd_block2x2_bs1_sl524288_split4_d2d15ns.json,onering,qwen_gqa_baseline_fwd_block2x2_split4_d2d15ns,1,524288,16,,,,,80t,mesh2d,4x4,27465,26970,495,,53.349,52.873,SUCCESS,2026-03-29 01:52:55
ab659fc8328ecf70d122e4c8baba2a0799f9df6df92f53bdd5ecba169dcd9521,tp16_hbm4_80t_mesh2d_4x4_onering_qwen_gqa_baseline_fwd_block2x2_bs1_sl65536,/home/haotian/waferchip/mesh2D/astra_sim_picasso/examples/run_scripts/analytical/congestion_aware/configs/gqa_seq_scaling/tp16_hbm4_80t_mesh2d_4x4_onering_qwen_gqa_baseline_fwd_block2x2_bs1_sl65536.json,onering,qwen_gqa_baseline_fwd_block2x2,1,65536,16,,,,,80t,mesh2d,4x4,21722,3482,18240,,54.859,51.171,SUCCESS,2026-03-29 01:52:57
2dc72ef573eb78e2c377d4cadac362cdb97bdf4d252e3530d31e0a2c207ee50b,tp16_hbm4_80t_mesh2d_4x4_onering_qwen_gqa_baseline_fwd_block2x2_bs1_sl65536_split4,/home/haotian/waferchip/mesh2D/astra_sim_picasso/examples/run_scripts/analytical/congestion_aware/configs/gqa_seq_scaling/tp16_hbm4_80t_mesh2d_4x4_onering_qwen_gqa_baseline_fwd_block2x2_bs1_sl65536_split4.json,onering,qwen_gqa_baseline_fwd_block2x2_split4,1,65536,16,,,,,80t,mesh2d,4x4,5762,3482,2280,,54.859,51.171,SUCCESS,2026-03-29 01:52:57
42b2ec8062f812b03b37b711cd95bfad9c00b8429e7cebbf78183507ec172b2e,tp16_hbm4_80t_mesh2d_4x4_onering_qwen_gqa_baseline_fwd_block2x2_bs1_sl65536_split4_bw1500,/home/haotian/waferchip/mesh2D/astra_sim_picasso/examples/run_scripts/analytical/congestion_aware/configs/gqa_seq_scaling/tp16_hbm4_80t_mesh2d_4x4_onering_qwen_gqa_baseline_fwd_block2x2_bs1_sl65536_split4_bw1500.json,onering,qwen_gqa_baseline_fwd_block2x2_split4_bw1500,1,65536,16,,,,,80t,mesh2d,4x4,3977,3482,495,,54.859,51.171,SUCCESS,2026-03-29 01:52:58
26729d34706541bb1611ea0540d0975b0503a2902e963f202d7bdab72877b127,tp16_hbm4_80t_mesh2d_4x4_onering_qwen_gqa_baseline_fwd_block2x2_bs1_sl65536_split4_d2d15ns,/home/haotian/waferchip/mesh2D/astra_sim_picasso/examples/run_scripts/analytical/congestion_aware/configs/gqa_seq_scaling/tp16_hbm4_80t_mesh2d_4x4_onering_qwen_gqa_baseline_fwd_block2x2_bs1_sl65536_split4_d2d15ns.json,onering,qwen_gqa_baseline_fwd_block2x2_split4_d2d15ns,1,65536,16,,,,,80t,mesh2d,4x4,3977,3482,495,,54.859,51.171,SUCCESS,2026-03-29 01:52:58
08e57e5c3842fb57cf725d9bb28955642e5c896f20b86b0d79a415ee4f67af03,tp16_hbm4_80t_mesh2d_4x4_onering_qwen_gqa_baseline_fwd_block2x2_bs1_sl8192,/home/haotian/waferchip/mesh2D/astra_sim_picasso/examples/run_scripts/analytical/congestion_aware/configs/gqa_seq_scaling/tp16_hbm4_80t_mesh2d_4x4_onering_qwen_gqa_baseline_fwd_block2x2_bs1_sl8192.json,onering,qwen_gqa_baseline_fwd_block2x2,1,8192,16,,,,,80t,mesh2d,4x4,18786,546,18240,,64.168,40.681,SUCCESS,2026-03-29 01:53:00
db667448c5fbe46a07d9cb1911803b5401843ffefb97f4135af6fe83037811e1,tp16_hbm4_80t_mesh2d_4x4_onering_qwen_gqa_baseline_fwd_block2x2_bs1_sl8192_split4,/home/haotian/waferchip/mesh2D/astra_sim_picasso/examples/run_scripts/analytical/congestion_aware/configs/gqa_seq_scaling/tp16_hbm4_80t_mesh2d_4x4_onering_qwen_gqa_baseline_fwd_block2x2_bs1_sl8192_split4.json,onering,qwen_gqa_baseline_fwd_block2x2_split4,1,8192,16,,,,,80t,mesh2d,4x4,2826,546,2280,,64.168,40.681,SUCCESS,2026-03-29 01:53:00
992eb8fa65d828e3d02e86ac931050265cd446f816d66a537fe3d1381b05fe70,tp16_hbm4_80t_mesh2d_4x4_onering_qwen_gqa_baseline_fwd_block2x2_bs1_sl8192_split4_bw1500,/home/haotian/waferchip/mesh2D/astra_sim_picasso/examples/run_scripts/analytical/congestion_aware/configs/gqa_seq_scaling/tp16_hbm4_80t_mesh2d_4x4_onering_qwen_gqa_baseline_fwd_block2x2_bs1_sl8192_split4_bw1500.json,onering,qwen_gqa_baseline_fwd_block2x2_split4_bw1500,1,8192,16,,,,,80t,mesh2d,4x4,1041,546,495,,64.168,40.681,SUCCESS,2026-03-29 01:53:00
ab035e30bc2c2fc9aadcb825423f2a181d703d54f062651a0adbde337dcdc18c,tp16_hbm4_80t_mesh2d_4x4_onering_qwen_gqa_baseline_fwd_block2x2_bs1_sl8192_split4_d2d15ns,/home/haotian/waferchip/mesh2D/astra_sim_picasso/examples/run_scripts/analytical/congestion_aware/configs/gqa_seq_scaling/tp16_hbm4_80t_mesh2d_4x4_onering_qwen_gqa_baseline_fwd_block2x2_bs1_sl8192_split4_d2d15ns.json,onering,qwen_gqa_baseline_fwd_block2x2_split4_d2d15ns,1,8192,16,,,,,80t,mesh2d,4x4,1041,546,495,,64.168,40.681,SUCCESS,2026-03-29 01:53:01
b4c1f1edb664531f15bad66998a81291e6a69338d109c07b0154154301f30a45,tp16_hbm4_80t_mesh2d_4x4_onering_qwen_gqa_hmp_fwd_block2x2_bs1_sl1024,/home/haotian/waferchip/mesh2D/astra_sim_picasso/examples/run_scripts/analytical/congestion_aware/configs/gqa_seq_scaling/tp16_hbm4_80t_mesh2d_4x4_onering_qwen_gqa_hmp_fwd_block2x2_bs1_sl1024.json,onering,qwen_gqa_hmp_fwd_block2x2,1,1024,16,,,,,80t,mesh2d,4x4,340,340,,,92.339,9.2,SUCCESS,2026-03-29 01:53:01
71dfbd68d558fe207aa1d7f633a80a64894990a0f294ddf19a9f07bdf2786249,tp16_hbm4_80t_mesh2d_4x4_onering_qwen_gqa_hmp_fwd_block2x2_bs1_sl1024_split4,/home/haotian/waferchip/mesh2D/astra_sim_picasso/examples/run_scripts/analytical/congestion_aware/configs/gqa_seq_scaling/tp16_hbm4_80t_mesh2d_4x4_onering_qwen_gqa_hmp_fwd_block2x2_bs1_sl1024_split4.json,onering,qwen_gqa_hmp_fwd_block2x2_split4,1,1024,16,,,,,80t,mesh2d,4x4,340,340,,,92.339,9.2,SUCCESS,2026-03-29 01:53:01
6363b78bd35732677aed77902c2e6f8b2f120fc9c075599207ae75dba4bcb240,tp16_hbm4_80t_mesh2d_4x4_onering_qwen_gqa_hmp_fwd_block2x2_bs1_sl1024_split4_bw1500,/home/haotian/waferchip/mesh2D/astra_sim_picasso/examples/run_scripts/analytical/congestion_aware/configs/gqa_seq_scaling/tp16_hbm4_80t_mesh2d_4x4_onering_qwen_gqa_hmp_fwd_block2x2_bs1_sl1024_split4_bw1500.json,onering,qwen_gqa_hmp_fwd_block2x2_split4_bw1500,1,1024,16,,,,,80t,mesh2d,4x4,340,340,,,92.339,9.2,SUCCESS,2026-03-29 01:53:01
523db68a5cd5849b445cdea54f9aa30cff937ea0299a3d1bfd8c8f5dfcb5be14,tp16_hbm4_80t_mesh2d_4x4_onering_qwen_gqa_hmp_fwd_block2x2_bs1_sl1024_split4_d2d15ns,/home/haotian/waferchip/mesh2D/astra_sim_picasso/examples/run_scripts/analytical/congestion_aware/configs/gqa_seq_scaling/tp16_hbm4_80t_mesh2d_4x4_onering_qwen_gqa_hmp_fwd_block2x2_bs1_sl1024_split4_d2d15ns.json,onering,qwen_gqa_hmp_fwd_block2x2_split4_d2d15ns,1,1024,16,,,,,80t,mesh2d,4x4,340,340,,,92.339,9.2,SUCCESS,2026-03-29 01:53:01
b0aa181816ecc7bae95e3175b5c3da85a3038155a0c5e8bc1a89ff4d4c6c44d8,tp16_hbm4_80t_mesh2d_4x4_onering_qwen_gqa_hmp_fwd_block2x2_bs1_sl1048576,/home/haotian/waferchip/mesh2D/astra_sim_picasso/examples/run_scripts/analytical/congestion_aware/configs/gqa_seq_scaling/tp16_hbm4_80t_mesh2d_4x4_onering_qwen_gqa_hmp_fwd_block2x2_bs1_sl1048576.json,onering,qwen_gqa_hmp_fwd_block2x2,1,1048576,16,,,,,80t,mesh2d,4x4,53972,53972,,,53.373,52.848,SUCCESS,2026-03-29 01:53:01
3a4cb0240abe3c8ac2a9a9cbd7626e951b685a45b79db0b263b765dd5a4b922d,tp16_hbm4_80t_mesh2d_4x4_onering_qwen_gqa_hmp_fwd_block2x2_bs1_sl1048576_split4,/home/haotian/waferchip/mesh2D/astra_sim_picasso/examples/run_scripts/analytical/congestion_aware/configs/gqa_seq_scaling/tp16_hbm4_80t_mesh2d_4x4_onering_qwen_gqa_hmp_fwd_block2x2_bs1_sl1048576_split4.json,onering,qwen_gqa_hmp_fwd_block2x2_split4,1,1048576,16,,,,,80t,mesh2d,4x4,53972,53972,,,53.373,52.848,SUCCESS,2026-03-29 01:53:01
d4f831e6dcde93e403e831d395fa0cb16e0c2b5dc76f9eeddd4fb54a51f3d1f4,tp16_hbm4_80t_mesh2d_4x4_onering_qwen_gqa_hmp_fwd_block2x2_bs1_sl1048576_split4_bw1500,/home/haotian/waferchip/mesh2D/astra_sim_picasso/examples/run_scripts/analytical/congestion_aware/configs/gqa_seq_scaling/tp16_hbm4_80t_mesh2d_4x4_onering_qwen_gqa_hmp_fwd_block2x2_bs1_sl1048576_split4_bw1500.json,onering,qwen_gqa_hmp_fwd_block2x2_split4_bw1500,1,1048576,16,,,,,80t,mesh2d,4x4,53972,53972,,,53.373,52.848,SUCCESS,2026-03-29 01:53:01
cf7286ff1ef7bf69b0bbb7b04d548a86d40e9101eb4f8f11fc8fd4c8978f5034,tp16_hbm4_80t_mesh2d_4x4_onering_qwen_gqa_hmp_fwd_block2x2_bs1_sl1048576_split4_d2d15ns,/home/haotian/waferchip/mesh2D/astra_sim_picasso/examples/run_scripts/analytical/congestion_aware/configs/gqa_seq_scaling/tp16_hbm4_80t_mesh2d_4x4_onering_qwen_gqa_hmp_fwd_block2x2_bs1_sl1048576_split4_d2d15ns.json,onering,qwen_gqa_hmp_fwd_block2x2_split4_d2d15ns,1,1048576,16,,,,,80t,mesh2d,4x4,53972,53972,,,53.373,52.848,SUCCESS,2026-03-29 01:53:01
0ddd40a7feca5a896657b1e15bab3492646cbd05c6e5cc14a9a28f601281b428,tp16_hbm4_80t_mesh2d_4x4_onering_qwen_gqa_hmp_fwd_block2x2_bs1_sl131072,/home/haotian/waferchip/mesh2D/astra_sim_picasso/examples/run_scripts/analytical/congestion_aware/configs/gqa_seq_scaling/tp16_hbm4_80t_mesh2d_4x4_onering_qwen_gqa_hmp_fwd_block2x2_bs1_sl131072.json,onering,qwen_gqa_hmp_fwd_block2x2,1,131072,16,,,,,80t,mesh2d,4x4,6996,6996,,,55.036,50.984,SUCCESS,2026-03-29 01:53:01
ff20096942fef992b990461ebb672cd03254c1ac5e025236502477ef4178983c,tp16_hbm4_80t_mesh2d_4x4_onering_qwen_gqa_hmp_fwd_block2x2_bs1_sl131072_split4,/home/haotian/waferchip/mesh2D/astra_sim_picasso/examples/run_scripts/analytical/congestion_aware/configs/gqa_seq_scaling/tp16_hbm4_80t_mesh2d_4x4_onering_qwen_gqa_hmp_fwd_block2x2_bs1_sl131072_split4.json,onering,qwen_gqa_hmp_fwd_block2x2_split4,1,131072,16,,,,,80t,mesh2d,4x4,6996,6996,,,55.036,50.984,SUCCESS,2026-03-29 01:53:01
ee69909b5d37b3487168b6c5a7a19a5d389865f8cce97c40ab1d78ed5638ca25,tp16_hbm4_80t_mesh2d_4x4_onering_qwen_gqa_hmp_fwd_block2x2_bs1_sl131072_split4_bw1500,/home/haotian/waferchip/mesh2D/astra_sim_picasso/examples/run_scripts/analytical/congestion_aware/configs/gqa_seq_scaling/tp16_hbm4_80t_mesh2d_4x4_onering_qwen_gqa_hmp_fwd_block2x2_bs1_sl131072_split4_bw1500.json,onering,qwen_gqa_hmp_fwd_block2x2_split4_bw1500,1,131072,16,,,,,80t,mesh2d,4x4,6996,6996,,,55.036,50.984,SUCCESS,2026-03-29 01:53:01
fd446930a2c216fabedb816b9abbc317df79b0854e99cd3c82438f6fe32031d9,tp16_hbm4_80t_mesh2d_4x4_onering_qwen_gqa_hmp_fwd_block2x2_bs1_sl131072_split4_d2d15ns,/home/haotian/waferchip/mesh2D/astra_sim_picasso/examples/run_scripts/analytical/congestion_aware/configs/gqa_seq_scaling/tp16_hbm4_80t_mesh2d_4x4_onering_qwen_gqa_hmp_fwd_block2x2_bs1_sl131072_split4_d2d15ns.json,onering,qwen_gqa_hmp_fwd_block2x2_split4_d2d15ns,1,131072,16,,,,,80t,mesh2d,4x4,6996,6996,,,55.036,50.984,SUCCESS,2026-03-29 01:53:02
d502b5a07257db0089ab2c8bff138eeb8abdd8d6ebab4b86871ffa3e97c7a478,tp16_hbm4_80t_mesh2d_4x4_onering_qwen_gqa_hmp_fwd_block2x2_bs1_sl16384,/home/haotian/waferchip/mesh2D/astra_sim_picasso/examples/run_scripts/analytical/congestion_aware/configs/gqa_seq_scaling/tp16_hbm4_80t_mesh2d_4x4_onering_qwen_gqa_hmp_fwd_block2x2_bs1_sl16384.json,onering,qwen_gqa_hmp_fwd_block2x2,1,16384,16,,,,,80t,mesh2d,4x4,1124,1124,,,65.011,39.811,SUCCESS,2026-03-29 01:53:02
bbdb70555af42c8a18248e813e79918c571871e656ee7b85a0b33df58546896f,tp16_hbm4_80t_mesh2d_4x4_onering_qwen_gqa_hmp_fwd_block2x2_bs1_sl16384_split4,/home/haotian/waferchip/mesh2D/astra_sim_picasso/examples/run_scripts/analytical/congestion_aware/configs/gqa_seq_scaling/tp16_hbm4_80t_mesh2d_4x4_onering_qwen_gqa_hmp_fwd_block2x2_bs1_sl16384_split4.json,onering,qwen_gqa_hmp_fwd_block2x2_split4,1,16384,16,,,,,80t,mesh2d,4x4,1124,1124,,,65.011,39.811,SUCCESS,2026-03-29 01:53:02
a40431a901ad52daa2ae4ecb0838e57f8a5ffd597ee6061b560769c23f94953b,tp16_hbm4_80t_mesh2d_4x4_onering_qwen_gqa_hmp_fwd_block2x2_bs1_sl16384_split4_bw1500,/home/haotian/waferchip/mesh2D/astra_sim_picasso/examples/run_scripts/analytical/congestion_aware/configs/gqa_seq_scaling/tp16_hbm4_80t_mesh2d_4x4_onering_qwen_gqa_hmp_fwd_block2x2_bs1_sl16384_split4_bw1500.json,onering,qwen_gqa_hmp_fwd_block2x2_split4_bw1500,1,16384,16,,,,,80t,mesh2d,4x4,1124,1124,,,65.011,39.811,SUCCESS,2026-03-29 01:53:02
3847a16028e1c082783ade73f0ed2c96d5ca9f6901908b870c8163b12818d9e6,tp16_hbm4_80t_mesh2d_4x4_onering_qwen_gqa_hmp_fwd_block2x2_bs1_sl16384_split4_d2d15ns,/home/haotian/waferchip/mesh2D/astra_sim_picasso/examples/run_scripts/analytical/congestion_aware/configs/gqa_seq_scaling/tp16_hbm4_80t_mesh2d_4x4_onering_qwen_gqa_hmp_fwd_block2x2_bs1_sl16384_split4_d2d15ns.json,onering,qwen_gqa_hmp_fwd_block2x2_split4_d2d15ns,1,16384,16,,,,,80t,mesh2d,4x4,1124,1124,,,65.011,39.811,SUCCESS,2026-03-29 01:53:02
2b15fe19e6fcbfd0dca244d2ce6cdbf8ad95d86252ca909a916d26b7c264e84e,tp16_hbm4_80t_mesh2d_4x4_onering_qwen_gqa_hmp_fwd_block2x2_bs1_sl2048,/home/haotian/waferchip/mesh2D/astra_sim_picasso/examples/run_scripts/analytical/congestion_aware/configs/gqa_seq_scaling/tp16_hbm4_80t_mesh2d_4x4_onering_qwen_gqa_hmp_fwd_block2x2_bs1_sl2048.json,onering,qwen_gqa_hmp_fwd_block2x2,1,2048,16,,,,,80t,mesh2d,4x4,392,392,,,87.15,15.012,SUCCESS,2026-03-29 01:53:02
bf861eb460c2f4d09149adb1f22a488a5559675cba6c3a7582845f3a796e5191,tp16_hbm4_80t_mesh2d_4x4_onering_qwen_gqa_hmp_fwd_block2x2_bs1_sl2048_split4,/home/haotian/waferchip/mesh2D/astra_sim_picasso/examples/run_scripts/analytical/congestion_aware/configs/gqa_seq_scaling/tp16_hbm4_80t_mesh2d_4x4_onering_qwen_gqa_hmp_fwd_block2x2_bs1_sl2048_split4.json,onering,qwen_gqa_hmp_fwd_block2x2_split4,1,2048,16,,,,,80t,mesh2d,4x4,392,392,,,87.15,15.012,SUCCESS,2026-03-29 01:53:02
0287bbeefa0aeab5bc17b8df1327628cc02758893f21e3a7bc8c35a1fbe1e510,tp16_hbm4_80t_mesh2d_4x4_onering_qwen_gqa_hmp_fwd_block2x2_bs1_sl2048_split4_bw1500,/home/haotian/waferchip/mesh2D/astra_sim_picasso/examples/run_scripts/analytical/congestion_aware/configs/gqa_seq_scaling/tp16_hbm4_80t_mesh2d_4x4_onering_qwen_gqa_hmp_fwd_block2x2_bs1_sl2048_split4_bw1500.json,onering,qwen_gqa_hmp_fwd_block2x2_split4_bw1500,1,2048,16,,,,,80t,mesh2d,4x4,392,392,,,87.15,15.012,SUCCESS,2026-03-29 01:53:02
dbc99c29e6350782e105cb9d5d4b2d0f6b70d2fd36d6c8c71de0cd36e8c789ff,tp16_hbm4_80t_mesh2d_4x4_onering_qwen_gqa_hmp_fwd_block2x2_bs1_sl2048_split4_d2d15ns,/home/haotian/waferchip/mesh2D/astra_sim_picasso/examples/run_scripts/analytical/congestion_aware/configs/gqa_seq_scaling/tp16_hbm4_80t_mesh2d_4x4_onering_qwen_gqa_hmp_fwd_block2x2_bs1_sl2048_split4_d2d15ns.json,onering,qwen_gqa_hmp_fwd_block2x2_split4_d2d15ns,1,2048,16,,,,,80t,mesh2d,4x4,392,392,,,87.15,15.012,SUCCESS,2026-03-29 01:53:02
466c490eea0383455b21544790f41aed47c2dea4a7117cef3d3607c2ecb5cd43,tp16_hbm4_80t_mesh2d_4x4_onering_qwen_gqa_hmp_fwd_block2x2_bs1_sl262144,/home/haotian/waferchip/mesh2D/astra_sim_picasso/examples/run_scripts/analytical/congestion_aware/configs/gqa_seq_scaling/tp16_hbm4_80t_mesh2d_4x4_onering_qwen_gqa_hmp_fwd_block2x2_bs1_sl262144.json,onering,qwen_gqa_hmp_fwd_block2x2,1,262144,16,,,,,80t,mesh2d,4x4,13708,13708,,,54.1,52.032,SUCCESS,2026-03-29 01:53:02
abf7c6a3af5fc626cea3f058791c427eae6953ea50d6a1fe512a8df3f5d45717,tp16_hbm4_80t_mesh2d_4x4_onering_qwen_gqa_hmp_fwd_block2x2_bs1_sl262144_split4,/home/haotian/waferchip/mesh2D/astra_sim_picasso/examples/run_scripts/analytical/congestion_aware/configs/gqa_seq_scaling/tp16_hbm4_80t_mesh2d_4x4_onering_qwen_gqa_hmp_fwd_block2x2_bs1_sl262144_split4.json,onering,qwen_gqa_hmp_fwd_block2x2_split4,1,262144,16,,,,,80t,mesh2d,4x4,13708,13708,,,54.1,52.032,SUCCESS,2026-03-29 01:53:02
b57dcb8c26a36738801c066c4932e673af7ebe69d50a2f17f505b114e2c4ce29,tp16_hbm4_80t_mesh2d_4x4_onering_qwen_gqa_hmp_fwd_block2x2_bs1_sl262144_split4_bw1500,/home/haotian/waferchip/mesh2D/astra_sim_picasso/examples/run_scripts/analytical/congestion_aware/configs/gqa_seq_scaling/tp16_hbm4_80t_mesh2d_4x4_onering_qwen_gqa_hmp_fwd_block2x2_bs1_sl262144_split4_bw1500.json,onering,qwen_gqa_hmp_fwd_block2x2_split4_bw1500,1,262144,16,,,,,80t,mesh2d,4x4,13708,13708,,,54.1,52.032,SUCCESS,2026-03-29 01:53:02
7e78632659c7e37922159484f9493f3c87e88be474cc11faa8ff771ac9c2c75e,tp16_hbm4_80t_mesh2d_4x4_onering_qwen_gqa_hmp_fwd_block2x2_bs1_sl262144_split4_d2d15ns,/home/haotian/waferchip/mesh2D/astra_sim_picasso/examples/run_scripts/analytical/congestion_aware/configs/gqa_seq_scaling/tp16_hbm4_80t_mesh2d_4x4_onering_qwen_gqa_hmp_fwd_block2x2_bs1_sl262144_split4_d2d15ns.json,onering,qwen_gqa_hmp_fwd_block2x2_split4_d2d15ns,1,262144,16,,,,,80t,mesh2d,4x4,13708,13708,,,54.1,52.032,SUCCESS,2026-03-29 01:53:02
27d1bca7c365a4ac9beeadc2e8bc4175d6f8dd0d2a2985f305fe7d90d9a3aa4b,tp16_hbm4_80t_mesh2d_4x4_onering_qwen_gqa_hmp_fwd_block2x2_bs1_sl32768,/home/haotian/waferchip/mesh2D/astra_sim_picasso/examples/run_scripts/analytical/congestion_aware/configs/gqa_seq_scaling/tp16_hbm4_80t_mesh2d_4x4_onering_qwen_gqa_hmp_fwd_block2x2_bs1_sl32768.json,onering,qwen_gqa_hmp_fwd_block2x2,1,32768,16,,,,,80t,mesh2d,4x4,1964,1964,,,59.93,45.503,SUCCESS,2026-03-29 01:53:02
0287961c50170d1fe2c90271f2d5371b63b2d1d308aa94550d11cd49d7f5db04,tp16_hbm4_80t_mesh2d_4x4_onering_qwen_gqa_hmp_fwd_block2x2_bs1_sl32768_split4,/home/haotian/waferchip/mesh2D/astra_sim_picasso/examples/run_scripts/analytical/congestion_aware/configs/gqa_seq_scaling/tp16_hbm4_80t_mesh2d_4x4_onering_qwen_gqa_hmp_fwd_block2x2_bs1_sl32768_split4.json,onering,qwen_gqa_hmp_fwd_block2x2_split4,1,32768,16,,,,,80t,mesh2d,4x4,1964,1964,,,59.93,45.503,SUCCESS,2026-03-29 01:53:02
096761b52ec7ee650f140639d01dcfb384ecffbcd5c0759872afcc5a7317897b,tp16_hbm4_80t_mesh2d_4x4_onering_qwen_gqa_hmp_fwd_block2x2_bs1_sl32768_split4_bw1500,/home/haotian/waferchip/mesh2D/astra_sim_picasso/examples/run_scripts/analytical/congestion_aware/configs/gqa_seq_scaling/tp16_hbm4_80t_mesh2d_4x4_onering_qwen_gqa_hmp_fwd_block2x2_bs1_sl32768_split4_bw1500.json,onering,qwen_gqa_hmp_fwd_block2x2_split4_bw1500,1,32768,16,,,,,80t,mesh2d,4x4,1964,1964,,,59.93,45.503,SUCCESS,2026-03-29 01:53:02
b8fc3719d643784d01f26415683008b50315b166a23624030f7346f2633ed297,tp16_hbm4_80t_mesh2d_4x4_onering_qwen_gqa_hmp_fwd_block2x2_bs1_sl32768_split4_d2d15ns,/home/haotian/waferchip/mesh2D/astra_sim_picasso/examples/run_scripts/analytical/congestion_aware/configs/gqa_seq_scaling/tp16_hbm4_80t_mesh2d_4x4_onering_qwen_gqa_hmp_fwd_block2x2_bs1_sl32768_split4_d2d15ns.json,onering,qwen_gqa_hmp_fwd_block2x2_split4_d2d15ns,1,32768,16,,,,,80t,mesh2d,4x4,1964,1964,,,59.93,45.503,SUCCESS,2026-03-29 01:53:02
bcd170a862672bd7c094ce4cc01868545f026ab55637e53841e71ecd08c93cdd,tp16_hbm4_80t_mesh2d_4x4_onering_qwen_gqa_hmp_fwd_block2x2_bs1_sl4096,/home/haotian/waferchip/mesh2D/astra_sim_picasso/examples/run_scripts/analytical/congestion_aware/configs/gqa_seq_scaling/tp16_hbm4_80t_mesh2d_4x4_onering_qwen_gqa_hmp_fwd_block2x2_bs1_sl4096.json,onering,qwen_gqa_hmp_fwd_block2x2,1,4096,16,,,,,80t,mesh2d,4x4,496,496,,,80.03,22.988,SUCCESS,2026-03-29 01:53:03
0f5ef71b655e01c2b9a05dcfc719f80a2aa63c5880035f940dcccfb36696fc9a,tp16_hbm4_80t_mesh2d_4x4_onering_qwen_gqa_hmp_fwd_block2x2_bs1_sl4096_split4,/home/haotian/waferchip/mesh2D/astra_sim_picasso/examples/run_scripts/analytical/congestion_aware/configs/gqa_seq_scaling/tp16_hbm4_80t_mesh2d_4x4_onering_qwen_gqa_hmp_fwd_block2x2_bs1_sl4096_split4.json,onering,qwen_gqa_hmp_fwd_block2x2_split4,1,4096,16,,,,,80t,mesh2d,4x4,496,496,,,80.03,22.988,SUCCESS,2026-03-29 01:53:03
142840168413e3f1648bdbf34e28c98c1f9664e6a5ec4db8a39087c27dc75e46,tp16_hbm4_80t_mesh2d_4x4_onering_qwen_gqa_hmp_fwd_block2x2_bs1_sl4096_split4_bw1500,/home/haotian/waferchip/mesh2D/astra_sim_picasso/examples/run_scripts/analytical/congestion_aware/configs/gqa_seq_scaling/tp16_hbm4_80t_mesh2d_4x4_onering_qwen_gqa_hmp_fwd_block2x2_bs1_sl4096_split4_bw1500.json,onering,qwen_gqa_hmp_fwd_block2x2_split4_bw1500,1,4096,16,,,,,80t,mesh2d,4x4,496,496,,,80.03,22.988,SUCCESS,2026-03-29 01:53:03
d40c000687c76c22678f5131ca5f9349e88b6d885a140e4ada9efd7fc2e63ea5,tp16_hbm4_80t_mesh2d_4x4_onering_qwen_gqa_hmp_fwd_block2x2_bs1_sl4096_split4_d2d15ns,/home/haotian/waferchip/mesh2D/astra_sim_picasso/examples/run_scripts/analytical/congestion_aware/configs/gqa_seq_scaling/tp16_hbm4_80t_mesh2d_4x4_onering_qwen_gqa_hmp_fwd_block2x2_bs1_sl4096_split4_d2d15ns.json,onering,qwen_gqa_hmp_fwd_block2x2_split4_d2d15ns,1,4096,16,,,,,80t,mesh2d,4x4,496,496,,,80.03,22.988,SUCCESS,2026-03-29 01:53:03
7762085b55a36326fe5eefcee643846fa4e69963e21a3dc2667dcd0c57c26627,tp16_hbm4_80t_mesh2d_4x4_onering_qwen_gqa_hmp_fwd_block2x2_bs1_sl524288,/home/haotian/waferchip/mesh2D/astra_sim_picasso/examples/run_scripts/analytical/congestion_aware/configs/gqa_seq_scaling/tp16_hbm4_80t_mesh2d_4x4_onering_qwen_gqa_hmp_fwd_block2x2_bs1_sl524288.json,onering,qwen_gqa_hmp_fwd_block2x2,1,524288,16,,,,,80t,mesh2d,4x4,27128,27128,,,53.618,52.573,SUCCESS,2026-03-29 01:53:03
414126233f4c081eff85b52feba680cbefb77d3d542c4545633132216801383b,tp16_hbm4_80t_mesh2d_4x4_onering_qwen_gqa_hmp_fwd_block2x2_bs1_sl524288_split4,/home/haotian/waferchip/mesh2D/astra_sim_picasso/examples/run_scripts/analytical/congestion_aware/configs/gqa_seq_scaling/tp16_hbm4_80t_mesh2d_4x4_onering_qwen_gqa_hmp_fwd_block2x2_bs1_sl524288_split4.json,onering,qwen_gqa_hmp_fwd_block2x2_split4,1,524288,16,,,,,80t,mesh2d,4x4,27128,27128,,,53.618,52.573,SUCCESS,2026-03-29 01:53:03
a2f681efd265b7714c251915b11985f18bf46d01b8865b47a3fa36a899788a1f,tp16_hbm4_80t_mesh2d_4x4_onering_qwen_gqa_hmp_fwd_block2x2_bs1_sl524288_split4_bw1500,/home/haotian/waferchip/mesh2D/astra_sim_picasso/examples/run_scripts/analytical/congestion_aware/configs/gqa_seq_scaling/tp16_hbm4_80t_mesh2d_4x4_onering_qwen_gqa_hmp_fwd_block2x2_bs1_sl524288_split4_bw1500.json,onering,qwen_gqa_hmp_fwd_block2x2_split4_bw1500,1,524288,16,,,,,80t,mesh2d,4x4,27128,27128,,,53.618,52.573,SUCCESS,2026-03-29 01:53:03
c0c9c76acdf5dc44994508ef3a8a81e1d444388e3ddf56ad8f983f9badcf48a9,tp16_hbm4_80t_mesh2d_4x4_onering_qwen_gqa_hmp_fwd_block2x2_bs1_sl524288_split4_d2d15ns,/home/haotian/waferchip/mesh2D/astra_sim_picasso/examples/run_scripts/analytical/congestion_aware/configs/gqa_seq_scaling/tp16_hbm4_80t_mesh2d_4x4_onering_qwen_gqa_hmp_fwd_block2x2_bs1_sl524288_split4_d2d15ns.json,onering,qwen_gqa_hmp_fwd_block2x2_split4_d2d15ns,1,524288,16,,,,,80t,mesh2d,4x4,27128,27128,,,53.618,52.573,SUCCESS,2026-03-29 01:53:03
b1ddad4bdf70c6464342de86947ce3a484e9bcf26e53e3f4b9a01b7f9ca0d6d5,tp16_hbm4_80t_mesh2d_4x4_onering_qwen_gqa_hmp_fwd_block2x2_bs1_sl65536,/home/haotian/waferchip/mesh2D/astra_sim_picasso/examples/run_scripts/analytical/congestion_aware/configs/gqa_seq_scaling/tp16_hbm4_80t_mesh2d_4x4_onering_qwen_gqa_hmp_fwd_block2x2_bs1_sl65536.json,onering,qwen_gqa_hmp_fwd_block2x2,1,65536,16,,,,,80t,mesh2d,4x4,3640,3640,,,56.798,49.011,SUCCESS,2026-03-29 01:53:03
4199a4ea30ede2dc37e20a54476a8bf26520e447b415a0bb1e00970983d539a4,tp16_hbm4_80t_mesh2d_4x4_onering_qwen_gqa_hmp_fwd_block2x2_bs1_sl65536_split4,/home/haotian/waferchip/mesh2D/astra_sim_picasso/examples/run_scripts/analytical/congestion_aware/configs/gqa_seq_scaling/tp16_hbm4_80t_mesh2d_4x4_onering_qwen_gqa_hmp_fwd_block2x2_bs1_sl65536_split4.json,onering,qwen_gqa_hmp_fwd_block2x2_split4,1,65536,16,,,,,80t,mesh2d,4x4,3640,3640,,,56.798,49.011,SUCCESS,2026-03-29 01:53:03
dc8b8ac85f90a34d07f233fc85503d543def73ab081ca99fa48fed109758537e,tp16_hbm4_80t_mesh2d_4x4_onering_qwen_gqa_hmp_fwd_block2x2_bs1_sl65536_split4_bw1500,/home/haotian/waferchip/mesh2D/astra_sim_picasso/examples/run_scripts/analytical/congestion_aware/configs/gqa_seq_scaling/tp16_hbm4_80t_mesh2d_4x4_onering_qwen_gqa_hmp_fwd_block2x2_bs1_sl65536_split4_bw1500.json,onering,qwen_gqa_hmp_fwd_block2x2_split4_bw1500,1,65536,16,,,,,80t,mesh2d,4x4,3640,3640,,,56.798,49.011,SUCCESS,2026-03-29 01:53:03
3e69b73b675a54f890686bf2d7ac4d15bfdbb0f60a73e40a5c649b4f5cd86474,tp16_hbm4_80t_mesh2d_4x4_onering_qwen_gqa_hmp_fwd_block2x2_bs1_sl65536_split4_d2d15ns,/home/haotian/waferchip/mesh2D/astra_sim_picasso/examples/run_scripts/analytical/congestion_aware/configs/gqa_seq_scaling/tp16_hbm4_80t_mesh2d_4x4_onering_qwen_gqa_hmp_fwd_block2x2_bs1_sl65536_split4_d2d15ns.json,onering,qwen_gqa_hmp_fwd_block2x2_split4_d2d15ns,1,65536,16,,,,,80t,mesh2d,4x4,3640,3640,,,56.798,49.011,SUCCESS,2026-03-29 01:53:03
83ecc95df05d6c0c13b480289b2f178f3abedba23e8158d2e25e97e36bb87a40,tp16_hbm4_80t_mesh2d_4x4_onering_qwen_gqa_hmp_fwd_block2x2_bs1_sl8192,/home/haotian/waferchip/mesh2D/astra_sim_picasso/examples/run_scripts/analytical/congestion_aware/configs/gqa_seq_scaling/tp16_hbm4_80t_mesh2d_4x4_onering_qwen_gqa_hmp_fwd_block2x2_bs1_sl8192.json,onering,qwen_gqa_hmp_fwd_block2x2,1,8192,16,,,,,80t,mesh2d,4x4,704,704,,,72.092,31.879,SUCCESS,2026-03-29 01:53:03
239192c7f98726a50534a8a1851c2d2d96cadeeb61e24a7ed0827835c96a31b6,tp16_hbm4_80t_mesh2d_4x4_onering_qwen_gqa_hmp_fwd_block2x2_bs1_sl8192_split4,/home/haotian/waferchip/mesh2D/astra_sim_picasso/examples/run_scripts/analytical/congestion_aware/configs/gqa_seq_scaling/tp16_hbm4_80t_mesh2d_4x4_onering_qwen_gqa_hmp_fwd_block2x2_bs1_sl8192_split4.json,onering,qwen_gqa_hmp_fwd_block2x2_split4,1,8192,16,,,,,80t,mesh2d,4x4,704,704,,,72.092,31.879,SUCCESS,2026-03-29 01:53:03
8affcd1f46ad6f3c0b61927e85133f23b678428854f08323fe0217ca5eede7db,tp16_hbm4_80t_mesh2d_4x4_onering_qwen_gqa_hmp_fwd_block2x2_bs1_sl8192_split4_bw1500,/home/haotian/waferchip/mesh2D/astra_sim_picasso/examples/run_scripts/analytical/congestion_aware/configs/gqa_seq_scaling/tp16_hbm4_80t_mesh2d_4x4_onering_qwen_gqa_hmp_fwd_block2x2_bs1_sl8192_split4_bw1500.json,onering,qwen_gqa_hmp_fwd_block2x2_split4_bw1500,1,8192,16,,,,,80t,mesh2d,4x4,704,704,,,72.092,31.879,SUCCESS,2026-03-29 01:53:03
4f80c359d8e7144216f3de92a2c643f7f398893365421920edd51a01a74eecc0,tp16_hbm4_80t_mesh2d_4x4_onering_qwen_gqa_hmp_fwd_block2x2_bs1_sl8192_split4_d2d15ns,/home/haotian/waferchip/mesh2D/astra_sim_picasso/examples/run_scripts/analytical/congestion_aware/configs/gqa_seq_scaling/tp16_hbm4_80t_mesh2d_4x4_onering_qwen_gqa_hmp_fwd_block2x2_bs1_sl8192_split4_d2d15ns.json,onering,qwen_gqa_hmp_fwd_block2x2_split4_d2d15ns,1,8192,16,,,,,80t,mesh2d,4x4,704,704,,,72.092,31.879,SUCCESS,2026-03-29 01:53:03
99475b8b1aa51512ebb755c3e2ca37750edbe4ac404c890f93aba28e9c0f8856,tp16_hbm4_80t_mesh2d_4x4_onering_qwen_gqa_tp16_fwd_block2x2_bs1_sl1024,/home/haotian/waferchip/mesh2D/astra_sim_picasso/examples/run_scripts/analytical/congestion_aware/configs/gqa_seq_scaling/tp16_hbm4_80t_mesh2d_4x4_onering_qwen_gqa_tp16_fwd_block2x2_bs1_sl1024.json,onering,qwen_gqa_tp16_fwd_block2x2,1,1024,16,,,,,80t,mesh2d,4x4,21044,164,20880,,69.848,35.333,SUCCESS,2026-03-29 01:53:05
e0fffc1e2e9c4d452f460cece6e471115d11a3135a97711cbbd453af8acd01b1,tp16_hbm4_80t_mesh2d_4x4_onering_qwen_gqa_tp16_fwd_bs1_sl1024,/home/haotian/waferchip/mesh2D/astra_sim_picasso/examples/run_scripts/analytical/congestion_aware/configs/gqa_seq_scaling/tp16_hbm4_80t_mesh2d_4x4_onering_qwen_gqa_tp16_fwd_bs1_sl1024.json,onering,qwen_gqa_tp16_fwd,1,1024,16,,,,,80t,mesh2d,4x4,23442,162,23280,,84.433,21.199,SUCCESS,2026-03-29 01:53:08
7480440f9dbe5baba16e908d74effc8e58633f64cf3f048b2bd166b9490db563,tp16_hbm4_80t_mesh2d_4x4_onering_qwen_gqa_tp16_fwd_bs1_sl1024_split4,/home/haotian/waferchip/mesh2D/astra_sim_picasso/examples/run_scripts/analytical/congestion_aware/configs/gqa_seq_scaling/tp16_hbm4_80t_mesh2d_4x4_onering_qwen_gqa_tp16_fwd_bs1_sl1024_split4.json,onering,qwen_gqa_tp16_fwd_split4,1,1024,16,,,,,80t,mesh2d,4x4,3172,162,3010,,84.433,21.199,SUCCESS,2026-03-29 01:53:08
f195332a8fa1ed5595b00f518aa928f3180351b3693c4a91f7fa4fd806f3065b,tp16_hbm4_80t_mesh2d_4x4_onering_qwen_gqa_tp16_fwd_bs1_sl1024_split4_bw1500,/home/haotian/waferchip/mesh2D/astra_sim_picasso/examples/run_scripts/analytical/congestion_aware/configs/gqa_seq_scaling/tp16_hbm4_80t_mesh2d_4x4_onering_qwen_gqa_tp16_fwd_bs1_sl1024_split4_bw1500.json,onering,qwen_gqa_tp16_fwd_split4_bw1500,1,1024,16,,,,,80t,mesh2d,4x4,792,162,630,,84.433,21.199,SUCCESS,2026-03-29 01:53:09
677896538c5cddf6cccefe0bc04c21af529573ae84dd6dfc58ec1f7f67c3b4ea,tp16_hbm4_80t_mesh2d_4x4_onering_qwen_gqa_tp16_fwd_bs1_sl1024_split4_d2d15ns,/home/haotian/waferchip/mesh2D/astra_sim_picasso/examples/run_scripts/analytical/congestion_aware/configs/gqa_seq_scaling/tp16_hbm4_80t_mesh2d_4x4_onering_qwen_gqa_tp16_fwd_bs1_sl1024_split4_d2d15ns.json,onering,qwen_gqa_tp16_fwd_split4_d2d15ns,1,1024,16,,,,,80t,mesh2d,4x4,792,162,630,,84.433,21.199,SUCCESS,2026-03-29 01:53:09
c796a51b356c33fa2cf4b833938c3ff16f071116d69861aea257b7b7a2ac8251,tp16_hbm4_80t_mesh2d_4x4_onering_qwen_gqa_tp16_fwd_bs1_sl1048576,/home/haotian/waferchip/mesh2D/astra_sim_picasso/examples/run_scripts/analytical/congestion_aware/configs/gqa_seq_scaling/tp16_hbm4_80t_mesh2d_4x4_onering_qwen_gqa_tp16_fwd_bs1_sl1048576.json,onering,qwen_gqa_tp16_fwd,1,1048576,16,,,,,80t,mesh2d,4x4,93504,53794,39710,,53.22,62.375,SUCCESS,2026-03-29 01:53:11
323fd44fc7ca1d7cfd117b5efe6e2445545692f1d46037d61633c8f4a269d871,tp16_hbm4_80t_mesh2d_4x4_onering_qwen_gqa_tp16_fwd_bs1_sl1048576_split4,/home/haotian/waferchip/mesh2D/astra_sim_picasso/examples/run_scripts/analytical/congestion_aware/configs/gqa_seq_scaling/tp16_hbm4_80t_mesh2d_4x4_onering_qwen_gqa_tp16_fwd_bs1_sl1048576_split4.json,onering,qwen_gqa_tp16_fwd_split4,1,1048576,16,,,,,80t,mesh2d,4x4,69049,53794,15255,,53.22,62.375,SUCCESS,2026-03-29 01:53:12
73ebabd54a9dbc641f5e752e08061b4f29a87719642c59186d15006d3814fddf,tp16_hbm4_80t_mesh2d_4x4_onering_qwen_gqa_tp16_fwd_bs1_sl1048576_split4_bw1500,/home/haotian/waferchip/mesh2D/astra_sim_picasso/examples/run_scripts/analytical/congestion_aware/configs/gqa_seq_scaling/tp16_hbm4_80t_mesh2d_4x4_onering_qwen_gqa_tp16_fwd_bs1_sl1048576_split4_bw1500.json,onering,qwen_gqa_tp16_fwd_split4_bw1500,1,1048576,16,,,,,80t,mesh2d,4x4,71165,53794,17371,,53.22,62.375,SUCCESS,2026-03-29 01:53:13
94aefc732ee59e1fbc1248e9262f7b8f84ea143d3e6fa1e41f96fd0e085d88b7,tp16_hbm4_80t_mesh2d_4x4_onering_qwen_gqa_tp16_fwd_bs1_sl1048576_split4_d2d15ns,/home/haotian/waferchip/mesh2D/astra_sim_picasso/examples/run_scripts/analytical/congestion_aware/configs/gqa_seq_scaling/tp16_hbm4_80t_mesh2d_4x4_onering_qwen_gqa_tp16_fwd_bs1_sl1048576_split4_d2d15ns.json,onering,qwen_gqa_tp16_fwd_split4_d2d15ns,1,1048576,16,,,,,80t,mesh2d,4x4,66927,53794,13133,,53.22,62.375,SUCCESS,2026-03-29 01:53:13
25b485a33597378dadad1b7385cab15a203dbe8d8df8e646a5c3ca2ad40069df,tp16_hbm4_80t_mesh2d_4x4_onering_qwen_gqa_tp16_fwd_bs1_sl131072,/home/haotian/waferchip/mesh2D/astra_sim_picasso/examples/run_scripts/analytical/congestion_aware/configs/gqa_seq_scaling/tp16_hbm4_80t_mesh2d_4x4_onering_qwen_gqa_tp16_fwd_bs1_sl131072.json,onering,qwen_gqa_tp16_fwd,1,131072,16,,,,,80t,mesh2d,4x4,32129,6818,25311,,53.873,61.513,SUCCESS,2026-03-29 01:53:15
e4085893e1686b707560846df0f94d099699b1d13e4f7e34fbeb35f7262c2a02,tp16_hbm4_80t_mesh2d_4x4_onering_qwen_gqa_tp16_fwd_bs1_sl131072_split4,/home/haotian/waferchip/mesh2D/astra_sim_picasso/examples/run_scripts/analytical/congestion_aware/configs/gqa_seq_scaling/tp16_hbm4_80t_mesh2d_4x4_onering_qwen_gqa_tp16_fwd_bs1_sl131072_split4.json,onering,qwen_gqa_tp16_fwd_split4,1,131072,16,,,,,80t,mesh2d,4x4,11113,6818,4295,,53.873,61.513,SUCCESS,2026-03-29 01:53:16
7dee8c44373686b7a780e8ec1b0693a74e416ae83ba268669384096d36e96412,tp16_hbm4_80t_mesh2d_4x4_onering_qwen_gqa_tp16_fwd_bs1_sl131072_split4_bw1500,/home/haotian/waferchip/mesh2D/astra_sim_picasso/examples/run_scripts/analytical/congestion_aware/configs/gqa_seq_scaling/tp16_hbm4_80t_mesh2d_4x4_onering_qwen_gqa_tp16_fwd_bs1_sl131072_split4_bw1500.json,onering,qwen_gqa_tp16_fwd_split4_bw1500,1,131072,16,,,,,80t,mesh2d,4x4,9369,6818,2551,,53.873,61.513,SUCCESS,2026-03-29 01:53:16
8e94ad20312452fa4c9fcd63c701e8831dab3f72ea05fd767972006bb1bb9205,tp16_hbm4_80t_mesh2d_4x4_onering_qwen_gqa_tp16_fwd_bs1_sl131072_split4_d2d15ns,/home/haotian/waferchip/mesh2D/astra_sim_picasso/examples/run_scripts/analytical/congestion_aware/configs/gqa_seq_scaling/tp16_hbm4_80t_mesh2d_4x4_onering_qwen_gqa_tp16_fwd_bs1_sl131072_split4_d2d15ns.json,onering,qwen_gqa_tp16_fwd_split4_d2d15ns,1,131072,16,,,,,80t,mesh2d,4x4,8959,6818,2141,,53.873,61.513,SUCCESS,2026-03-29 01:53:17
ec767e4c08967c46ed3467f3cea1729f523b43593961c83b49ef9a8f007df932,tp16_hbm4_80t_mesh2d_4x4_onering_qwen_gqa_tp16_fwd_bs1_sl16384,/home/haotian/waferchip/mesh2D/astra_sim_picasso/examples/run_scripts/analytical/congestion_aware/configs/gqa_seq_scaling/tp16_hbm4_80t_mesh2d_4x4_onering_qwen_gqa_tp16_fwd_bs1_sl16384.json,onering,qwen_gqa_tp16_fwd,1,16384,16,,,,,80t,mesh2d,4x4,24371,946,23425,,58.514,55.391,SUCCESS,2026-03-29 01:53:19
a25996d61bde280b29fa6cdf15887c296997e809142ce9870ee5d55ed19e030f,tp16_hbm4_80t_mesh2d_4x4_onering_qwen_gqa_tp16_fwd_bs1_sl16384_split4,/home/haotian/waferchip/mesh2D/astra_sim_picasso/examples/run_scripts/analytical/congestion_aware/configs/gqa_seq_scaling/tp16_hbm4_80t_mesh2d_4x4_onering_qwen_gqa_tp16_fwd_bs1_sl16384_split4.json,onering,qwen_gqa_tp16_fwd_split4,1,16384,16,,,,,80t,mesh2d,4x4,4087,946,3141,,58.514,55.391,SUCCESS,2026-03-29 01:53:19
d62201b1bb1522a61bf063d2e58105ad95fbac2be0cb24130b2207303979b651,tp16_hbm4_80t_mesh2d_4x4_onering_qwen_gqa_tp16_fwd_bs1_sl16384_split4_bw1500,/home/haotian/waferchip/mesh2D/astra_sim_picasso/examples/run_scripts/analytical/congestion_aware/configs/gqa_seq_scaling/tp16_hbm4_80t_mesh2d_4x4_onering_qwen_gqa_tp16_fwd_bs1_sl16384_split4_bw1500.json,onering,qwen_gqa_tp16_fwd_split4_bw1500,1,16384,16,,,,,80t,mesh2d,4x4,1750,946,804,,58.514,55.391,SUCCESS,2026-03-29 01:53:20
7001ec5cb20e81cc7d6b3bbfeee4cfdbdf6df076be202c90543a6b19a34afa35,tp16_hbm4_80t_mesh2d_4x4_onering_qwen_gqa_tp16_fwd_bs1_sl16384_split4_d2d15ns,/home/haotian/waferchip/mesh2D/astra_sim_picasso/examples/run_scripts/analytical/congestion_aware/configs/gqa_seq_scaling/tp16_hbm4_80t_mesh2d_4x4_onering_qwen_gqa_tp16_fwd_bs1_sl16384_split4_d2d15ns.json,onering,qwen_gqa_tp16_fwd_split4_d2d15ns,1,16384,16,,,,,80t,mesh2d,4x4,1707,946,761,,58.514,55.391,SUCCESS,2026-03-29 01:53:20
e9b9402bc86043ad38d55d677a26763fbb0a13b3fd474f593734c5644dd2c7ad,tp16_hbm4_80t_mesh2d_4x4_onering_qwen_gqa_tp16_fwd_bs1_sl2048,/home/haotian/waferchip/mesh2D/astra_sim_picasso/examples/run_scripts/analytical/congestion_aware/configs/gqa_seq_scaling/tp16_hbm4_80t_mesh2d_4x4_onering_qwen_gqa_tp16_fwd_bs1_sl2048.json,onering,qwen_gqa_tp16_fwd,1,2048,16,,,,,80t,mesh2d,4x4,23494,214,23280,,76.86,31.188,SUCCESS,2026-03-29 01:53:22
690160eff92f39f260f7678698e018cfa59765140b53cb9e94020d85f002cd02,tp16_hbm4_80t_mesh2d_4x4_onering_qwen_gqa_tp16_fwd_bs1_sl2048_split4,/home/haotian/waferchip/mesh2D/astra_sim_picasso/examples/run_scripts/analytical/congestion_aware/configs/gqa_seq_scaling/tp16_hbm4_80t_mesh2d_4x4_onering_qwen_gqa_tp16_fwd_bs1_sl2048_split4.json,onering,qwen_gqa_tp16_fwd_split4,1,2048,16,,,,,80t,mesh2d,4x4,3224,214,3010,,76.86,31.188,SUCCESS,2026-03-29 01:53:23
96a72def1ad2e29f6229bb2ce123c73b5d97c530e5d686989020e61e73105ad1,tp16_hbm4_80t_mesh2d_4x4_onering_qwen_gqa_tp16_fwd_bs1_sl2048_split4_bw1500,/home/haotian/waferchip/mesh2D/astra_sim_picasso/examples/run_scripts/analytical/congestion_aware/configs/gqa_seq_scaling/tp16_hbm4_80t_mesh2d_4x4_onering_qwen_gqa_tp16_fwd_bs1_sl2048_split4_bw1500.json,onering,qwen_gqa_tp16_fwd_split4_bw1500,1,2048,16,,,,,80t,mesh2d,4x4,855,214,641,,76.86,31.188,SUCCESS,2026-03-29 01:53:23
2f1cc9c8acec10c6c47ed74381231851d2dc287b38e2bacbd3ba182bbe29c562,tp16_hbm4_80t_mesh2d_4x4_onering_qwen_gqa_tp16_fwd_bs1_sl2048_split4_d2d15ns,/home/haotian/waferchip/mesh2D/astra_sim_picasso/examples/run_scripts/analytical/congestion_aware/configs/gqa_seq_scaling/tp16_hbm4_80t_mesh2d_4x4_onering_qwen_gqa_tp16_fwd_bs1_sl2048_split4_d2d15ns.json,onering,qwen_gqa_tp16_fwd_split4_d2d15ns,1,2048,16,,,,,80t,mesh2d,4x4,844,214,630,,76.86,31.188,SUCCESS,2026-03-29 01:53:24
f877dfe7dfff13f861e64c84df40aee533edfbf5d2d2d5233fa57fec4c497860,tp16_hbm4_80t_mesh2d_4x4_onering_qwen_gqa_tp16_fwd_bs1_sl262144,/home/haotian/waferchip/mesh2D/astra_sim_picasso/examples/run_scripts/analytical/congestion_aware/configs/gqa_seq_scaling/tp16_hbm4_80t_mesh2d_4x4_onering_qwen_gqa_tp16_fwd_bs1_sl262144.json,onering,qwen_gqa_tp16_fwd,1,262144,16,,,,,80t,mesh2d,4x4,40872,13530,27342,,53.502,62.002,SUCCESS,2026-03-29 01:53:26
b0a2ddb9b7a88a54e8f6e57c710d288052fea1314e1ba3188916578d441bfa5f,tp16_hbm4_80t_mesh2d_4x4_onering_qwen_gqa_tp16_fwd_bs1_sl262144_split4,/home/haotian/waferchip/mesh2D/astra_sim_picasso/examples/run_scripts/analytical/congestion_aware/configs/gqa_seq_scaling/tp16_hbm4_80t_mesh2d_4x4_onering_qwen_gqa_tp16_fwd_bs1_sl262144_split4.json,onering,qwen_gqa_tp16_fwd_split4,1,262144,16,,,,,80t,mesh2d,4x4,19362,13530,5832,,53.502,62.002,SUCCESS,2026-03-29 01:53:26
cd43fdf1fa7468ff2e59378c7921b2cf7d04d2cbea1821673a1168606233e09a,tp16_hbm4_80t_mesh2d_4x4_onering_qwen_gqa_tp16_fwd_bs1_sl262144_split4_bw1500,/home/haotian/waferchip/mesh2D/astra_sim_picasso/examples/run_scripts/analytical/congestion_aware/configs/gqa_seq_scaling/tp16_hbm4_80t_mesh2d_4x4_onering_qwen_gqa_tp16_fwd_bs1_sl262144_split4_bw1500.json,onering,qwen_gqa_tp16_fwd_split4_bw1500,1,262144,16,,,,,80t,mesh2d,4x4,18187,13530,4657,,53.502,62.002,SUCCESS,2026-03-29 01:53:27
fbc9374accd8c3c296337a157be5f5686cd3e4bcc192347a2af0940cceb3d792,tp16_hbm4_80t_mesh2d_4x4_onering_qwen_gqa_tp16_fwd_bs1_sl262144_split4_d2d15ns,/home/haotian/waferchip/mesh2D/astra_sim_picasso/examples/run_scripts/analytical/congestion_aware/configs/gqa_seq_scaling/tp16_hbm4_80t_mesh2d_4x4_onering_qwen_gqa_tp16_fwd_bs1_sl262144_split4_d2d15ns.json,onering,qwen_gqa_tp16_fwd_split4_d2d15ns,1,262144,16,,,,,80t,mesh2d,4x4,17237,13530,3707,,53.502,62.002,SUCCESS,2026-03-29 01:53:27
057508c589b22936ca40b29c1bbf24ac0fceeff7b9d43849c224dcb1e2e89f56,tp16_hbm4_80t_mesh2d_4x4_onering_qwen_gqa_tp16_fwd_bs1_sl32768,/home/haotian/waferchip/mesh2D/astra_sim_picasso/examples/run_scripts/analytical/congestion_aware/configs/gqa_seq_scaling/tp16_hbm4_80t_mesh2d_4x4_onering_qwen_gqa_tp16_fwd_bs1_sl32768.json,onering,qwen_gqa_tp16_fwd,1,32768,16,,,,,80t,mesh2d,4x4,25501,1786,23715,,55.981,58.733,SUCCESS,2026-03-29 01:53:29
2a3ecabf12496f17e463f035f6a5f2306dcd3ebeb27962d131833e16f4c67764,tp16_hbm4_80t_mesh2d_4x4_onering_qwen_gqa_tp16_fwd_bs1_sl32768_split4,/home/haotian/waferchip/mesh2D/astra_sim_picasso/examples/run_scripts/analytical/congestion_aware/configs/gqa_seq_scaling/tp16_hbm4_80t_mesh2d_4x4_onering_qwen_gqa_tp16_fwd_bs1_sl32768_split4.json,onering,qwen_gqa_tp16_fwd_split4,1,32768,16,,,,,80t,mesh2d,4x4,5078,1786,3292,,55.981,58.733,SUCCESS,2026-03-29 01:53:30
84e745647722e9504c98202de537e75843418d6af4cdcbe6757ca062ea515c95,tp16_hbm4_80t_mesh2d_4x4_onering_qwen_gqa_tp16_fwd_bs1_sl32768_split4_bw1500,/home/haotian/waferchip/mesh2D/astra_sim_picasso/examples/run_scripts/analytical/congestion_aware/configs/gqa_seq_scaling/tp16_hbm4_80t_mesh2d_4x4_onering_qwen_gqa_tp16_fwd_bs1_sl32768_split4_bw1500.json,onering,qwen_gqa_tp16_fwd_split4_bw1500,1,32768,16,,,,,80t,mesh2d,4x4,2823,1786,1037,,55.981,58.733,SUCCESS,2026-03-29 01:53:30
289f738734be6d2d5210566fae9089baf8c1ffb316b7ea2d76fd3b093115fc3f,tp16_hbm4_80t_mesh2d_4x4_onering_qwen_gqa_tp16_fwd_bs1_sl32768_split4_d2d15ns,/home/haotian/waferchip/mesh2D/astra_sim_picasso/examples/run_scripts/analytical/congestion_aware/configs/gqa_seq_scaling/tp16_hbm4_80t_mesh2d_4x4_onering_qwen_gqa_tp16_fwd_bs1_sl32768_split4_d2d15ns.json,onering,qwen_gqa_tp16_fwd_split4_d2d15ns,1,32768,16,,,,,80t,mesh2d,4x4,2738,1786,952,,55.981,58.733,SUCCESS,2026-03-29 01:53:31
76e0a99139add2de93b32c774ebe9bc584b0a2074966b411b4e25d6b9d24dd2a,tp16_hbm4_80t_mesh2d_4x4_onering_qwen_gqa_tp16_fwd_bs1_sl4096,/home/haotian/waferchip/mesh2D/astra_sim_picasso/examples/run_scripts/analytical/congestion_aware/configs/gqa_seq_scaling/tp16_hbm4_80t_mesh2d_4x4_onering_qwen_gqa_tp16_fwd_bs1_sl4096.json,onering,qwen_gqa_tp16_fwd,1,4096,16,,,,,80t,mesh2d,4x4,23598,318,23280,,69.122,41.396,SUCCESS,2026-03-29 01:53:32
c53c7d6fac9aae5a2c62320630f1d803f8cfd0ca964cd1ae93548751f233e9f9,tp16_hbm4_80t_mesh2d_4x4_onering_qwen_gqa_tp16_fwd_bs1_sl4096_split4,/home/haotian/waferchip/mesh2D/astra_sim_picasso/examples/run_scripts/analytical/congestion_aware/configs/gqa_seq_scaling/tp16_hbm4_80t_mesh2d_4x4_onering_qwen_gqa_tp16_fwd_bs1_sl4096_split4.json,onering,qwen_gqa_tp16_fwd_split4,1,4096,16,,,,,80t,mesh2d,4x4,3348,318,3030,,69.122,41.396,SUCCESS,2026-03-29 01:53:33
8c8dac759707ce28c1c46daf5d5732eba149dd83015808be04c2fd63fad09118,tp16_hbm4_80t_mesh2d_4x4_onering_qwen_gqa_tp16_fwd_bs1_sl4096_split4_bw1500,/home/haotian/waferchip/mesh2D/astra_sim_picasso/examples/run_scripts/analytical/congestion_aware/configs/gqa_seq_scaling/tp16_hbm4_80t_mesh2d_4x4_onering_qwen_gqa_tp16_fwd_bs1_sl4096_split4_bw1500.json,onering,qwen_gqa_tp16_fwd_split4_bw1500,1,4096,16,,,,,80t,mesh2d,4x4,979,318,661,,69.122,41.396,SUCCESS,2026-03-29 01:53:33
6e2e722e90650849a7454fba2a3eb05062e1d592ec98672cfc03486097f88e91,tp16_hbm4_80t_mesh2d_4x4_onering_qwen_gqa_tp16_fwd_bs1_sl4096_split4_d2d15ns,/home/haotian/waferchip/mesh2D/astra_sim_picasso/examples/run_scripts/analytical/congestion_aware/configs/gqa_seq_scaling/tp16_hbm4_80t_mesh2d_4x4_onering_qwen_gqa_tp16_fwd_bs1_sl4096_split4_d2d15ns.json,onering,qwen_gqa_tp16_fwd_split4_d2d15ns,1,4096,16,,,,,80t,mesh2d,4x4,968,318,650,,69.122,41.396,SUCCESS,2026-03-29 01:53:34
6e0ecc9fd4f867fd3dd98ae94350d0bbfa3e1bf45359652fc767247dbd925c9c,tp16_hbm4_80t_mesh2d_4x4_onering_qwen_gqa_tp16_fwd_bs1_sl524288,/home/haotian/waferchip/mesh2D/astra_sim_picasso/examples/run_scripts/analytical/congestion_aware/configs/gqa_seq_scaling/tp16_hbm4_80t_mesh2d_4x4_onering_qwen_gqa_tp16_fwd_bs1_sl524288.json,onering,qwen_gqa_tp16_fwd,1,524288,16,,,,,80t,mesh2d,4x4,58427,26950,31477,,53.314,62.25,SUCCESS,2026-03-29 01:53:36
4abed0c7ee18ccaf12cb9c73f9f81ab3cdce19266b0ca35f5887bcb3527bb2d6,tp16_hbm4_80t_mesh2d_4x4_onering_qwen_gqa_tp16_fwd_bs1_sl524288_split4,/home/haotian/waferchip/mesh2D/astra_sim_picasso/examples/run_scripts/analytical/congestion_aware/configs/gqa_seq_scaling/tp16_hbm4_80t_mesh2d_4x4_onering_qwen_gqa_tp16_fwd_bs1_sl524288_split4.json,onering,qwen_gqa_tp16_fwd_split4,1,524288,16,,,,,80t,mesh2d,4x4,35923,26950,8973,,53.314,62.25,SUCCESS,2026-03-29 01:53:36
8641a95888da90f0a33a8495a5cf05edda205e85562ddf2ad75d2243af3e4f15,tp16_hbm4_80t_mesh2d_4x4_onering_qwen_gqa_tp16_fwd_bs1_sl524288_split4_bw1500,/home/haotian/waferchip/mesh2D/astra_sim_picasso/examples/run_scripts/analytical/congestion_aware/configs/gqa_seq_scaling/tp16_hbm4_80t_mesh2d_4x4_onering_qwen_gqa_tp16_fwd_bs1_sl524288_split4_bw1500.json,onering,qwen_gqa_tp16_fwd_split4_bw1500,1,524288,16,,,,,80t,mesh2d,4x4,35845,26950,8895,,53.314,62.25,SUCCESS,2026-03-29 01:53:37
933e5f6d6263be292dba594db6f00884a7fe918ce756f696d31ea1a164bd2e98,tp16_hbm4_80t_mesh2d_4x4_onering_qwen_gqa_tp16_fwd_bs1_sl524288_split4_d2d15ns,/home/haotian/waferchip/mesh2D/astra_sim_picasso/examples/run_scripts/analytical/congestion_aware/configs/gqa_seq_scaling/tp16_hbm4_80t_mesh2d_4x4_onering_qwen_gqa_tp16_fwd_bs1_sl524288_split4_d2d15ns.json,onering,qwen_gqa_tp16_fwd_split4_d2d15ns,1,524288,16,,,,,80t,mesh2d,4x4,33798,26950,6848,,53.314,62.25,SUCCESS,2026-03-29 01:53:37
46d568e8314d74b9332f7788a036cc3455c8a62f7c2b13105a0c15a6b0bea028,tp16_hbm4_80t_mesh2d_4x4_onering_qwen_gqa_tp16_fwd_bs1_sl65536,/home/haotian/waferchip/mesh2D/astra_sim_picasso/examples/run_scripts/analytical/congestion_aware/configs/gqa_seq_scaling/tp16_hbm4_80t_mesh2d_4x4_onering_qwen_gqa_tp16_fwd_bs1_sl65536.json,onering,qwen_gqa_tp16_fwd,1,65536,16,,,,,80t,mesh2d,4x4,27685,3462,24223,,54.599,60.556,SUCCESS,2026-03-29 01:53:39
0724d4b1001bf28c80d96b8a590177058d8dab33a99f3a0714d0bb968682a38f,tp16_hbm4_80t_mesh2d_4x4_onering_qwen_gqa_tp16_fwd_bs1_sl65536_split4,/home/haotian/waferchip/mesh2D/astra_sim_picasso/examples/run_scripts/analytical/congestion_aware/configs/gqa_seq_scaling/tp16_hbm4_80t_mesh2d_4x4_onering_qwen_gqa_tp16_fwd_bs1_sl65536_split4.json,onering,qwen_gqa_tp16_fwd_split4,1,65536,16,,,,,80t,mesh2d,4x4,7036,3462,3574,,54.599,60.556,SUCCESS,2026-03-29 01:53:40
c5d02d85adbd844a63adba0d6de0e72ab5c4d11bab2534362f7ffbb70bc6321f,tp16_hbm4_80t_mesh2d_4x4_onering_qwen_gqa_tp16_fwd_bs1_sl65536_split4_bw1500,/home/haotian/waferchip/mesh2D/astra_sim_picasso/examples/run_scripts/analytical/congestion_aware/configs/gqa_seq_scaling/tp16_hbm4_80t_mesh2d_4x4_onering_qwen_gqa_tp16_fwd_bs1_sl65536_split4_bw1500.json,onering,qwen_gqa_tp16_fwd_split4_bw1500,1,65536,16,,,,,80t,mesh2d,4x4,4973,3462,1511,,54.599,60.556,SUCCESS,2026-03-29 01:53:40
1425624cb4707bd40161a200a213193edd32948b4fe7e6484bdbf68a7c860d19,tp16_hbm4_80t_mesh2d_4x4_onering_qwen_gqa_tp16_fwd_bs1_sl65536_split4_d2d15ns,/home/haotian/waferchip/mesh2D/astra_sim_picasso/examples/run_scripts/analytical/congestion_aware/configs/gqa_seq_scaling/tp16_hbm4_80t_mesh2d_4x4_onering_qwen_gqa_tp16_fwd_bs1_sl65536_split4_d2d15ns.json,onering,qwen_gqa_tp16_fwd_split4_d2d15ns,1,65536,16,,,,,80t,mesh2d,4x4,4811,3462,1349,,54.599,60.556,SUCCESS,2026-03-29 01:53:41
7d291267dd0322a7122a839b09453ea482104be3d23c2864017daaab82468069,tp16_hbm4_80t_mesh2d_4x4_onering_qwen_gqa_tp16_fwd_bs1_sl8192,/home/haotian/waferchip/mesh2D/astra_sim_picasso/examples/run_scripts/analytical/congestion_aware/configs/gqa_seq_scaling/tp16_hbm4_80t_mesh2d_4x4_onering_qwen_gqa_tp16_fwd_bs1_sl8192.json,onering,qwen_gqa_tp16_fwd,1,8192,16,,,,,80t,mesh2d,4x4,23806,526,23280,,62.808,49.726,SUCCESS,2026-03-29 01:53:43
257d193acea0bccfe07e22c8f581923dff045f5357da0d4911d1d9aaa0afb621,tp16_hbm4_80t_mesh2d_4x4_onering_qwen_gqa_tp16_fwd_bs1_sl8192_split4,/home/haotian/waferchip/mesh2D/astra_sim_picasso/examples/run_scripts/analytical/congestion_aware/configs/gqa_seq_scaling/tp16_hbm4_80t_mesh2d_4x4_onering_qwen_gqa_tp16_fwd_bs1_sl8192_split4.json,onering,qwen_gqa_tp16_fwd_split4,1,8192,16,,,,,80t,mesh2d,4x4,3596,526,3070,,62.808,49.726,SUCCESS,2026-03-29 01:53:43
840e6da6087d060578f74ba55b30b88f8abd3e22d770bc2ce74a7d7301546894,tp16_hbm4_80t_mesh2d_4x4_onering_qwen_gqa_tp16_fwd_bs1_sl8192_split4_bw1500,/home/haotian/waferchip/mesh2D/astra_sim_picasso/examples/run_scripts/analytical/congestion_aware/configs/gqa_seq_scaling/tp16_hbm4_80t_mesh2d_4x4_onering_qwen_gqa_tp16_fwd_bs1_sl8192_split4_bw1500.json,onering,qwen_gqa_tp16_fwd_split4_bw1500,1,8192,16,,,,,80t,mesh2d,4x4,1238,526,712,,62.808,49.726,SUCCESS,2026-03-29 01:53:44
8a989db84d4f42d07bcb8566e91feb0007cb64792f6df83372d25d6f1ec45bf2,tp16_hbm4_80t_mesh2d_4x4_onering_qwen_gqa_tp16_fwd_bs1_sl8192_split4_d2d15ns,/home/haotian/waferchip/mesh2D/astra_sim_picasso/examples/run_scripts/analytical/congestion_aware/configs/gqa_seq_scaling/tp16_hbm4_80t_mesh2d_4x4_onering_qwen_gqa_tp16_fwd_bs1_sl8192_split4_d2d15ns.json,onering,qwen_gqa_tp16_fwd_split4_d2d15ns,1,8192,16,,,,,80t,mesh2d,4x4,1216,526,690,,62.808,49.726,SUCCESS,2026-03-29 01:53:44
6075c47508f8ed69090b096a13df0afb2a80a39065758f329c3cc81c65775373,tp16_hbm4_80t_split4_bw1500_mesh2d_4x4_onering_llama4_gqa_baseline_fwd_block2x2_bs1_sl1024_split4_bw1500,/home/haotian/waferchip/mesh2D/astra_sim_picasso/examples/run_scripts/analytical/congestion_aware/configs/gqa_seq_scaling/tp16_hbm4_80t_split4_bw1500_mesh2d_4x4_onering_llama4_gqa_baseline_fwd_block2x2_bs1_sl1024_split4_bw1500.json,mesh2d,4x4_onering_llama4_gqa_baseline_fwd_block2x2_split4_bw1500,1,1024,16,,,,,80t,split4,bw1500,708,213,495,,76.752,25.386,SUCCESS,2026-03-29 01:53:45
9cf7071480a7b5ee772b6c8b59bb775367dd736a91b1451db258417591276bde,tp16_hbm4_80t_split4_bw1500_mesh2d_4x4_onering_llama4_gqa_baseline_fwd_block2x2_bs1_sl1048576_split4_bw1500,/home/haotian/waferchip/mesh2D/astra_sim_picasso/examples/run_scripts/analytical/congestion_aware/configs/gqa_seq_scaling/tp16_hbm4_80t_split4_bw1500_mesh2d_4x4_onering_llama4_gqa_baseline_fwd_block2x2_bs1_sl1048576_split4_bw1500.json,mesh2d,4x4_onering_llama4_gqa_baseline_fwd_block2x2_split4_bw1500,1,1048576,16,,,,,80t,split4,bw1500,71102,70607,495,,28.717,77.521,SUCCESS,2026-03-29 01:53:45
f3550baa2dadc47d43c1a700ade11f602bfef06aaa8928a71eccc49155d6c526,tp16_hbm4_80t_split4_bw1500_mesh2d_4x4_onering_llama4_gqa_baseline_fwd_block2x2_bs1_sl131072_split4_bw1500,/home/haotian/waferchip/mesh2D/astra_sim_picasso/examples/run_scripts/analytical/congestion_aware/configs/gqa_seq_scaling/tp16_hbm4_80t_split4_bw1500_mesh2d_4x4_onering_llama4_gqa_baseline_fwd_block2x2_bs1_sl131072_split4_bw1500.json,mesh2d,4x4_onering_llama4_gqa_baseline_fwd_block2x2_split4_bw1500,1,131072,16,,,,,80t,split4,bw1500,9446,8951,495,,29.718,76.434,SUCCESS,2026-03-29 01:53:46
a8e7b28081223e4f04d7fb971cb60629081c84c07e8ac876179b3a2af65bed45,tp16_hbm4_80t_split4_bw1500_mesh2d_4x4_onering_llama4_gqa_baseline_fwd_block2x2_bs1_sl16384_split4_bw1500,/home/haotian/waferchip/mesh2D/astra_sim_picasso/examples/run_scripts/analytical/congestion_aware/configs/gqa_seq_scaling/tp16_hbm4_80t_split4_bw1500_mesh2d_4x4_onering_llama4_gqa_baseline_fwd_block2x2_bs1_sl16384_split4_bw1500.json,mesh2d,4x4_onering_llama4_gqa_baseline_fwd_block2x2_split4_bw1500,1,16384,16,,,,,80t,split4,bw1500,1740,1245,495,,36.868,68.677,SUCCESS,2026-03-29 01:53:46
56bca9b2607fdb58e6015dd7ba8cb84cbe4c7652fc3a4087a1e151a40f71b0c7,tp16_hbm4_80t_split4_bw1500_mesh2d_4x4_onering_llama4_gqa_baseline_fwd_block2x2_bs1_sl2048_split4_bw1500,/home/haotian/waferchip/mesh2D/astra_sim_picasso/examples/run_scripts/analytical/congestion_aware/configs/gqa_seq_scaling/tp16_hbm4_80t_split4_bw1500_mesh2d_4x4_onering_llama4_gqa_baseline_fwd_block2x2_bs1_sl2048_split4_bw1500.json,mesh2d,4x4_onering_llama4_gqa_baseline_fwd_block2x2_split4_bw1500,1,2048,16,,,,,80t,split4,bw1500,776,281,495,,65.071,38.059,SUCCESS,2026-03-29 01:53:46
6f4ac234b65b571cf546ff3ee7db35552feec26456d595654e7153982aefad73,tp16_hbm4_80t_split4_bw1500_mesh2d_4x4_onering_llama4_gqa_baseline_fwd_block2x2_bs1_sl262144_split4_bw1500,/home/haotian/waferchip/mesh2D/astra_sim_picasso/examples/run_scripts/analytical/congestion_aware/configs/gqa_seq_scaling/tp16_hbm4_80t_split4_bw1500_mesh2d_4x4_onering_llama4_gqa_baseline_fwd_block2x2_bs1_sl262144_split4_bw1500.json,mesh2d,4x4_onering_llama4_gqa_baseline_fwd_block2x2_split4_bw1500,1,262144,16,,,,,80t,split4,bw1500,18254,17759,495,,29.154,77.047,SUCCESS,2026-03-29 01:53:47
a0f84ff48e2b9e051cd4b4b9bc9e0d90debb93de97798b2b03b0a720012679e2,tp16_hbm4_80t_split4_bw1500_mesh2d_4x4_onering_llama4_gqa_baseline_fwd_block2x2_bs1_sl32768_split4_bw1500,/home/haotian/waferchip/mesh2D/astra_sim_picasso/examples/run_scripts/analytical/congestion_aware/configs/gqa_seq_scaling/tp16_hbm4_80t_split4_bw1500_mesh2d_4x4_onering_llama4_gqa_baseline_fwd_block2x2_bs1_sl32768_split4_bw1500.json,mesh2d,4x4_onering_llama4_gqa_baseline_fwd_block2x2_split4_bw1500,1,32768,16,,,,,80t,split4,bw1500,2840,2345,495,,32.982,72.894,SUCCESS,2026-03-29 01:53:47
27d07e23c51a682f1fa4e75235c124efb44fc4f850d07fa762a9100e80d46786,tp16_hbm4_80t_split4_bw1500_mesh2d_4x4_onering_llama4_gqa_baseline_fwd_block2x2_bs1_sl4096_split4_bw1500,/home/haotian/waferchip/mesh2D/astra_sim_picasso/examples/run_scripts/analytical/congestion_aware/configs/gqa_seq_scaling/tp16_hbm4_80t_split4_bw1500_mesh2d_4x4_onering_llama4_gqa_baseline_fwd_block2x2_bs1_sl4096_split4_bw1500.json,mesh2d,4x4_onering_llama4_gqa_baseline_fwd_block2x2_split4_bw1500,1,4096,16,,,,,80t,split4,bw1500,912,417,495,,53.11,51.035,SUCCESS,2026-03-29 01:53:48
86a221015fdf61dc1e401269bd06d2e76bbe49a6101343f3815e025f615b968f,tp16_hbm4_80t_split4_bw1500_mesh2d_4x4_onering_llama4_gqa_baseline_fwd_block2x2_bs1_sl524288_split4_bw1500,/home/haotian/waferchip/mesh2D/astra_sim_picasso/examples/run_scripts/analytical/congestion_aware/configs/gqa_seq_scaling/tp16_hbm4_80t_split4_bw1500_mesh2d_4x4_onering_llama4_gqa_baseline_fwd_block2x2_bs1_sl524288_split4_bw1500.json,mesh2d,4x4_onering_llama4_gqa_baseline_fwd_block2x2_split4_bw1500,1,524288,16,,,,,80t,split4,bw1500,35870,35375,495,,28.863,77.362,SUCCESS,2026-03-29 01:53:48
371f8f7426b361f0815d1301b61406670c60357fa7e33c802fa26fd22c7a6557,tp16_hbm4_80t_split4_bw1500_mesh2d_4x4_onering_llama4_gqa_baseline_fwd_block2x2_bs1_sl65536_split4_bw1500,/home/haotian/waferchip/mesh2D/astra_sim_picasso/examples/run_scripts/analytical/congestion_aware/configs/gqa_seq_scaling/tp16_hbm4_80t_split4_bw1500_mesh2d_4x4_onering_llama4_gqa_baseline_fwd_block2x2_bs1_sl65536_split4_bw1500.json,mesh2d,4x4_onering_llama4_gqa_baseline_fwd_block2x2_split4_bw1500,1,65536,16,,,,,80t,split4,bw1500,5042,4547,495,,30.84,75.216,SUCCESS,2026-03-29 01:53:49
fb591f0429ad933c0d0141dda844e16334f12bc90730353f557fccc158584111,tp16_hbm4_80t_split4_bw1500_mesh2d_4x4_onering_llama4_gqa_baseline_fwd_block2x2_bs1_sl8192_split4_bw1500,/home/haotian/waferchip/mesh2D/astra_sim_picasso/examples/run_scripts/analytical/congestion_aware/configs/gqa_seq_scaling/tp16_hbm4_80t_split4_bw1500_mesh2d_4x4_onering_llama4_gqa_baseline_fwd_block2x2_bs1_sl8192_split4_bw1500.json,mesh2d,4x4_onering_llama4_gqa_baseline_fwd_block2x2_split4_bw1500,1,8192,16,,,,,80t,split4,bw1500,1188,693,495,,43.39,61.594,SUCCESS,2026-03-29 01:53:49
d48260c2711cb446908b5279d7d77c2c59760ea0c934695c65905823ef12c2fb,tp16_hbm4_80t_split4_bw1500_mesh2d_4x4_onering_llama4_gqa_hmp_fwd_block2x2_bs1_sl1024_split4_bw1500,/home/haotian/waferchip/mesh2D/astra_sim_picasso/examples/run_scripts/analytical/congestion_aware/configs/gqa_seq_scaling/tp16_hbm4_80t_split4_bw1500_mesh2d_4x4_onering_llama4_gqa_hmp_fwd_block2x2_bs1_sl1024_split4_bw1500.json,mesh2d,4x4_onering_llama4_gqa_hmp_fwd_block2x2_split4_bw1500,1,1024,16,,,,,80t,split4,bw1500,338,338,,,84.882,17.069,SUCCESS,2026-03-29 01:53:49
929687dc3b10a029fa58289096e6fb1c7a2c9c15ee6ce837af29c9fc5dd0b554,tp16_hbm4_80t_split4_bw1500_mesh2d_4x4_onering_llama4_gqa_hmp_fwd_block2x2_bs1_sl1048576_split4_bw1500,/home/haotian/waferchip/mesh2D/astra_sim_picasso/examples/run_scripts/analytical/congestion_aware/configs/gqa_seq_scaling/tp16_hbm4_80t_split4_bw1500_mesh2d_4x4_onering_llama4_gqa_hmp_fwd_block2x2_bs1_sl1048576_split4_bw1500.json,mesh2d,4x4_onering_llama4_gqa_hmp_fwd_block2x2_split4_bw1500,1,1048576,16,,,,,80t,split4,bw1500,70732,70732,,,28.841,77.389,SUCCESS,2026-03-29 01:53:49
6cc015f4027ef1fd4fdec72a8c86fb9f071a0eb00dd26411e2da151759944c3c,tp16_hbm4_80t_split4_bw1500_mesh2d_4x4_onering_llama4_gqa_hmp_fwd_block2x2_bs1_sl131072_split4_bw1500,/home/haotian/waferchip/mesh2D/astra_sim_picasso/examples/run_scripts/analytical/congestion_aware/configs/gqa_seq_scaling/tp16_hbm4_80t_split4_bw1500_mesh2d_4x4_onering_llama4_gqa_hmp_fwd_block2x2_bs1_sl131072_split4_bw1500.json,mesh2d,4x4_onering_llama4_gqa_hmp_fwd_block2x2_split4_bw1500,1,131072,16,,,,,80t,split4,bw1500,9076,9076,,,30.67,75.42,SUCCESS,2026-03-29 01:53:49
08ceb633a4bbc594084c1b34ae8a297658477e56e198c31b207ece93adc0450e,tp16_hbm4_80t_split4_bw1500_mesh2d_4x4_onering_llama4_gqa_hmp_fwd_block2x2_bs1_sl16384_split4_bw1500,/home/haotian/waferchip/mesh2D/astra_sim_picasso/examples/run_scripts/analytical/congestion_aware/configs/gqa_seq_scaling/tp16_hbm4_80t_split4_bw1500_mesh2d_4x4_onering_llama4_gqa_hmp_fwd_block2x2_bs1_sl16384_split4_bw1500.json,mesh2d,4x4_onering_llama4_gqa_hmp_fwd_block2x2_split4_bw1500,1,16384,16,,,,,80t,split4,bw1500,1370,1370,,,42.515,62.673,SUCCESS,2026-03-29 01:53:49
927d283144d6b2263c814d324a1fc08c09a635e8e5caa711e1e2921844081a7b,tp16_hbm4_80t_split4_bw1500_mesh2d_4x4_onering_llama4_gqa_hmp_fwd_block2x2_bs1_sl2048_split4_bw1500,/home/haotian/waferchip/mesh2D/astra_sim_picasso/examples/run_scripts/analytical/congestion_aware/configs/gqa_seq_scaling/tp16_hbm4_80t_split4_bw1500_mesh2d_4x4_onering_llama4_gqa_hmp_fwd_block2x2_bs1_sl2048_split4_bw1500.json,mesh2d,4x4_onering_llama4_gqa_hmp_fwd_block2x2_split4_bw1500,1,2048,16,,,,,80t,split4,bw1500,406,406,,,75.43,27.239,SUCCESS,2026-03-29 01:53:49
7b1a461ec78c963d2e08cee9b30e9c8bcacb247b102fca47b609af4b2da891f0,tp16_hbm4_80t_split4_bw1500_mesh2d_4x4_onering_llama4_gqa_hmp_fwd_block2x2_bs1_sl262144_split4_bw1500,/home/haotian/waferchip/mesh2D/astra_sim_picasso/examples/run_scripts/analytical/congestion_aware/configs/gqa_seq_scaling/tp16_hbm4_80t_split4_bw1500_mesh2d_4x4_onering_llama4_gqa_hmp_fwd_block2x2_bs1_sl262144_split4_bw1500.json,mesh2d,4x4_onering_llama4_gqa_hmp_fwd_block2x2_split4_bw1500,1,262144,16,,,,,80t,split4,bw1500,17884,17884,,,29.641,76.528,SUCCESS,2026-03-29 01:53:49
843ee4c1bbc2b45e8ef03d21989d960ac3335c67c1efe330c25d90e550f53007,tp16_hbm4_80t_split4_bw1500_mesh2d_4x4_onering_llama4_gqa_hmp_fwd_block2x2_bs1_sl32768_split4_bw1500,/home/haotian/waferchip/mesh2D/astra_sim_picasso/examples/run_scripts/analytical/congestion_aware/configs/gqa_seq_scaling/tp16_hbm4_80t_split4_bw1500_mesh2d_4x4_onering_llama4_gqa_hmp_fwd_block2x2_bs1_sl32768_split4_bw1500.json,mesh2d,4x4_onering_llama4_gqa_hmp_fwd_block2x2_split4_bw1500,1,32768,16,,,,,80t,split4,bw1500,2470,2470,,,36.311,69.35,SUCCESS,2026-03-29 01:53:49
b9c046e65b57db45f56061d64c1bacc33773eaf05249f846095f414066d50331,tp16_hbm4_80t_split4_bw1500_mesh2d_4x4_onering_llama4_gqa_hmp_fwd_block2x2_bs1_sl4096_split4_bw1500,/home/haotian/waferchip/mesh2D/astra_sim_picasso/examples/run_scripts/analytical/congestion_aware/configs/gqa_seq_scaling/tp16_hbm4_80t_split4_bw1500_mesh2d_4x4_onering_llama4_gqa_hmp_fwd_block2x2_bs1_sl4096_split4_bw1500.json,mesh2d,4x4_onering_llama4_gqa_hmp_fwd_block2x2_split4_bw1500,1,4096,16,,,,,80t,split4,bw1500,542,542,,,63.628,39.938,SUCCESS,2026-03-29 01:53:49
d054f62e0abe318f59dbf037422342bfeb258ec3a2b600a4ad944ed417363f78,tp16_hbm4_80t_split4_bw1500_mesh2d_4x4_onering_llama4_gqa_hmp_fwd_block2x2_bs1_sl524288_split4_bw1500,/home/haotian/waferchip/mesh2D/astra_sim_picasso/examples/run_scripts/analytical/congestion_aware/configs/gqa_seq_scaling/tp16_hbm4_80t_split4_bw1500_mesh2d_4x4_onering_llama4_gqa_hmp_fwd_block2x2_bs1_sl524288_split4_bw1500.json,mesh2d,4x4_onering_llama4_gqa_hmp_fwd_block2x2_split4_bw1500,1,524288,16,,,,,80t,split4,bw1500,35500,35500,,,29.109,77.1,SUCCESS,2026-03-29 01:53:49
fb3c1c3914aab82fa81d99464dcf0e921cc5a69dda7233b46705bec4cb931c63,tp16_hbm4_80t_split4_bw1500_mesh2d_4x4_onering_llama4_gqa_hmp_fwd_block2x2_bs1_sl65536_split4_bw1500,/home/haotian/waferchip/mesh2D/astra_sim_picasso/examples/run_scripts/analytical/congestion_aware/configs/gqa_seq_scaling/tp16_hbm4_80t_split4_bw1500_mesh2d_4x4_onering_llama4_gqa_hmp_fwd_block2x2_bs1_sl65536_split4_bw1500.json,mesh2d,4x4_onering_llama4_gqa_hmp_fwd_block2x2_split4_bw1500,1,65536,16,,,,,80t,split4,bw1500,4672,4672,,,32.658,73.28,SUCCESS,2026-03-29 01:53:49
27301d1197d6f171ae0b66feaa4294e7911d9ed86938c0cf606d1fa3266f2d59,tp16_hbm4_80t_split4_bw1500_mesh2d_4x4_onering_llama4_gqa_hmp_fwd_block2x2_bs1_sl8192_split4_bw1500,/home/haotian/waferchip/mesh2D/astra_sim_picasso/examples/run_scripts/analytical/congestion_aware/configs/gqa_seq_scaling/tp16_hbm4_80t_split4_bw1500_mesh2d_4x4_onering_llama4_gqa_hmp_fwd_block2x2_bs1_sl8192_split4_bw1500.json,mesh2d,4x4_onering_llama4_gqa_hmp_fwd_block2x2_split4_bw1500,1,8192,16,,,,,80t,split4,bw1500,818,818,,,51.847,52.625,SUCCESS,2026-03-29 01:53:50
12413512c7af08f483e7f2cec52be1fe3abd1898f7a28e9497be453586b99e3c,tp16_hbm4_80t_split4_bw1500_mesh2d_4x4_onering_llama4_gqa_tp16_fwd_block2x2_bs1_sl1024_split4_bw1500,/home/haotian/waferchip/mesh2D/astra_sim_picasso/examples/run_scripts/analytical/congestion_aware/configs/gqa_seq_scaling/tp16_hbm4_80t_split4_bw1500_mesh2d_4x4_onering_llama4_gqa_tp16_fwd_block2x2_bs1_sl1024_split4_bw1500.json,mesh2d,4x4_onering_llama4_gqa_tp16_fwd_block2x2_split4_bw1500,1,1024,16,,,,,80t,split4,bw1500,734,164,570,,69.848,35.333,SUCCESS,2026-03-29 01:53:50
0831f6642673595ee116520dbca31af4e0bdf77376a4593985dbeb79bb6fe6e8,tp16_hbm4_80t_split4_bw1500_mesh2d_4x4_onering_llama4_gqa_tp16_fwd_block2x2_bs1_sl1048576_split4_bw1500,/home/haotian/waferchip/mesh2D/astra_sim_picasso/examples/run_scripts/analytical/congestion_aware/configs/gqa_seq_scaling/tp16_hbm4_80t_split4_bw1500_mesh2d_4x4_onering_llama4_gqa_tp16_fwd_block2x2_bs1_sl1048576_split4_bw1500.json,mesh2d,4x4_onering_llama4_gqa_tp16_fwd_block2x2_split4_bw1500,1,1048576,16,,,,,80t,split4,bw1500,80747,70558,10189,,28.667,82.034,SUCCESS,2026-03-29 01:53:51
2ce4ccbe041f2809868f296e1b19b79dbbc67bce3ecec70f9dfea8b24cb90a05,tp16_hbm4_80t_split4_bw1500_mesh2d_4x4_onering_llama4_gqa_tp16_fwd_block2x2_bs1_sl131072_split4_bw1500,/home/haotian/waferchip/mesh2D/astra_sim_picasso/examples/run_scripts/analytical/congestion_aware/configs/gqa_seq_scaling/tp16_hbm4_80t_split4_bw1500_mesh2d_4x4_onering_llama4_gqa_tp16_fwd_block2x2_bs1_sl131072_split4_bw1500.json,mesh2d,4x4_onering_llama4_gqa_tp16_fwd_block2x2_split4_bw1500,1,131072,16,,,,,80t,split4,bw1500,10547,8902,1645,,29.331,81.279,SUCCESS,2026-03-29 01:53:51
3fded4ec73030a411282f348b18aa0a4a813bf5dcc8fbee23d15967b436d3542,tp16_hbm4_80t_split4_bw1500_mesh2d_4x4_onering_llama4_gqa_tp16_fwd_block2x2_bs1_sl16384_split4_bw1500,/home/haotian/waferchip/mesh2D/astra_sim_picasso/examples/run_scripts/analytical/congestion_aware/configs/gqa_seq_scaling/tp16_hbm4_80t_split4_bw1500_mesh2d_4x4_onering_llama4_gqa_tp16_fwd_block2x2_bs1_sl16384_split4_bw1500.json,mesh2d,4x4_onering_llama4_gqa_tp16_fwd_block2x2_split4_bw1500,1,16384,16,,,,,80t,split4,bw1500,1856,1196,660,,34.284,75.673,SUCCESS,2026-03-29 01:53:52
cec046d9b98b9f7c97fe3e759de65357c26c3f737cbcf6000443a4d25a24c354,tp16_hbm4_80t_split4_bw1500_mesh2d_4x4_onering_llama4_gqa_tp16_fwd_block2x2_bs1_sl2048_split4_bw1500,/home/haotian/waferchip/mesh2D/astra_sim_picasso/examples/run_scripts/analytical/congestion_aware/configs/gqa_seq_scaling/tp16_hbm4_80t_split4_bw1500_mesh2d_4x4_onering_llama4_gqa_tp16_fwd_block2x2_bs1_sl2048_split4_bw1500.json,mesh2d,4x4_onering_llama4_gqa_tp16_fwd_block2x2_split4_bw1500,1,2048,16,,,,,80t,split4,bw1500,802,232,570,,57.725,49.056,SUCCESS,2026-03-29 01:53:52
0fbf9ab8b8d20435c25dbcd57512c136cc610bd031a751a5adbe56507b2681f8,tp16_hbm4_80t_split4_bw1500_mesh2d_4x4_onering_llama4_gqa_tp16_fwd_block2x2_bs1_sl262144_split4_bw1500,/home/haotian/waferchip/mesh2D/astra_sim_picasso/examples/run_scripts/analytical/congestion_aware/configs/gqa_seq_scaling/tp16_hbm4_80t_split4_bw1500_mesh2d_4x4_onering_llama4_gqa_tp16_fwd_block2x2_bs1_sl262144_split4_bw1500.json,mesh2d,4x4_onering_llama4_gqa_tp16_fwd_block2x2_split4_bw1500,1,262144,16,,,,,80t,split4,bw1500,20579,17710,2869,,28.958,81.705,SUCCESS,2026-03-29 01:53:53
d8cefa21044b4de942f4c53bff44b96d4d55cfae8d5f62c7cf590bd62f08e90c,tp16_hbm4_80t_split4_bw1500_mesh2d_4x4_onering_llama4_gqa_tp16_fwd_block2x2_bs1_sl32768_split4_bw1500,/home/haotian/waferchip/mesh2D/astra_sim_picasso/examples/run_scripts/analytical/congestion_aware/configs/gqa_seq_scaling/tp16_hbm4_80t_split4_bw1500_mesh2d_4x4_onering_llama4_gqa_tp16_fwd_block2x2_bs1_sl32768_split4_bw1500.json,mesh2d,4x4_onering_llama4_gqa_tp16_fwd_block2x2_split4_bw1500,1,32768,16,,,,,80t,split4,bw1500,3068,2296,772,,31.552,78.768,SUCCESS,2026-03-29 01:53:53
2eee9a90d040e2cb0df77531e5dfb59636220fa74da65e7c08dab5c57d131706,tp16_hbm4_80t_split4_bw1500_mesh2d_4x4_onering_llama4_gqa_tp16_fwd_block2x2_bs1_sl4096_split4_bw1500,/home/haotian/waferchip/mesh2D/astra_sim_picasso/examples/run_scripts/analytical/congestion_aware/configs/gqa_seq_scaling/tp16_hbm4_80t_split4_bw1500_mesh2d_4x4_onering_llama4_gqa_tp16_fwd_block2x2_bs1_sl4096_split4_bw1500.json,mesh2d,4x4_onering_llama4_gqa_tp16_fwd_block2x2_split4_bw1500,1,4096,16,,,,,80t,split4,bw1500,956,368,588,,46.883,61.328,SUCCESS,2026-03-29 01:53:54
4a4af0d5372e3dd0b566add07b956503ff80410266dcae56b265993f81076ba5,tp16_hbm4_80t_split4_bw1500_mesh2d_4x4_onering_llama4_gqa_tp16_fwd_block2x2_bs1_sl524288_split4_bw1500,/home/haotian/waferchip/mesh2D/astra_sim_picasso/examples/run_scripts/analytical/congestion_aware/configs/gqa_seq_scaling/tp16_hbm4_80t_split4_bw1500_mesh2d_4x4_onering_llama4_gqa_tp16_fwd_block2x2_bs1_sl524288_split4_bw1500.json,mesh2d,4x4_onering_llama4_gqa_tp16_fwd_block2x2_split4_bw1500,1,524288,16,,,,,80t,split4,bw1500,40643,35326,5317,,28.764,81.924,SUCCESS,2026-03-29 01:53:54
765a81aaf9adf27e573b72816b290ab9f86e2a5e2c386ba1b4b0ed5271503059,tp16_hbm4_80t_split4_bw1500_mesh2d_4x4_onering_llama4_gqa_tp16_fwd_block2x2_bs1_sl65536_split4_bw1500,/home/haotian/waferchip/mesh2D/astra_sim_picasso/examples/run_scripts/analytical/congestion_aware/configs/gqa_seq_scaling/tp16_hbm4_80t_split4_bw1500_mesh2d_4x4_onering_llama4_gqa_tp16_fwd_block2x2_bs1_sl65536_split4_bw1500.json,mesh2d,4x4_onering_llama4_gqa_tp16_fwd_block2x2_split4_bw1500,1,65536,16,,,,,80t,split4,bw1500,5543,4498,1045,,30.087,80.425,SUCCESS,2026-03-29 01:53:55
7757ec377e1323646d20e6b9e2841c0be4ba5cb3975682aab50791284f2a8df7,tp16_hbm4_80t_split4_bw1500_mesh2d_4x4_onering_llama4_gqa_tp16_fwd_block2x2_bs1_sl8192_split4_bw1500,/home/haotian/waferchip/mesh2D/astra_sim_picasso/examples/run_scripts/analytical/congestion_aware/configs/gqa_seq_scaling/tp16_hbm4_80t_split4_bw1500_mesh2d_4x4_onering_llama4_gqa_tp16_fwd_block2x2_bs1_sl8192_split4_bw1500.json,mesh2d,4x4_onering_llama4_gqa_tp16_fwd_block2x2_split4_bw1500,1,8192,16,,,,,80t,split4,bw1500,1259,644,615,,39.089,70.202,SUCCESS,2026-03-29 01:53:55
c1702d3a420fce772c693a4e2317664f5daba87107e38b642260164175ec5f4e,tp16_hbm4_80t_split4_bw1500_mesh2d_4x4_onering_qwen_gqa_baseline_fwd_block2x2_bs32_sl1024,/home/haotian/waferchip/mesh2D/astra_sim_picasso/examples/run_scripts/analytical/congestion_aware/configs/gqa_seq_scaling/tp16_hbm4_80t_split4_bw1500_mesh2d_4x4_onering_qwen_gqa_baseline_fwd_block2x2_bs32_sl1024.json,mesh2d,4x4_onering_qwen_gqa_baseline_fwd_block2x2,32,1024,16,,,,,80t,split4,bw1500,6445,5878,567,,86.524,16.087,SUCCESS,2026-03-29 01:53:56
58bfc2fa28e8db4a29007fa4e70b95795b84c3277317eb75338045b9fd467b81,tp16_hbm4_80t_split4_bw1500_mesh2d_4x4_onering_qwen_gqa_baseline_fwd_block2x2_bs32_sl1048576,/home/haotian/waferchip/mesh2D/astra_sim_picasso/examples/run_scripts/analytical/congestion_aware/configs/gqa_seq_scaling/tp16_hbm4_80t_split4_bw1500_mesh2d_4x4_onering_qwen_gqa_baseline_fwd_block2x2_bs32_sl1048576.json,mesh2d,4x4_onering_qwen_gqa_baseline_fwd_block2x2,32,1048576,16,,,,,80t,split4,bw1500,1722753,1722186,567,,53.239,52.999,SUCCESS,2026-03-29 01:53:56
0f394d66147d021eb6078635f6731d461ea481406cd6068bdb3c7eb3da080c1d,tp16_hbm4_80t_split4_bw1500_mesh2d_4x4_onering_qwen_gqa_baseline_fwd_block2x2_bs32_sl16384,/home/haotian/waferchip/mesh2D/astra_sim_picasso/examples/run_scripts/analytical/congestion_aware/configs/gqa_seq_scaling/tp16_hbm4_80t_split4_bw1500_mesh2d_4x4_onering_qwen_gqa_baseline_fwd_block2x2_bs32_sl16384.json,mesh2d,4x4_onering_qwen_gqa_baseline_fwd_block2x2,32,16384,16,,,,,80t,split4,bw1500,31609,31042,567,,59.45,46.111,SUCCESS,2026-03-29 01:53:56
fec5a65c2d405240e238b437636c75d6238879d3f7e0406ff7bbca33d94158e6,tp16_hbm4_80t_split4_bw1500_mesh2d_4x4_onering_qwen_gqa_baseline_fwd_block2x2_bs32_sl262144,/home/haotian/waferchip/mesh2D/astra_sim_picasso/examples/run_scripts/analytical/congestion_aware/configs/gqa_seq_scaling/tp16_hbm4_80t_split4_bw1500_mesh2d_4x4_onering_qwen_gqa_baseline_fwd_block2x2_bs32_sl262144.json,mesh2d,4x4_onering_qwen_gqa_baseline_fwd_block2x2,32,262144,16,,,,,80t,split4,bw1500,434261,433694,567,,53.578,52.623,SUCCESS,2026-03-29 01:53:56
c1dac80aaba931e75644e24c4b0ff37592892c4052a8e0af85a645ee829a599c,tp16_hbm4_80t_split4_bw1500_mesh2d_4x4_onering_qwen_gqa_baseline_fwd_block2x2_bs32_sl4096,/home/haotian/waferchip/mesh2D/astra_sim_picasso/examples/run_scripts/analytical/congestion_aware/configs/gqa_seq_scaling/tp16_hbm4_80t_split4_bw1500_mesh2d_4x4_onering_qwen_gqa_baseline_fwd_block2x2_bs32_sl4096.json,mesh2d,4x4_onering_qwen_gqa_baseline_fwd_block2x2,32,4096,16,,,,,80t,split4,bw1500,11477,10910,567,,71.121,33.168,SUCCESS,2026-03-29 01:53:57
cd06c2b876856a0eddffa42eeb5d23b5f657a76b790b711516b8e1a9ab6000a0,tp16_hbm4_80t_split4_bw1500_mesh2d_4x4_onering_qwen_gqa_baseline_fwd_block2x2_bs32_sl65536,/home/haotian/waferchip/mesh2D/astra_sim_picasso/examples/run_scripts/analytical/congestion_aware/configs/gqa_seq_scaling/tp16_hbm4_80t_split4_bw1500_mesh2d_4x4_onering_qwen_gqa_baseline_fwd_block2x2_bs32_sl65536.json,mesh2d,4x4_onering_qwen_gqa_baseline_fwd_block2x2,32,65536,16,,,,,80t,split4,bw1500,112141,111574,567,,54.885,51.173,SUCCESS,2026-03-29 01:53:57
94ed7ef6f14472da2b9d45b0bf101a08e7ce46baba34f22a003b33eeaad36252,tp16_hbm4_80t_split4_bw1500_mesh2d_4x4_onering_qwen_gqa_baseline_fwd_block2x2_bs8_sl1024,/home/haotian/waferchip/mesh2D/astra_sim_picasso/examples/run_scripts/analytical/congestion_aware/configs/gqa_seq_scaling/tp16_hbm4_80t_split4_bw1500_mesh2d_4x4_onering_qwen_gqa_baseline_fwd_block2x2_bs8_sl1024.json,mesh2d,4x4_onering_qwen_gqa_baseline_fwd_block2x2,8,1024,16,,,,,80t,split4,bw1500,1968,1467,501,,86.521,16.035,SUCCESS,2026-03-29 01:53:57
20ebfe542810004374195655176cbeee01164c54f651ed6c0e27d9c76fb81fb2,tp16_hbm4_80t_split4_bw1500_mesh2d_4x4_onering_qwen_gqa_baseline_fwd_block2x2_bs8_sl1048576,/home/haotian/waferchip/mesh2D/astra_sim_picasso/examples/run_scripts/analytical/congestion_aware/configs/gqa_seq_scaling/tp16_hbm4_80t_split4_bw1500_mesh2d_4x4_onering_qwen_gqa_baseline_fwd_block2x2_bs8_sl1048576.json,mesh2d,4x4_onering_qwen_gqa_baseline_fwd_block2x2,8,1048576,16,,,,,80t,split4,bw1500,431044,430543,501,,53.239,52.999,SUCCESS,2026-03-29 01:53:58
700dcfa4b39c18f8564121fb57956b1ba545f7d7a41c65ecd07ba35002675396,tp16_hbm4_80t_split4_bw1500_mesh2d_4x4_onering_qwen_gqa_baseline_fwd_block2x2_bs8_sl16384,/home/haotian/waferchip/mesh2D/astra_sim_picasso/examples/run_scripts/analytical/congestion_aware/configs/gqa_seq_scaling/tp16_hbm4_80t_split4_bw1500_mesh2d_4x4_onering_qwen_gqa_baseline_fwd_block2x2_bs8_sl16384.json,mesh2d,4x4_onering_qwen_gqa_baseline_fwd_block2x2,8,16384,16,,,,,80t,split4,bw1500,8260,7759,501,,59.443,46.109,SUCCESS,2026-03-29 01:53:58
ee8a05c6625aeb883b2a1ba584bca74de4bad7e2cb69e915326ffd7207e09e93,tp16_hbm4_80t_split4_bw1500_mesh2d_4x4_onering_qwen_gqa_baseline_fwd_block2x2_bs8_sl262144,/home/haotian/waferchip/mesh2D/astra_sim_picasso/examples/run_scripts/analytical/congestion_aware/configs/gqa_seq_scaling/tp16_hbm4_80t_split4_bw1500_mesh2d_4x4_onering_qwen_gqa_baseline_fwd_block2x2_bs8_sl262144.json,mesh2d,4x4_onering_qwen_gqa_baseline_fwd_block2x2,8,262144,16,,,,,80t,split4,bw1500,108920,108419,501,,53.577,52.623,SUCCESS,2026-03-29 01:53:58
94503af3d828272103fd271c40dc255939a64f76bd91b69518eadd1ab82b4b0b,tp16_hbm4_80t_split4_bw1500_mesh2d_4x4_onering_qwen_gqa_baseline_fwd_block2x2_bs8_sl4096,/home/haotian/waferchip/mesh2D/astra_sim_picasso/examples/run_scripts/analytical/congestion_aware/configs/gqa_seq_scaling/tp16_hbm4_80t_split4_bw1500_mesh2d_4x4_onering_qwen_gqa_baseline_fwd_block2x2_bs8_sl4096.json,mesh2d,4x4_onering_qwen_gqa_baseline_fwd_block2x2,8,4096,16,,,,,80t,split4,bw1500,3224,2723,501,,71.122,33.137,SUCCESS,2026-03-29 01:53:58
9f268f216a874147eba4e7cfab4b96171a9fc673cd62103fbb58520b2fa35c94,tp16_hbm4_80t_split4_bw1500_mesh2d_4x4_onering_qwen_gqa_baseline_fwd_block2x2_bs8_sl65536,/home/haotian/waferchip/mesh2D/astra_sim_picasso/examples/run_scripts/analytical/congestion_aware/configs/gqa_seq_scaling/tp16_hbm4_80t_split4_bw1500_mesh2d_4x4_onering_qwen_gqa_baseline_fwd_block2x2_bs8_sl65536.json,mesh2d,4x4_onering_qwen_gqa_baseline_fwd_block2x2,8,65536,16,,,,,80t,split4,bw1500,28392,27891,501,,54.883,51.173,SUCCESS,2026-03-29 01:53:59
2226b642a092e24ae8a02b4df1dc1cb8a2aa17eb0008e951a683a371f01f7422,tp16_hbm4_80t_split4_bw1500_mesh2d_4x4_onering_qwen_gqa_hmp_fwd_block2x2_bs32_sl1024,/home/haotian/waferchip/mesh2D/astra_sim_picasso/examples/run_scripts/analytical/congestion_aware/configs/gqa_seq_scaling/tp16_hbm4_80t_split4_bw1500_mesh2d_4x4_onering_qwen_gqa_hmp_fwd_block2x2_bs32_sl1024.json,mesh2d,4x4_onering_qwen_gqa_hmp_fwd_block2x2,32,1024,16,,,,,80t,split4,bw1500,10963,10963,,,92.418,9.459,SUCCESS,2026-03-29 01:53:59
359cd9129051489c221972e146344c331c1a781986c77f1b4e6f512a11ce8077,tp16_hbm4_80t_split4_bw1500_mesh2d_4x4_onering_qwen_gqa_hmp_fwd_block2x2_bs32_sl1048576,/home/haotian/waferchip/mesh2D/astra_sim_picasso/examples/run_scripts/analytical/congestion_aware/configs/gqa_seq_scaling/tp16_hbm4_80t_split4_bw1500_mesh2d_4x4_onering_qwen_gqa_hmp_fwd_block2x2_bs32_sl1048576.json,mesh2d,4x4_onering_qwen_gqa_hmp_fwd_block2x2,32,1048576,16,,,,,80t,split4,bw1500,1727271,1727271,,,53.374,52.848,SUCCESS,2026-03-29 01:53:59
8f2de64ff983d56d10deaf52f7236854974334b355d69b47ba5c447e0e6e689f,tp16_hbm4_80t_split4_bw1500_mesh2d_4x4_onering_qwen_gqa_hmp_fwd_block2x2_bs32_sl16384,/home/haotian/waferchip/mesh2D/astra_sim_picasso/examples/run_scripts/analytical/congestion_aware/configs/gqa_seq_scaling/tp16_hbm4_80t_split4_bw1500_mesh2d_4x4_onering_qwen_gqa_hmp_fwd_block2x2_bs32_sl16384.json,mesh2d,4x4_onering_qwen_gqa_hmp_fwd_block2x2,32,16384,16,,,,,80t,split4,bw1500,36127,36127,,,65.05,39.873,SUCCESS,2026-03-29 01:53:59
4ea5bff6ab0bc676ec3a537b311ece98a7e099f112c57b6a3cde315f0603d79c,tp16_hbm4_80t_split4_bw1500_mesh2d_4x4_onering_qwen_gqa_hmp_fwd_block2x2_bs32_sl262144,/home/haotian/waferchip/mesh2D/astra_sim_picasso/examples/run_scripts/analytical/congestion_aware/configs/gqa_seq_scaling/tp16_hbm4_80t_split4_bw1500_mesh2d_4x4_onering_qwen_gqa_hmp_fwd_block2x2_bs32_sl262144.json,mesh2d,4x4_onering_qwen_gqa_hmp_fwd_block2x2,32,262144,16,,,,,80t,split4,bw1500,438779,438779,,,54.107,52.034,SUCCESS,2026-03-29 01:53:59
8768408ae8995f7621230b71bae04119a5a75cde4a9bd5222100bfe9895ae784,tp16_hbm4_80t_split4_bw1500_mesh2d_4x4_onering_qwen_gqa_hmp_fwd_block2x2_bs32_sl4096,/home/haotian/waferchip/mesh2D/astra_sim_picasso/examples/run_scripts/analytical/congestion_aware/configs/gqa_seq_scaling/tp16_hbm4_80t_split4_bw1500_mesh2d_4x4_onering_qwen_gqa_hmp_fwd_block2x2_bs32_sl4096.json,mesh2d,4x4_onering_qwen_gqa_hmp_fwd_block2x2,32,4096,16,,,,,80t,split4,bw1500,15995,15995,,,80.058,23.195,SUCCESS,2026-03-29 01:53:59
0300de80cac5136f06e2131b39a8123621baf2b0e293f083c800c93e6f302a61,tp16_hbm4_80t_split4_bw1500_mesh2d_4x4_onering_qwen_gqa_hmp_fwd_block2x2_bs32_sl65536,/home/haotian/waferchip/mesh2D/astra_sim_picasso/examples/run_scripts/analytical/congestion_aware/configs/gqa_seq_scaling/tp16_hbm4_80t_split4_bw1500_mesh2d_4x4_onering_qwen_gqa_hmp_fwd_block2x2_bs32_sl65536.json,mesh2d,4x4_onering_qwen_gqa_hmp_fwd_block2x2,32,65536,16,,,,,80t,split4,bw1500,116659,116659,,,56.818,49.021,SUCCESS,2026-03-29 01:53:59
a8decbeddecfb0b50b9e8ef784603d0cce275da3d0e04c0b9163aea031a15dd2,tp16_hbm4_80t_split4_bw1500_mesh2d_4x4_onering_qwen_gqa_hmp_fwd_block2x2_bs8_sl1024,/home/haotian/waferchip/mesh2D/astra_sim_picasso/examples/run_scripts/analytical/congestion_aware/configs/gqa_seq_scaling/tp16_hbm4_80t_split4_bw1500_mesh2d_4x4_onering_qwen_gqa_hmp_fwd_block2x2_bs8_sl1024.json,mesh2d,4x4_onering_qwen_gqa_hmp_fwd_block2x2,8,1024,16,,,,,80t,split4,bw1500,2738,2738,,,92.42,9.427,SUCCESS,2026-03-29 01:53:59
9ca12b6c1ff2caf6664486cd506f7fe8c696066c581cc78f487106c58e172ce1,tp16_hbm4_80t_split4_bw1500_mesh2d_4x4_onering_qwen_gqa_hmp_fwd_block2x2_bs8_sl1048576,/home/haotian/waferchip/mesh2D/astra_sim_picasso/examples/run_scripts/analytical/congestion_aware/configs/gqa_seq_scaling/tp16_hbm4_80t_split4_bw1500_mesh2d_4x4_onering_qwen_gqa_hmp_fwd_block2x2_bs8_sl1048576.json,mesh2d,4x4_onering_qwen_gqa_hmp_fwd_block2x2,8,1048576,16,,,,,80t,split4,bw1500,431814,431814,,,53.374,52.848,SUCCESS,2026-03-29 01:53:59
1b1e2481c6cabb22c68c5d4a391a10c6776e7757312d85924c2f15e4d6e0c6a4,tp16_hbm4_80t_split4_bw1500_mesh2d_4x4_onering_qwen_gqa_hmp_fwd_block2x2_bs8_sl16384,/home/haotian/waferchip/mesh2D/astra_sim_picasso/examples/run_scripts/analytical/congestion_aware/configs/gqa_seq_scaling/tp16_hbm4_80t_split4_bw1500_mesh2d_4x4_onering_qwen_gqa_hmp_fwd_block2x2_bs8_sl16384.json,mesh2d,4x4_onering_qwen_gqa_hmp_fwd_block2x2,8,16384,16,,,,,80t,split4,bw1500,9030,9030,,,65.043,39.872,SUCCESS,2026-03-29 01:53:59
c87d87349031ae4d346838e0149a0c39510ff598b8f3c5daad9478102378b190,tp16_hbm4_80t_split4_bw1500_mesh2d_4x4_onering_qwen_gqa_hmp_fwd_block2x2_bs8_sl262144,/home/haotian/waferchip/mesh2D/astra_sim_picasso/examples/run_scripts/analytical/congestion_aware/configs/gqa_seq_scaling/tp16_hbm4_80t_split4_bw1500_mesh2d_4x4_onering_qwen_gqa_hmp_fwd_block2x2_bs8_sl262144.json,mesh2d,4x4_onering_qwen_gqa_hmp_fwd_block2x2,8,262144,16,,,,,80t,split4,bw1500,109690,109690,,,54.106,52.034,SUCCESS,2026-03-29 01:54:00
2c335cc72b3aea9c4518e2d3fe6985734a9ec5c9846161b1465de1bb0b98b927,tp16_hbm4_80t_split4_bw1500_mesh2d_4x4_onering_qwen_gqa_hmp_fwd_block2x2_bs8_sl4096,/home/haotian/waferchip/mesh2D/astra_sim_picasso/examples/run_scripts/analytical/congestion_aware/configs/gqa_seq_scaling/tp16_hbm4_80t_split4_bw1500_mesh2d_4x4_onering_qwen_gqa_hmp_fwd_block2x2_bs8_sl4096.json,mesh2d,4x4_onering_qwen_gqa_hmp_fwd_block2x2,8,4096,16,,,,,80t,split4,bw1500,3994,3994,,,80.066,23.166,SUCCESS,2026-03-29 01:54:00
d1e14df1f632d21611a9592c64a878348d30e6799728b52dbe2d98e40feb6b96,tp16_hbm4_80t_split4_bw1500_mesh2d_4x4_onering_qwen_gqa_hmp_fwd_block2x2_bs8_sl65536,/home/haotian/waferchip/mesh2D/astra_sim_picasso/examples/run_scripts/analytical/congestion_aware/configs/gqa_seq_scaling/tp16_hbm4_80t_split4_bw1500_mesh2d_4x4_onering_qwen_gqa_hmp_fwd_block2x2_bs8_sl65536.json,mesh2d,4x4_onering_qwen_gqa_hmp_fwd_block2x2,8,65536,16,,,,,80t,split4,bw1500,29162,29162,,,56.816,49.021,SUCCESS,2026-03-29 01:54:00
8f6d9c19a1d775125e3a414012241bab57ef324a88746ade02975b25b769094a,tp16_hbm4_80t_split4_bw1500_mesh2d_4x4_onering_qwen_gqa_tp16_fwd_block2x2_bs32_sl1024,/home/haotian/waferchip/mesh2D/astra_sim_picasso/examples/run_scripts/analytical/congestion_aware/configs/gqa_seq_scaling/tp16_hbm4_80t_split4_bw1500_mesh2d_4x4_onering_qwen_gqa_tp16_fwd_block2x2_bs32_sl1024.json,mesh2d,4x4_onering_qwen_gqa_tp16_fwd_block2x2,32,1024,16,,,,,80t,split4,bw1500,6350,5239,1111,,84.988,21.256,SUCCESS,2026-03-29 01:54:00
6cb73150b092b67929038049ba47455fda11c8b651ed315168db97246bbb5a04,tp16_hbm4_80t_split4_bw1500_mesh2d_4x4_onering_qwen_gqa_tp16_fwd_block2x2_bs32_sl1048576,/home/haotian/waferchip/mesh2D/astra_sim_picasso/examples/run_scripts/analytical/congestion_aware/configs/gqa_seq_scaling/tp16_hbm4_80t_split4_bw1500_mesh2d_4x4_onering_qwen_gqa_tp16_fwd_block2x2_bs32_sl1048576.json,mesh2d,4x4_onering_qwen_gqa_tp16_fwd_block2x2,32,1048576,16,,,,,80t,split4,bw1500,2222158,1721547,500611,,53.222,62.374,SUCCESS,2026-03-29 01:54:00
fcf57753351a0f0b30daccb946989f370f77292d00cb44131044582859be17e7,tp16_hbm4_80t_split4_bw1500_mesh2d_4x4_onering_qwen_gqa_tp16_fwd_block2x2_bs32_sl16384,/home/haotian/waferchip/mesh2D/astra_sim_picasso/examples/run_scripts/analytical/congestion_aware/configs/gqa_seq_scaling/tp16_hbm4_80t_split4_bw1500_mesh2d_4x4_onering_qwen_gqa_tp16_fwd_block2x2_bs32_sl16384.json,mesh2d,4x4_onering_qwen_gqa_tp16_fwd_block2x2,32,16384,16,,,,,80t,split4,bw1500,38822,30403,8419,,58.616,55.392,SUCCESS,2026-03-29 01:54:01
f60f189f0ad3f4200f345aee6319e3ef31148f11d7ba7e8954f565a377605945,tp16_hbm4_80t_split4_bw1500_mesh2d_4x4_onering_qwen_gqa_tp16_fwd_block2x2_bs32_sl262144,/home/haotian/waferchip/mesh2D/astra_sim_picasso/examples/run_scripts/analytical/congestion_aware/configs/gqa_seq_scaling/tp16_hbm4_80t_split4_bw1500_mesh2d_4x4_onering_qwen_gqa_tp16_fwd_block2x2_bs32_sl262144.json,mesh2d,4x4_onering_qwen_gqa_tp16_fwd_block2x2,32,262144,16,,,,,80t,split4,bw1500,558670,433059,125611,,53.511,62.001,SUCCESS,2026-03-29 01:54:01
edde12fc81c3979de73fbcb0aadf7afe23d1c6e9089e0a518de24f999e38e06d,tp16_hbm4_80t_split4_bw1500_mesh2d_4x4_onering_qwen_gqa_tp16_fwd_block2x2_bs32_sl4096,/home/haotian/waferchip/mesh2D/astra_sim_picasso/examples/run_scripts/analytical/congestion_aware/configs/gqa_seq_scaling/tp16_hbm4_80t_split4_bw1500_mesh2d_4x4_onering_qwen_gqa_tp16_fwd_block2x2_bs32_sl4096.json,mesh2d,4x4_onering_qwen_gqa_tp16_fwd_block2x2,32,4096,16,,,,,80t,split4,bw1500,12834,10271,2563,,69.379,41.461,SUCCESS,2026-03-29 01:54:01
4db8528142009409d41668d03059fbc5535f6a0880b61296a0553d8d88b04085,tp16_hbm4_80t_split4_bw1500_mesh2d_4x4_onering_qwen_gqa_tp16_fwd_block2x2_bs32_sl65536,/home/haotian/waferchip/mesh2D/astra_sim_picasso/examples/run_scripts/analytical/congestion_aware/configs/gqa_seq_scaling/tp16_hbm4_80t_split4_bw1500_mesh2d_4x4_onering_qwen_gqa_tp16_fwd_block2x2_bs32_sl65536.json,mesh2d,4x4_onering_qwen_gqa_tp16_fwd_block2x2,32,65536,16,,,,,80t,split4,bw1500,142802,110935,31867,,54.63,60.552,SUCCESS,2026-03-29 01:54:02
b61a23bed90c959800189f0cc97d10561ac33c7eeff7d8352cc36d802e92a401,tp16_hbm4_80t_split4_bw1500_mesh2d_4x4_onering_qwen_gqa_tp16_fwd_block2x2_bs8_sl1024,/home/haotian/waferchip/mesh2D/astra_sim_picasso/examples/run_scripts/analytical/congestion_aware/configs/gqa_seq_scaling/tp16_hbm4_80t_split4_bw1500_mesh2d_4x4_onering_qwen_gqa_tp16_fwd_block2x2_bs8_sl1024.json,mesh2d,4x4_onering_qwen_gqa_tp16_fwd_block2x2,8,1024,16,,,,,80t,split4,bw1500,1972,1306,666,,85.004,21.16,SUCCESS,2026-03-29 01:54:02
1641c2ba9c9875ffaded47fd0b9bc7f3f3603c8d403841fda0f17126fc3da3e1,tp16_hbm4_80t_split4_bw1500_mesh2d_4x4_onering_qwen_gqa_tp16_fwd_block2x2_bs8_sl1048576,/home/haotian/waferchip/mesh2D/astra_sim_picasso/examples/run_scripts/analytical/congestion_aware/configs/gqa_seq_scaling/tp16_hbm4_80t_split4_bw1500_mesh2d_4x4_onering_qwen_gqa_tp16_fwd_block2x2_bs8_sl1048576.json,mesh2d,4x4_onering_qwen_gqa_tp16_fwd_block2x2,8,1048576,16,,,,,80t,split4,bw1500,555847,430386,125461,,53.222,62.374,SUCCESS,2026-03-29 01:54:02
6de5f6ea3bf2f7949be5083395c11c1752477db15723253a22f6f1efe12f338a,tp16_hbm4_80t_split4_bw1500_mesh2d_4x4_onering_qwen_gqa_tp16_fwd_block2x2_bs8_sl16384,/home/haotian/waferchip/mesh2D/astra_sim_picasso/examples/run_scripts/analytical/congestion_aware/configs/gqa_seq_scaling/tp16_hbm4_80t_split4_bw1500_mesh2d_4x4_onering_qwen_gqa_tp16_fwd_block2x2_bs8_sl16384.json,mesh2d,4x4_onering_qwen_gqa_tp16_fwd_block2x2,8,16384,16,,,,,80t,split4,bw1500,10011,7598,2413,,58.608,55.39,SUCCESS,2026-03-29 01:54:03
83d1e209dafa4445ab9866677496e12b9b3f1b24e3edf052525f7d1e1354b32d,tp16_hbm4_80t_split4_bw1500_mesh2d_4x4_onering_qwen_gqa_tp16_fwd_block2x2_bs8_sl262144,/home/haotian/waferchip/mesh2D/astra_sim_picasso/examples/run_scripts/analytical/congestion_aware/configs/gqa_seq_scaling/tp16_hbm4_80t_split4_bw1500_mesh2d_4x4_onering_qwen_gqa_tp16_fwd_block2x2_bs8_sl262144.json,mesh2d,4x4_onering_qwen_gqa_tp16_fwd_block2x2,8,262144,16,,,,,80t,split4,bw1500,139979,108262,31717,,53.51,62.001,SUCCESS,2026-03-29 01:54:03
75680b29a65dd4a3290d642946e33d3b80fe0f54f2b270c2810415ed0610d524,tp16_hbm4_80t_split4_bw1500_mesh2d_4x4_onering_qwen_gqa_tp16_fwd_block2x2_bs8_sl4096,/home/haotian/waferchip/mesh2D/astra_sim_picasso/examples/run_scripts/analytical/congestion_aware/configs/gqa_seq_scaling/tp16_hbm4_80t_split4_bw1500_mesh2d_4x4_onering_qwen_gqa_tp16_fwd_block2x2_bs8_sl4096.json,mesh2d,4x4_onering_qwen_gqa_tp16_fwd_block2x2,8,4096,16,,,,,80t,split4,bw1500,3527,2566,961,,69.356,41.452,SUCCESS,2026-03-29 01:54:03
2ba647ba523ef95674ac9d6c134d782faf4eaabfddc7da93c27625f4385cf187,tp16_hbm4_80t_split4_bw1500_mesh2d_4x4_onering_qwen_gqa_tp16_fwd_block2x2_bs8_sl65536,/home/haotian/waferchip/mesh2D/astra_sim_picasso/examples/run_scripts/analytical/congestion_aware/configs/gqa_seq_scaling/tp16_hbm4_80t_split4_bw1500_mesh2d_4x4_onering_qwen_gqa_tp16_fwd_block2x2_bs8_sl65536.json,mesh2d,4x4_onering_qwen_gqa_tp16_fwd_block2x2,8,65536,16,,,,,80t,split4,bw1500,35999,27730,8269,,54.627,60.552,SUCCESS,2026-03-29 01:54:03
d6a0763382f8933898993cd8ac30214563ad486dbb86a672d87a69f3e28db013,tp16_hbm4_mesh2d_4x4_onering_qwen_gqa_baseline_fwd_block2x2_bs64_sl1024,/home/haotian/waferchip/mesh2D/astra_sim_picasso/examples/run_scripts/analytical/congestion_aware/configs/gqa_seq_scaling/tp16_hbm4_mesh2d_4x4_onering_qwen_gqa_baseline_fwd_block2x2_bs64_sl1024.json,qwen,gqa_baseline_fwd_block2x2,64,1024,16,,,,,mesh2d,4x4,onering,40098,21833,18265,,93.223,8.672,SUCCESS,2026-03-29 01:54:05
036aeb1c1d9b4b5f37bdbcb88ffbf034118bad8c8a7ac3a0961c3b894bc3b04c,tp16_hbm4_mesh2d_4x4_onering_qwen_gqa_baseline_fwd_block2x2_bs64_sl16384,/home/haotian/waferchip/mesh2D/astra_sim_picasso/examples/run_scripts/analytical/congestion_aware/configs/gqa_seq_scaling/tp16_hbm4_mesh2d_4x4_onering_qwen_gqa_baseline_fwd_block2x2_bs64_sl16384.json,qwen,gqa_baseline_fwd_block2x2,64,16384,16,,,,,mesh2d,4x4,onering,115596,97331,18265,,75.856,29.417,SUCCESS,2026-03-29 01:54:07
2b33c3d6dfc0caca6d62228d99dc5860cefe211d18ccf357f122d42a7f9c910a,tp16_hbm4_mesh2d_4x4_onering_qwen_gqa_baseline_fwd_block2x2_bs64_sl2048,/home/haotian/waferchip/mesh2D/astra_sim_picasso/examples/run_scripts/analytical/congestion_aware/configs/gqa_seq_scaling/tp16_hbm4_mesh2d_4x4_onering_qwen_gqa_baseline_fwd_block2x2_bs64_sl2048.json,qwen,gqa_baseline_fwd_block2x2,64,2048,16,,,,,mesh2d,4x4,onering,45128,26863,18265,,89.033,13.678,SUCCESS,2026-03-29 01:54:08
5fb8363e761397e495b96e7dacbbf2aa4942682de129b1c92e891d4e1c6db363,tp16_hbm4_mesh2d_4x4_onering_qwen_gqa_baseline_fwd_block2x2_bs64_sl32768,/home/haotian/waferchip/mesh2D/astra_sim_picasso/examples/run_scripts/analytical/congestion_aware/configs/gqa_seq_scaling/tp16_hbm4_mesh2d_4x4_onering_qwen_gqa_baseline_fwd_block2x2_bs64_sl32768.json,qwen,gqa_baseline_fwd_block2x2,64,32768,16,,,,,mesh2d,4x4,onering,196124,177859,18265,,73.582,32.133,SUCCESS,2026-03-29 01:54:10
ce5699dd75d699fbdef68796f5561169a337697fb838dddda3d8d858b07f9cb7,tp16_hbm4_mesh2d_4x4_onering_qwen_gqa_baseline_fwd_block2x2_bs64_sl4096,/home/haotian/waferchip/mesh2D/astra_sim_picasso/examples/run_scripts/analytical/congestion_aware/configs/gqa_seq_scaling/tp16_hbm4_mesh2d_4x4_onering_qwen_gqa_baseline_fwd_block2x2_bs64_sl4096.json,qwen,gqa_baseline_fwd_block2x2,64,4096,16,,,,,mesh2d,4x4,onering,55196,36931,18265,,84.071,19.604,SUCCESS,2026-03-29 01:54:11
a1862be90727399c9de6da0ae0b9a87b97a315233240bebb7ff92470775dc082,tp16_hbm4_mesh2d_4x4_onering_qwen_gqa_baseline_fwd_block2x2_bs64_sl65536,/home/haotian/waferchip/mesh2D/astra_sim_picasso/examples/run_scripts/analytical/congestion_aware/configs/gqa_seq_scaling/tp16_hbm4_mesh2d_4x4_onering_qwen_gqa_baseline_fwd_block2x2_bs64_sl65536.json,qwen,gqa_baseline_fwd_block2x2,64,65536,16,,,,,mesh2d,4x4,onering,357186,338921,18265,,72.276,33.694,SUCCESS,2026-03-29 01:54:13
ebd066c19cf12fa7f59ae53f0c865961ecfbe34d055df117e91301b7ad20f65f,tp16_hbm4_mesh2d_4x4_onering_qwen_gqa_baseline_fwd_block2x2_bs64_sl8192,/home/haotian/waferchip/mesh2D/astra_sim_picasso/examples/run_scripts/analytical/congestion_aware/configs/gqa_seq_scaling/tp16_hbm4_mesh2d_4x4_onering_qwen_gqa_baseline_fwd_block2x2_bs64_sl8192.json,qwen,gqa_baseline_fwd_block2x2,64,8192,16,,,,,mesh2d,4x4,onering,75330,57065,18265,,79.4,25.184,SUCCESS,2026-03-29 01:54:15
a6fba6d5e490f1cc9f7db6a78751840c4f65516e33cd5c56c778fcfd00574422,tp16_hbm4_mesh2d_4x4_onering_qwen_gqa_baseline_fwd_bs64_sl16384,/home/haotian/waferchip/mesh2D/astra_sim_picasso/examples/run_scripts/analytical/congestion_aware/configs/gqa_seq_scaling/tp16_hbm4_mesh2d_4x4_onering_qwen_gqa_baseline_fwd_bs64_sl16384.json,qwen,gqa_baseline_fwd,64,16384,16,,,,,mesh2d,4x4,onering,116808,97331,19477,,75.856,29.417,SUCCESS,2026-03-29 01:54:16
2c72b2e87a547aacd3d8ca281fefeb135f2c3d8ab76e2c527f0011c09c976ad4,tp16_hbm4_mesh2d_4x4_onering_qwen_gqa_baseline_fwd_bs64_sl32768,/home/haotian/waferchip/mesh2D/astra_sim_picasso/examples/run_scripts/analytical/congestion_aware/configs/gqa_seq_scaling/tp16_hbm4_mesh2d_4x4_onering_qwen_gqa_baseline_fwd_bs64_sl32768.json,qwen,gqa_baseline_fwd,64,32768,16,,,,,mesh2d,4x4,onering,197336,177859,19477,,73.582,32.133,SUCCESS,2026-03-29 01:54:18
7f66b35437c3e70db1cc33b1c7dd0d6c82c013d156a53de6c113a6537756774c,tp16_hbm4_mesh2d_4x4_onering_qwen_gqa_hmp_fwd_block2x2_bs64_sl1024,/home/haotian/waferchip/mesh2D/astra_sim_picasso/examples/run_scripts/analytical/congestion_aware/configs/gqa_seq_scaling/tp16_hbm4_mesh2d_4x4_onering_qwen_gqa_hmp_fwd_block2x2_bs64_sl1024.json,qwen,gqa_hmp_fwd_block2x2,64,1024,16,,,,,mesh2d,4x4,onering,42070,42070,,,96.359,4.935,SUCCESS,2026-03-29 01:54:18
fe6b0fad12d310e09a1d02384e34a31353af5544aad8d96237bb8f93212b827e,tp16_hbm4_mesh2d_4x4_onering_qwen_gqa_hmp_fwd_block2x2_bs64_sl16384,/home/haotian/waferchip/mesh2D/astra_sim_picasso/examples/run_scripts/analytical/congestion_aware/configs/gqa_seq_scaling/tp16_hbm4_mesh2d_4x4_onering_qwen_gqa_hmp_fwd_block2x2_bs64_sl16384.json,qwen,gqa_hmp_fwd_block2x2,64,16384,16,,,,,mesh2d,4x4,onering,117568,117568,,,79.968,24.509,SUCCESS,2026-03-29 01:54:18
e6c2af9d85060625649454924a76f83ee9a8e26c24713c96cad233e95272eddb,tp16_hbm4_mesh2d_4x4_onering_qwen_gqa_hmp_fwd_block2x2_bs64_sl2048,/home/haotian/waferchip/mesh2D/astra_sim_picasso/examples/run_scripts/analytical/congestion_aware/configs/gqa_seq_scaling/tp16_hbm4_mesh2d_4x4_onering_qwen_gqa_hmp_fwd_block2x2_bs64_sl2048.json,qwen,gqa_hmp_fwd_block2x2,64,2048,16,,,,,mesh2d,4x4,onering,47100,47100,,,93.634,8.189,SUCCESS,2026-03-29 01:54:18
f597288a8b586e4a1ea0845f4c582307535394ccdf3515034157cf4deecaa56d,tp16_hbm4_mesh2d_4x4_onering_qwen_gqa_hmp_fwd_block2x2_bs64_sl32768,/home/haotian/waferchip/mesh2D/astra_sim_picasso/examples/run_scripts/analytical/congestion_aware/configs/gqa_seq_scaling/tp16_hbm4_mesh2d_4x4_onering_qwen_gqa_hmp_fwd_block2x2_bs64_sl32768.json,qwen,gqa_hmp_fwd_block2x2,64,32768,16,,,,,mesh2d,4x4,onering,198096,198096,,,76.255,28.943,SUCCESS,2026-03-29 01:54:18
b41cc6b3256d461e89aff5753f2afa16e6a47a3291c9f4d212642475b1e3b8b0,tp16_hbm4_mesh2d_4x4_onering_qwen_gqa_hmp_fwd_block2x2_bs64_sl4096,/home/haotian/waferchip/mesh2D/astra_sim_picasso/examples/run_scripts/analytical/congestion_aware/configs/gqa_seq_scaling/tp16_hbm4_mesh2d_4x4_onering_qwen_gqa_hmp_fwd_block2x2_bs64_sl4096.json,qwen,gqa_hmp_fwd_block2x2,64,4096,16,,,,,mesh2d,4x4,onering,57168,57168,,,89.619,12.984,SUCCESS,2026-03-29 01:54:18
656a866d58b152948e8ad18fb2c3781affee11be2eef4dc00a9274103afd260c,tp16_hbm4_mesh2d_4x4_onering_qwen_gqa_hmp_fwd_block2x2_bs64_sl65536,/home/haotian/waferchip/mesh2D/astra_sim_picasso/examples/run_scripts/analytical/congestion_aware/configs/gqa_seq_scaling/tp16_hbm4_mesh2d_4x4_onering_qwen_gqa_hmp_fwd_block2x2_bs64_sl65536.json,qwen,gqa_hmp_fwd_block2x2,64,65536,16,,,,,mesh2d,4x4,onering,359158,359158,,,73.823,31.846,SUCCESS,2026-03-29 01:54:18
31768a1c2d5985a05eed8fbafcb96bef8319834c57735565cdf188b4fd4b40b8,tp16_hbm4_mesh2d_4x4_onering_qwen_gqa_hmp_fwd_block2x2_bs64_sl8192,/home/haotian/waferchip/mesh2D/astra_sim_picasso/examples/run_scripts/analytical/congestion_aware/configs/gqa_seq_scaling/tp16_hbm4_mesh2d_4x4_onering_qwen_gqa_hmp_fwd_block2x2_bs64_sl8192.json,qwen,gqa_hmp_fwd_block2x2,64,8192,16,,,,,mesh2d,4x4,onering,77302,77302,,,84.725,18.827,SUCCESS,2026-03-29 01:54:18
37c1ecbf8355a0ad9cd6a6fe5937df753ca3d0bafbac1ae06119eb29b1f05492,tp16_hbm4_mesh2d_4x4_onering_qwen_gqa_hmp_fwd_bs64_sl16384,/home/haotian/waferchip/mesh2D/astra_sim_picasso/examples/run_scripts/analytical/congestion_aware/configs/gqa_seq_scaling/tp16_hbm4_mesh2d_4x4_onering_qwen_gqa_hmp_fwd_bs64_sl16384.json,qwen,gqa_hmp_fwd,64,16384,16,,,,,mesh2d,4x4,onering,117568,117568,,,79.968,24.509,SUCCESS,2026-03-29 01:54:18
00a9af9c5afe4ec688c7ac9a54be3d8e8dd37956d636f4da63b88e8d7d48f86a,tp16_hbm4_mesh2d_4x4_onering_qwen_gqa_hmp_fwd_bs64_sl32768,/home/haotian/waferchip/mesh2D/astra_sim_picasso/examples/run_scripts/analytical/congestion_aware/configs/gqa_seq_scaling/tp16_hbm4_mesh2d_4x4_onering_qwen_gqa_hmp_fwd_bs64_sl32768.json,qwen,gqa_hmp_fwd,64,32768,16,,,,,mesh2d,4x4,onering,198096,198096,,,76.255,28.943,SUCCESS,2026-03-29 01:54:18
7486b3b291408135cb30e634381fa41dfdce0c3c768dab81ea4a391499cb382a,tp16_hbm4_mesh2d_4x4_onering_qwen_gqa_tp16_fwd_bs64_sl1024,/home/haotian/waferchip/mesh2D/astra_sim_picasso/examples/run_scripts/analytical/congestion_aware/configs/gqa_seq_scaling/tp16_hbm4_mesh2d_4x4_onering_qwen_gqa_tp16_fwd_bs64_sl1024.json,qwen,gqa_tp16_fwd,64,1024,16,,,,,mesh2d,4x4,onering,43801,19288,24513,,92.392,11.55,SUCCESS,2026-03-29 01:54:20
09937efd2591d18a0bc77ca91431e9c88da85e3d8b588b489e528a91b8704d57,tp16_hbm4_mesh2d_4x4_onering_qwen_gqa_tp16_fwd_bs64_sl16384,/home/haotian/waferchip/mesh2D/astra_sim_picasso/examples/run_scripts/analytical/congestion_aware/configs/gqa_seq_scaling/tp16_hbm4_mesh2d_4x4_onering_qwen_gqa_tp16_fwd_bs64_sl16384.json,qwen,gqa_tp16_fwd,64,16384,16,,,,,mesh2d,4x4,onering,134786,94786,40000,,75.22,35.538,SUCCESS,2026-03-29 01:54:22
0959ec13256dd6419f14f05bfead1c57353d9982dcff0e61cb0564853be31d52,tp16_hbm4_mesh2d_4x4_onering_qwen_gqa_tp16_fwd_bs64_sl2048,/home/haotian/waferchip/mesh2D/astra_sim_picasso/examples/run_scripts/analytical/congestion_aware/configs/gqa_seq_scaling/tp16_hbm4_mesh2d_4x4_onering_qwen_gqa_tp16_fwd_bs64_sl2048.json,qwen,gqa_tp16_fwd,64,2048,16,,,,,mesh2d,4x4,onering,49923,24322,25601,,87.93,17.783,SUCCESS,2026-03-29 01:54:24
23dce48afb961b7a977eb02c9212ff3d00991c4e321d25e2a81fcf4f198cd6b6,tp16_hbm4_mesh2d_4x4_onering_qwen_gqa_tp16_fwd_bs64_sl32768,/home/haotian/waferchip/mesh2D/astra_sim_picasso/examples/run_scripts/analytical/congestion_aware/configs/gqa_seq_scaling/tp16_hbm4_mesh2d_4x4_onering_qwen_gqa_tp16_fwd_bs64_sl32768.json,qwen,gqa_tp16_fwd,64,32768,16,,,,,mesh2d,4x4,onering,232150,175318,56832,,73.205,38.353,SUCCESS,2026-03-29 01:54:26
f28628bda6b33d8e0687d6447e5a9163f0cb135d9e1b560c2fc2eefc786ae1e1,tp16_hbm4_mesh2d_4x4_onering_qwen_gqa_tp16_fwd_bs64_sl4096,/home/haotian/waferchip/mesh2D/astra_sim_picasso/examples/run_scripts/analytical/congestion_aware/configs/gqa_seq_scaling/tp16_hbm4_mesh2d_4x4_onering_qwen_gqa_tp16_fwd_bs64_sl4096.json,qwen,gqa_tp16_fwd,64,4096,16,,,,,mesh2d,4x4,onering,62020,34388,27632,,82.924,24.776,SUCCESS,2026-03-29 01:54:28
d7ef4a0654998aa5d3257ac90ff9dea9cd31da8fbc1791647e50a75924916935,tp16_hbm4_mesh2d_4x4_onering_qwen_gqa_tp16_fwd_bs64_sl65536,/home/haotian/waferchip/mesh2D/astra_sim_picasso/examples/run_scripts/analytical/congestion_aware/configs/gqa_seq_scaling/tp16_hbm4_mesh2d_4x4_onering_qwen_gqa_tp16_fwd_bs64_sl65536.json,qwen,gqa_tp16_fwd,64,65536,16,,,,,mesh2d,4x4,onering,428486,336380,92106,,72.069,39.94,SUCCESS,2026-03-29 01:54:30
fab814d36822e0021c2446745112b75aef57a4dc38f64b73685bd6b2990bca05,tp16_hbm4_mesh2d_4x4_onering_qwen_gqa_tp16_fwd_bs64_sl8192,/home/haotian/waferchip/mesh2D/astra_sim_picasso/examples/run_scripts/analytical/congestion_aware/configs/gqa_seq_scaling/tp16_hbm4_mesh2d_4x4_onering_qwen_gqa_tp16_fwd_bs64_sl8192.json,qwen,gqa_tp16_fwd,64,8192,16,,,,,mesh2d,4x4,onering,86287,54520,31767,,78.461,31.012,SUCCESS,2026-03-29 01:54:32
67aef3d26bef850ace2666b3750e6fb1a59595b88c66ca4a13dfca845a4a03bb,tp16_hbm4_real_mesh2d_4x4_onering_qwen_gqa_baseline_fwd_bs64_sl1022,/home/haotian/waferchip/mesh2D/astra_sim_picasso/examples/run_scripts/analytical/congestion_aware/configs/gqa_seq_scaling/tp16_hbm4_real_mesh2d_4x4_onering_qwen_gqa_baseline_fwd_bs64_sl1022.json,onering,qwen_gqa_baseline_fwd,64,1022,16,,,,,real,mesh2d,4x4,41298,21821,19477,,93.235,8.658,SUCCESS,2026-03-29 01:54:33
bd2ea5090cc499dae154f21f7b644048e492e16441ce3993144b27c3036a1674,tp16_hbm4_real_mesh2d_4x4_onering_qwen_gqa_baseline_fwd_bs64_sl1023,/home/haotian/waferchip/mesh2D/astra_sim_picasso/examples/run_scripts/analytical/congestion_aware/configs/gqa_seq_scaling/tp16_hbm4_real_mesh2d_4x4_onering_qwen_gqa_baseline_fwd_bs64_sl1023.json,onering,qwen_gqa_baseline_fwd,64,1023,16,,,,,real,mesh2d,4x4,41304,21827,19477,,93.229,8.665,SUCCESS,2026-03-29 01:54:35
3fbb54714745f9efc9a58e8ad804262a15157fd97045c00f94c0e39d76a07c52,tp16_hbm4_real_mesh2d_4x4_onering_qwen_gqa_baseline_fwd_bs64_sl1024,/home/haotian/waferchip/mesh2D/astra_sim_picasso/examples/run_scripts/analytical/congestion_aware/configs/gqa_seq_scaling/tp16_hbm4_real_mesh2d_4x4_onering_qwen_gqa_baseline_fwd_bs64_sl1024.json,onering,qwen_gqa_baseline_fwd,64,1024,16,,,,,real,mesh2d,4x4,41310,21833,19477,,93.223,8.672,SUCCESS,2026-03-29 01:54:37
c52a6a9ca08ae82ea6b55e5128c85b2e6cd782655a460a7e75f9e4ee7d4d0f49,tp16_hbm4_real_mesh2d_4x4_onering_qwen_gqa_baseline_fwd_bs64_sl10240,/home/haotian/waferchip/mesh2D/astra_sim_picasso/examples/run_scripts/analytical/congestion_aware/configs/gqa_seq_scaling/tp16_hbm4_real_mesh2d_4x4_onering_qwen_gqa_baseline_fwd_bs64_sl10240.json,onering,qwen_gqa_baseline_fwd,64,10240,16,,,,,real,mesh2d,4x4,86606,67129,19477,,78.116,26.717,SUCCESS,2026-03-29 01:54:39
e25e86bc0e48e38755133738ea8d2073f9778778f760d1781cbdfa3ec579ea3b,tp16_hbm4_real_mesh2d_4x4_onering_qwen_gqa_baseline_fwd_bs64_sl11264,/home/haotian/waferchip/mesh2D/astra_sim_picasso/examples/run_scripts/analytical/congestion_aware/configs/gqa_seq_scaling/tp16_hbm4_real_mesh2d_4x4_onering_qwen_gqa_baseline_fwd_bs64_sl11264.json,onering,qwen_gqa_baseline_fwd,64,11264,16,,,,,real,mesh2d,4x4,91640,72163,19477,,77.608,27.324,SUCCESS,2026-03-29 01:54:40
f55735139236ae00bbd82b4d7a59ef8bb539a56ae313ed4e1b02149313db164c,tp16_hbm4_real_mesh2d_4x4_onering_qwen_gqa_baseline_fwd_bs64_sl12288,/home/haotian/waferchip/mesh2D/astra_sim_picasso/examples/run_scripts/analytical/congestion_aware/configs/gqa_seq_scaling/tp16_hbm4_real_mesh2d_4x4_onering_qwen_gqa_baseline_fwd_bs64_sl12288.json,onering,qwen_gqa_baseline_fwd,64,12288,16,,,,,real,mesh2d,4x4,96674,77197,19477,,77.167,27.852,SUCCESS,2026-03-29 01:54:42
0d511d9b063177111b52ccb6cd32b3ddb7dc389dfcc1b31964aa40669867b8ea,tp16_hbm4_real_mesh2d_4x4_onering_qwen_gqa_baseline_fwd_bs64_sl13312,/home/haotian/waferchip/mesh2D/astra_sim_picasso/examples/run_scripts/analytical/congestion_aware/configs/gqa_seq_scaling/tp16_hbm4_real_mesh2d_4x4_onering_qwen_gqa_baseline_fwd_bs64_sl13312.json,onering,qwen_gqa_baseline_fwd,64,13312,16,,,,,real,mesh2d,4x4,101706,82229,19477,,76.778,28.315,SUCCESS,2026-03-29 01:54:44
ce407b069d596b7aa099df02c633858b9b4990e2ce38ee9fd4f4cc0b16beb531,tp16_hbm4_real_mesh2d_4x4_onering_qwen_gqa_baseline_fwd_bs64_sl14336,/home/haotian/waferchip/mesh2D/astra_sim_picasso/examples/run_scripts/analytical/congestion_aware/configs/gqa_seq_scaling/tp16_hbm4_real_mesh2d_4x4_onering_qwen_gqa_baseline_fwd_bs64_sl14336.json,onering,qwen_gqa_baseline_fwd,64,14336,16,,,,,real,mesh2d,4x4,106740,87263,19477,,76.435,28.725,SUCCESS,2026-03-29 01:54:46
c5c5dbbc6f775e71ad21730ab48ac1cb840ee5a81e742bc5d18b370418928fc4,tp16_hbm4_real_mesh2d_4x4_onering_qwen_gqa_baseline_fwd_bs64_sl15360,/home/haotian/waferchip/mesh2D/astra_sim_picasso/examples/run_scripts/analytical/congestion_aware/configs/gqa_seq_scaling/tp16_hbm4_real_mesh2d_4x4_onering_qwen_gqa_baseline_fwd_bs64_sl15360.json,onering,qwen_gqa_baseline_fwd,64,15360,16,,,,,real,mesh2d,4x4,111774,92297,19477,,76.13,29.09,SUCCESS,2026-03-29 01:54:47
061459413fffc464ab7f69252f8a3f72efa8bf279c3a5c269fb6ab33d9fd2b53,tp16_hbm4_real_mesh2d_4x4_onering_qwen_gqa_baseline_fwd_bs64_sl2048,/home/haotian/waferchip/mesh2D/astra_sim_picasso/examples/run_scripts/analytical/congestion_aware/configs/gqa_seq_scaling/tp16_hbm4_real_mesh2d_4x4_onering_qwen_gqa_baseline_fwd_bs64_sl2048.json,onering,qwen_gqa_baseline_fwd,64,2048,16,,,,,real,mesh2d,4x4,46340,26863,19477,,89.033,13.678,SUCCESS,2026-03-29 01:54:49
c2909c20871ddd4383c0292cc8bcffafe92f623b144bbd664fc2036a24df21c1,tp16_hbm4_real_mesh2d_4x4_onering_qwen_gqa_baseline_fwd_bs64_sl3072,/home/haotian/waferchip/mesh2D/astra_sim_picasso/examples/run_scripts/analytical/congestion_aware/configs/gqa_seq_scaling/tp16_hbm4_real_mesh2d_4x4_onering_qwen_gqa_baseline_fwd_bs64_sl3072.json,onering,qwen_gqa_baseline_fwd,64,3072,16,,,,,real,mesh2d,4x4,51374,31897,19477,,86.161,17.108,SUCCESS,2026-03-29 01:54:50
68f27c9f4eaba66883bab49bf0e6a6b3cb16745ef2e38d4f5825f0897043e0ba,tp16_hbm4_real_mesh2d_4x4_onering_qwen_gqa_baseline_fwd_bs64_sl4096,/home/haotian/waferchip/mesh2D/astra_sim_picasso/examples/run_scripts/analytical/congestion_aware/configs/gqa_seq_scaling/tp16_hbm4_real_mesh2d_4x4_onering_qwen_gqa_baseline_fwd_bs64_sl4096.json,onering,qwen_gqa_baseline_fwd,64,4096,16,,,,,real,mesh2d,4x4,56408,36931,19477,,84.071,19.604,SUCCESS,2026-03-29 01:54:52
cbc18d04366e84f64b7fb6158b60e253848804a2a67d152b4bbd5f6d42f17bb5,tp16_hbm4_real_mesh2d_4x4_onering_qwen_gqa_baseline_fwd_bs64_sl5120,/home/haotian/waferchip/mesh2D/astra_sim_picasso/examples/run_scripts/analytical/congestion_aware/configs/gqa_seq_scaling/tp16_hbm4_real_mesh2d_4x4_onering_qwen_gqa_baseline_fwd_bs64_sl5120.json,onering,qwen_gqa_baseline_fwd,64,5120,16,,,,,real,mesh2d,4x4,61442,41965,19477,,82.483,21.501,SUCCESS,2026-03-29 01:54:54
43be11bd74e660f2859b3a27d0762b7026037a6ed2832f115ab288d6a0ff1695,tp16_hbm4_real_mesh2d_4x4_onering_qwen_gqa_baseline_fwd_bs64_sl6144,/home/haotian/waferchip/mesh2D/astra_sim_picasso/examples/run_scripts/analytical/congestion_aware/configs/gqa_seq_scaling/tp16_hbm4_real_mesh2d_4x4_onering_qwen_gqa_baseline_fwd_bs64_sl6144.json,onering,qwen_gqa_baseline_fwd,64,6144,16,,,,,real,mesh2d,4x4,66474,46997,19477,,81.235,22.992,SUCCESS,2026-03-29 01:54:55
f23dd62175af1e2e5d3bc2d87fe6ec91530d84eecb51e6ee5bc2e54b1dd9e7d5,tp16_hbm4_real_mesh2d_4x4_onering_qwen_gqa_baseline_fwd_bs64_sl65536,/home/haotian/waferchip/mesh2D/astra_sim_picasso/examples/run_scripts/analytical/congestion_aware/configs/gqa_seq_scaling/tp16_hbm4_real_mesh2d_4x4_onering_qwen_gqa_baseline_fwd_bs64_sl65536.json,onering,qwen_gqa_baseline_fwd,64,65536,16,,,,,real,mesh2d,4x4,358398,338921,19477,,72.276,33.694,SUCCESS,2026-03-29 01:54:57
18d175a6ef954155230cd7ed2132855a1d57b54e902a0f40e736edc43daee365,tp16_hbm4_real_mesh2d_4x4_onering_qwen_gqa_baseline_fwd_bs64_sl7168,/home/haotian/waferchip/mesh2D/astra_sim_picasso/examples/run_scripts/analytical/congestion_aware/configs/gqa_seq_scaling/tp16_hbm4_real_mesh2d_4x4_onering_qwen_gqa_baseline_fwd_bs64_sl7168.json,onering,qwen_gqa_baseline_fwd,64,7168,16,,,,,real,mesh2d,4x4,71508,52031,19477,,80.229,24.194,SUCCESS,2026-03-29 01:54:58
db63185ec8c7af9ed6c449d2cb6b9d4854551c599eac4dae9c22aae95580c6e7,tp16_hbm4_real_mesh2d_4x4_onering_qwen_gqa_baseline_fwd_bs64_sl8192,/home/haotian/waferchip/mesh2D/astra_sim_picasso/examples/run_scripts/analytical/congestion_aware/configs/gqa_seq_scaling/tp16_hbm4_real_mesh2d_4x4_onering_qwen_gqa_baseline_fwd_bs64_sl8192.json,onering,qwen_gqa_baseline_fwd,64,8192,16,,,,,real,mesh2d,4x4,76542,57065,19477,,79.4,25.184,SUCCESS,2026-03-29 01:55:00
ccfb986c365edb468b72ec0c453a18a2cecdd49c4e9c5cf6e417274cb7a5e76d,tp16_hbm4_real_mesh2d_4x4_onering_qwen_gqa_baseline_fwd_bs64_sl9216,/home/haotian/waferchip/mesh2D/astra_sim_picasso/examples/run_scripts/analytical/congestion_aware/configs/gqa_seq_scaling/tp16_hbm4_real_mesh2d_4x4_onering_qwen_gqa_baseline_fwd_bs64_sl9216.json,onering,qwen_gqa_baseline_fwd,64,9216,16,,,,,real,mesh2d,4x4,81576,62099,19477,,78.705,26.014,SUCCESS,2026-03-29 01:55:02
c5300dd572a2142ccd2be00bfbc39f3c951b024ae174c1fd7127ba12fce4d4af,tp16_hbm4_real_mesh2d_4x4_onering_qwen_gqa_hmp_fwd_bs64_sl1024,/home/haotian/waferchip/mesh2D/astra_sim_picasso/examples/run_scripts/analytical/congestion_aware/configs/gqa_seq_scaling/tp16_hbm4_real_mesh2d_4x4_onering_qwen_gqa_hmp_fwd_bs64_sl1024.json,onering,qwen_gqa_hmp_fwd,64,1024,16,,,,,real,mesh2d,4x4,42070,42070,,,96.359,4.935,SUCCESS,2026-03-29 01:55:02
e3c56c4d6d3aee5321cae299108b529f085eee7adac8b144527cce8e407f73e2,tp16_hbm4_real_mesh2d_4x4_onering_qwen_gqa_hmp_fwd_bs64_sl10240,/home/haotian/waferchip/mesh2D/astra_sim_picasso/examples/run_scripts/analytical/congestion_aware/configs/gqa_seq_scaling/tp16_hbm4_real_mesh2d_4x4_onering_qwen_gqa_hmp_fwd_bs64_sl10240.json,onering,qwen_gqa_hmp_fwd,64,10240,16,,,,,real,mesh2d,4x4,87366,87366,,,83.126,20.738,SUCCESS,2026-03-29 01:55:02
a42cab100486b099284152c6d5b2d1a0be427ad4cde316bd42c8ed15a6eb5c57,tp16_hbm4_real_mesh2d_4x4_onering_qwen_gqa_hmp_fwd_bs64_sl11264,/home/haotian/waferchip/mesh2D/astra_sim_picasso/examples/run_scripts/analytical/congestion_aware/configs/gqa_seq_scaling/tp16_hbm4_real_mesh2d_4x4_onering_qwen_gqa_hmp_fwd_bs64_sl11264.json,onering,qwen_gqa_hmp_fwd,64,11264,16,,,,,real,mesh2d,4x4,92400,92400,,,82.456,21.537,SUCCESS,2026-03-29 01:55:02
53704a8a64d0cf78b2e9380d13ab1b417d1205e960836b15b23f1f56a00e42bd,tp16_hbm4_real_mesh2d_4x4_onering_qwen_gqa_hmp_fwd_bs64_sl12288,/home/haotian/waferchip/mesh2D/astra_sim_picasso/examples/run_scripts/analytical/congestion_aware/configs/gqa_seq_scaling/tp16_hbm4_real_mesh2d_4x4_onering_qwen_gqa_hmp_fwd_bs64_sl12288.json,onering,qwen_gqa_hmp_fwd,64,12288,16,,,,,real,mesh2d,4x4,97434,97434,,,81.856,22.254,SUCCESS,2026-03-29 01:55:02
586c33463a57832714892f6769f3a2eab111d1ba1b8da77781e2bc7f0aae1824,tp16_hbm4_real_mesh2d_4x4_onering_qwen_gqa_hmp_fwd_bs64_sl13312,/home/haotian/waferchip/mesh2D/astra_sim_picasso/examples/run_scripts/analytical/congestion_aware/configs/gqa_seq_scaling/tp16_hbm4_real_mesh2d_4x4_onering_qwen_gqa_hmp_fwd_bs64_sl13312.json,onering,qwen_gqa_hmp_fwd,64,13312,16,,,,,real,mesh2d,4x4,102466,102466,,,81.314,22.901,SUCCESS,2026-03-29 01:55:02
11fa250a0ff4b99de9322f308645fe3bfeb469a578de63e3b65251e5de5552b3,tp16_hbm4_real_mesh2d_4x4_onering_qwen_gqa_hmp_fwd_bs64_sl14336,/home/haotian/waferchip/mesh2D/astra_sim_picasso/examples/run_scripts/analytical/congestion_aware/configs/gqa_seq_scaling/tp16_hbm4_real_mesh2d_4x4_onering_qwen_gqa_hmp_fwd_bs64_sl14336.json,onering,qwen_gqa_hmp_fwd,64,14336,16,,,,,real,mesh2d,4x4,107500,107500,,,80.823,23.488,SUCCESS,2026-03-29 01:55:02
1620aa472d4c1a38b33c45e7e8be9d5e18f36749162cf6e53bd674d263f1ce7b,tp16_hbm4_real_mesh2d_4x4_onering_qwen_gqa_hmp_fwd_bs64_sl15360,/home/haotian/waferchip/mesh2D/astra_sim_picasso/examples/run_scripts/analytical/congestion_aware/configs/gqa_seq_scaling/tp16_hbm4_real_mesh2d_4x4_onering_qwen_gqa_hmp_fwd_bs64_sl15360.json,onering,qwen_gqa_hmp_fwd,64,15360,16,,,,,real,mesh2d,4x4,112534,112534,,,80.376,24.021,SUCCESS,2026-03-29 01:55:02
7546133deab5b16d244ba15523eff50abd35b045ac004a257df86e71806f0942,tp16_hbm4_real_mesh2d_4x4_onering_qwen_gqa_hmp_fwd_bs64_sl2048,/home/haotian/waferchip/mesh2D/astra_sim_picasso/examples/run_scripts/analytical/congestion_aware/configs/gqa_seq_scaling/tp16_hbm4_real_mesh2d_4x4_onering_qwen_gqa_hmp_fwd_bs64_sl2048.json,onering,qwen_gqa_hmp_fwd,64,2048,16,,,,,real,mesh2d,4x4,47100,47100,,,93.634,8.189,SUCCESS,2026-03-29 01:55:02
b9be96608f3269f0a4cd56868ba4bcd4020775e7fe8140cfb7c1d3b899aa8dfd,tp16_hbm4_real_mesh2d_4x4_onering_qwen_gqa_hmp_fwd_bs64_sl3072,/home/haotian/waferchip/mesh2D/astra_sim_picasso/examples/run_scripts/analytical/congestion_aware/configs/gqa_seq_scaling/tp16_hbm4_real_mesh2d_4x4_onering_qwen_gqa_hmp_fwd_bs64_sl3072.json,onering,qwen_gqa_hmp_fwd,64,3072,16,,,,,real,mesh2d,4x4,52134,52134,,,91.433,10.818,SUCCESS,2026-03-29 01:55:02
234ddae2f54dbeda0c6aecd36827f87619ec2b04df4f208cc75dbf7f89374901,tp16_hbm4_real_mesh2d_4x4_onering_qwen_gqa_hmp_fwd_bs64_sl4096,/home/haotian/waferchip/mesh2D/astra_sim_picasso/examples/run_scripts/analytical/congestion_aware/configs/gqa_seq_scaling/tp16_hbm4_real_mesh2d_4x4_onering_qwen_gqa_hmp_fwd_bs64_sl4096.json,onering,qwen_gqa_hmp_fwd,64,4096,16,,,,,real,mesh2d,4x4,57168,57168,,,89.619,12.984,SUCCESS,2026-03-29 01:55:02
3f5184b6de20b669f5c24ccf258aeffa9d8520dcb5a17f2e095446745b8f7dcc,tp16_hbm4_real_mesh2d_4x4_onering_qwen_gqa_hmp_fwd_bs64_sl5120,/home/haotian/waferchip/mesh2D/astra_sim_picasso/examples/run_scripts/analytical/congestion_aware/configs/gqa_seq_scaling/tp16_hbm4_real_mesh2d_4x4_onering_qwen_gqa_hmp_fwd_bs64_sl5120.json,onering,qwen_gqa_hmp_fwd,64,5120,16,,,,,real,mesh2d,4x4,62202,62202,,,88.099,14.799,SUCCESS,2026-03-29 01:55:02
9e0a163bd9a0f63ad4947546b64b33043131da8b1894d73268441d595f335013,tp16_hbm4_real_mesh2d_4x4_onering_qwen_gqa_hmp_fwd_bs64_sl6144,/home/haotian/waferchip/mesh2D/astra_sim_picasso/examples/run_scripts/analytical/congestion_aware/configs/gqa_seq_scaling/tp16_hbm4_real_mesh2d_4x4_onering_qwen_gqa_hmp_fwd_bs64_sl6144.json,onering,qwen_gqa_hmp_fwd,64,6144,16,,,,,real,mesh2d,4x4,67234,67234,,,86.806,16.343,SUCCESS,2026-03-29 01:55:02
22e086222b46f992027136ee360bac3f5a21461679283c5dabf6b8551cf29edb,tp16_hbm4_real_mesh2d_4x4_onering_qwen_gqa_hmp_fwd_bs64_sl65536,/home/haotian/waferchip/mesh2D/astra_sim_picasso/examples/run_scripts/analytical/congestion_aware/configs/gqa_seq_scaling/tp16_hbm4_real_mesh2d_4x4_onering_qwen_gqa_hmp_fwd_bs64_sl65536.json,onering,qwen_gqa_hmp_fwd,64,65536,16,,,,,real,mesh2d,4x4,359158,359158,,,73.823,31.846,SUCCESS,2026-03-29 01:55:02
6ce2c2df4cb0a34cb265fd59b88674873f6b85d15b90907bb6734b764b3bdf97,tp16_hbm4_real_mesh2d_4x4_onering_qwen_gqa_hmp_fwd_bs64_sl7168,/home/haotian/waferchip/mesh2D/astra_sim_picasso/examples/run_scripts/analytical/congestion_aware/configs/gqa_seq_scaling/tp16_hbm4_real_mesh2d_4x4_onering_qwen_gqa_hmp_fwd_bs64_sl7168.json,onering,qwen_gqa_hmp_fwd,64,7168,16,,,,,real,mesh2d,4x4,72268,72268,,,85.693,17.672,SUCCESS,2026-03-29 01:55:02
f2e02262b6b5bec8e997e28a24dc8d1856cb34c16a1c632e5bd9ee40bf9d8e42,tp16_hbm4_real_mesh2d_4x4_onering_qwen_gqa_hmp_fwd_bs64_sl8192,/home/haotian/waferchip/mesh2D/astra_sim_picasso/examples/run_scripts/analytical/congestion_aware/configs/gqa_seq_scaling/tp16_hbm4_real_mesh2d_4x4_onering_qwen_gqa_hmp_fwd_bs64_sl8192.json,onering,qwen_gqa_hmp_fwd,64,8192,16,,,,,real,mesh2d,4x4,77302,77302,,,84.725,18.827,SUCCESS,2026-03-29 01:55:02
6a089f05dbf752c9bb1a80ae8eebb868d882109b5e0408c4b828943a9ca22c57,tp16_hbm4_real_mesh2d_4x4_onering_qwen_gqa_hmp_fwd_bs64_sl9216,/home/haotian/waferchip/mesh2D/astra_sim_picasso/examples/run_scripts/analytical/congestion_aware/configs/gqa_seq_scaling/tp16_hbm4_real_mesh2d_4x4_onering_qwen_gqa_hmp_fwd_bs64_sl9216.json,onering,qwen_gqa_hmp_fwd,64,9216,16,,,,,real,mesh2d,4x4,82336,82336,,,83.876,19.842,SUCCESS,2026-03-29 01:55:02
0be021edf46ed150efd39ef7c56d4330a414a97a43b7b4b5364d2f2ba90afd59,tp16_hbm4_real_mesh2d_4x4_onering_qwen_gqa_tp16_fwd_bs64_sl1024,/home/haotian/waferchip/mesh2D/astra_sim_picasso/examples/run_scripts/analytical/congestion_aware/configs/gqa_seq_scaling/tp16_hbm4_real_mesh2d_4x4_onering_qwen_gqa_tp16_fwd_bs64_sl1024.json,onering,qwen_gqa_tp16_fwd,64,1024,16,,,,,real,mesh2d,4x4,43801,19288,24513,,92.392,11.55,SUCCESS,2026-03-29 01:55:04
3e08a169e76899539644c3ef81a7ea351e0c3016fb22c3333aba64ae07047a5c,tp16_hbm4_real_mesh2d_4x4_onering_qwen_gqa_tp16_fwd_bs64_sl10240,/home/haotian/waferchip/mesh2D/astra_sim_picasso/examples/run_scripts/analytical/congestion_aware/configs/gqa_seq_scaling/tp16_hbm4_real_mesh2d_4x4_onering_qwen_gqa_tp16_fwd_bs64_sl10240.json,onering,qwen_gqa_tp16_fwd,64,10240,16,,,,,real,mesh2d,4x4,98386,64588,33798,,77.272,32.673,SUCCESS,2026-03-29 01:55:06
89b087816f78da858b7ce3d3aa0e9f3a8fd7ea681f7fe9c4c2d3887c37c3ac0f,tp16_hbm4_real_mesh2d_4x4_onering_qwen_gqa_tp16_fwd_bs64_sl11264,/home/haotian/waferchip/mesh2D/astra_sim_picasso/examples/run_scripts/analytical/congestion_aware/configs/gqa_seq_scaling/tp16_hbm4_real_mesh2d_4x4_onering_qwen_gqa_tp16_fwd_bs64_sl11264.json,onering,qwen_gqa_tp16_fwd,64,11264,16,,,,,real,mesh2d,4x4,104433,69620,34813,,76.805,33.324,SUCCESS,2026-03-29 01:55:08
0cff1ca93b46337a6eb169eca0f513944d90625bff1353ba6cc87edf6e323023,tp16_hbm4_real_mesh2d_4x4_onering_qwen_gqa_tp16_fwd_bs64_sl12288,/home/haotian/waferchip/mesh2D/astra_sim_picasso/examples/run_scripts/analytical/congestion_aware/configs/gqa_seq_scaling/tp16_hbm4_real_mesh2d_4x4_onering_qwen_gqa_tp16_fwd_bs64_sl12288.json,onering,qwen_gqa_tp16_fwd,64,12288,16,,,,,real,mesh2d,4x4,110483,74654,35829,,76.403,33.886,SUCCESS,2026-03-29 01:55:10
b7cd400138f82a214595117c902e4e0bc9beaba0e7772423ef350c6bbd3df61b,tp16_hbm4_real_mesh2d_4x4_onering_qwen_gqa_tp16_fwd_bs64_sl13312,/home/haotian/waferchip/mesh2D/astra_sim_picasso/examples/run_scripts/analytical/congestion_aware/configs/gqa_seq_scaling/tp16_hbm4_real_mesh2d_4x4_onering_qwen_gqa_tp16_fwd_bs64_sl13312.json,onering,qwen_gqa_tp16_fwd,64,13312,16,,,,,real,mesh2d,4x4,116605,79688,36917,,76.051,34.378,SUCCESS,2026-03-29 01:55:12
4a115da2ad539afac462002163ae3ef39ecc99f31a5a4959879ccda5aa249a28,tp16_hbm4_real_mesh2d_4x4_onering_qwen_gqa_tp16_fwd_bs64_sl14336,/home/haotian/waferchip/mesh2D/astra_sim_picasso/examples/run_scripts/analytical/congestion_aware/configs/gqa_seq_scaling/tp16_hbm4_real_mesh2d_4x4_onering_qwen_gqa_tp16_fwd_bs64_sl14336.json,onering,qwen_gqa_tp16_fwd,64,14336,16,,,,,real,mesh2d,4x4,122582,84722,37860,,75.741,34.811,SUCCESS,2026-03-29 01:55:15
39cbeefeedb6d18bb6db5cf9a887e5cd1528cb32368c550443e029f3a74bdd88,tp16_hbm4_real_mesh2d_4x4_onering_qwen_gqa_tp16_fwd_bs64_sl15360,/home/haotian/waferchip/mesh2D/astra_sim_picasso/examples/run_scripts/analytical/congestion_aware/configs/gqa_seq_scaling/tp16_hbm4_real_mesh2d_4x4_onering_qwen_gqa_tp16_fwd_bs64_sl15360.json,onering,qwen_gqa_tp16_fwd,64,15360,16,,,,,real,mesh2d,4x4,128712,89752,38960,,75.467,35.194,SUCCESS,2026-03-29 01:55:17
3261472f002bd678bf833289f34117e433c7676d8b890a70536c7c14f98396d4,tp16_hbm4_real_mesh2d_4x4_onering_qwen_gqa_tp16_fwd_bs64_sl2048,/home/haotian/waferchip/mesh2D/astra_sim_picasso/examples/run_scripts/analytical/congestion_aware/configs/gqa_seq_scaling/tp16_hbm4_real_mesh2d_4x4_onering_qwen_gqa_tp16_fwd_bs64_sl2048.json,onering,qwen_gqa_tp16_fwd,64,2048,16,,,,,real,mesh2d,4x4,49923,24322,25601,,87.93,17.783,SUCCESS,2026-03-29 01:55:19
7f2a5e37c435b5c6b9b662c89ac25e460004846839f97fcf4346f440bfc2c138,tp16_hbm4_real_mesh2d_4x4_onering_qwen_gqa_tp16_fwd_bs64_sl3072,/home/haotian/waferchip/mesh2D/astra_sim_picasso/examples/run_scripts/analytical/congestion_aware/configs/gqa_seq_scaling/tp16_hbm4_real_mesh2d_4x4_onering_qwen_gqa_tp16_fwd_bs64_sl3072.json,onering,qwen_gqa_tp16_fwd,64,3072,16,,,,,real,mesh2d,4x4,55900,29356,26544,,84.998,21.879,SUCCESS,2026-03-29 01:55:21
14299f2baf023f8b800be0f196501ce90a672055e353ecae6a73e3e97d75f631,tp16_hbm4_real_mesh2d_4x4_onering_qwen_gqa_tp16_fwd_bs64_sl4096,/home/haotian/waferchip/mesh2D/astra_sim_picasso/examples/run_scripts/analytical/congestion_aware/configs/gqa_seq_scaling/tp16_hbm4_real_mesh2d_4x4_onering_qwen_gqa_tp16_fwd_bs64_sl4096.json,onering,qwen_gqa_tp16_fwd,64,4096,16,,,,,real,mesh2d,4x4,62020,34388,27632,,82.924,24.776,SUCCESS,2026-03-29 01:55:23
b05584689faa3e4c3fecdc4469aade01ce8ae76fc64cdbc226f4a60fc7d0c3f1,tp16_hbm4_real_mesh2d_4x4_onering_qwen_gqa_tp16_fwd_bs64_sl5120,/home/haotian/waferchip/mesh2D/astra_sim_picasso/examples/run_scripts/analytical/congestion_aware/configs/gqa_seq_scaling/tp16_hbm4_real_mesh2d_4x4_onering_qwen_gqa_tp16_fwd_bs64_sl5120.json,onering,qwen_gqa_tp16_fwd,64,5120,16,,,,,real,mesh2d,4x4,68070,39422,28648,,81.38,26.933,SUCCESS,2026-03-29 01:55:25
ffc62f7face5e0e7e6e1a4e90aec2135c11dea901ba391592e2e0c839366a326,tp16_hbm4_real_mesh2d_4x4_onering_qwen_gqa_tp16_fwd_bs64_sl6144,/home/haotian/waferchip/mesh2D/astra_sim_picasso/examples/run_scripts/analytical/congestion_aware/configs/gqa_seq_scaling/tp16_hbm4_real_mesh2d_4x4_onering_qwen_gqa_tp16_fwd_bs64_sl6144.json,onering,qwen_gqa_tp16_fwd,64,6144,16,,,,,real,mesh2d,4x4,74119,44456,29663,,80.186,28.601,SUCCESS,2026-03-29 01:55:27
afe07da16ff52a3cea4c1ddacd2b0810e858ab2367a420971fc1e67c66f0daa2,tp16_hbm4_real_mesh2d_4x4_onering_qwen_gqa_tp16_fwd_bs64_sl65536,/home/haotian/waferchip/mesh2D/astra_sim_picasso/examples/run_scripts/analytical/congestion_aware/configs/gqa_seq_scaling/tp16_hbm4_real_mesh2d_4x4_onering_qwen_gqa_tp16_fwd_bs64_sl65536.json,onering,qwen_gqa_tp16_fwd,64,65536,16,,,,,real,mesh2d,4x4,428486,336380,92106,,72.069,39.94,SUCCESS,2026-03-29 01:55:29
7e0476528a27ad3fb3afece2137d65d3643e07dc21e29811d44bdb48d12ceb8a,tp16_hbm4_real_mesh2d_4x4_onering_qwen_gqa_tp16_fwd_bs64_sl7168,/home/haotian/waferchip/mesh2D/astra_sim_picasso/examples/run_scripts/analytical/congestion_aware/configs/gqa_seq_scaling/tp16_hbm4_real_mesh2d_4x4_onering_qwen_gqa_tp16_fwd_bs64_sl7168.json,onering,qwen_gqa_tp16_fwd,64,7168,16,,,,,real,mesh2d,4x4,80169,49490,30679,,79.235,29.93,SUCCESS,2026-03-29 01:55:31
6274d80d39710ca98fca585d0c5d089606a2679dcfbac0a351758ac01aa285ac,tp16_hbm4_real_mesh2d_4x4_onering_qwen_gqa_tp16_fwd_bs64_sl8192,/home/haotian/waferchip/mesh2D/astra_sim_picasso/examples/run_scripts/analytical/congestion_aware/configs/gqa_seq_scaling/tp16_hbm4_real_mesh2d_4x4_onering_qwen_gqa_tp16_fwd_bs64_sl8192.json,onering,qwen_gqa_tp16_fwd,64,8192,16,,,,,real,mesh2d,4x4,86287,54520,31767,,78.461,31.012,SUCCESS,2026-03-29 01:55:32
b3c02f8679d15149adc9b795e81f04758d25217534c5860134fd073520e6cc48,tp16_hbm4_real_mesh2d_4x4_onering_qwen_gqa_tp16_fwd_bs64_sl9216,/home/haotian/waferchip/mesh2D/astra_sim_picasso/examples/run_scripts/analytical/congestion_aware/configs/gqa_seq_scaling/tp16_hbm4_real_mesh2d_4x4_onering_qwen_gqa_tp16_fwd_bs64_sl9216.json,onering,qwen_gqa_tp16_fwd,64,9216,16,,,,,real,mesh2d,4x4,92264,59554,32710,,77.816,31.912,SUCCESS,2026-03-29 01:55:34
5fe784bed6eafe322a996fca30771105e01bccb2d66f2dc7247ad5e00ffee7ea,tp16_hbm4_ring_mesh2d_4x4_onering_qwen_gqa_tp16_fwd_bs64_sl1024,/home/haotian/waferchip/mesh2D/astra_sim_picasso/examples/run_scripts/analytical/congestion_aware/configs/gqa_seq_scaling/tp16_hbm4_ring_mesh2d_4x4_onering_qwen_gqa_tp16_fwd_bs64_sl1024.json,onering,qwen_gqa_tp16_fwd,64,1024,16,,,,,ring,mesh2d,4x4,68761,19288,49473,,92.392,11.55,SUCCESS,2026-03-29 01:55:34
cce334c97d561b4a778fa72065f283a8c88c157de02531ee5300a3a560fb7265,tp16_hbm4_ring_mesh2d_4x4_onering_qwen_gqa_tp16_fwd_bs64_sl16384,/home/haotian/waferchip/mesh2D/astra_sim_picasso/examples/run_scripts/analytical/congestion_aware/configs/gqa_seq_scaling/tp16_hbm4_ring_mesh2d_4x4_onering_qwen_gqa_tp16_fwd_bs64_sl16384.json,onering,qwen_gqa_tp16_fwd,64,16384,16,,,,,ring,mesh2d,4x4,176884,94786,82098,,75.22,35.538,SUCCESS,2026-03-29 01:55:34
0301622519e17e39d719638d353e4373270ae43d72327db1ff05a3e266660457,tp16_hbm4_ring_mesh2d_4x4_onering_qwen_gqa_tp16_fwd_bs64_sl2048,/home/haotian/waferchip/mesh2D/astra_sim_picasso/examples/run_scripts/analytical/congestion_aware/configs/gqa_seq_scaling/tp16_hbm4_ring_mesh2d_4x4_onering_qwen_gqa_tp16_fwd_bs64_sl2048.json,onering,qwen_gqa_tp16_fwd,64,2048,16,,,,,ring,mesh2d,4x4,75843,24322,51521,,87.93,17.783,SUCCESS,2026-03-29 01:55:35
d2c73bf8301542dfd7e9c5a753b2c430fac082e664c50a321aaa079125a515a2,tp16_hbm4_ring_mesh2d_4x4_onering_qwen_gqa_tp16_fwd_bs64_sl32768,/home/haotian/waferchip/mesh2D/astra_sim_picasso/examples/run_scripts/analytical/congestion_aware/configs/gqa_seq_scaling/tp16_hbm4_ring_mesh2d_4x4_onering_qwen_gqa_tp16_fwd_bs64_sl32768.json,onering,qwen_gqa_tp16_fwd,64,32768,16,,,,,ring,mesh2d,4x4,308896,175318,133578,,73.205,38.353,SUCCESS,2026-03-29 01:55:35
e014143e2f4213953bb4292d614a221606e51444bf36866ce1db03443fb978e7,tp16_hbm4_ring_mesh2d_4x4_onering_qwen_gqa_tp16_fwd_bs64_sl4096,/home/haotian/waferchip/mesh2D/astra_sim_picasso/examples/run_scripts/analytical/congestion_aware/configs/gqa_seq_scaling/tp16_hbm4_ring_mesh2d_4x4_onering_qwen_gqa_tp16_fwd_bs64_sl4096.json,onering,qwen_gqa_tp16_fwd,64,4096,16,,,,,ring,mesh2d,4x4,89740,34388,55352,,82.924,24.776,SUCCESS,2026-03-29 01:55:35
894192ad087c5bea7e9518f3f2fe4c7dd8769bd892a83fa8cf859170eeb74660,tp16_hbm4_ring_mesh2d_4x4_onering_qwen_gqa_tp16_fwd_bs64_sl65536,/home/haotian/waferchip/mesh2D/astra_sim_picasso/examples/run_scripts/analytical/congestion_aware/configs/gqa_seq_scaling/tp16_hbm4_ring_mesh2d_4x4_onering_qwen_gqa_tp16_fwd_bs64_sl65536.json,onering,qwen_gqa_tp16_fwd,64,65536,16,,,,,ring,mesh2d,4x4,572918,336380,236538,,72.069,39.94,SUCCESS,2026-03-29 01:55:35
060f5b05bedb6a679719f609cf4ca73f1ac7f45e89d92905d3d141d825f76845,tp16_hbm4_ring_mesh2d_4x4_onering_qwen_gqa_tp16_fwd_bs64_sl8192,/home/haotian/waferchip/mesh2D/astra_sim_picasso/examples/run_scripts/analytical/congestion_aware/configs/gqa_seq_scaling/tp16_hbm4_ring_mesh2d_4x4_onering_qwen_gqa_tp16_fwd_bs64_sl8192.json,onering,qwen_gqa_tp16_fwd,64,8192,16,,,,,ring,mesh2d,4x4,117727,54520,63207,,78.461,31.012,SUCCESS,2026-03-29 01:55:35
cc1d8225030a10d8ba2f2d110fbcb5f039f68cf331b2e3335a7fb18e55851478,tp16_hbm4_ring_real_mesh2d_4x4_onering_qwen_gqa_tp16_fwd_bs64_sl1024,/home/haotian/waferchip/mesh2D/astra_sim_picasso/examples/run_scripts/analytical/congestion_aware/configs/gqa_seq_scaling/tp16_hbm4_ring_real_mesh2d_4x4_onering_qwen_gqa_tp16_fwd_bs64_sl1024.json,4x4,onering_qwen_gqa_tp16_fwd,64,1024,16,,,,,ring,real,mesh2d,68761,19288,49473,,92.392,11.55,SUCCESS,2026-03-29 01:55:35
ac0121897f6a90a52cdfc8b7c1509200ebe8f356d3e5abe89ec2819f8541b6de,tp16_hbm4_ring_real_mesh2d_4x4_onering_qwen_gqa_tp16_fwd_bs64_sl10240,/home/haotian/waferchip/mesh2D/astra_sim_picasso/examples/run_scripts/analytical/congestion_aware/configs/gqa_seq_scaling/tp16_hbm4_ring_real_mesh2d_4x4_onering_qwen_gqa_tp16_fwd_bs64_sl10240.json,4x4,onering_qwen_gqa_tp16_fwd,64,10240,16,,,,,ring,real,mesh2d,131626,64588,67038,,77.272,32.673,SUCCESS,2026-03-29 01:55:35
6ac74589e7773cc3f141a88bd688791534056abe8fa287b3b5e700cd878c18a3,tp16_hbm4_ring_real_mesh2d_4x4_onering_qwen_gqa_tp16_fwd_bs64_sl11264,/home/haotian/waferchip/mesh2D/astra_sim_picasso/examples/run_scripts/analytical/congestion_aware/configs/gqa_seq_scaling/tp16_hbm4_ring_real_mesh2d_4x4_onering_qwen_gqa_tp16_fwd_bs64_sl11264.json,4x4,onering_qwen_gqa_tp16_fwd,64,11264,16,,,,,ring,real,mesh2d,138513,69620,68893,,76.805,33.324,SUCCESS,2026-03-29 01:55:35
d54ea538aef1e2c3beb7f90ea8d5b2ad37230ac869c27b68c6b8ab9aaab710ac,tp16_hbm4_ring_real_mesh2d_4x4_onering_qwen_gqa_tp16_fwd_bs64_sl12288,/home/haotian/waferchip/mesh2D/astra_sim_picasso/examples/run_scripts/analytical/congestion_aware/configs/gqa_seq_scaling/tp16_hbm4_ring_real_mesh2d_4x4_onering_qwen_gqa_tp16_fwd_bs64_sl12288.json,4x4,onering_qwen_gqa_tp16_fwd,64,12288,16,,,,,ring,real,mesh2d,145523,74654,70869,,76.403,33.886,SUCCESS,2026-03-29 01:55:35
cd13913879420e6ff4960dd02929186c055b10bcac98825122e172770922e913,tp16_hbm4_ring_real_mesh2d_4x4_onering_qwen_gqa_tp16_fwd_bs64_sl13312,/home/haotian/waferchip/mesh2D/astra_sim_picasso/examples/run_scripts/analytical/congestion_aware/configs/gqa_seq_scaling/tp16_hbm4_ring_real_mesh2d_4x4_onering_qwen_gqa_tp16_fwd_bs64_sl13312.json,4x4,onering_qwen_gqa_tp16_fwd,64,13312,16,,,,,ring,real,mesh2d,152605,79688,72917,,76.051,34.378,SUCCESS,2026-03-29 01:55:35
43bc1ec775eb881c3e6373de0a66c80e9ac11bb57e8890fcb5f7ac09d09299de,tp16_hbm4_ring_real_mesh2d_4x4_onering_qwen_gqa_tp16_fwd_bs64_sl14336,/home/haotian/waferchip/mesh2D/astra_sim_picasso/examples/run_scripts/analytical/congestion_aware/configs/gqa_seq_scaling/tp16_hbm4_ring_real_mesh2d_4x4_onering_qwen_gqa_tp16_fwd_bs64_sl14336.json,4x4,onering_qwen_gqa_tp16_fwd,64,14336,16,,,,,ring,real,mesh2d,160286,84722,75564,,75.741,34.811,SUCCESS,2026-03-29 01:55:35
e9d652dfa74efa7dcb5f754262ea247757c234fe4349ab6bdfb9d54311461452,tp16_hbm4_ring_real_mesh2d_4x4_onering_qwen_gqa_tp16_fwd_bs64_sl15360,/home/haotian/waferchip/mesh2D/astra_sim_picasso/examples/run_scripts/analytical/congestion_aware/configs/gqa_seq_scaling/tp16_hbm4_ring_real_mesh2d_4x4_onering_qwen_gqa_tp16_fwd_bs64_sl15360.json,4x4,onering_qwen_gqa_tp16_fwd,64,15360,16,,,,,ring,real,mesh2d,168580,89752,78828,,75.467,35.194,SUCCESS,2026-03-29 01:55:35
0178f6bcb52d24daa3d57114fecdd4a46e03aab7bb6f2903c53a601f82692bf9,tp16_hbm4_ring_real_mesh2d_4x4_onering_qwen_gqa_tp16_fwd_bs64_sl2048,/home/haotian/waferchip/mesh2D/astra_sim_picasso/examples/run_scripts/analytical/congestion_aware/configs/gqa_seq_scaling/tp16_hbm4_ring_real_mesh2d_4x4_onering_qwen_gqa_tp16_fwd_bs64_sl2048.json,4x4,onering_qwen_gqa_tp16_fwd,64,2048,16,,,,,ring,real,mesh2d,75843,24322,51521,,87.93,17.783,SUCCESS,2026-03-29 01:55:35
72c533c047a59069ddb2c9490516d0cd3addd645b5116d30157b3553fca31c05,tp16_hbm4_ring_real_mesh2d_4x4_onering_qwen_gqa_tp16_fwd_bs64_sl3072,/home/haotian/waferchip/mesh2D/astra_sim_picasso/examples/run_scripts/analytical/congestion_aware/configs/gqa_seq_scaling/tp16_hbm4_ring_real_mesh2d_4x4_onering_qwen_gqa_tp16_fwd_bs64_sl3072.json,4x4,onering_qwen_gqa_tp16_fwd,64,3072,16,,,,,ring,real,mesh2d,82660,29356,53304,,84.998,21.879,SUCCESS,2026-03-29 01:55:35
e1c7d5a93f5948249120dc2976d03bf3de5ff60cfda06d86f6570839450e9148,tp16_hbm4_ring_real_mesh2d_4x4_onering_qwen_gqa_tp16_fwd_bs64_sl4096,/home/haotian/waferchip/mesh2D/astra_sim_picasso/examples/run_scripts/analytical/congestion_aware/configs/gqa_seq_scaling/tp16_hbm4_ring_real_mesh2d_4x4_onering_qwen_gqa_tp16_fwd_bs64_sl4096.json,4x4,onering_qwen_gqa_tp16_fwd,64,4096,16,,,,,ring,real,mesh2d,89740,34388,55352,,82.924,24.776,SUCCESS,2026-03-29 01:55:35
19ed178db9ceaf78ac9c486d6b08aae0d4728dab37ba841cb19e4cedc07d37fd,tp16_hbm4_ring_real_mesh2d_4x4_onering_qwen_gqa_tp16_fwd_bs64_sl5120,/home/haotian/waferchip/mesh2D/astra_sim_picasso/examples/run_scripts/analytical/congestion_aware/configs/gqa_seq_scaling/tp16_hbm4_ring_real_mesh2d_4x4_onering_qwen_gqa_tp16_fwd_bs64_sl5120.json,4x4,onering_qwen_gqa_tp16_fwd,64,5120,16,,,,,ring,real,mesh2d,96750,39422,57328,,81.38,26.933,SUCCESS,2026-03-29 01:55:35
0ec9fe6c587c5b3784bd7024665b549635dbd2673f64797cb402e7c78afe4a13,tp16_hbm4_ring_real_mesh2d_4x4_onering_qwen_gqa_tp16_fwd_bs64_sl6144,/home/haotian/waferchip/mesh2D/astra_sim_picasso/examples/run_scripts/analytical/congestion_aware/configs/gqa_seq_scaling/tp16_hbm4_ring_real_mesh2d_4x4_onering_qwen_gqa_tp16_fwd_bs64_sl6144.json,4x4,onering_qwen_gqa_tp16_fwd,64,6144,16,,,,,ring,real,mesh2d,103639,44456,59183,,80.186,28.601,SUCCESS,2026-03-29 01:55:35
ac335e4ceff6d4935c9b284e9984bccd27e5e1d1dbf04da87293087e6543fe0c,tp16_hbm4_ring_real_mesh2d_4x4_onering_qwen_gqa_tp16_fwd_bs64_sl65536,/home/haotian/waferchip/mesh2D/astra_sim_picasso/examples/run_scripts/analytical/congestion_aware/configs/gqa_seq_scaling/tp16_hbm4_ring_real_mesh2d_4x4_onering_qwen_gqa_tp16_fwd_bs64_sl65536.json,4x4,onering_qwen_gqa_tp16_fwd,64,65536,16,,,,,ring,real,mesh2d,572918,336380,236538,,72.069,39.94,SUCCESS,2026-03-29 01:55:35
3a11ece67196065231a795f29774b1db903486b9faa0194a02887879e5a6fd53,tp16_hbm4_ring_real_mesh2d_4x4_onering_qwen_gqa_tp16_fwd_bs64_sl7168,/home/haotian/waferchip/mesh2D/astra_sim_picasso/examples/run_scripts/analytical/congestion_aware/configs/gqa_seq_scaling/tp16_hbm4_ring_real_mesh2d_4x4_onering_qwen_gqa_tp16_fwd_bs64_sl7168.json,4x4,onering_qwen_gqa_tp16_fwd,64,7168,16,,,,,ring,real,mesh2d,110649,49490,61159,,79.235,29.93,SUCCESS,2026-03-29 01:55:35
0220219989e4ddd0932030ce089b5732f464662098179ee340b3677e70f4a8de,tp16_hbm4_ring_real_mesh2d_4x4_onering_qwen_gqa_tp16_fwd_bs64_sl8192,/home/haotian/waferchip/mesh2D/astra_sim_picasso/examples/run_scripts/analytical/congestion_aware/configs/gqa_seq_scaling/tp16_hbm4_ring_real_mesh2d_4x4_onering_qwen_gqa_tp16_fwd_bs64_sl8192.json,4x4,onering_qwen_gqa_tp16_fwd,64,8192,16,,,,,ring,real,mesh2d,117727,54520,63207,,78.461,31.012,SUCCESS,2026-03-29 01:55:36
d449b8e6a3687999e8dee0a7324c6a3e77a663b985b4286bc98e718f41e9a419,tp16_hbm4_ring_real_mesh2d_4x4_onering_qwen_gqa_tp16_fwd_bs64_sl9216,/home/haotian/waferchip/mesh2D/astra_sim_picasso/examples/run_scripts/analytical/congestion_aware/configs/gqa_seq_scaling/tp16_hbm4_ring_real_mesh2d_4x4_onering_qwen_gqa_tp16_fwd_bs64_sl9216.json,4x4,onering_qwen_gqa_tp16_fwd,64,9216,16,,,,,ring,real,mesh2d,124544,59554,64990,,77.816,31.912,SUCCESS,2026-03-29 01:55:36
6e3f2f30c949dd0fbc2d166b326b27bd40a655e7ec38a12719920cb3c9591bd0,tp16_hbm4_80t_mesh2d_4x4_onering_llama4_gqa_baseline_fwd_block2x2_bs1_sl1024,/home/haotian/waferchip/mesh2D/astra_sim_picasso/examples/run_scripts/analytical/congestion_aware/configs/gqa_seq_scaling/tp16_hbm4_80t_mesh2d_4x4_onering_llama4_gqa_baseline_fwd_block2x2_bs1_sl1024.json,onering,llama4_gqa_baseline_fwd_block2x2,1,1024,16,,,,,80t,mesh2d,4x4,18453,213,18240,,76.752,25.386,SUCCESS,2026-03-29 01:55:48
d561026c50f7abd9cf277093bf58975e0559a2a95a3ef0a784bc19bddac386d1,tp16_hbm4_80t_mesh2d_4x4_onering_llama4_gqa_baseline_fwd_block2x2_bs1_sl1048576,/home/haotian/waferchip/mesh2D/astra_sim_picasso/examples/run_scripts/analytical/congestion_aware/configs/gqa_seq_scaling/tp16_hbm4_80t_mesh2d_4x4_onering_llama4_gqa_baseline_fwd_block2x2_bs1_sl1048576.json,onering,llama4_gqa_baseline_fwd_block2x2,1,1048576,16,,,,,80t,mesh2d,4x4,88847,70607,18240,,28.717,77.521,SUCCESS,2026-03-29 01:55:50
3f165fbfc891e15daee5b6d83220dfed8d08f5391a74618aedaece9131a0942b,tp16_hbm4_80t_mesh2d_4x4_onering_llama4_gqa_baseline_fwd_block2x2_bs1_sl131072,/home/haotian/waferchip/mesh2D/astra_sim_picasso/examples/run_scripts/analytical/congestion_aware/configs/gqa_seq_scaling/tp16_hbm4_80t_mesh2d_4x4_onering_llama4_gqa_baseline_fwd_block2x2_bs1_sl131072.json,onering,llama4_gqa_baseline_fwd_block2x2,1,131072,16,,,,,80t,mesh2d,4x4,27191,8951,18240,,29.718,76.434,SUCCESS,2026-03-29 01:55:51
3ed5e4a698f9a959b138e28da81ff1a6c982b71ec9d64bfe4a04dbeb09bc4f52,tp16_hbm4_80t_mesh2d_4x4_onering_llama4_gqa_baseline_fwd_block2x2_bs1_sl16384,/home/haotian/waferchip/mesh2D/astra_sim_picasso/examples/run_scripts/analytical/congestion_aware/configs/gqa_seq_scaling/tp16_hbm4_80t_mesh2d_4x4_onering_llama4_gqa_baseline_fwd_block2x2_bs1_sl16384.json,onering,llama4_gqa_baseline_fwd_block2x2,1,16384,16,,,,,80t,mesh2d,4x4,19485,1245,18240,,36.868,68.677,SUCCESS,2026-03-29 01:55:53
a2614ca73e03a51bb5737d3e81457cddaa620262126ab8f6455eca16ffb40b9a,tp16_hbm4_80t_mesh2d_4x4_onering_llama4_gqa_baseline_fwd_block2x2_bs1_sl2048,/home/haotian/waferchip/mesh2D/astra_sim_picasso/examples/run_scripts/analytical/congestion_aware/configs/gqa_seq_scaling/tp16_hbm4_80t_mesh2d_4x4_onering_llama4_gqa_baseline_fwd_block2x2_bs1_sl2048.json,onering,llama4_gqa_baseline_fwd_block2x2,1,2048,16,,,,,80t,mesh2d,4x4,18521,281,18240,,65.071,38.059,SUCCESS,2026-03-29 01:55:54
e83af1f662476d67a8faeb52e94f68ea46c5c63e3524daf298c7259ae0320486,tp16_hbm4_80t_mesh2d_4x4_onering_llama4_gqa_baseline_fwd_block2x2_bs1_sl262144,/home/haotian/waferchip/mesh2D/astra_sim_picasso/examples/run_scripts/analytical/congestion_aware/configs/gqa_seq_scaling/tp16_hbm4_80t_mesh2d_4x4_onering_llama4_gqa_baseline_fwd_block2x2_bs1_sl262144.json,onering,llama4_gqa_baseline_fwd_block2x2,1,262144,16,,,,,80t,mesh2d,4x4,35999,17759,18240,,29.154,77.047,SUCCESS,2026-03-29 01:55:56
e030d5d213c1b04c2eeae1548f844b70bb6cef6ec218fa5579e53f233a54caae,tp16_hbm4_80t_mesh2d_4x4_onering_llama4_gqa_baseline_fwd_block2x2_bs1_sl32768,/home/haotian/waferchip/mesh2D/astra_sim_picasso/examples/run_scripts/analytical/congestion_aware/configs/gqa_seq_scaling/tp16_hbm4_80t_mesh2d_4x4_onering_llama4_gqa_baseline_fwd_block2x2_bs1_sl32768.json,onering,llama4_gqa_baseline_fwd_block2x2,1,32768,16,,,,,80t,mesh2d,4x4,20585,2345,18240,,32.982,72.894,SUCCESS,2026-03-29 01:55:57
99e9100af64e8ee6f380f1b7d8be9c8dcdacbccef809738af387146202fe1ae8,tp16_hbm4_80t_mesh2d_4x4_onering_llama4_gqa_baseline_fwd_block2x2_bs1_sl4096,/home/haotian/waferchip/mesh2D/astra_sim_picasso/examples/run_scripts/analytical/congestion_aware/configs/gqa_seq_scaling/tp16_hbm4_80t_mesh2d_4x4_onering_llama4_gqa_baseline_fwd_block2x2_bs1_sl4096.json,onering,llama4_gqa_baseline_fwd_block2x2,1,4096,16,,,,,80t,mesh2d,4x4,18657,417,18240,,53.11,51.035,SUCCESS,2026-03-29 01:55:59
6dd5771e233ebe67d9e58c67e6d4cd1d005dd11ebd9d46a1aea3e83df61da003,tp16_hbm4_80t_mesh2d_4x4_onering_llama4_gqa_baseline_fwd_block2x2_bs1_sl524288,/home/haotian/waferchip/mesh2D/astra_sim_picasso/examples/run_scripts/analytical/congestion_aware/configs/gqa_seq_scaling/tp16_hbm4_80t_mesh2d_4x4_onering_llama4_gqa_baseline_fwd_block2x2_bs1_sl524288.json,onering,llama4_gqa_baseline_fwd_block2x2,1,524288,16,,,,,80t,mesh2d,4x4,53615,35375,18240,,28.863,77.362,SUCCESS,2026-03-29 01:56:01
494e4d5e743ae6932761bbc78aa3594f2d522ce17361f5e037fae068085e8f82,tp16_hbm4_80t_mesh2d_4x4_onering_llama4_gqa_baseline_fwd_block2x2_bs1_sl65536,/home/haotian/waferchip/mesh2D/astra_sim_picasso/examples/run_scripts/analytical/congestion_aware/configs/gqa_seq_scaling/tp16_hbm4_80t_mesh2d_4x4_onering_llama4_gqa_baseline_fwd_block2x2_bs1_sl65536.json,onering,llama4_gqa_baseline_fwd_block2x2,1,65536,16,,,,,80t,mesh2d,4x4,22787,4547,18240,,30.84,75.216,SUCCESS,2026-03-29 01:56:02
1c4210433506cd87cd5517acdf5ff093b463bafbab305d0f5d43171c248876e9,tp16_hbm4_80t_mesh2d_4x4_onering_llama4_gqa_baseline_fwd_block2x2_bs1_sl8192,/home/haotian/waferchip/mesh2D/astra_sim_picasso/examples/run_scripts/analytical/congestion_aware/configs/gqa_seq_scaling/tp16_hbm4_80t_mesh2d_4x4_onering_llama4_gqa_baseline_fwd_block2x2_bs1_sl8192.json,onering,llama4_gqa_baseline_fwd_block2x2,1,8192,16,,,,,80t,mesh2d,4x4,18933,693,18240,,43.39,61.594,SUCCESS,2026-03-29 01:56:04
02e7bf288b227037fde4cb39b7797667d816a62c36eb7d5b5626d7709be3a415,tp16_hbm4_80t_mesh2d_4x4_onering_llama4_gqa_hmp_fwd_block2x2_bs1_sl1024,/home/haotian/waferchip/mesh2D/astra_sim_picasso/examples/run_scripts/analytical/congestion_aware/configs/gqa_seq_scaling/tp16_hbm4_80t_mesh2d_4x4_onering_llama4_gqa_hmp_fwd_block2x2_bs1_sl1024.json,onering,llama4_gqa_hmp_fwd_block2x2,1,1024,16,,,,,80t,mesh2d,4x4,338,338,,,84.882,17.069,SUCCESS,2026-03-29 01:56:04
c4aff98496e929d866df2da4ada20290f4240054d9698365d537f81b4a20aaa2,tp16_hbm4_80t_mesh2d_4x4_onering_llama4_gqa_hmp_fwd_block2x2_bs1_sl1048576,/home/haotian/waferchip/mesh2D/astra_sim_picasso/examples/run_scripts/analytical/congestion_aware/configs/gqa_seq_scaling/tp16_hbm4_80t_mesh2d_4x4_onering_llama4_gqa_hmp_fwd_block2x2_bs1_sl1048576.json,onering,llama4_gqa_hmp_fwd_block2x2,1,1048576,16,,,,,80t,mesh2d,4x4,70732,70732,,,28.841,77.389,SUCCESS,2026-03-29 01:56:04
ff5b5a1488eeea94c621fe563beab83fadefae28edef2e1886f46d2e50222267,tp16_hbm4_80t_mesh2d_4x4_onering_llama4_gqa_hmp_fwd_block2x2_bs1_sl131072,/home/haotian/waferchip/mesh2D/astra_sim_picasso/examples/run_scripts/analytical/congestion_aware/configs/gqa_seq_scaling/tp16_hbm4_80t_mesh2d_4x4_onering_llama4_gqa_hmp_fwd_block2x2_bs1_sl131072.json,onering,llama4_gqa_hmp_fwd_block2x2,1,131072,16,,,,,80t,mesh2d,4x4,9076,9076,,,30.67,75.42,SUCCESS,2026-03-29 01:56:04
46da07867dc7740f43abd65c3dbaf37c6aa0b0562f709cf3bb7568eb6447ae4f,tp16_hbm4_80t_mesh2d_4x4_onering_llama4_gqa_hmp_fwd_block2x2_bs1_sl16384,/home/haotian/waferchip/mesh2D/astra_sim_picasso/examples/run_scripts/analytical/congestion_aware/configs/gqa_seq_scaling/tp16_hbm4_80t_mesh2d_4x4_onering_llama4_gqa_hmp_fwd_block2x2_bs1_sl16384.json,onering,llama4_gqa_hmp_fwd_block2x2,1,16384,16,,,,,80t,mesh2d,4x4,1370,1370,,,42.515,62.673,SUCCESS,2026-03-29 01:56:04
2d490034044f3f738c86ca2c1f3cb24bb3100d2f0b054e79a8cce1eb1a8c236d,tp16_hbm4_80t_mesh2d_4x4_onering_llama4_gqa_hmp_fwd_block2x2_bs1_sl2048,/home/haotian/waferchip/mesh2D/astra_sim_picasso/examples/run_scripts/analytical/congestion_aware/configs/gqa_seq_scaling/tp16_hbm4_80t_mesh2d_4x4_onering_llama4_gqa_hmp_fwd_block2x2_bs1_sl2048.json,onering,llama4_gqa_hmp_fwd_block2x2,1,2048,16,,,,,80t,mesh2d,4x4,406,406,,,75.43,27.239,SUCCESS,2026-03-29 01:56:04
697060dab6464e4418c9bf2b00fab5b31d6bcae54342c27649baa46317172b7c,tp16_hbm4_80t_mesh2d_4x4_onering_llama4_gqa_hmp_fwd_block2x2_bs1_sl262144,/home/haotian/waferchip/mesh2D/astra_sim_picasso/examples/run_scripts/analytical/congestion_aware/configs/gqa_seq_scaling/tp16_hbm4_80t_mesh2d_4x4_onering_llama4_gqa_hmp_fwd_block2x2_bs1_sl262144.json,onering,llama4_gqa_hmp_fwd_block2x2,1,262144,16,,,,,80t,mesh2d,4x4,17884,17884,,,29.641,76.528,SUCCESS,2026-03-29 01:56:04
0868ccddb6e0f3a7b3f7ee515fc28fb76839cceedd9d5b48bbc662483821bb39,tp16_hbm4_80t_mesh2d_4x4_onering_llama4_gqa_hmp_fwd_block2x2_bs1_sl32768,/home/haotian/waferchip/mesh2D/astra_sim_picasso/examples/run_scripts/analytical/congestion_aware/configs/gqa_seq_scaling/tp16_hbm4_80t_mesh2d_4x4_onering_llama4_gqa_hmp_fwd_block2x2_bs1_sl32768.json,onering,llama4_gqa_hmp_fwd_block2x2,1,32768,16,,,,,80t,mesh2d,4x4,2470,2470,,,36.311,69.35,SUCCESS,2026-03-29 01:56:04
a0ab23e2d835ffd7b6866ef5f0a163bbed95bd49f6310729c432c8a275bed46f,tp16_hbm4_80t_mesh2d_4x4_onering_llama4_gqa_hmp_fwd_block2x2_bs1_sl4096,/home/haotian/waferchip/mesh2D/astra_sim_picasso/examples/run_scripts/analytical/congestion_aware/configs/gqa_seq_scaling/tp16_hbm4_80t_mesh2d_4x4_onering_llama4_gqa_hmp_fwd_block2x2_bs1_sl4096.json,onering,llama4_gqa_hmp_fwd_block2x2,1,4096,16,,,,,80t,mesh2d,4x4,542,542,,,63.628,39.938,SUCCESS,2026-03-29 01:56:04
11210a650f31dee7b395617187594c87e2cf75ffeb2690a55d96125d80eb7578,tp16_hbm4_80t_mesh2d_4x4_onering_llama4_gqa_hmp_fwd_block2x2_bs1_sl524288,/home/haotian/waferchip/mesh2D/astra_sim_picasso/examples/run_scripts/analytical/congestion_aware/configs/gqa_seq_scaling/tp16_hbm4_80t_mesh2d_4x4_onering_llama4_gqa_hmp_fwd_block2x2_bs1_sl524288.json,onering,llama4_gqa_hmp_fwd_block2x2,1,524288,16,,,,,80t,mesh2d,4x4,35500,35500,,,29.109,77.1,SUCCESS,2026-03-29 01:56:04
aae31def525643c5228d45c96ed1a09199a72f591235409648110a6c56b8c6cc,tp16_hbm4_80t_mesh2d_4x4_onering_llama4_gqa_hmp_fwd_block2x2_bs1_sl65536,/home/haotian/waferchip/mesh2D/astra_sim_picasso/examples/run_scripts/analytical/congestion_aware/configs/gqa_seq_scaling/tp16_hbm4_80t_mesh2d_4x4_onering_llama4_gqa_hmp_fwd_block2x2_bs1_sl65536.json,onering,llama4_gqa_hmp_fwd_block2x2,1,65536,16,,,,,80t,mesh2d,4x4,4672,4672,,,32.658,73.28,SUCCESS,2026-03-29 01:56:04
0334f3215c071bc59b89bf9f9c77cf926091bda45192eb0db04d2c8cec7500d3,tp16_hbm4_80t_mesh2d_4x4_onering_llama4_gqa_hmp_fwd_block2x2_bs1_sl8192,/home/haotian/waferchip/mesh2D/astra_sim_picasso/examples/run_scripts/analytical/congestion_aware/configs/gqa_seq_scaling/tp16_hbm4_80t_mesh2d_4x4_onering_llama4_gqa_hmp_fwd_block2x2_bs1_sl8192.json,onering,llama4_gqa_hmp_fwd_block2x2,1,8192,16,,,,,80t,mesh2d,4x4,818,818,,,51.847,52.625,SUCCESS,2026-03-29 01:56:04
8a79540896cbb8dab6625a1f71e65cad370062fb532b4606623786aa1e8a2194,tp16_hbm4_80t_mesh2d_4x4_onering_llama4_gqa_tp16_fwd_block2x2_bs1_sl1024,/home/haotian/waferchip/mesh2D/astra_sim_picasso/examples/run_scripts/analytical/congestion_aware/configs/gqa_seq_scaling/tp16_hbm4_80t_mesh2d_4x4_onering_llama4_gqa_tp16_fwd_block2x2_bs1_sl1024.json,onering,llama4_gqa_tp16_fwd_block2x2,1,1024,16,,,,,80t,mesh2d,4x4,21044,164,20880,,69.848,35.333,SUCCESS,2026-03-29 01:56:06
7be18e62ecc0bd048251c02867177be10a53a9fd54f45ac8e7a30c7aa5c41300,tp16_hbm4_80t_mesh2d_4x4_onering_llama4_gqa_tp16_fwd_block2x2_bs1_sl1048576,/home/haotian/waferchip/mesh2D/astra_sim_picasso/examples/run_scripts/analytical/congestion_aware/configs/gqa_seq_scaling/tp16_hbm4_80t_mesh2d_4x4_onering_llama4_gqa_tp16_fwd_block2x2_bs1_sl1048576.json,onering,llama4_gqa_tp16_fwd_block2x2,1,1048576,16,,,,,80t,mesh2d,4x4,99842,70558,29284,,28.667,82.034,SUCCESS,2026-03-29 01:56:08
a857f00040a419da79b1a6e8d9b11fe8c4ce3f70d35f8394014506ad2c502f66,tp16_hbm4_80t_mesh2d_4x4_onering_llama4_gqa_tp16_fwd_block2x2_bs1_sl131072,/home/haotian/waferchip/mesh2D/astra_sim_picasso/examples/run_scripts/analytical/congestion_aware/configs/gqa_seq_scaling/tp16_hbm4_80t_mesh2d_4x4_onering_llama4_gqa_tp16_fwd_block2x2_bs1_sl131072.json,onering,llama4_gqa_tp16_fwd_block2x2,1,131072,16,,,,,80t,mesh2d,4x4,30799,8902,21897,,29.331,81.279,SUCCESS,2026-03-29 01:56:10
7061b702796c28683410b25103d3d10d7067db907824e82612e5e0ab4d9be7c3,tp16_hbm4_80t_mesh2d_4x4_onering_llama4_gqa_tp16_fwd_block2x2_bs1_sl16384,/home/haotian/waferchip/mesh2D/astra_sim_picasso/examples/run_scripts/analytical/congestion_aware/configs/gqa_seq_scaling/tp16_hbm4_80t_mesh2d_4x4_onering_llama4_gqa_tp16_fwd_block2x2_bs1_sl16384.json,onering,llama4_gqa_tp16_fwd_block2x2,1,16384,16,,,,,80t,mesh2d,4x4,22197,1196,21001,,34.284,75.673,SUCCESS,2026-03-29 01:56:12
cd2e992ae167dc8bc20c835b74e9c4a17189aa48c8957ff7fd4a4bdb80922f48,tp16_hbm4_80t_mesh2d_4x4_onering_llama4_gqa_tp16_fwd_block2x2_bs1_sl2048,/home/haotian/waferchip/mesh2D/astra_sim_picasso/examples/run_scripts/analytical/congestion_aware/configs/gqa_seq_scaling/tp16_hbm4_80t_mesh2d_4x4_onering_llama4_gqa_tp16_fwd_block2x2_bs1_sl2048.json,onering,llama4_gqa_tp16_fwd_block2x2,1,2048,16,,,,,80t,mesh2d,4x4,21112,232,20880,,57.725,49.056,SUCCESS,2026-03-29 01:56:14
913a803d4eba7db28bd790a338f22cf138d5d90b7fc3869c104439a18ce1bede,tp16_hbm4_80t_mesh2d_4x4_onering_llama4_gqa_tp16_fwd_block2x2_bs1_sl262144,/home/haotian/waferchip/mesh2D/astra_sim_picasso/examples/run_scripts/analytical/congestion_aware/configs/gqa_seq_scaling/tp16_hbm4_80t_mesh2d_4x4_onering_llama4_gqa_tp16_fwd_block2x2_bs1_sl262144.json,onering,llama4_gqa_tp16_fwd_block2x2,1,262144,16,,,,,80t,mesh2d,4x4,40673,17710,22963,,28.958,81.705,SUCCESS,2026-03-29 01:56:16
c692c93c834e24414c41a37dbcb1b312ede5f2f7e71afbb0364d14c615a33404,tp16_hbm4_80t_mesh2d_4x4_onering_llama4_gqa_tp16_fwd_block2x2_bs1_sl32768,/home/haotian/waferchip/mesh2D/astra_sim_picasso/examples/run_scripts/analytical/congestion_aware/configs/gqa_seq_scaling/tp16_hbm4_80t_mesh2d_4x4_onering_llama4_gqa_tp16_fwd_block2x2_bs1_sl32768.json,onering,llama4_gqa_tp16_fwd_block2x2,1,32768,16,,,,,80t,mesh2d,4x4,23418,2296,21122,,31.552,78.768,SUCCESS,2026-03-29 01:56:18
36c34cd4af3ae81f3f13f934966e8eb363c4a9721795c15fc2f83326a0142542,tp16_hbm4_80t_mesh2d_4x4_onering_llama4_gqa_tp16_fwd_block2x2_bs1_sl4096,/home/haotian/waferchip/mesh2D/astra_sim_picasso/examples/run_scripts/analytical/congestion_aware/configs/gqa_seq_scaling/tp16_hbm4_80t_mesh2d_4x4_onering_llama4_gqa_tp16_fwd_block2x2_bs1_sl4096.json,onering,llama4_gqa_tp16_fwd_block2x2,1,4096,16,,,,,80t,mesh2d,4x4,21248,368,20880,,46.883,61.328,SUCCESS,2026-03-29 01:56:19
458f4f44a6d29e4c814e1aa967b5872bfbee84abbcd7fdabdeb767248c557c0d,tp16_hbm4_80t_mesh2d_4x4_onering_llama4_gqa_tp16_fwd_block2x2_bs1_sl524288,/home/haotian/waferchip/mesh2D/astra_sim_picasso/examples/run_scripts/analytical/congestion_aware/configs/gqa_seq_scaling/tp16_hbm4_80t_mesh2d_4x4_onering_llama4_gqa_tp16_fwd_block2x2_bs1_sl524288.json,onering,llama4_gqa_tp16_fwd_block2x2,1,524288,16,,,,,80t,mesh2d,4x4,60372,35326,25046,,28.764,81.924,SUCCESS,2026-03-29 01:56:21
5e3f3299e73802e8b9acfef90d5129b3ce4da37c057ea9d8f814b1bb4b4ec74d,tp16_hbm4_80t_mesh2d_4x4_onering_llama4_gqa_tp16_fwd_block2x2_bs1_sl65536,/home/haotian/waferchip/mesh2D/astra_sim_picasso/examples/run_scripts/analytical/congestion_aware/configs/gqa_seq_scaling/tp16_hbm4_80t_mesh2d_4x4_onering_llama4_gqa_tp16_fwd_block2x2_bs1_sl65536.json,onering,llama4_gqa_tp16_fwd_block2x2,1,65536,16,,,,,80t,mesh2d,4x4,25862,4498,21364,,30.087,80.425,SUCCESS,2026-03-29 01:56:23
e4d0266fca437c5ca1849d80675d6f99ee35d495b0ec76a1beaba8c31ebc2c1c,tp16_hbm4_80t_mesh2d_4x4_onering_llama4_gqa_tp16_fwd_block2x2_bs1_sl8192,/home/haotian/waferchip/mesh2D/astra_sim_picasso/examples/run_scripts/analytical/congestion_aware/configs/gqa_seq_scaling/tp16_hbm4_80t_mesh2d_4x4_onering_llama4_gqa_tp16_fwd_block2x2_bs1_sl8192.json,onering,llama4_gqa_tp16_fwd_block2x2,1,8192,16,,,,,80t,mesh2d,4x4,21524,644,20880,,39.089,70.202,SUCCESS,2026-03-29 01:56:25
b053898b94afdf50f8fbb6849d49bfedb420ba546ba167ab727bbd98b979a1b6,tp16_hbm4_80t_mesh2d_4x4_onering_qwen_gqa_baseline_fwd_block2x2_bs1_sl1024,/home/haotian/waferchip/mesh2D/astra_sim_picasso/examples/run_scripts/analytical/congestion_aware/configs/gqa_seq_scaling/tp16_hbm4_80t_mesh2d_4x4_onering_qwen_gqa_baseline_fwd_block2x2_bs1_sl1024.json,onering,qwen_gqa_baseline_fwd_block2x2,1,1024,16,,,,,80t,mesh2d,4x4,18422,182,18240,,86.134,15.926,SUCCESS,2026-03-29 01:56:27
fb518ad9c946a72b4541e01e3f712231fa8659b9df1135de0d673d2a6bc91264,tp16_hbm4_80t_mesh2d_4x4_onering_qwen_gqa_baseline_fwd_block2x2_bs1_sl1024_split4,/home/haotian/waferchip/mesh2D/astra_sim_picasso/examples/run_scripts/analytical/congestion_aware/configs/gqa_seq_scaling/tp16_hbm4_80t_mesh2d_4x4_onering_qwen_gqa_baseline_fwd_block2x2_bs1_sl1024_split4.json,onering,qwen_gqa_baseline_fwd_block2x2_split4,1,1024,16,,,,,80t,mesh2d,4x4,2462,182,2280,,86.134,15.926,SUCCESS,2026-03-29 01:56:27
b29d2b6eb6462695a29d1e6851fcefbb9d46dca2b9fc20b8c0d14290285b2d8c,tp16_hbm4_80t_mesh2d_4x4_onering_qwen_gqa_baseline_fwd_block2x2_bs1_sl1024_split4_bw1500,/home/haotian/waferchip/mesh2D/astra_sim_picasso/examples/run_scripts/analytical/congestion_aware/configs/gqa_seq_scaling/tp16_hbm4_80t_mesh2d_4x4_onering_qwen_gqa_baseline_fwd_block2x2_bs1_sl1024_split4_bw1500.json,onering,qwen_gqa_baseline_fwd_block2x2_split4_bw1500,1,1024,16,,,,,80t,mesh2d,4x4,677,182,495,,86.134,15.926,SUCCESS,2026-03-29 01:56:28
139719ae14d1d90950d616f87aae0db15603dde590a482ace80de5de008ab2d8,tp16_hbm4_80t_mesh2d_4x4_onering_qwen_gqa_baseline_fwd_block2x2_bs1_sl1024_split4_d2d15ns,/home/haotian/waferchip/mesh2D/astra_sim_picasso/examples/run_scripts/analytical/congestion_aware/configs/gqa_seq_scaling/tp16_hbm4_80t_mesh2d_4x4_onering_qwen_gqa_baseline_fwd_block2x2_bs1_sl1024_split4_d2d15ns.json,onering,qwen_gqa_baseline_fwd_block2x2_split4_d2d15ns,1,1024,16,,,,,80t,mesh2d,4x4,677,182,495,,86.134,15.926,SUCCESS,2026-03-29 01:56:28
b2567862b85d16c4bad3c8cc36d723c1cd9442e81cf8837265f39f4a77ca9a99,tp16_hbm4_80t_mesh2d_4x4_onering_qwen_gqa_baseline_fwd_block2x2_bs1_sl1048576,/home/haotian/waferchip/mesh2D/astra_sim_picasso/examples/run_scripts/analytical/congestion_aware/configs/gqa_seq_scaling/tp16_hbm4_80t_mesh2d_4x4_onering_qwen_gqa_baseline_fwd_block2x2_bs1_sl1048576.json,onering,qwen_gqa_baseline_fwd_block2x2,1,1048576,16,,,,,80t,mesh2d,4x4,72054,53814,18240,,53.237,52.999,SUCCESS,2026-03-29 01:56:30
5709caa616537ecd82830acc9390a4718cf4cd657ab3218d961460da261afb5c,tp16_hbm4_80t_mesh2d_4x4_onering_qwen_gqa_baseline_fwd_block2x2_bs1_sl1048576_split4,/home/haotian/waferchip/mesh2D/astra_sim_picasso/examples/run_scripts/analytical/congestion_aware/configs/gqa_seq_scaling/tp16_hbm4_80t_mesh2d_4x4_onering_qwen_gqa_baseline_fwd_block2x2_bs1_sl1048576_split4.json,onering,qwen_gqa_baseline_fwd_block2x2_split4,1,1048576,16,,,,,80t,mesh2d,4x4,56094,53814,2280,,53.237,52.999,SUCCESS,2026-03-29 01:56:30
63e27362cea2d23524e0887cb2db6f8f272b994bce6f13dc9c1de1315a295ea1,tp16_hbm4_80t_mesh2d_4x4_onering_qwen_gqa_baseline_fwd_block2x2_bs1_sl1048576_split4_bw1500,/home/haotian/waferchip/mesh2D/astra_sim_picasso/examples/run_scripts/analytical/congestion_aware/configs/gqa_seq_scaling/tp16_hbm4_80t_mesh2d_4x4_onering_qwen_gqa_baseline_fwd_block2x2_bs1_sl1048576_split4_bw1500.json,onering,qwen_gqa_baseline_fwd_block2x2_split4_bw1500,1,1048576,16,,,,,80t,mesh2d,4x4,54309,53814,495,,53.237,52.999,SUCCESS,2026-03-29 01:56:30
29cdfd1316c289fa13725ec875b0ec8a3f42cb80ff2f8512f0734ccfe69a0a41,tp16_hbm4_80t_mesh2d_4x4_onering_qwen_gqa_baseline_fwd_block2x2_bs1_sl1048576_split4_d2d15ns,/home/haotian/waferchip/mesh2D/astra_sim_picasso/examples/run_scripts/analytical/congestion_aware/configs/gqa_seq_scaling/tp16_hbm4_80t_mesh2d_4x4_onering_qwen_gqa_baseline_fwd_block2x2_bs1_sl1048576_split4_d2d15ns.json,onering,qwen_gqa_baseline_fwd_block2x2_split4_d2d15ns,1,1048576,16,,,,,80t,mesh2d,4x4,54309,53814,495,,53.237,52.999,SUCCESS,2026-03-29 01:56:31
d688854a41cb4453885550d9f794dbf47f95f56d48fcb6b7a7bb994a3411becd,tp16_hbm4_80t_mesh2d_4x4_onering_qwen_gqa_baseline_fwd_block2x2_bs1_sl131072,/home/haotian/waferchip/mesh2D/astra_sim_picasso/examples/run_scripts/analytical/congestion_aware/configs/gqa_seq_scaling/tp16_hbm4_80t_mesh2d_4x4_onering_qwen_gqa_baseline_fwd_block2x2_bs1_sl131072.json,onering,qwen_gqa_baseline_fwd_block2x2,1,131072,16,,,,,80t,mesh2d,4x4,25078,6838,18240,,54.008,52.13,SUCCESS,2026-03-29 01:56:32
faf00751ff841ad98a1a6acfbad7dd2a6ffd5ab2931b62e4552679aa65fb2985,tp16_hbm4_80t_mesh2d_4x4_onering_qwen_gqa_baseline_fwd_block2x2_bs1_sl131072_split4,/home/haotian/waferchip/mesh2D/astra_sim_picasso/examples/run_scripts/analytical/congestion_aware/configs/gqa_seq_scaling/tp16_hbm4_80t_mesh2d_4x4_onering_qwen_gqa_baseline_fwd_block2x2_bs1_sl131072_split4.json,onering,qwen_gqa_baseline_fwd_block2x2_split4,1,131072,16,,,,,80t,mesh2d,4x4,9118,6838,2280,,54.008,52.13,SUCCESS,2026-03-29 01:56:33
cc021495107d59e569b224a16d6beacf3e6ee28c5607b992ae88524807d08567,tp16_hbm4_80t_mesh2d_4x4_onering_qwen_gqa_baseline_fwd_block2x2_bs1_sl131072_split4_bw1500,/home/haotian/waferchip/mesh2D/astra_sim_picasso/examples/run_scripts/analytical/congestion_aware/configs/gqa_seq_scaling/tp16_hbm4_80t_mesh2d_4x4_onering_qwen_gqa_baseline_fwd_block2x2_bs1_sl131072_split4_bw1500.json,onering,qwen_gqa_baseline_fwd_block2x2_split4_bw1500,1,131072,16,,,,,80t,mesh2d,4x4,7333,6838,495,,54.008,52.13,SUCCESS,2026-03-29 01:56:33
26a8a794d71c88283e90bd956b62b7e3b66f23ed7de1cbd76b9aef3290ebe59f,tp16_hbm4_80t_mesh2d_4x4_onering_qwen_gqa_baseline_fwd_block2x2_bs1_sl131072_split4_d2d15ns,/home/haotian/waferchip/mesh2D/astra_sim_picasso/examples/run_scripts/analytical/congestion_aware/configs/gqa_seq_scaling/tp16_hbm4_80t_mesh2d_4x4_onering_qwen_gqa_baseline_fwd_block2x2_bs1_sl131072_split4_d2d15ns.json,onering,qwen_gqa_baseline_fwd_block2x2_split4_d2d15ns,1,131072,16,,,,,80t,mesh2d,4x4,7333,6838,495,,54.008,52.13,SUCCESS,2026-03-29 01:56:34
5c40f490878a5f31e6b04b0ff90b2d23e7be289f5539363cec37551da53b7d8a,tp16_hbm4_80t_mesh2d_4x4_onering_qwen_gqa_baseline_fwd_block2x2_bs1_sl16384,/home/haotian/waferchip/mesh2D/astra_sim_picasso/examples/run_scripts/analytical/congestion_aware/configs/gqa_seq_scaling/tp16_hbm4_80t_mesh2d_4x4_onering_qwen_gqa_baseline_fwd_block2x2_bs1_sl16384.json,onering,qwen_gqa_baseline_fwd_block2x2,1,16384,16,,,,,80t,mesh2d,4x4,19206,966,18240,,59.372,46.086,SUCCESS,2026-03-29 01:56:35
b5d700250ff3b06ba0b934e7eeeb2b94bd1ddd1604e219a2ac76ef19f7d6ae62,tp16_hbm4_80t_mesh2d_4x4_onering_qwen_gqa_baseline_fwd_block2x2_bs1_sl16384_split4,/home/haotian/waferchip/mesh2D/astra_sim_picasso/examples/run_scripts/analytical/congestion_aware/configs/gqa_seq_scaling/tp16_hbm4_80t_mesh2d_4x4_onering_qwen_gqa_baseline_fwd_block2x2_bs1_sl16384_split4.json,onering,qwen_gqa_baseline_fwd_block2x2_split4,1,16384,16,,,,,80t,mesh2d,4x4,3246,966,2280,,59.372,46.086,SUCCESS,2026-03-29 01:56:36
7907650a885465d32bc1ee5321c1097cdfb630bf3a3fc44f7a13ef20e411677c,tp16_hbm4_80t_mesh2d_4x4_onering_qwen_gqa_baseline_fwd_block2x2_bs1_sl16384_split4_bw1500,/home/haotian/waferchip/mesh2D/astra_sim_picasso/examples/run_scripts/analytical/congestion_aware/configs/gqa_seq_scaling/tp16_hbm4_80t_mesh2d_4x4_onering_qwen_gqa_baseline_fwd_block2x2_bs1_sl16384_split4_bw1500.json,onering,qwen_gqa_baseline_fwd_block2x2_split4_bw1500,1,16384,16,,,,,80t,mesh2d,4x4,1461,966,495,,59.372,46.086,SUCCESS,2026-03-29 01:56:36
cfd18a6f0d7896986ffc003b3f476e18e57a986ed4e8459b6875e2c7fd9d4b29,tp16_hbm4_80t_mesh2d_4x4_onering_qwen_gqa_baseline_fwd_block2x2_bs1_sl16384_split4_d2d15ns,/home/haotian/waferchip/mesh2D/astra_sim_picasso/examples/run_scripts/analytical/congestion_aware/configs/gqa_seq_scaling/tp16_hbm4_80t_mesh2d_4x4_onering_qwen_gqa_baseline_fwd_block2x2_bs1_sl16384_split4_d2d15ns.json,onering,qwen_gqa_baseline_fwd_block2x2_split4_d2d15ns,1,16384,16,,,,,80t,mesh2d,4x4,1461,966,495,,59.372,46.086,SUCCESS,2026-03-29 01:56:37
1df9294eeb10c21843d7d9c4e9f20f068cbccd93095d149d9976a92e02bae05b,tp16_hbm4_80t_mesh2d_4x4_onering_qwen_gqa_baseline_fwd_block2x2_bs1_sl2048,/home/haotian/waferchip/mesh2D/astra_sim_picasso/examples/run_scripts/analytical/congestion_aware/configs/gqa_seq_scaling/tp16_hbm4_80t_mesh2d_4x4_onering_qwen_gqa_baseline_fwd_block2x2_bs1_sl2048.json,onering,qwen_gqa_baseline_fwd_block2x2,1,2048,16,,,,,80t,mesh2d,4x4,18474,234,18240,,78.83,24.158,SUCCESS,2026-03-29 01:56:38
c7f54a84a7f3aabd2372278cf4bd23f23696579bed2219e821ef933b5ff55f04,tp16_hbm4_80t_mesh2d_4x4_onering_qwen_gqa_baseline_fwd_block2x2_bs1_sl2048_split4,/home/haotian/waferchip/mesh2D/astra_sim_picasso/examples/run_scripts/analytical/congestion_aware/configs/gqa_seq_scaling/tp16_hbm4_80t_mesh2d_4x4_onering_qwen_gqa_baseline_fwd_block2x2_bs1_sl2048_split4.json,onering,qwen_gqa_baseline_fwd_block2x2_split4,1,2048,16,,,,,80t,mesh2d,4x4,2514,234,2280,,78.83,24.158,SUCCESS,2026-03-29 01:56:39
b184ffb0712b853b062ad2ba75872ee01ea8150de978597effa405172fef6cb0,tp16_hbm4_80t_mesh2d_4x4_onering_qwen_gqa_baseline_fwd_block2x2_bs1_sl2048_split4_bw1500,/home/haotian/waferchip/mesh2D/astra_sim_picasso/examples/run_scripts/analytical/congestion_aware/configs/gqa_seq_scaling/tp16_hbm4_80t_mesh2d_4x4_onering_qwen_gqa_baseline_fwd_block2x2_bs1_sl2048_split4_bw1500.json,onering,qwen_gqa_baseline_fwd_block2x2_split4_bw1500,1,2048,16,,,,,80t,mesh2d,4x4,729,234,495,,78.83,24.158,SUCCESS,2026-03-29 01:56:39
99dd0dbc0fc7e21922d71864a3beb3a34b559488656c1f7d15789010c479b157,tp16_hbm4_80t_mesh2d_4x4_onering_qwen_gqa_baseline_fwd_block2x2_bs1_sl2048_split4_d2d15ns,/home/haotian/waferchip/mesh2D/astra_sim_picasso/examples/run_scripts/analytical/congestion_aware/configs/gqa_seq_scaling/tp16_hbm4_80t_mesh2d_4x4_onering_qwen_gqa_baseline_fwd_block2x2_bs1_sl2048_split4_d2d15ns.json,onering,qwen_gqa_baseline_fwd_block2x2_split4_d2d15ns,1,2048,16,,,,,80t,mesh2d,4x4,729,234,495,,78.83,24.158,SUCCESS,2026-03-29 01:56:39
b97db118b22ef29e561108aa345af9fa5bcb2469cd04b49fc38658d4e60cd01a,tp16_hbm4_80t_mesh2d_4x4_onering_qwen_gqa_baseline_fwd_block2x2_bs1_sl262144,/home/haotian/waferchip/mesh2D/astra_sim_picasso/examples/run_scripts/analytical/congestion_aware/configs/gqa_seq_scaling/tp16_hbm4_80t_mesh2d_4x4_onering_qwen_gqa_baseline_fwd_block2x2_bs1_sl262144.json,onering,qwen_gqa_baseline_fwd_block2x2,1,262144,16,,,,,80t,mesh2d,4x4,31790,13550,18240,,53.571,52.623,SUCCESS,2026-03-29 01:56:41
522206090daab827ad90ee601863d4e738bd272779673c0bc26970a3237751c4,tp16_hbm4_80t_mesh2d_4x4_onering_qwen_gqa_baseline_fwd_block2x2_bs1_sl262144_split4,/home/haotian/waferchip/mesh2D/astra_sim_picasso/examples/run_scripts/analytical/congestion_aware/configs/gqa_seq_scaling/tp16_hbm4_80t_mesh2d_4x4_onering_qwen_gqa_baseline_fwd_block2x2_bs1_sl262144_split4.json,onering,qwen_gqa_baseline_fwd_block2x2_split4,1,262144,16,,,,,80t,mesh2d,4x4,15830,13550,2280,,53.571,52.623,SUCCESS,2026-03-29 01:56:41
1462a2fab7397461e2f8e819c8594bcba11978cb2337c55f83e9fac6fcf85a0d,tp16_hbm4_80t_mesh2d_4x4_onering_qwen_gqa_baseline_fwd_block2x2_bs1_sl262144_split4_bw1500,/home/haotian/waferchip/mesh2D/astra_sim_picasso/examples/run_scripts/analytical/congestion_aware/configs/gqa_seq_scaling/tp16_hbm4_80t_mesh2d_4x4_onering_qwen_gqa_baseline_fwd_block2x2_bs1_sl262144_split4_bw1500.json,onering,qwen_gqa_baseline_fwd_block2x2_split4_bw1500,1,262144,16,,,,,80t,mesh2d,4x4,14045,13550,495,,53.571,52.623,SUCCESS,2026-03-29 01:56:42
082c7fba57423af83e024665406534734cab1853799ebaa351866033711da722,tp16_hbm4_80t_mesh2d_4x4_onering_qwen_gqa_baseline_fwd_block2x2_bs1_sl262144_split4_d2d15ns,/home/haotian/waferchip/mesh2D/astra_sim_picasso/examples/run_scripts/analytical/congestion_aware/configs/gqa_seq_scaling/tp16_hbm4_80t_mesh2d_4x4_onering_qwen_gqa_baseline_fwd_block2x2_bs1_sl262144_split4_d2d15ns.json,onering,qwen_gqa_baseline_fwd_block2x2_split4_d2d15ns,1,262144,16,,,,,80t,mesh2d,4x4,14045,13550,495,,53.571,52.623,SUCCESS,2026-03-29 01:56:42
7f80fbb1923fafba4c3adc02750e7c5b1bb19ccb07ac32dca39d502ae2690a27,tp16_hbm4_80t_mesh2d_4x4_onering_qwen_gqa_baseline_fwd_block2x2_bs1_sl32768,/home/haotian/waferchip/mesh2D/astra_sim_picasso/examples/run_scripts/analytical/congestion_aware/configs/gqa_seq_scaling/tp16_hbm4_80t_mesh2d_4x4_onering_qwen_gqa_baseline_fwd_block2x2_bs1_sl32768.json,onering,qwen_gqa_baseline_fwd_block2x2,1,32768,16,,,,,80t,mesh2d,4x4,20046,1806,18240,,56.468,49.358,SUCCESS,2026-03-29 01:56:44
f81d8c0a3bb35215ae5212f7fd9f25e18ff12614113936d9bb628de9893e767f,tp16_hbm4_80t_mesh2d_4x4_onering_qwen_gqa_baseline_fwd_block2x2_bs1_sl32768_split4,/home/haotian/waferchip/mesh2D/astra_sim_picasso/examples/run_scripts/analytical/congestion_aware/configs/gqa_seq_scaling/tp16_hbm4_80t_mesh2d_4x4_onering_qwen_gqa_baseline_fwd_block2x2_bs1_sl32768_split4.json,onering,qwen_gqa_baseline_fwd_block2x2_split4,1,32768,16,,,,,80t,mesh2d,4x4,4086,1806,2280,,56.468,49.358,SUCCESS,2026-03-29 01:56:44
a4e8d51076fa65d1b1988272b2a2646ed0f3100cc492dcfc42462d2d8c99bedf,tp16_hbm4_80t_mesh2d_4x4_onering_qwen_gqa_baseline_fwd_block2x2_bs1_sl32768_split4_bw1500,/home/haotian/waferchip/mesh2D/astra_sim_picasso/examples/run_scripts/analytical/congestion_aware/configs/gqa_seq_scaling/tp16_hbm4_80t_mesh2d_4x4_onering_qwen_gqa_baseline_fwd_block2x2_bs1_sl32768_split4_bw1500.json,onering,qwen_gqa_baseline_fwd_block2x2_split4_bw1500,1,32768,16,,,,,80t,mesh2d,4x4,2301,1806,495,,56.468,49.358,SUCCESS,2026-03-29 01:56:45
a28979303831db5fff671ede0d24098e9f3bcbb66ffe565592e5ca9be73a243c,tp16_hbm4_80t_mesh2d_4x4_onering_qwen_gqa_baseline_fwd_block2x2_bs1_sl32768_split4_d2d15ns,/home/haotian/waferchip/mesh2D/astra_sim_picasso/examples/run_scripts/analytical/congestion_aware/configs/gqa_seq_scaling/tp16_hbm4_80t_mesh2d_4x4_onering_qwen_gqa_baseline_fwd_block2x2_bs1_sl32768_split4_d2d15ns.json,onering,qwen_gqa_baseline_fwd_block2x2_split4_d2d15ns,1,32768,16,,,,,80t,mesh2d,4x4,2301,1806,495,,56.468,49.358,SUCCESS,2026-03-29 01:56:45
49f567ce45b9ec5a51f7fbeb0c88b14915ceda9dae49d72b3b3511374e11884a,tp16_hbm4_80t_mesh2d_4x4_onering_qwen_gqa_baseline_fwd_block2x2_bs1_sl4096,/home/haotian/waferchip/mesh2D/astra_sim_picasso/examples/run_scripts/analytical/congestion_aware/configs/gqa_seq_scaling/tp16_hbm4_80t_mesh2d_4x4_onering_qwen_gqa_baseline_fwd_block2x2_bs1_sl4096.json,onering,qwen_gqa_baseline_fwd_block2x2,1,4096,16,,,,,80t,mesh2d,4x4,18578,338,18240,,70.944,33.045,SUCCESS,2026-03-29 01:56:47
b1c1479eba56d21b0e7d5c80f2757bc817d73738ac20cfb95cff4b471f6d034d,tp16_hbm4_80t_mesh2d_4x4_onering_qwen_gqa_baseline_fwd_block2x2_bs1_sl4096_split4,/home/haotian/waferchip/mesh2D/astra_sim_picasso/examples/run_scripts/analytical/congestion_aware/configs/gqa_seq_scaling/tp16_hbm4_80t_mesh2d_4x4_onering_qwen_gqa_baseline_fwd_block2x2_bs1_sl4096_split4.json,onering,qwen_gqa_baseline_fwd_block2x2_split4,1,4096,16,,,,,80t,mesh2d,4x4,2618,338,2280,,70.944,33.045,SUCCESS,2026-03-29 01:56:47
ee34324d56356971836fed370255f5011fba432095356690bb163583be134e0b,tp16_hbm4_80t_mesh2d_4x4_onering_qwen_gqa_baseline_fwd_block2x2_bs1_sl4096_split4_bw1500,/home/haotian/waferchip/mesh2D/astra_sim_picasso/examples/run_scripts/analytical/congestion_aware/configs/gqa_seq_scaling/tp16_hbm4_80t_mesh2d_4x4_onering_qwen_gqa_baseline_fwd_block2x2_bs1_sl4096_split4_bw1500.json,onering,qwen_gqa_baseline_fwd_block2x2_split4_bw1500,1,4096,16,,,,,80t,mesh2d,4x4,833,338,495,,70.944,33.045,SUCCESS,2026-03-29 01:56:48
470cc4ad22ad885d84b95fca631bd315b26fc0137692f35918a9e79c88b07534,tp16_hbm4_80t_mesh2d_4x4_onering_qwen_gqa_baseline_fwd_block2x2_bs1_sl4096_split4_d2d15ns,/home/haotian/waferchip/mesh2D/astra_sim_picasso/examples/run_scripts/analytical/congestion_aware/configs/gqa_seq_scaling/tp16_hbm4_80t_mesh2d_4x4_onering_qwen_gqa_baseline_fwd_block2x2_bs1_sl4096_split4_d2d15ns.json,onering,qwen_gqa_baseline_fwd_block2x2_split4_d2d15ns,1,4096,16,,,,,80t,mesh2d,4x4,833,338,495,,70.944,33.045,SUCCESS,2026-03-29 01:56:48
4b61a0efa25e166985d0db5dffa990dfbced9d1b3e40df8fc8c84a2bc762deb1,tp16_hbm4_80t_mesh2d_4x4_onering_qwen_gqa_baseline_fwd_block2x2_bs1_sl524288,/home/haotian/waferchip/mesh2D/astra_sim_picasso/examples/run_scripts/analytical/congestion_aware/configs/gqa_seq_scaling/tp16_hbm4_80t_mesh2d_4x4_onering_qwen_gqa_baseline_fwd_block2x2_bs1_sl524288.json,onering,qwen_gqa_baseline_fwd_block2x2,1,524288,16,,,,,80t,mesh2d,4x4,45210,26970,18240,,53.349,52.873,SUCCESS,2026-03-29 01:56:50
1ca25f2004376bf760f1f220693c0657e3e47a6e18cbe8933b92139d4a2b2f65,tp16_hbm4_80t_mesh2d_4x4_onering_qwen_gqa_baseline_fwd_block2x2_bs1_sl524288_split4,/home/haotian/waferchip/mesh2D/astra_sim_picasso/examples/run_scripts/analytical/congestion_aware/configs/gqa_seq_scaling/tp16_hbm4_80t_mesh2d_4x4_onering_qwen_gqa_baseline_fwd_block2x2_bs1_sl524288_split4.json,onering,qwen_gqa_baseline_fwd_block2x2_split4,1,524288,16,,,,,80t,mesh2d,4x4,29250,26970,2280,,53.349,52.873,SUCCESS,2026-03-29 01:56:50
53d3bd795b6f244b7eb144520594628935f0d9de702bd40eae356e33206d4ebe,tp16_hbm4_80t_mesh2d_4x4_onering_qwen_gqa_baseline_fwd_block2x2_bs1_sl524288_split4_bw1500,/home/haotian/waferchip/mesh2D/astra_sim_picasso/examples/run_scripts/analytical/congestion_aware/configs/gqa_seq_scaling/tp16_hbm4_80t_mesh2d_4x4_onering_qwen_gqa_baseline_fwd_block2x2_bs1_sl524288_split4_bw1500.json,onering,qwen_gqa_baseline_fwd_block2x2_split4_bw1500,1,524288,16,,,,,80t,mesh2d,4x4,27465,26970,495,,53.349,52.873,SUCCESS,2026-03-29 01:56:51
9ac3791f26baa950e52f85ea69525086c25b440d7a7198f24f34bdb07883d198,tp16_hbm4_80t_mesh2d_4x4_onering_qwen_gqa_baseline_fwd_block2x2_bs1_sl524288_split4_d2d15ns,/home/haotian/waferchip/mesh2D/astra_sim_picasso/examples/run_scripts/analytical/congestion_aware/configs/gqa_seq_scaling/tp16_hbm4_80t_mesh2d_4x4_onering_qwen_gqa_baseline_fwd_block2x2_bs1_sl524288_split4_d2d15ns.json,onering,qwen_gqa_baseline_fwd_block2x2_split4_d2d15ns,1,524288,16,,,,,80t,mesh2d,4x4,27465,26970,495,,53.349,52.873,SUCCESS,2026-03-29 01:56:51
ab659fc8328ecf70d122e4c8baba2a0799f9df6df92f53bdd5ecba169dcd9521,tp16_hbm4_80t_mesh2d_4x4_onering_qwen_gqa_baseline_fwd_block2x2_bs1_sl65536,/home/haotian/waferchip/mesh2D/astra_sim_picasso/examples/run_scripts/analytical/congestion_aware/configs/gqa_seq_scaling/tp16_hbm4_80t_mesh2d_4x4_onering_qwen_gqa_baseline_fwd_block2x2_bs1_sl65536.json,onering,qwen_gqa_baseline_fwd_block2x2,1,65536,16,,,,,80t,mesh2d,4x4,21722,3482,18240,,54.859,51.171,SUCCESS,2026-03-29 01:56:53
2dc72ef573eb78e2c377d4cadac362cdb97bdf4d252e3530d31e0a2c207ee50b,tp16_hbm4_80t_mesh2d_4x4_onering_qwen_gqa_baseline_fwd_block2x2_bs1_sl65536_split4,/home/haotian/waferchip/mesh2D/astra_sim_picasso/examples/run_scripts/analytical/congestion_aware/configs/gqa_seq_scaling/tp16_hbm4_80t_mesh2d_4x4_onering_qwen_gqa_baseline_fwd_block2x2_bs1_sl65536_split4.json,onering,qwen_gqa_baseline_fwd_block2x2_split4,1,65536,16,,,,,80t,mesh2d,4x4,5762,3482,2280,,54.859,51.171,SUCCESS,2026-03-29 01:56:53
42b2ec8062f812b03b37b711cd95bfad9c00b8429e7cebbf78183507ec172b2e,tp16_hbm4_80t_mesh2d_4x4_onering_qwen_gqa_baseline_fwd_block2x2_bs1_sl65536_split4_bw1500,/home/haotian/waferchip/mesh2D/astra_sim_picasso/examples/run_scripts/analytical/congestion_aware/configs/gqa_seq_scaling/tp16_hbm4_80t_mesh2d_4x4_onering_qwen_gqa_baseline_fwd_block2x2_bs1_sl65536_split4_bw1500.json,onering,qwen_gqa_baseline_fwd_block2x2_split4_bw1500,1,65536,16,,,,,80t,mesh2d,4x4,3977,3482,495,,54.859,51.171,SUCCESS,2026-03-29 01:56:54
26729d34706541bb1611ea0540d0975b0503a2902e963f202d7bdab72877b127,tp16_hbm4_80t_mesh2d_4x4_onering_qwen_gqa_baseline_fwd_block2x2_bs1_sl65536_split4_d2d15ns,/home/haotian/waferchip/mesh2D/astra_sim_picasso/examples/run_scripts/analytical/congestion_aware/configs/gqa_seq_scaling/tp16_hbm4_80t_mesh2d_4x4_onering_qwen_gqa_baseline_fwd_block2x2_bs1_sl65536_split4_d2d15ns.json,onering,qwen_gqa_baseline_fwd_block2x2_split4_d2d15ns,1,65536,16,,,,,80t,mesh2d,4x4,3977,3482,495,,54.859,51.171,SUCCESS,2026-03-29 01:56:55
08e57e5c3842fb57cf725d9bb28955642e5c896f20b86b0d79a415ee4f67af03,tp16_hbm4_80t_mesh2d_4x4_onering_qwen_gqa_baseline_fwd_block2x2_bs1_sl8192,/home/haotian/waferchip/mesh2D/astra_sim_picasso/examples/run_scripts/analytical/congestion_aware/configs/gqa_seq_scaling/tp16_hbm4_80t_mesh2d_4x4_onering_qwen_gqa_baseline_fwd_block2x2_bs1_sl8192.json,onering,qwen_gqa_baseline_fwd_block2x2,1,8192,16,,,,,80t,mesh2d,4x4,18786,546,18240,,64.168,40.681,SUCCESS,2026-03-29 01:56:56
db667448c5fbe46a07d9cb1911803b5401843ffefb97f4135af6fe83037811e1,tp16_hbm4_80t_mesh2d_4x4_onering_qwen_gqa_baseline_fwd_block2x2_bs1_sl8192_split4,/home/haotian/waferchip/mesh2D/astra_sim_picasso/examples/run_scripts/analytical/congestion_aware/configs/gqa_seq_scaling/tp16_hbm4_80t_mesh2d_4x4_onering_qwen_gqa_baseline_fwd_block2x2_bs1_sl8192_split4.json,onering,qwen_gqa_baseline_fwd_block2x2_split4,1,8192,16,,,,,80t,mesh2d,4x4,2826,546,2280,,64.168,40.681,SUCCESS,2026-03-29 01:56:57
992eb8fa65d828e3d02e86ac931050265cd446f816d66a537fe3d1381b05fe70,tp16_hbm4_80t_mesh2d_4x4_onering_qwen_gqa_baseline_fwd_block2x2_bs1_sl8192_split4_bw1500,/home/haotian/waferchip/mesh2D/astra_sim_picasso/examples/run_scripts/analytical/congestion_aware/configs/gqa_seq_scaling/tp16_hbm4_80t_mesh2d_4x4_onering_qwen_gqa_baseline_fwd_block2x2_bs1_sl8192_split4_bw1500.json,onering,qwen_gqa_baseline_fwd_block2x2_split4_bw1500,1,8192,16,,,,,80t,mesh2d,4x4,1041,546,495,,64.168,40.681,SUCCESS,2026-03-29 01:56:57
ab035e30bc2c2fc9aadcb825423f2a181d703d54f062651a0adbde337dcdc18c,tp16_hbm4_80t_mesh2d_4x4_onering_qwen_gqa_baseline_fwd_block2x2_bs1_sl8192_split4_d2d15ns,/home/haotian/waferchip/mesh2D/astra_sim_picasso/examples/run_scripts/analytical/congestion_aware/configs/gqa_seq_scaling/tp16_hbm4_80t_mesh2d_4x4_onering_qwen_gqa_baseline_fwd_block2x2_bs1_sl8192_split4_d2d15ns.json,onering,qwen_gqa_baseline_fwd_block2x2_split4_d2d15ns,1,8192,16,,,,,80t,mesh2d,4x4,1041,546,495,,64.168,40.681,SUCCESS,2026-03-29 01:56:57
b4c1f1edb664531f15bad66998a81291e6a69338d109c07b0154154301f30a45,tp16_hbm4_80t_mesh2d_4x4_onering_qwen_gqa_hmp_fwd_block2x2_bs1_sl1024,/home/haotian/waferchip/mesh2D/astra_sim_picasso/examples/run_scripts/analytical/congestion_aware/configs/gqa_seq_scaling/tp16_hbm4_80t_mesh2d_4x4_onering_qwen_gqa_hmp_fwd_block2x2_bs1_sl1024.json,onering,qwen_gqa_hmp_fwd_block2x2,1,1024,16,,,,,80t,mesh2d,4x4,340,340,,,92.339,9.2,SUCCESS,2026-03-29 01:56:57
71dfbd68d558fe207aa1d7f633a80a64894990a0f294ddf19a9f07bdf2786249,tp16_hbm4_80t_mesh2d_4x4_onering_qwen_gqa_hmp_fwd_block2x2_bs1_sl1024_split4,/home/haotian/waferchip/mesh2D/astra_sim_picasso/examples/run_scripts/analytical/congestion_aware/configs/gqa_seq_scaling/tp16_hbm4_80t_mesh2d_4x4_onering_qwen_gqa_hmp_fwd_block2x2_bs1_sl1024_split4.json,onering,qwen_gqa_hmp_fwd_block2x2_split4,1,1024,16,,,,,80t,mesh2d,4x4,340,340,,,92.339,9.2,SUCCESS,2026-03-29 01:56:58
6363b78bd35732677aed77902c2e6f8b2f120fc9c075599207ae75dba4bcb240,tp16_hbm4_80t_mesh2d_4x4_onering_qwen_gqa_hmp_fwd_block2x2_bs1_sl1024_split4_bw1500,/home/haotian/waferchip/mesh2D/astra_sim_picasso/examples/run_scripts/analytical/congestion_aware/configs/gqa_seq_scaling/tp16_hbm4_80t_mesh2d_4x4_onering_qwen_gqa_hmp_fwd_block2x2_bs1_sl1024_split4_bw1500.json,onering,qwen_gqa_hmp_fwd_block2x2_split4_bw1500,1,1024,16,,,,,80t,mesh2d,4x4,340,340,,,92.339,9.2,SUCCESS,2026-03-29 01:56:58
523db68a5cd5849b445cdea54f9aa30cff937ea0299a3d1bfd8c8f5dfcb5be14,tp16_hbm4_80t_mesh2d_4x4_onering_qwen_gqa_hmp_fwd_block2x2_bs1_sl1024_split4_d2d15ns,/home/haotian/waferchip/mesh2D/astra_sim_picasso/examples/run_scripts/analytical/congestion_aware/configs/gqa_seq_scaling/tp16_hbm4_80t_mesh2d_4x4_onering_qwen_gqa_hmp_fwd_block2x2_bs1_sl1024_split4_d2d15ns.json,onering,qwen_gqa_hmp_fwd_block2x2_split4_d2d15ns,1,1024,16,,,,,80t,mesh2d,4x4,340,340,,,92.339,9.2,SUCCESS,2026-03-29 01:56:58
b0aa181816ecc7bae95e3175b5c3da85a3038155a0c5e8bc1a89ff4d4c6c44d8,tp16_hbm4_80t_mesh2d_4x4_onering_qwen_gqa_hmp_fwd_block2x2_bs1_sl1048576,/home/haotian/waferchip/mesh2D/astra_sim_picasso/examples/run_scripts/analytical/congestion_aware/configs/gqa_seq_scaling/tp16_hbm4_80t_mesh2d_4x4_onering_qwen_gqa_hmp_fwd_block2x2_bs1_sl1048576.json,onering,qwen_gqa_hmp_fwd_block2x2,1,1048576,16,,,,,80t,mesh2d,4x4,53972,53972,,,53.373,52.848,SUCCESS,2026-03-29 01:56:58
3a4cb0240abe3c8ac2a9a9cbd7626e951b685a45b79db0b263b765dd5a4b922d,tp16_hbm4_80t_mesh2d_4x4_onering_qwen_gqa_hmp_fwd_block2x2_bs1_sl1048576_split4,/home/haotian/waferchip/mesh2D/astra_sim_picasso/examples/run_scripts/analytical/congestion_aware/configs/gqa_seq_scaling/tp16_hbm4_80t_mesh2d_4x4_onering_qwen_gqa_hmp_fwd_block2x2_bs1_sl1048576_split4.json,onering,qwen_gqa_hmp_fwd_block2x2_split4,1,1048576,16,,,,,80t,mesh2d,4x4,53972,53972,,,53.373,52.848,SUCCESS,2026-03-29 01:56:58
d4f831e6dcde93e403e831d395fa0cb16e0c2b5dc76f9eeddd4fb54a51f3d1f4,tp16_hbm4_80t_mesh2d_4x4_onering_qwen_gqa_hmp_fwd_block2x2_bs1_sl1048576_split4_bw1500,/home/haotian/waferchip/mesh2D/astra_sim_picasso/examples/run_scripts/analytical/congestion_aware/configs/gqa_seq_scaling/tp16_hbm4_80t_mesh2d_4x4_onering_qwen_gqa_hmp_fwd_block2x2_bs1_sl1048576_split4_bw1500.json,onering,qwen_gqa_hmp_fwd_block2x2_split4_bw1500,1,1048576,16,,,,,80t,mesh2d,4x4,53972,53972,,,53.373,52.848,SUCCESS,2026-03-29 01:56:58
cf7286ff1ef7bf69b0bbb7b04d548a86d40e9101eb4f8f11fc8fd4c8978f5034,tp16_hbm4_80t_mesh2d_4x4_onering_qwen_gqa_hmp_fwd_block2x2_bs1_sl1048576_split4_d2d15ns,/home/haotian/waferchip/mesh2D/astra_sim_picasso/examples/run_scripts/analytical/congestion_aware/configs/gqa_seq_scaling/tp16_hbm4_80t_mesh2d_4x4_onering_qwen_gqa_hmp_fwd_block2x2_bs1_sl1048576_split4_d2d15ns.json,onering,qwen_gqa_hmp_fwd_block2x2_split4_d2d15ns,1,1048576,16,,,,,80t,mesh2d,4x4,53972,53972,,,53.373,52.848,SUCCESS,2026-03-29 01:56:58
0ddd40a7feca5a896657b1e15bab3492646cbd05c6e5cc14a9a28f601281b428,tp16_hbm4_80t_mesh2d_4x4_onering_qwen_gqa_hmp_fwd_block2x2_bs1_sl131072,/home/haotian/waferchip/mesh2D/astra_sim_picasso/examples/run_scripts/analytical/congestion_aware/configs/gqa_seq_scaling/tp16_hbm4_80t_mesh2d_4x4_onering_qwen_gqa_hmp_fwd_block2x2_bs1_sl131072.json,onering,qwen_gqa_hmp_fwd_block2x2,1,131072,16,,,,,80t,mesh2d,4x4,6996,6996,,,55.036,50.984,SUCCESS,2026-03-29 01:56:58
ff20096942fef992b990461ebb672cd03254c1ac5e025236502477ef4178983c,tp16_hbm4_80t_mesh2d_4x4_onering_qwen_gqa_hmp_fwd_block2x2_bs1_sl131072_split4,/home/haotian/waferchip/mesh2D/astra_sim_picasso/examples/run_scripts/analytical/congestion_aware/configs/gqa_seq_scaling/tp16_hbm4_80t_mesh2d_4x4_onering_qwen_gqa_hmp_fwd_block2x2_bs1_sl131072_split4.json,onering,qwen_gqa_hmp_fwd_block2x2_split4,1,131072,16,,,,,80t,mesh2d,4x4,6996,6996,,,55.036,50.984,SUCCESS,2026-03-29 01:56:58
ee69909b5d37b3487168b6c5a7a19a5d389865f8cce97c40ab1d78ed5638ca25,tp16_hbm4_80t_mesh2d_4x4_onering_qwen_gqa_hmp_fwd_block2x2_bs1_sl131072_split4_bw1500,/home/haotian/waferchip/mesh2D/astra_sim_picasso/examples/run_scripts/analytical/congestion_aware/configs/gqa_seq_scaling/tp16_hbm4_80t_mesh2d_4x4_onering_qwen_gqa_hmp_fwd_block2x2_bs1_sl131072_split4_bw1500.json,onering,qwen_gqa_hmp_fwd_block2x2_split4_bw1500,1,131072,16,,,,,80t,mesh2d,4x4,6996,6996,,,55.036,50.984,SUCCESS,2026-03-29 01:56:58
fd446930a2c216fabedb816b9abbc317df79b0854e99cd3c82438f6fe32031d9,tp16_hbm4_80t_mesh2d_4x4_onering_qwen_gqa_hmp_fwd_block2x2_bs1_sl131072_split4_d2d15ns,/home/haotian/waferchip/mesh2D/astra_sim_picasso/examples/run_scripts/analytical/congestion_aware/configs/gqa_seq_scaling/tp16_hbm4_80t_mesh2d_4x4_onering_qwen_gqa_hmp_fwd_block2x2_bs1_sl131072_split4_d2d15ns.json,onering,qwen_gqa_hmp_fwd_block2x2_split4_d2d15ns,1,131072,16,,,,,80t,mesh2d,4x4,6996,6996,,,55.036,50.984,SUCCESS,2026-03-29 01:56:58
d502b5a07257db0089ab2c8bff138eeb8abdd8d6ebab4b86871ffa3e97c7a478,tp16_hbm4_80t_mesh2d_4x4_onering_qwen_gqa_hmp_fwd_block2x2_bs1_sl16384,/home/haotian/waferchip/mesh2D/astra_sim_picasso/examples/run_scripts/analytical/congestion_aware/configs/gqa_seq_scaling/tp16_hbm4_80t_mesh2d_4x4_onering_qwen_gqa_hmp_fwd_block2x2_bs1_sl16384.json,onering,qwen_gqa_hmp_fwd_block2x2,1,16384,16,,,,,80t,mesh2d,4x4,1124,1124,,,65.011,39.811,SUCCESS,2026-03-29 01:56:58
bbdb70555af42c8a18248e813e79918c571871e656ee7b85a0b33df58546896f,tp16_hbm4_80t_mesh2d_4x4_onering_qwen_gqa_hmp_fwd_block2x2_bs1_sl16384_split4,/home/haotian/waferchip/mesh2D/astra_sim_picasso/examples/run_scripts/analytical/congestion_aware/configs/gqa_seq_scaling/tp16_hbm4_80t_mesh2d_4x4_onering_qwen_gqa_hmp_fwd_block2x2_bs1_sl16384_split4.json,onering,qwen_gqa_hmp_fwd_block2x2_split4,1,16384,16,,,,,80t,mesh2d,4x4,1124,1124,,,65.011,39.811,SUCCESS,2026-03-29 01:56:58
a40431a901ad52daa2ae4ecb0838e57f8a5ffd597ee6061b560769c23f94953b,tp16_hbm4_80t_mesh2d_4x4_onering_qwen_gqa_hmp_fwd_block2x2_bs1_sl16384_split4_bw1500,/home/haotian/waferchip/mesh2D/astra_sim_picasso/examples/run_scripts/analytical/congestion_aware/configs/gqa_seq_scaling/tp16_hbm4_80t_mesh2d_4x4_onering_qwen_gqa_hmp_fwd_block2x2_bs1_sl16384_split4_bw1500.json,onering,qwen_gqa_hmp_fwd_block2x2_split4_bw1500,1,16384,16,,,,,80t,mesh2d,4x4,1124,1124,,,65.011,39.811,SUCCESS,2026-03-29 01:56:58
3847a16028e1c082783ade73f0ed2c96d5ca9f6901908b870c8163b12818d9e6,tp16_hbm4_80t_mesh2d_4x4_onering_qwen_gqa_hmp_fwd_block2x2_bs1_sl16384_split4_d2d15ns,/home/haotian/waferchip/mesh2D/astra_sim_picasso/examples/run_scripts/analytical/congestion_aware/configs/gqa_seq_scaling/tp16_hbm4_80t_mesh2d_4x4_onering_qwen_gqa_hmp_fwd_block2x2_bs1_sl16384_split4_d2d15ns.json,onering,qwen_gqa_hmp_fwd_block2x2_split4_d2d15ns,1,16384,16,,,,,80t,mesh2d,4x4,1124,1124,,,65.011,39.811,SUCCESS,2026-03-29 01:56:58
2b15fe19e6fcbfd0dca244d2ce6cdbf8ad95d86252ca909a916d26b7c264e84e,tp16_hbm4_80t_mesh2d_4x4_onering_qwen_gqa_hmp_fwd_block2x2_bs1_sl2048,/home/haotian/waferchip/mesh2D/astra_sim_picasso/examples/run_scripts/analytical/congestion_aware/configs/gqa_seq_scaling/tp16_hbm4_80t_mesh2d_4x4_onering_qwen_gqa_hmp_fwd_block2x2_bs1_sl2048.json,onering,qwen_gqa_hmp_fwd_block2x2,1,2048,16,,,,,80t,mesh2d,4x4,392,392,,,87.15,15.012,SUCCESS,2026-03-29 01:56:58
bf861eb460c2f4d09149adb1f22a488a5559675cba6c3a7582845f3a796e5191,tp16_hbm4_80t_mesh2d_4x4_onering_qwen_gqa_hmp_fwd_block2x2_bs1_sl2048_split4,/home/haotian/waferchip/mesh2D/astra_sim_picasso/examples/run_scripts/analytical/congestion_aware/configs/gqa_seq_scaling/tp16_hbm4_80t_mesh2d_4x4_onering_qwen_gqa_hmp_fwd_block2x2_bs1_sl2048_split4.json,onering,qwen_gqa_hmp_fwd_block2x2_split4,1,2048,16,,,,,80t,mesh2d,4x4,392,392,,,87.15,15.012,SUCCESS,2026-03-29 01:56:58
0287bbeefa0aeab5bc17b8df1327628cc02758893f21e3a7bc8c35a1fbe1e510,tp16_hbm4_80t_mesh2d_4x4_onering_qwen_gqa_hmp_fwd_block2x2_bs1_sl2048_split4_bw1500,/home/haotian/waferchip/mesh2D/astra_sim_picasso/examples/run_scripts/analytical/congestion_aware/configs/gqa_seq_scaling/tp16_hbm4_80t_mesh2d_4x4_onering_qwen_gqa_hmp_fwd_block2x2_bs1_sl2048_split4_bw1500.json,onering,qwen_gqa_hmp_fwd_block2x2_split4_bw1500,1,2048,16,,,,,80t,mesh2d,4x4,392,392,,,87.15,15.012,SUCCESS,2026-03-29 01:56:58
dbc99c29e6350782e105cb9d5d4b2d0f6b70d2fd36d6c8c71de0cd36e8c789ff,tp16_hbm4_80t_mesh2d_4x4_onering_qwen_gqa_hmp_fwd_block2x2_bs1_sl2048_split4_d2d15ns,/home/haotian/waferchip/mesh2D/astra_sim_picasso/examples/run_scripts/analytical/congestion_aware/configs/gqa_seq_scaling/tp16_hbm4_80t_mesh2d_4x4_onering_qwen_gqa_hmp_fwd_block2x2_bs1_sl2048_split4_d2d15ns.json,onering,qwen_gqa_hmp_fwd_block2x2_split4_d2d15ns,1,2048,16,,,,,80t,mesh2d,4x4,392,392,,,87.15,15.012,SUCCESS,2026-03-29 01:56:58
466c490eea0383455b21544790f41aed47c2dea4a7117cef3d3607c2ecb5cd43,tp16_hbm4_80t_mesh2d_4x4_onering_qwen_gqa_hmp_fwd_block2x2_bs1_sl262144,/home/haotian/waferchip/mesh2D/astra_sim_picasso/examples/run_scripts/analytical/congestion_aware/configs/gqa_seq_scaling/tp16_hbm4_80t_mesh2d_4x4_onering_qwen_gqa_hmp_fwd_block2x2_bs1_sl262144.json,onering,qwen_gqa_hmp_fwd_block2x2,1,262144,16,,,,,80t,mesh2d,4x4,13708,13708,,,54.1,52.032,SUCCESS,2026-03-29 01:56:58
abf7c6a3af5fc626cea3f058791c427eae6953ea50d6a1fe512a8df3f5d45717,tp16_hbm4_80t_mesh2d_4x4_onering_qwen_gqa_hmp_fwd_block2x2_bs1_sl262144_split4,/home/haotian/waferchip/mesh2D/astra_sim_picasso/examples/run_scripts/analytical/congestion_aware/configs/gqa_seq_scaling/tp16_hbm4_80t_mesh2d_4x4_onering_qwen_gqa_hmp_fwd_block2x2_bs1_sl262144_split4.json,onering,qwen_gqa_hmp_fwd_block2x2_split4,1,262144,16,,,,,80t,mesh2d,4x4,13708,13708,,,54.1,52.032,SUCCESS,2026-03-29 01:56:58
b57dcb8c26a36738801c066c4932e673af7ebe69d50a2f17f505b114e2c4ce29,tp16_hbm4_80t_mesh2d_4x4_onering_qwen_gqa_hmp_fwd_block2x2_bs1_sl262144_split4_bw1500,/home/haotian/waferchip/mesh2D/astra_sim_picasso/examples/run_scripts/analytical/congestion_aware/configs/gqa_seq_scaling/tp16_hbm4_80t_mesh2d_4x4_onering_qwen_gqa_hmp_fwd_block2x2_bs1_sl262144_split4_bw1500.json,onering,qwen_gqa_hmp_fwd_block2x2_split4_bw1500,1,262144,16,,,,,80t,mesh2d,4x4,13708,13708,,,54.1,52.032,SUCCESS,2026-03-29 01:56:59
7e78632659c7e37922159484f9493f3c87e88be474cc11faa8ff771ac9c2c75e,tp16_hbm4_80t_mesh2d_4x4_onering_qwen_gqa_hmp_fwd_block2x2_bs1_sl262144_split4_d2d15ns,/home/haotian/waferchip/mesh2D/astra_sim_picasso/examples/run_scripts/analytical/congestion_aware/configs/gqa_seq_scaling/tp16_hbm4_80t_mesh2d_4x4_onering_qwen_gqa_hmp_fwd_block2x2_bs1_sl262144_split4_d2d15ns.json,onering,qwen_gqa_hmp_fwd_block2x2_split4_d2d15ns,1,262144,16,,,,,80t,mesh2d,4x4,13708,13708,,,54.1,52.032,SUCCESS,2026-03-29 01:56:59
27d1bca7c365a4ac9beeadc2e8bc4175d6f8dd0d2a2985f305fe7d90d9a3aa4b,tp16_hbm4_80t_mesh2d_4x4_onering_qwen_gqa_hmp_fwd_block2x2_bs1_sl32768,/home/haotian/waferchip/mesh2D/astra_sim_picasso/examples/run_scripts/analytical/congestion_aware/configs/gqa_seq_scaling/tp16_hbm4_80t_mesh2d_4x4_onering_qwen_gqa_hmp_fwd_block2x2_bs1_sl32768.json,onering,qwen_gqa_hmp_fwd_block2x2,1,32768,16,,,,,80t,mesh2d,4x4,1964,1964,,,59.93,45.503,SUCCESS,2026-03-29 01:56:59
0287961c50170d1fe2c90271f2d5371b63b2d1d308aa94550d11cd49d7f5db04,tp16_hbm4_80t_mesh2d_4x4_onering_qwen_gqa_hmp_fwd_block2x2_bs1_sl32768_split4,/home/haotian/waferchip/mesh2D/astra_sim_picasso/examples/run_scripts/analytical/congestion_aware/configs/gqa_seq_scaling/tp16_hbm4_80t_mesh2d_4x4_onering_qwen_gqa_hmp_fwd_block2x2_bs1_sl32768_split4.json,onering,qwen_gqa_hmp_fwd_block2x2_split4,1,32768,16,,,,,80t,mesh2d,4x4,1964,1964,,,59.93,45.503,SUCCESS,2026-03-29 01:56:59
096761b52ec7ee650f140639d01dcfb384ecffbcd5c0759872afcc5a7317897b,tp16_hbm4_80t_mesh2d_4x4_onering_qwen_gqa_hmp_fwd_block2x2_bs1_sl32768_split4_bw1500,/home/haotian/waferchip/mesh2D/astra_sim_picasso/examples/run_scripts/analytical/congestion_aware/configs/gqa_seq_scaling/tp16_hbm4_80t_mesh2d_4x4_onering_qwen_gqa_hmp_fwd_block2x2_bs1_sl32768_split4_bw1500.json,onering,qwen_gqa_hmp_fwd_block2x2_split4_bw1500,1,32768,16,,,,,80t,mesh2d,4x4,1964,1964,,,59.93,45.503,SUCCESS,2026-03-29 01:56:59
b8fc3719d643784d01f26415683008b50315b166a23624030f7346f2633ed297,tp16_hbm4_80t_mesh2d_4x4_onering_qwen_gqa_hmp_fwd_block2x2_bs1_sl32768_split4_d2d15ns,/home/haotian/waferchip/mesh2D/astra_sim_picasso/examples/run_scripts/analytical/congestion_aware/configs/gqa_seq_scaling/tp16_hbm4_80t_mesh2d_4x4_onering_qwen_gqa_hmp_fwd_block2x2_bs1_sl32768_split4_d2d15ns.json,onering,qwen_gqa_hmp_fwd_block2x2_split4_d2d15ns,1,32768,16,,,,,80t,mesh2d,4x4,1964,1964,,,59.93,45.503,SUCCESS,2026-03-29 01:56:59
bcd170a862672bd7c094ce4cc01868545f026ab55637e53841e71ecd08c93cdd,tp16_hbm4_80t_mesh2d_4x4_onering_qwen_gqa_hmp_fwd_block2x2_bs1_sl4096,/home/haotian/waferchip/mesh2D/astra_sim_picasso/examples/run_scripts/analytical/congestion_aware/configs/gqa_seq_scaling/tp16_hbm4_80t_mesh2d_4x4_onering_qwen_gqa_hmp_fwd_block2x2_bs1_sl4096.json,onering,qwen_gqa_hmp_fwd_block2x2,1,4096,16,,,,,80t,mesh2d,4x4,496,496,,,80.03,22.988,SUCCESS,2026-03-29 01:56:59
0f5ef71b655e01c2b9a05dcfc719f80a2aa63c5880035f940dcccfb36696fc9a,tp16_hbm4_80t_mesh2d_4x4_onering_qwen_gqa_hmp_fwd_block2x2_bs1_sl4096_split4,/home/haotian/waferchip/mesh2D/astra_sim_picasso/examples/run_scripts/analytical/congestion_aware/configs/gqa_seq_scaling/tp16_hbm4_80t_mesh2d_4x4_onering_qwen_gqa_hmp_fwd_block2x2_bs1_sl4096_split4.json,onering,qwen_gqa_hmp_fwd_block2x2_split4,1,4096,16,,,,,80t,mesh2d,4x4,496,496,,,80.03,22.988,SUCCESS,2026-03-29 01:56:59
142840168413e3f1648bdbf34e28c98c1f9664e6a5ec4db8a39087c27dc75e46,tp16_hbm4_80t_mesh2d_4x4_onering_qwen_gqa_hmp_fwd_block2x2_bs1_sl4096_split4_bw1500,/home/haotian/waferchip/mesh2D/astra_sim_picasso/examples/run_scripts/analytical/congestion_aware/configs/gqa_seq_scaling/tp16_hbm4_80t_mesh2d_4x4_onering_qwen_gqa_hmp_fwd_block2x2_bs1_sl4096_split4_bw1500.json,onering,qwen_gqa_hmp_fwd_block2x2_split4_bw1500,1,4096,16,,,,,80t,mesh2d,4x4,496,496,,,80.03,22.988,SUCCESS,2026-03-29 01:56:59
d40c000687c76c22678f5131ca5f9349e88b6d885a140e4ada9efd7fc2e63ea5,tp16_hbm4_80t_mesh2d_4x4_onering_qwen_gqa_hmp_fwd_block2x2_bs1_sl4096_split4_d2d15ns,/home/haotian/waferchip/mesh2D/astra_sim_picasso/examples/run_scripts/analytical/congestion_aware/configs/gqa_seq_scaling/tp16_hbm4_80t_mesh2d_4x4_onering_qwen_gqa_hmp_fwd_block2x2_bs1_sl4096_split4_d2d15ns.json,onering,qwen_gqa_hmp_fwd_block2x2_split4_d2d15ns,1,4096,16,,,,,80t,mesh2d,4x4,496,496,,,80.03,22.988,SUCCESS,2026-03-29 01:56:59
7762085b55a36326fe5eefcee643846fa4e69963e21a3dc2667dcd0c57c26627,tp16_hbm4_80t_mesh2d_4x4_onering_qwen_gqa_hmp_fwd_block2x2_bs1_sl524288,/home/haotian/waferchip/mesh2D/astra_sim_picasso/examples/run_scripts/analytical/congestion_aware/configs/gqa_seq_scaling/tp16_hbm4_80t_mesh2d_4x4_onering_qwen_gqa_hmp_fwd_block2x2_bs1_sl524288.json,onering,qwen_gqa_hmp_fwd_block2x2,1,524288,16,,,,,80t,mesh2d,4x4,27128,27128,,,53.618,52.573,SUCCESS,2026-03-29 01:56:59
414126233f4c081eff85b52feba680cbefb77d3d542c4545633132216801383b,tp16_hbm4_80t_mesh2d_4x4_onering_qwen_gqa_hmp_fwd_block2x2_bs1_sl524288_split4,/home/haotian/waferchip/mesh2D/astra_sim_picasso/examples/run_scripts/analytical/congestion_aware/configs/gqa_seq_scaling/tp16_hbm4_80t_mesh2d_4x4_onering_qwen_gqa_hmp_fwd_block2x2_bs1_sl524288_split4.json,onering,qwen_gqa_hmp_fwd_block2x2_split4,1,524288,16,,,,,80t,mesh2d,4x4,27128,27128,,,53.618,52.573,SUCCESS,2026-03-29 01:56:59
a2f681efd265b7714c251915b11985f18bf46d01b8865b47a3fa36a899788a1f,tp16_hbm4_80t_mesh2d_4x4_onering_qwen_gqa_hmp_fwd_block2x2_bs1_sl524288_split4_bw1500,/home/haotian/waferchip/mesh2D/astra_sim_picasso/examples/run_scripts/analytical/congestion_aware/configs/gqa_seq_scaling/tp16_hbm4_80t_mesh2d_4x4_onering_qwen_gqa_hmp_fwd_block2x2_bs1_sl524288_split4_bw1500.json,onering,qwen_gqa_hmp_fwd_block2x2_split4_bw1500,1,524288,16,,,,,80t,mesh2d,4x4,27128,27128,,,53.618,52.573,SUCCESS,2026-03-29 01:56:59
c0c9c76acdf5dc44994508ef3a8a81e1d444388e3ddf56ad8f983f9badcf48a9,tp16_hbm4_80t_mesh2d_4x4_onering_qwen_gqa_hmp_fwd_block2x2_bs1_sl524288_split4_d2d15ns,/home/haotian/waferchip/mesh2D/astra_sim_picasso/examples/run_scripts/analytical/congestion_aware/configs/gqa_seq_scaling/tp16_hbm4_80t_mesh2d_4x4_onering_qwen_gqa_hmp_fwd_block2x2_bs1_sl524288_split4_d2d15ns.json,onering,qwen_gqa_hmp_fwd_block2x2_split4_d2d15ns,1,524288,16,,,,,80t,mesh2d,4x4,27128,27128,,,53.618,52.573,SUCCESS,2026-03-29 01:56:59
b1ddad4bdf70c6464342de86947ce3a484e9bcf26e53e3f4b9a01b7f9ca0d6d5,tp16_hbm4_80t_mesh2d_4x4_onering_qwen_gqa_hmp_fwd_block2x2_bs1_sl65536,/home/haotian/waferchip/mesh2D/astra_sim_picasso/examples/run_scripts/analytical/congestion_aware/configs/gqa_seq_scaling/tp16_hbm4_80t_mesh2d_4x4_onering_qwen_gqa_hmp_fwd_block2x2_bs1_sl65536.json,onering,qwen_gqa_hmp_fwd_block2x2,1,65536,16,,,,,80t,mesh2d,4x4,3640,3640,,,56.798,49.011,SUCCESS,2026-03-29 01:56:59
4199a4ea30ede2dc37e20a54476a8bf26520e447b415a0bb1e00970983d539a4,tp16_hbm4_80t_mesh2d_4x4_onering_qwen_gqa_hmp_fwd_block2x2_bs1_sl65536_split4,/home/haotian/waferchip/mesh2D/astra_sim_picasso/examples/run_scripts/analytical/congestion_aware/configs/gqa_seq_scaling/tp16_hbm4_80t_mesh2d_4x4_onering_qwen_gqa_hmp_fwd_block2x2_bs1_sl65536_split4.json,onering,qwen_gqa_hmp_fwd_block2x2_split4,1,65536,16,,,,,80t,mesh2d,4x4,3640,3640,,,56.798,49.011,SUCCESS,2026-03-29 01:56:59
dc8b8ac85f90a34d07f233fc85503d543def73ab081ca99fa48fed109758537e,tp16_hbm4_80t_mesh2d_4x4_onering_qwen_gqa_hmp_fwd_block2x2_bs1_sl65536_split4_bw1500,/home/haotian/waferchip/mesh2D/astra_sim_picasso/examples/run_scripts/analytical/congestion_aware/configs/gqa_seq_scaling/tp16_hbm4_80t_mesh2d_4x4_onering_qwen_gqa_hmp_fwd_block2x2_bs1_sl65536_split4_bw1500.json,onering,qwen_gqa_hmp_fwd_block2x2_split4_bw1500,1,65536,16,,,,,80t,mesh2d,4x4,3640,3640,,,56.798,49.011,SUCCESS,2026-03-29 01:56:59
3e69b73b675a54f890686bf2d7ac4d15bfdbb0f60a73e40a5c649b4f5cd86474,tp16_hbm4_80t_mesh2d_4x4_onering_qwen_gqa_hmp_fwd_block2x2_bs1_sl65536_split4_d2d15ns,/home/haotian/waferchip/mesh2D/astra_sim_picasso/examples/run_scripts/analytical/congestion_aware/configs/gqa_seq_scaling/tp16_hbm4_80t_mesh2d_4x4_onering_qwen_gqa_hmp_fwd_block2x2_bs1_sl65536_split4_d2d15ns.json,onering,qwen_gqa_hmp_fwd_block2x2_split4_d2d15ns,1,65536,16,,,,,80t,mesh2d,4x4,3640,3640,,,56.798,49.011,SUCCESS,2026-03-29 01:56:59
83ecc95df05d6c0c13b480289b2f178f3abedba23e8158d2e25e97e36bb87a40,tp16_hbm4_80t_mesh2d_4x4_onering_qwen_gqa_hmp_fwd_block2x2_bs1_sl8192,/home/haotian/waferchip/mesh2D/astra_sim_picasso/examples/run_scripts/analytical/congestion_aware/configs/gqa_seq_scaling/tp16_hbm4_80t_mesh2d_4x4_onering_qwen_gqa_hmp_fwd_block2x2_bs1_sl8192.json,onering,qwen_gqa_hmp_fwd_block2x2,1,8192,16,,,,,80t,mesh2d,4x4,704,704,,,72.092,31.879,SUCCESS,2026-03-29 01:56:59
239192c7f98726a50534a8a1851c2d2d96cadeeb61e24a7ed0827835c96a31b6,tp16_hbm4_80t_mesh2d_4x4_onering_qwen_gqa_hmp_fwd_block2x2_bs1_sl8192_split4,/home/haotian/waferchip/mesh2D/astra_sim_picasso/examples/run_scripts/analytical/congestion_aware/configs/gqa_seq_scaling/tp16_hbm4_80t_mesh2d_4x4_onering_qwen_gqa_hmp_fwd_block2x2_bs1_sl8192_split4.json,onering,qwen_gqa_hmp_fwd_block2x2_split4,1,8192,16,,,,,80t,mesh2d,4x4,704,704,,,72.092,31.879,SUCCESS,2026-03-29 01:56:59
8affcd1f46ad6f3c0b61927e85133f23b678428854f08323fe0217ca5eede7db,tp16_hbm4_80t_mesh2d_4x4_onering_qwen_gqa_hmp_fwd_block2x2_bs1_sl8192_split4_bw1500,/home/haotian/waferchip/mesh2D/astra_sim_picasso/examples/run_scripts/analytical/congestion_aware/configs/gqa_seq_scaling/tp16_hbm4_80t_mesh2d_4x4_onering_qwen_gqa_hmp_fwd_block2x2_bs1_sl8192_split4_bw1500.json,onering,qwen_gqa_hmp_fwd_block2x2_split4_bw1500,1,8192,16,,,,,80t,mesh2d,4x4,704,704,,,72.092,31.879,SUCCESS,2026-03-29 01:56:59
4f80c359d8e7144216f3de92a2c643f7f398893365421920edd51a01a74eecc0,tp16_hbm4_80t_mesh2d_4x4_onering_qwen_gqa_hmp_fwd_block2x2_bs1_sl8192_split4_d2d15ns,/home/haotian/waferchip/mesh2D/astra_sim_picasso/examples/run_scripts/analytical/congestion_aware/configs/gqa_seq_scaling/tp16_hbm4_80t_mesh2d_4x4_onering_qwen_gqa_hmp_fwd_block2x2_bs1_sl8192_split4_d2d15ns.json,onering,qwen_gqa_hmp_fwd_block2x2_split4_d2d15ns,1,8192,16,,,,,80t,mesh2d,4x4,704,704,,,72.092,31.879,SUCCESS,2026-03-29 01:56:59
99475b8b1aa51512ebb755c3e2ca37750edbe4ac404c890f93aba28e9c0f8856,tp16_hbm4_80t_mesh2d_4x4_onering_qwen_gqa_tp16_fwd_block2x2_bs1_sl1024,/home/haotian/waferchip/mesh2D/astra_sim_picasso/examples/run_scripts/analytical/congestion_aware/configs/gqa_seq_scaling/tp16_hbm4_80t_mesh2d_4x4_onering_qwen_gqa_tp16_fwd_block2x2_bs1_sl1024.json,onering,qwen_gqa_tp16_fwd_block2x2,1,1024,16,,,,,80t,mesh2d,4x4,21044,164,20880,,69.848,35.333,SUCCESS,2026-03-29 01:57:01
e0fffc1e2e9c4d452f460cece6e471115d11a3135a97711cbbd453af8acd01b1,tp16_hbm4_80t_mesh2d_4x4_onering_qwen_gqa_tp16_fwd_bs1_sl1024,/home/haotian/waferchip/mesh2D/astra_sim_picasso/examples/run_scripts/analytical/congestion_aware/configs/gqa_seq_scaling/tp16_hbm4_80t_mesh2d_4x4_onering_qwen_gqa_tp16_fwd_bs1_sl1024.json,onering,qwen_gqa_tp16_fwd,1,1024,16,,,,,80t,mesh2d,4x4,23442,162,23280,,84.433,21.199,SUCCESS,2026-03-29 01:57:03
7480440f9dbe5baba16e908d74effc8e58633f64cf3f048b2bd166b9490db563,tp16_hbm4_80t_mesh2d_4x4_onering_qwen_gqa_tp16_fwd_bs1_sl1024_split4,/home/haotian/waferchip/mesh2D/astra_sim_picasso/examples/run_scripts/analytical/congestion_aware/configs/gqa_seq_scaling/tp16_hbm4_80t_mesh2d_4x4_onering_qwen_gqa_tp16_fwd_bs1_sl1024_split4.json,onering,qwen_gqa_tp16_fwd_split4,1,1024,16,,,,,80t,mesh2d,4x4,3172,162,3010,,84.433,21.199,SUCCESS,2026-03-29 01:57:04
f195332a8fa1ed5595b00f518aa928f3180351b3693c4a91f7fa4fd806f3065b,tp16_hbm4_80t_mesh2d_4x4_onering_qwen_gqa_tp16_fwd_bs1_sl1024_split4_bw1500,/home/haotian/waferchip/mesh2D/astra_sim_picasso/examples/run_scripts/analytical/congestion_aware/configs/gqa_seq_scaling/tp16_hbm4_80t_mesh2d_4x4_onering_qwen_gqa_tp16_fwd_bs1_sl1024_split4_bw1500.json,onering,qwen_gqa_tp16_fwd_split4_bw1500,1,1024,16,,,,,80t,mesh2d,4x4,792,162,630,,84.433,21.199,SUCCESS,2026-03-29 01:57:04
677896538c5cddf6cccefe0bc04c21af529573ae84dd6dfc58ec1f7f67c3b4ea,tp16_hbm4_80t_mesh2d_4x4_onering_qwen_gqa_tp16_fwd_bs1_sl1024_split4_d2d15ns,/home/haotian/waferchip/mesh2D/astra_sim_picasso/examples/run_scripts/analytical/congestion_aware/configs/gqa_seq_scaling/tp16_hbm4_80t_mesh2d_4x4_onering_qwen_gqa_tp16_fwd_bs1_sl1024_split4_d2d15ns.json,onering,qwen_gqa_tp16_fwd_split4_d2d15ns,1,1024,16,,,,,80t,mesh2d,4x4,792,162,630,,84.433,21.199,SUCCESS,2026-03-29 01:57:05
c796a51b356c33fa2cf4b833938c3ff16f071116d69861aea257b7b7a2ac8251,tp16_hbm4_80t_mesh2d_4x4_onering_qwen_gqa_tp16_fwd_bs1_sl1048576,/home/haotian/waferchip/mesh2D/astra_sim_picasso/examples/run_scripts/analytical/congestion_aware/configs/gqa_seq_scaling/tp16_hbm4_80t_mesh2d_4x4_onering_qwen_gqa_tp16_fwd_bs1_sl1048576.json,onering,qwen_gqa_tp16_fwd,1,1048576,16,,,,,80t,mesh2d,4x4,93504,53794,39710,,53.22,62.375,SUCCESS,2026-03-29 01:57:07
323fd44fc7ca1d7cfd117b5efe6e2445545692f1d46037d61633c8f4a269d871,tp16_hbm4_80t_mesh2d_4x4_onering_qwen_gqa_tp16_fwd_bs1_sl1048576_split4,/home/haotian/waferchip/mesh2D/astra_sim_picasso/examples/run_scripts/analytical/congestion_aware/configs/gqa_seq_scaling/tp16_hbm4_80t_mesh2d_4x4_onering_qwen_gqa_tp16_fwd_bs1_sl1048576_split4.json,onering,qwen_gqa_tp16_fwd_split4,1,1048576,16,,,,,80t,mesh2d,4x4,69049,53794,15255,,53.22,62.375,SUCCESS,2026-03-29 01:57:07
73ebabd54a9dbc641f5e752e08061b4f29a87719642c59186d15006d3814fddf,tp16_hbm4_80t_mesh2d_4x4_onering_qwen_gqa_tp16_fwd_bs1_sl1048576_split4_bw1500,/home/haotian/waferchip/mesh2D/astra_sim_picasso/examples/run_scripts/analytical/congestion_aware/configs/gqa_seq_scaling/tp16_hbm4_80t_mesh2d_4x4_onering_qwen_gqa_tp16_fwd_bs1_sl1048576_split4_bw1500.json,onering,qwen_gqa_tp16_fwd_split4_bw1500,1,1048576,16,,,,,80t,mesh2d,4x4,71165,53794,17371,,53.22,62.375,SUCCESS,2026-03-29 01:57:08
94aefc732ee59e1fbc1248e9262f7b8f84ea143d3e6fa1e41f96fd0e085d88b7,tp16_hbm4_80t_mesh2d_4x4_onering_qwen_gqa_tp16_fwd_bs1_sl1048576_split4_d2d15ns,/home/haotian/waferchip/mesh2D/astra_sim_picasso/examples/run_scripts/analytical/congestion_aware/configs/gqa_seq_scaling/tp16_hbm4_80t_mesh2d_4x4_onering_qwen_gqa_tp16_fwd_bs1_sl1048576_split4_d2d15ns.json,onering,qwen_gqa_tp16_fwd_split4_d2d15ns,1,1048576,16,,,,,80t,mesh2d,4x4,66927,53794,13133,,53.22,62.375,SUCCESS,2026-03-29 01:57:08
25b485a33597378dadad1b7385cab15a203dbe8d8df8e646a5c3ca2ad40069df,tp16_hbm4_80t_mesh2d_4x4_onering_qwen_gqa_tp16_fwd_bs1_sl131072,/home/haotian/waferchip/mesh2D/astra_sim_picasso/examples/run_scripts/analytical/congestion_aware/configs/gqa_seq_scaling/tp16_hbm4_80t_mesh2d_4x4_onering_qwen_gqa_tp16_fwd_bs1_sl131072.json,onering,qwen_gqa_tp16_fwd,1,131072,16,,,,,80t,mesh2d,4x4,32129,6818,25311,,53.873,61.513,SUCCESS,2026-03-29 01:57:10
e4085893e1686b707560846df0f94d099699b1d13e4f7e34fbeb35f7262c2a02,tp16_hbm4_80t_mesh2d_4x4_onering_qwen_gqa_tp16_fwd_bs1_sl131072_split4,/home/haotian/waferchip/mesh2D/astra_sim_picasso/examples/run_scripts/analytical/congestion_aware/configs/gqa_seq_scaling/tp16_hbm4_80t_mesh2d_4x4_onering_qwen_gqa_tp16_fwd_bs1_sl131072_split4.json,onering,qwen_gqa_tp16_fwd_split4,1,131072,16,,,,,80t,mesh2d,4x4,11113,6818,4295,,53.873,61.513,SUCCESS,2026-03-29 01:57:10
7dee8c44373686b7a780e8ec1b0693a74e416ae83ba268669384096d36e96412,tp16_hbm4_80t_mesh2d_4x4_onering_qwen_gqa_tp16_fwd_bs1_sl131072_split4_bw1500,/home/haotian/waferchip/mesh2D/astra_sim_picasso/examples/run_scripts/analytical/congestion_aware/configs/gqa_seq_scaling/tp16_hbm4_80t_mesh2d_4x4_onering_qwen_gqa_tp16_fwd_bs1_sl131072_split4_bw1500.json,onering,qwen_gqa_tp16_fwd_split4_bw1500,1,131072,16,,,,,80t,mesh2d,4x4,9369,6818,2551,,53.873,61.513,SUCCESS,2026-03-29 01:57:11
8e94ad20312452fa4c9fcd63c701e8831dab3f72ea05fd767972006bb1bb9205,tp16_hbm4_80t_mesh2d_4x4_onering_qwen_gqa_tp16_fwd_bs1_sl131072_split4_d2d15ns,/home/haotian/waferchip/mesh2D/astra_sim_picasso/examples/run_scripts/analytical/congestion_aware/configs/gqa_seq_scaling/tp16_hbm4_80t_mesh2d_4x4_onering_qwen_gqa_tp16_fwd_bs1_sl131072_split4_d2d15ns.json,onering,qwen_gqa_tp16_fwd_split4_d2d15ns,1,131072,16,,,,,80t,mesh2d,4x4,8959,6818,2141,,53.873,61.513,SUCCESS,2026-03-29 01:57:11
ec767e4c08967c46ed3467f3cea1729f523b43593961c83b49ef9a8f007df932,tp16_hbm4_80t_mesh2d_4x4_onering_qwen_gqa_tp16_fwd_bs1_sl16384,/home/haotian/waferchip/mesh2D/astra_sim_picasso/examples/run_scripts/analytical/congestion_aware/configs/gqa_seq_scaling/tp16_hbm4_80t_mesh2d_4x4_onering_qwen_gqa_tp16_fwd_bs1_sl16384.json,onering,qwen_gqa_tp16_fwd,1,16384,16,,,,,80t,mesh2d,4x4,24371,946,23425,,58.514,55.391,SUCCESS,2026-03-29 01:57:13
a25996d61bde280b29fa6cdf15887c296997e809142ce9870ee5d55ed19e030f,tp16_hbm4_80t_mesh2d_4x4_onering_qwen_gqa_tp16_fwd_bs1_sl16384_split4,/home/haotian/waferchip/mesh2D/astra_sim_picasso/examples/run_scripts/analytical/congestion_aware/configs/gqa_seq_scaling/tp16_hbm4_80t_mesh2d_4x4_onering_qwen_gqa_tp16_fwd_bs1_sl16384_split4.json,onering,qwen_gqa_tp16_fwd_split4,1,16384,16,,,,,80t,mesh2d,4x4,4087,946,3141,,58.514,55.391,SUCCESS,2026-03-29 01:57:14
d62201b1bb1522a61bf063d2e58105ad95fbac2be0cb24130b2207303979b651,tp16_hbm4_80t_mesh2d_4x4_onering_qwen_gqa_tp16_fwd_bs1_sl16384_split4_bw1500,/home/haotian/waferchip/mesh2D/astra_sim_picasso/examples/run_scripts/analytical/congestion_aware/configs/gqa_seq_scaling/tp16_hbm4_80t_mesh2d_4x4_onering_qwen_gqa_tp16_fwd_bs1_sl16384_split4_bw1500.json,onering,qwen_gqa_tp16_fwd_split4_bw1500,1,16384,16,,,,,80t,mesh2d,4x4,1750,946,804,,58.514,55.391,SUCCESS,2026-03-29 01:57:14
7001ec5cb20e81cc7d6b3bbfeee4cfdbdf6df076be202c90543a6b19a34afa35,tp16_hbm4_80t_mesh2d_4x4_onering_qwen_gqa_tp16_fwd_bs1_sl16384_split4_d2d15ns,/home/haotian/waferchip/mesh2D/astra_sim_picasso/examples/run_scripts/analytical/congestion_aware/configs/gqa_seq_scaling/tp16_hbm4_80t_mesh2d_4x4_onering_qwen_gqa_tp16_fwd_bs1_sl16384_split4_d2d15ns.json,onering,qwen_gqa_tp16_fwd_split4_d2d15ns,1,16384,16,,,,,80t,mesh2d,4x4,1707,946,761,,58.514,55.391,SUCCESS,2026-03-29 01:57:15
e9b9402bc86043ad38d55d677a26763fbb0a13b3fd474f593734c5644dd2c7ad,tp16_hbm4_80t_mesh2d_4x4_onering_qwen_gqa_tp16_fwd_bs1_sl2048,/home/haotian/waferchip/mesh2D/astra_sim_picasso/examples/run_scripts/analytical/congestion_aware/configs/gqa_seq_scaling/tp16_hbm4_80t_mesh2d_4x4_onering_qwen_gqa_tp16_fwd_bs1_sl2048.json,onering,qwen_gqa_tp16_fwd,1,2048,16,,,,,80t,mesh2d,4x4,23494,214,23280,,76.86,31.188,SUCCESS,2026-03-29 01:57:17
690160eff92f39f260f7678698e018cfa59765140b53cb9e94020d85f002cd02,tp16_hbm4_80t_mesh2d_4x4_onering_qwen_gqa_tp16_fwd_bs1_sl2048_split4,/home/haotian/waferchip/mesh2D/astra_sim_picasso/examples/run_scripts/analytical/congestion_aware/configs/gqa_seq_scaling/tp16_hbm4_80t_mesh2d_4x4_onering_qwen_gqa_tp16_fwd_bs1_sl2048_split4.json,onering,qwen_gqa_tp16_fwd_split4,1,2048,16,,,,,80t,mesh2d,4x4,3224,214,3010,,76.86,31.188,SUCCESS,2026-03-29 01:57:17
96a72def1ad2e29f6229bb2ce123c73b5d97c530e5d686989020e61e73105ad1,tp16_hbm4_80t_mesh2d_4x4_onering_qwen_gqa_tp16_fwd_bs1_sl2048_split4_bw1500,/home/haotian/waferchip/mesh2D/astra_sim_picasso/examples/run_scripts/analytical/congestion_aware/configs/gqa_seq_scaling/tp16_hbm4_80t_mesh2d_4x4_onering_qwen_gqa_tp16_fwd_bs1_sl2048_split4_bw1500.json,onering,qwen_gqa_tp16_fwd_split4_bw1500,1,2048,16,,,,,80t,mesh2d,4x4,855,214,641,,76.86,31.188,SUCCESS,2026-03-29 01:57:18
2f1cc9c8acec10c6c47ed74381231851d2dc287b38e2bacbd3ba182bbe29c562,tp16_hbm4_80t_mesh2d_4x4_onering_qwen_gqa_tp16_fwd_bs1_sl2048_split4_d2d15ns,/home/haotian/waferchip/mesh2D/astra_sim_picasso/examples/run_scripts/analytical/congestion_aware/configs/gqa_seq_scaling/tp16_hbm4_80t_mesh2d_4x4_onering_qwen_gqa_tp16_fwd_bs1_sl2048_split4_d2d15ns.json,onering,qwen_gqa_tp16_fwd_split4_d2d15ns,1,2048,16,,,,,80t,mesh2d,4x4,844,214,630,,76.86,31.188,SUCCESS,2026-03-29 01:57:18
f877dfe7dfff13f861e64c84df40aee533edfbf5d2d2d5233fa57fec4c497860,tp16_hbm4_80t_mesh2d_4x4_onering_qwen_gqa_tp16_fwd_bs1_sl262144,/home/haotian/waferchip/mesh2D/astra_sim_picasso/examples/run_scripts/analytical/congestion_aware/configs/gqa_seq_scaling/tp16_hbm4_80t_mesh2d_4x4_onering_qwen_gqa_tp16_fwd_bs1_sl262144.json,onering,qwen_gqa_tp16_fwd,1,262144,16,,,,,80t,mesh2d,4x4,40872,13530,27342,,53.502,62.002,SUCCESS,2026-03-29 01:57:20
b0a2ddb9b7a88a54e8f6e57c710d288052fea1314e1ba3188916578d441bfa5f,tp16_hbm4_80t_mesh2d_4x4_onering_qwen_gqa_tp16_fwd_bs1_sl262144_split4,/home/haotian/waferchip/mesh2D/astra_sim_picasso/examples/run_scripts/analytical/congestion_aware/configs/gqa_seq_scaling/tp16_hbm4_80t_mesh2d_4x4_onering_qwen_gqa_tp16_fwd_bs1_sl262144_split4.json,onering,qwen_gqa_tp16_fwd_split4,1,262144,16,,,,,80t,mesh2d,4x4,19362,13530,5832,,53.502,62.002,SUCCESS,2026-03-29 01:57:21
cd43fdf1fa7468ff2e59378c7921b2cf7d04d2cbea1821673a1168606233e09a,tp16_hbm4_80t_mesh2d_4x4_onering_qwen_gqa_tp16_fwd_bs1_sl262144_split4_bw1500,/home/haotian/waferchip/mesh2D/astra_sim_picasso/examples/run_scripts/analytical/congestion_aware/configs/gqa_seq_scaling/tp16_hbm4_80t_mesh2d_4x4_onering_qwen_gqa_tp16_fwd_bs1_sl262144_split4_bw1500.json,onering,qwen_gqa_tp16_fwd_split4_bw1500,1,262144,16,,,,,80t,mesh2d,4x4,18187,13530,4657,,53.502,62.002,SUCCESS,2026-03-29 01:57:21
fbc9374accd8c3c296337a157be5f5686cd3e4bcc192347a2af0940cceb3d792,tp16_hbm4_80t_mesh2d_4x4_onering_qwen_gqa_tp16_fwd_bs1_sl262144_split4_d2d15ns,/home/haotian/waferchip/mesh2D/astra_sim_picasso/examples/run_scripts/analytical/congestion_aware/configs/gqa_seq_scaling/tp16_hbm4_80t_mesh2d_4x4_onering_qwen_gqa_tp16_fwd_bs1_sl262144_split4_d2d15ns.json,onering,qwen_gqa_tp16_fwd_split4_d2d15ns,1,262144,16,,,,,80t,mesh2d,4x4,17237,13530,3707,,53.502,62.002,SUCCESS,2026-03-29 01:57:22
057508c589b22936ca40b29c1bbf24ac0fceeff7b9d43849c224dcb1e2e89f56,tp16_hbm4_80t_mesh2d_4x4_onering_qwen_gqa_tp16_fwd_bs1_sl32768,/home/haotian/waferchip/mesh2D/astra_sim_picasso/examples/run_scripts/analytical/congestion_aware/configs/gqa_seq_scaling/tp16_hbm4_80t_mesh2d_4x4_onering_qwen_gqa_tp16_fwd_bs1_sl32768.json,onering,qwen_gqa_tp16_fwd,1,32768,16,,,,,80t,mesh2d,4x4,25501,1786,23715,,55.981,58.733,SUCCESS,2026-03-29 01:57:24
2a3ecabf12496f17e463f035f6a5f2306dcd3ebeb27962d131833e16f4c67764,tp16_hbm4_80t_mesh2d_4x4_onering_qwen_gqa_tp16_fwd_bs1_sl32768_split4,/home/haotian/waferchip/mesh2D/astra_sim_picasso/examples/run_scripts/analytical/congestion_aware/configs/gqa_seq_scaling/tp16_hbm4_80t_mesh2d_4x4_onering_qwen_gqa_tp16_fwd_bs1_sl32768_split4.json,onering,qwen_gqa_tp16_fwd_split4,1,32768,16,,,,,80t,mesh2d,4x4,5078,1786,3292,,55.981,58.733,SUCCESS,2026-03-29 01:57:25
84e745647722e9504c98202de537e75843418d6af4cdcbe6757ca062ea515c95,tp16_hbm4_80t_mesh2d_4x4_onering_qwen_gqa_tp16_fwd_bs1_sl32768_split4_bw1500,/home/haotian/waferchip/mesh2D/astra_sim_picasso/examples/run_scripts/analytical/congestion_aware/configs/gqa_seq_scaling/tp16_hbm4_80t_mesh2d_4x4_onering_qwen_gqa_tp16_fwd_bs1_sl32768_split4_bw1500.json,onering,qwen_gqa_tp16_fwd_split4_bw1500,1,32768,16,,,,,80t,mesh2d,4x4,2823,1786,1037,,55.981,58.733,SUCCESS,2026-03-29 01:57:25
289f738734be6d2d5210566fae9089baf8c1ffb316b7ea2d76fd3b093115fc3f,tp16_hbm4_80t_mesh2d_4x4_onering_qwen_gqa_tp16_fwd_bs1_sl32768_split4_d2d15ns,/home/haotian/waferchip/mesh2D/astra_sim_picasso/examples/run_scripts/analytical/congestion_aware/configs/gqa_seq_scaling/tp16_hbm4_80t_mesh2d_4x4_onering_qwen_gqa_tp16_fwd_bs1_sl32768_split4_d2d15ns.json,onering,qwen_gqa_tp16_fwd_split4_d2d15ns,1,32768,16,,,,,80t,mesh2d,4x4,2738,1786,952,,55.981,58.733,SUCCESS,2026-03-29 01:57:26
76e0a99139add2de93b32c774ebe9bc584b0a2074966b411b4e25d6b9d24dd2a,tp16_hbm4_80t_mesh2d_4x4_onering_qwen_gqa_tp16_fwd_bs1_sl4096,/home/haotian/waferchip/mesh2D/astra_sim_picasso/examples/run_scripts/analytical/congestion_aware/configs/gqa_seq_scaling/tp16_hbm4_80t_mesh2d_4x4_onering_qwen_gqa_tp16_fwd_bs1_sl4096.json,onering,qwen_gqa_tp16_fwd,1,4096,16,,,,,80t,mesh2d,4x4,23598,318,23280,,69.122,41.396,SUCCESS,2026-03-29 01:57:28
c53c7d6fac9aae5a2c62320630f1d803f8cfd0ca964cd1ae93548751f233e9f9,tp16_hbm4_80t_mesh2d_4x4_onering_qwen_gqa_tp16_fwd_bs1_sl4096_split4,/home/haotian/waferchip/mesh2D/astra_sim_picasso/examples/run_scripts/analytical/congestion_aware/configs/gqa_seq_scaling/tp16_hbm4_80t_mesh2d_4x4_onering_qwen_gqa_tp16_fwd_bs1_sl4096_split4.json,onering,qwen_gqa_tp16_fwd_split4,1,4096,16,,,,,80t,mesh2d,4x4,3348,318,3030,,69.122,41.396,SUCCESS,2026-03-29 01:57:28
8c8dac759707ce28c1c46daf5d5732eba149dd83015808be04c2fd63fad09118,tp16_hbm4_80t_mesh2d_4x4_onering_qwen_gqa_tp16_fwd_bs1_sl4096_split4_bw1500,/home/haotian/waferchip/mesh2D/astra_sim_picasso/examples/run_scripts/analytical/congestion_aware/configs/gqa_seq_scaling/tp16_hbm4_80t_mesh2d_4x4_onering_qwen_gqa_tp16_fwd_bs1_sl4096_split4_bw1500.json,onering,qwen_gqa_tp16_fwd_split4_bw1500,1,4096,16,,,,,80t,mesh2d,4x4,979,318,661,,69.122,41.396,SUCCESS,2026-03-29 01:57:29
6e2e722e90650849a7454fba2a3eb05062e1d592ec98672cfc03486097f88e91,tp16_hbm4_80t_mesh2d_4x4_onering_qwen_gqa_tp16_fwd_bs1_sl4096_split4_d2d15ns,/home/haotian/waferchip/mesh2D/astra_sim_picasso/examples/run_scripts/analytical/congestion_aware/configs/gqa_seq_scaling/tp16_hbm4_80t_mesh2d_4x4_onering_qwen_gqa_tp16_fwd_bs1_sl4096_split4_d2d15ns.json,onering,qwen_gqa_tp16_fwd_split4_d2d15ns,1,4096,16,,,,,80t,mesh2d,4x4,968,318,650,,69.122,41.396,SUCCESS,2026-03-29 01:57:29
6e0ecc9fd4f867fd3dd98ae94350d0bbfa3e1bf45359652fc767247dbd925c9c,tp16_hbm4_80t_mesh2d_4x4_onering_qwen_gqa_tp16_fwd_bs1_sl524288,/home/haotian/waferchip/mesh2D/astra_sim_picasso/examples/run_scripts/analytical/congestion_aware/configs/gqa_seq_scaling/tp16_hbm4_80t_mesh2d_4x4_onering_qwen_gqa_tp16_fwd_bs1_sl524288.json,onering,qwen_gqa_tp16_fwd,1,524288,16,,,,,80t,mesh2d,4x4,58427,26950,31477,,53.314,62.25,SUCCESS,2026-03-29 01:57:31
4abed0c7ee18ccaf12cb9c73f9f81ab3cdce19266b0ca35f5887bcb3527bb2d6,tp16_hbm4_80t_mesh2d_4x4_onering_qwen_gqa_tp16_fwd_bs1_sl524288_split4,/home/haotian/waferchip/mesh2D/astra_sim_picasso/examples/run_scripts/analytical/congestion_aware/configs/gqa_seq_scaling/tp16_hbm4_80t_mesh2d_4x4_onering_qwen_gqa_tp16_fwd_bs1_sl524288_split4.json,onering,qwen_gqa_tp16_fwd_split4,1,524288,16,,,,,80t,mesh2d,4x4,35923,26950,8973,,53.314,62.25,SUCCESS,2026-03-29 01:57:32
8641a95888da90f0a33a8495a5cf05edda205e85562ddf2ad75d2243af3e4f15,tp16_hbm4_80t_mesh2d_4x4_onering_qwen_gqa_tp16_fwd_bs1_sl524288_split4_bw1500,/home/haotian/waferchip/mesh2D/astra_sim_picasso/examples/run_scripts/analytical/congestion_aware/configs/gqa_seq_scaling/tp16_hbm4_80t_mesh2d_4x4_onering_qwen_gqa_tp16_fwd_bs1_sl524288_split4_bw1500.json,onering,qwen_gqa_tp16_fwd_split4_bw1500,1,524288,16,,,,,80t,mesh2d,4x4,35845,26950,8895,,53.314,62.25,SUCCESS,2026-03-29 01:57:32
933e5f6d6263be292dba594db6f00884a7fe918ce756f696d31ea1a164bd2e98,tp16_hbm4_80t_mesh2d_4x4_onering_qwen_gqa_tp16_fwd_bs1_sl524288_split4_d2d15ns,/home/haotian/waferchip/mesh2D/astra_sim_picasso/examples/run_scripts/analytical/congestion_aware/configs/gqa_seq_scaling/tp16_hbm4_80t_mesh2d_4x4_onering_qwen_gqa_tp16_fwd_bs1_sl524288_split4_d2d15ns.json,onering,qwen_gqa_tp16_fwd_split4_d2d15ns,1,524288,16,,,,,80t,mesh2d,4x4,33798,26950,6848,,53.314,62.25,SUCCESS,2026-03-29 01:57:33
46d568e8314d74b9332f7788a036cc3455c8a62f7c2b13105a0c15a6b0bea028,tp16_hbm4_80t_mesh2d_4x4_onering_qwen_gqa_tp16_fwd_bs1_sl65536,/home/haotian/waferchip/mesh2D/astra_sim_picasso/examples/run_scripts/analytical/congestion_aware/configs/gqa_seq_scaling/tp16_hbm4_80t_mesh2d_4x4_onering_qwen_gqa_tp16_fwd_bs1_sl65536.json,onering,qwen_gqa_tp16_fwd,1,65536,16,,,,,80t,mesh2d,4x4,27685,3462,24223,,54.599,60.556,SUCCESS,2026-03-29 01:57:34
0724d4b1001bf28c80d96b8a590177058d8dab33a99f3a0714d0bb968682a38f,tp16_hbm4_80t_mesh2d_4x4_onering_qwen_gqa_tp16_fwd_bs1_sl65536_split4,/home/haotian/waferchip/mesh2D/astra_sim_picasso/examples/run_scripts/analytical/congestion_aware/configs/gqa_seq_scaling/tp16_hbm4_80t_mesh2d_4x4_onering_qwen_gqa_tp16_fwd_bs1_sl65536_split4.json,onering,qwen_gqa_tp16_fwd_split4,1,65536,16,,,,,80t,mesh2d,4x4,7036,3462,3574,,54.599,60.556,SUCCESS,2026-03-29 01:57:35
c5d02d85adbd844a63adba0d6de0e72ab5c4d11bab2534362f7ffbb70bc6321f,tp16_hbm4_80t_mesh2d_4x4_onering_qwen_gqa_tp16_fwd_bs1_sl65536_split4_bw1500,/home/haotian/waferchip/mesh2D/astra_sim_picasso/examples/run_scripts/analytical/congestion_aware/configs/gqa_seq_scaling/tp16_hbm4_80t_mesh2d_4x4_onering_qwen_gqa_tp16_fwd_bs1_sl65536_split4_bw1500.json,onering,qwen_gqa_tp16_fwd_split4_bw1500,1,65536,16,,,,,80t,mesh2d,4x4,4973,3462,1511,,54.599,60.556,SUCCESS,2026-03-29 01:57:36
1425624cb4707bd40161a200a213193edd32948b4fe7e6484bdbf68a7c860d19,tp16_hbm4_80t_mesh2d_4x4_onering_qwen_gqa_tp16_fwd_bs1_sl65536_split4_d2d15ns,/home/haotian/waferchip/mesh2D/astra_sim_picasso/examples/run_scripts/analytical/congestion_aware/configs/gqa_seq_scaling/tp16_hbm4_80t_mesh2d_4x4_onering_qwen_gqa_tp16_fwd_bs1_sl65536_split4_d2d15ns.json,onering,qwen_gqa_tp16_fwd_split4_d2d15ns,1,65536,16,,,,,80t,mesh2d,4x4,4811,3462,1349,,54.599,60.556,SUCCESS,2026-03-29 01:57:36
7d291267dd0322a7122a839b09453ea482104be3d23c2864017daaab82468069,tp16_hbm4_80t_mesh2d_4x4_onering_qwen_gqa_tp16_fwd_bs1_sl8192,/home/haotian/waferchip/mesh2D/astra_sim_picasso/examples/run_scripts/analytical/congestion_aware/configs/gqa_seq_scaling/tp16_hbm4_80t_mesh2d_4x4_onering_qwen_gqa_tp16_fwd_bs1_sl8192.json,onering,qwen_gqa_tp16_fwd,1,8192,16,,,,,80t,mesh2d,4x4,23806,526,23280,,62.808,49.726,SUCCESS,2026-03-29 01:57:38
257d193acea0bccfe07e22c8f581923dff045f5357da0d4911d1d9aaa0afb621,tp16_hbm4_80t_mesh2d_4x4_onering_qwen_gqa_tp16_fwd_bs1_sl8192_split4,/home/haotian/waferchip/mesh2D/astra_sim_picasso/examples/run_scripts/analytical/congestion_aware/configs/gqa_seq_scaling/tp16_hbm4_80t_mesh2d_4x4_onering_qwen_gqa_tp16_fwd_bs1_sl8192_split4.json,onering,qwen_gqa_tp16_fwd_split4,1,8192,16,,,,,80t,mesh2d,4x4,3596,526,3070,,62.808,49.726,SUCCESS,2026-03-29 01:57:38
840e6da6087d060578f74ba55b30b88f8abd3e22d770bc2ce74a7d7301546894,tp16_hbm4_80t_mesh2d_4x4_onering_qwen_gqa_tp16_fwd_bs1_sl8192_split4_bw1500,/home/haotian/waferchip/mesh2D/astra_sim_picasso/examples/run_scripts/analytical/congestion_aware/configs/gqa_seq_scaling/tp16_hbm4_80t_mesh2d_4x4_onering_qwen_gqa_tp16_fwd_bs1_sl8192_split4_bw1500.json,onering,qwen_gqa_tp16_fwd_split4_bw1500,1,8192,16,,,,,80t,mesh2d,4x4,1238,526,712,,62.808,49.726,SUCCESS,2026-03-29 01:57:39
8a989db84d4f42d07bcb8566e91feb0007cb64792f6df83372d25d6f1ec45bf2,tp16_hbm4_80t_mesh2d_4x4_onering_qwen_gqa_tp16_fwd_bs1_sl8192_split4_d2d15ns,/home/haotian/waferchip/mesh2D/astra_sim_picasso/examples/run_scripts/analytical/congestion_aware/configs/gqa_seq_scaling/tp16_hbm4_80t_mesh2d_4x4_onering_qwen_gqa_tp16_fwd_bs1_sl8192_split4_d2d15ns.json,onering,qwen_gqa_tp16_fwd_split4_d2d15ns,1,8192,16,,,,,80t,mesh2d,4x4,1216,526,690,,62.808,49.726,SUCCESS,2026-03-29 01:57:39
6075c47508f8ed69090b096a13df0afb2a80a39065758f329c3cc81c65775373,tp16_hbm4_80t_split4_bw1500_mesh2d_4x4_onering_llama4_gqa_baseline_fwd_block2x2_bs1_sl1024_split4_bw1500,/home/haotian/waferchip/mesh2D/astra_sim_picasso/examples/run_scripts/analytical/congestion_aware/configs/gqa_seq_scaling/tp16_hbm4_80t_split4_bw1500_mesh2d_4x4_onering_llama4_gqa_baseline_fwd_block2x2_bs1_sl1024_split4_bw1500.json,mesh2d,4x4_onering_llama4_gqa_baseline_fwd_block2x2_split4_bw1500,1,1024,16,,,,,80t,split4,bw1500,708,213,495,,76.752,25.386,SUCCESS,2026-03-29 01:57:40
9cf7071480a7b5ee772b6c8b59bb775367dd736a91b1451db258417591276bde,tp16_hbm4_80t_split4_bw1500_mesh2d_4x4_onering_llama4_gqa_baseline_fwd_block2x2_bs1_sl1048576_split4_bw1500,/home/haotian/waferchip/mesh2D/astra_sim_picasso/examples/run_scripts/analytical/congestion_aware/configs/gqa_seq_scaling/tp16_hbm4_80t_split4_bw1500_mesh2d_4x4_onering_llama4_gqa_baseline_fwd_block2x2_bs1_sl1048576_split4_bw1500.json,mesh2d,4x4_onering_llama4_gqa_baseline_fwd_block2x2_split4_bw1500,1,1048576,16,,,,,80t,split4,bw1500,71102,70607,495,,28.717,77.521,SUCCESS,2026-03-29 01:57:40
f3550baa2dadc47d43c1a700ade11f602bfef06aaa8928a71eccc49155d6c526,tp16_hbm4_80t_split4_bw1500_mesh2d_4x4_onering_llama4_gqa_baseline_fwd_block2x2_bs1_sl131072_split4_bw1500,/home/haotian/waferchip/mesh2D/astra_sim_picasso/examples/run_scripts/analytical/congestion_aware/configs/gqa_seq_scaling/tp16_hbm4_80t_split4_bw1500_mesh2d_4x4_onering_llama4_gqa_baseline_fwd_block2x2_bs1_sl131072_split4_bw1500.json,mesh2d,4x4_onering_llama4_gqa_baseline_fwd_block2x2_split4_bw1500,1,131072,16,,,,,80t,split4,bw1500,9446,8951,495,,29.718,76.434,SUCCESS,2026-03-29 01:57:41
a8e7b28081223e4f04d7fb971cb60629081c84c07e8ac876179b3a2af65bed45,tp16_hbm4_80t_split4_bw1500_mesh2d_4x4_onering_llama4_gqa_baseline_fwd_block2x2_bs1_sl16384_split4_bw1500,/home/haotian/waferchip/mesh2D/astra_sim_picasso/examples/run_scripts/analytical/congestion_aware/configs/gqa_seq_scaling/tp16_hbm4_80t_split4_bw1500_mesh2d_4x4_onering_llama4_gqa_baseline_fwd_block2x2_bs1_sl16384_split4_bw1500.json,mesh2d,4x4_onering_llama4_gqa_baseline_fwd_block2x2_split4_bw1500,1,16384,16,,,,,80t,split4,bw1500,1740,1245,495,,36.868,68.677,SUCCESS,2026-03-29 01:57:41
56bca9b2607fdb58e6015dd7ba8cb84cbe4c7652fc3a4087a1e151a40f71b0c7,tp16_hbm4_80t_split4_bw1500_mesh2d_4x4_onering_llama4_gqa_baseline_fwd_block2x2_bs1_sl2048_split4_bw1500,/home/haotian/waferchip/mesh2D/astra_sim_picasso/examples/run_scripts/analytical/congestion_aware/configs/gqa_seq_scaling/tp16_hbm4_80t_split4_bw1500_mesh2d_4x4_onering_llama4_gqa_baseline_fwd_block2x2_bs1_sl2048_split4_bw1500.json,mesh2d,4x4_onering_llama4_gqa_baseline_fwd_block2x2_split4_bw1500,1,2048,16,,,,,80t,split4,bw1500,776,281,495,,65.071,38.059,SUCCESS,2026-03-29 01:57:42
6f4ac234b65b571cf546ff3ee7db35552feec26456d595654e7153982aefad73,tp16_hbm4_80t_split4_bw1500_mesh2d_4x4_onering_llama4_gqa_baseline_fwd_block2x2_bs1_sl262144_split4_bw1500,/home/haotian/waferchip/mesh2D/astra_sim_picasso/examples/run_scripts/analytical/congestion_aware/configs/gqa_seq_scaling/tp16_hbm4_80t_split4_bw1500_mesh2d_4x4_onering_llama4_gqa_baseline_fwd_block2x2_bs1_sl262144_split4_bw1500.json,mesh2d,4x4_onering_llama4_gqa_baseline_fwd_block2x2_split4_bw1500,1,262144,16,,,,,80t,split4,bw1500,18254,17759,495,,29.154,77.047,SUCCESS,2026-03-29 01:57:42
a0f84ff48e2b9e051cd4b4b9bc9e0d90debb93de97798b2b03b0a720012679e2,tp16_hbm4_80t_split4_bw1500_mesh2d_4x4_onering_llama4_gqa_baseline_fwd_block2x2_bs1_sl32768_split4_bw1500,/home/haotian/waferchip/mesh2D/astra_sim_picasso/examples/run_scripts/analytical/congestion_aware/configs/gqa_seq_scaling/tp16_hbm4_80t_split4_bw1500_mesh2d_4x4_onering_llama4_gqa_baseline_fwd_block2x2_bs1_sl32768_split4_bw1500.json,mesh2d,4x4_onering_llama4_gqa_baseline_fwd_block2x2_split4_bw1500,1,32768,16,,,,,80t,split4,bw1500,2840,2345,495,,32.982,72.894,SUCCESS,2026-03-29 01:57:42
27d07e23c51a682f1fa4e75235c124efb44fc4f850d07fa762a9100e80d46786,tp16_hbm4_80t_split4_bw1500_mesh2d_4x4_onering_llama4_gqa_baseline_fwd_block2x2_bs1_sl4096_split4_bw1500,/home/haotian/waferchip/mesh2D/astra_sim_picasso/examples/run_scripts/analytical/congestion_aware/configs/gqa_seq_scaling/tp16_hbm4_80t_split4_bw1500_mesh2d_4x4_onering_llama4_gqa_baseline_fwd_block2x2_bs1_sl4096_split4_bw1500.json,mesh2d,4x4_onering_llama4_gqa_baseline_fwd_block2x2_split4_bw1500,1,4096,16,,,,,80t,split4,bw1500,912,417,495,,53.11,51.035,SUCCESS,2026-03-29 01:57:43
86a221015fdf61dc1e401269bd06d2e76bbe49a6101343f3815e025f615b968f,tp16_hbm4_80t_split4_bw1500_mesh2d_4x4_onering_llama4_gqa_baseline_fwd_block2x2_bs1_sl524288_split4_bw1500,/home/haotian/waferchip/mesh2D/astra_sim_picasso/examples/run_scripts/analytical/congestion_aware/configs/gqa_seq_scaling/tp16_hbm4_80t_split4_bw1500_mesh2d_4x4_onering_llama4_gqa_baseline_fwd_block2x2_bs1_sl524288_split4_bw1500.json,mesh2d,4x4_onering_llama4_gqa_baseline_fwd_block2x2_split4_bw1500,1,524288,16,,,,,80t,split4,bw1500,35870,35375,495,,28.863,77.362,SUCCESS,2026-03-29 01:57:43
371f8f7426b361f0815d1301b61406670c60357fa7e33c802fa26fd22c7a6557,tp16_hbm4_80t_split4_bw1500_mesh2d_4x4_onering_llama4_gqa_baseline_fwd_block2x2_bs1_sl65536_split4_bw1500,/home/haotian/waferchip/mesh2D/astra_sim_picasso/examples/run_scripts/analytical/congestion_aware/configs/gqa_seq_scaling/tp16_hbm4_80t_split4_bw1500_mesh2d_4x4_onering_llama4_gqa_baseline_fwd_block2x2_bs1_sl65536_split4_bw1500.json,mesh2d,4x4_onering_llama4_gqa_baseline_fwd_block2x2_split4_bw1500,1,65536,16,,,,,80t,split4,bw1500,5042,4547,495,,30.84,75.216,SUCCESS,2026-03-29 01:57:44
fb591f0429ad933c0d0141dda844e16334f12bc90730353f557fccc158584111,tp16_hbm4_80t_split4_bw1500_mesh2d_4x4_onering_llama4_gqa_baseline_fwd_block2x2_bs1_sl8192_split4_bw1500,/home/haotian/waferchip/mesh2D/astra_sim_picasso/examples/run_scripts/analytical/congestion_aware/configs/gqa_seq_scaling/tp16_hbm4_80t_split4_bw1500_mesh2d_4x4_onering_llama4_gqa_baseline_fwd_block2x2_bs1_sl8192_split4_bw1500.json,mesh2d,4x4_onering_llama4_gqa_baseline_fwd_block2x2_split4_bw1500,1,8192,16,,,,,80t,split4,bw1500,1188,693,495,,43.39,61.594,SUCCESS,2026-03-29 01:57:44
d48260c2711cb446908b5279d7d77c2c59760ea0c934695c65905823ef12c2fb,tp16_hbm4_80t_split4_bw1500_mesh2d_4x4_onering_llama4_gqa_hmp_fwd_block2x2_bs1_sl1024_split4_bw1500,/home/haotian/waferchip/mesh2D/astra_sim_picasso/examples/run_scripts/analytical/congestion_aware/configs/gqa_seq_scaling/tp16_hbm4_80t_split4_bw1500_mesh2d_4x4_onering_llama4_gqa_hmp_fwd_block2x2_bs1_sl1024_split4_bw1500.json,mesh2d,4x4_onering_llama4_gqa_hmp_fwd_block2x2_split4_bw1500,1,1024,16,,,,,80t,split4,bw1500,338,338,,,84.882,17.069,SUCCESS,2026-03-29 01:57:44
929687dc3b10a029fa58289096e6fb1c7a2c9c15ee6ce837af29c9fc5dd0b554,tp16_hbm4_80t_split4_bw1500_mesh2d_4x4_onering_llama4_gqa_hmp_fwd_block2x2_bs1_sl1048576_split4_bw1500,/home/haotian/waferchip/mesh2D/astra_sim_picasso/examples/run_scripts/analytical/congestion_aware/configs/gqa_seq_scaling/tp16_hbm4_80t_split4_bw1500_mesh2d_4x4_onering_llama4_gqa_hmp_fwd_block2x2_bs1_sl1048576_split4_bw1500.json,mesh2d,4x4_onering_llama4_gqa_hmp_fwd_block2x2_split4_bw1500,1,1048576,16,,,,,80t,split4,bw1500,70732,70732,,,28.841,77.389,SUCCESS,2026-03-29 01:57:44
6cc015f4027ef1fd4fdec72a8c86fb9f071a0eb00dd26411e2da151759944c3c,tp16_hbm4_80t_split4_bw1500_mesh2d_4x4_onering_llama4_gqa_hmp_fwd_block2x2_bs1_sl131072_split4_bw1500,/home/haotian/waferchip/mesh2D/astra_sim_picasso/examples/run_scripts/analytical/congestion_aware/configs/gqa_seq_scaling/tp16_hbm4_80t_split4_bw1500_mesh2d_4x4_onering_llama4_gqa_hmp_fwd_block2x2_bs1_sl131072_split4_bw1500.json,mesh2d,4x4_onering_llama4_gqa_hmp_fwd_block2x2_split4_bw1500,1,131072,16,,,,,80t,split4,bw1500,9076,9076,,,30.67,75.42,SUCCESS,2026-03-29 01:57:44
08ceb633a4bbc594084c1b34ae8a297658477e56e198c31b207ece93adc0450e,tp16_hbm4_80t_split4_bw1500_mesh2d_4x4_onering_llama4_gqa_hmp_fwd_block2x2_bs1_sl16384_split4_bw1500,/home/haotian/waferchip/mesh2D/astra_sim_picasso/examples/run_scripts/analytical/congestion_aware/configs/gqa_seq_scaling/tp16_hbm4_80t_split4_bw1500_mesh2d_4x4_onering_llama4_gqa_hmp_fwd_block2x2_bs1_sl16384_split4_bw1500.json,mesh2d,4x4_onering_llama4_gqa_hmp_fwd_block2x2_split4_bw1500,1,16384,16,,,,,80t,split4,bw1500,1370,1370,,,42.515,62.673,SUCCESS,2026-03-29 01:57:44
927d283144d6b2263c814d324a1fc08c09a635e8e5caa711e1e2921844081a7b,tp16_hbm4_80t_split4_bw1500_mesh2d_4x4_onering_llama4_gqa_hmp_fwd_block2x2_bs1_sl2048_split4_bw1500,/home/haotian/waferchip/mesh2D/astra_sim_picasso/examples/run_scripts/analytical/congestion_aware/configs/gqa_seq_scaling/tp16_hbm4_80t_split4_bw1500_mesh2d_4x4_onering_llama4_gqa_hmp_fwd_block2x2_bs1_sl2048_split4_bw1500.json,mesh2d,4x4_onering_llama4_gqa_hmp_fwd_block2x2_split4_bw1500,1,2048,16,,,,,80t,split4,bw1500,406,406,,,75.43,27.239,SUCCESS,2026-03-29 01:57:44
7b1a461ec78c963d2e08cee9b30e9c8bcacb247b102fca47b609af4b2da891f0,tp16_hbm4_80t_split4_bw1500_mesh2d_4x4_onering_llama4_gqa_hmp_fwd_block2x2_bs1_sl262144_split4_bw1500,/home/haotian/waferchip/mesh2D/astra_sim_picasso/examples/run_scripts/analytical/congestion_aware/configs/gqa_seq_scaling/tp16_hbm4_80t_split4_bw1500_mesh2d_4x4_onering_llama4_gqa_hmp_fwd_block2x2_bs1_sl262144_split4_bw1500.json,mesh2d,4x4_onering_llama4_gqa_hmp_fwd_block2x2_split4_bw1500,1,262144,16,,,,,80t,split4,bw1500,17884,17884,,,29.641,76.528,SUCCESS,2026-03-29 01:57:45
843ee4c1bbc2b45e8ef03d21989d960ac3335c67c1efe330c25d90e550f53007,tp16_hbm4_80t_split4_bw1500_mesh2d_4x4_onering_llama4_gqa_hmp_fwd_block2x2_bs1_sl32768_split4_bw1500,/home/haotian/waferchip/mesh2D/astra_sim_picasso/examples/run_scripts/analytical/congestion_aware/configs/gqa_seq_scaling/tp16_hbm4_80t_split4_bw1500_mesh2d_4x4_onering_llama4_gqa_hmp_fwd_block2x2_bs1_sl32768_split4_bw1500.json,mesh2d,4x4_onering_llama4_gqa_hmp_fwd_block2x2_split4_bw1500,1,32768,16,,,,,80t,split4,bw1500,2470,2470,,,36.311,69.35,SUCCESS,2026-03-29 01:57:45
b9c046e65b57db45f56061d64c1bacc33773eaf05249f846095f414066d50331,tp16_hbm4_80t_split4_bw1500_mesh2d_4x4_onering_llama4_gqa_hmp_fwd_block2x2_bs1_sl4096_split4_bw1500,/home/haotian/waferchip/mesh2D/astra_sim_picasso/examples/run_scripts/analytical/congestion_aware/configs/gqa_seq_scaling/tp16_hbm4_80t_split4_bw1500_mesh2d_4x4_onering_llama4_gqa_hmp_fwd_block2x2_bs1_sl4096_split4_bw1500.json,mesh2d,4x4_onering_llama4_gqa_hmp_fwd_block2x2_split4_bw1500,1,4096,16,,,,,80t,split4,bw1500,542,542,,,63.628,39.938,SUCCESS,2026-03-29 01:57:45
d054f62e0abe318f59dbf037422342bfeb258ec3a2b600a4ad944ed417363f78,tp16_hbm4_80t_split4_bw1500_mesh2d_4x4_onering_llama4_gqa_hmp_fwd_block2x2_bs1_sl524288_split4_bw1500,/home/haotian/waferchip/mesh2D/astra_sim_picasso/examples/run_scripts/analytical/congestion_aware/configs/gqa_seq_scaling/tp16_hbm4_80t_split4_bw1500_mesh2d_4x4_onering_llama4_gqa_hmp_fwd_block2x2_bs1_sl524288_split4_bw1500.json,mesh2d,4x4_onering_llama4_gqa_hmp_fwd_block2x2_split4_bw1500,1,524288,16,,,,,80t,split4,bw1500,35500,35500,,,29.109,77.1,SUCCESS,2026-03-29 01:57:45
fb3c1c3914aab82fa81d99464dcf0e921cc5a69dda7233b46705bec4cb931c63,tp16_hbm4_80t_split4_bw1500_mesh2d_4x4_onering_llama4_gqa_hmp_fwd_block2x2_bs1_sl65536_split4_bw1500,/home/haotian/waferchip/mesh2D/astra_sim_picasso/examples/run_scripts/analytical/congestion_aware/configs/gqa_seq_scaling/tp16_hbm4_80t_split4_bw1500_mesh2d_4x4_onering_llama4_gqa_hmp_fwd_block2x2_bs1_sl65536_split4_bw1500.json,mesh2d,4x4_onering_llama4_gqa_hmp_fwd_block2x2_split4_bw1500,1,65536,16,,,,,80t,split4,bw1500,4672,4672,,,32.658,73.28,SUCCESS,2026-03-29 01:57:45
27301d1197d6f171ae0b66feaa4294e7911d9ed86938c0cf606d1fa3266f2d59,tp16_hbm4_80t_split4_bw1500_mesh2d_4x4_onering_llama4_gqa_hmp_fwd_block2x2_bs1_sl8192_split4_bw1500,/home/haotian/waferchip/mesh2D/astra_sim_picasso/examples/run_scripts/analytical/congestion_aware/configs/gqa_seq_scaling/tp16_hbm4_80t_split4_bw1500_mesh2d_4x4_onering_llama4_gqa_hmp_fwd_block2x2_bs1_sl8192_split4_bw1500.json,mesh2d,4x4_onering_llama4_gqa_hmp_fwd_block2x2_split4_bw1500,1,8192,16,,,,,80t,split4,bw1500,818,818,,,51.847,52.625,SUCCESS,2026-03-29 01:57:45
12413512c7af08f483e7f2cec52be1fe3abd1898f7a28e9497be453586b99e3c,tp16_hbm4_80t_split4_bw1500_mesh2d_4x4_onering_llama4_gqa_tp16_fwd_block2x2_bs1_sl1024_split4_bw1500,/home/haotian/waferchip/mesh2D/astra_sim_picasso/examples/run_scripts/analytical/congestion_aware/configs/gqa_seq_scaling/tp16_hbm4_80t_split4_bw1500_mesh2d_4x4_onering_llama4_gqa_tp16_fwd_block2x2_bs1_sl1024_split4_bw1500.json,mesh2d,4x4_onering_llama4_gqa_tp16_fwd_block2x2_split4_bw1500,1,1024,16,,,,,80t,split4,bw1500,734,164,570,,69.848,35.333,SUCCESS,2026-03-29 01:57:45
0831f6642673595ee116520dbca31af4e0bdf77376a4593985dbeb79bb6fe6e8,tp16_hbm4_80t_split4_bw1500_mesh2d_4x4_onering_llama4_gqa_tp16_fwd_block2x2_bs1_sl1048576_split4_bw1500,/home/haotian/waferchip/mesh2D/astra_sim_picasso/examples/run_scripts/analytical/congestion_aware/configs/gqa_seq_scaling/tp16_hbm4_80t_split4_bw1500_mesh2d_4x4_onering_llama4_gqa_tp16_fwd_block2x2_bs1_sl1048576_split4_bw1500.json,mesh2d,4x4_onering_llama4_gqa_tp16_fwd_block2x2_split4_bw1500,1,1048576,16,,,,,80t,split4,bw1500,80747,70558,10189,,28.667,82.034,SUCCESS,2026-03-29 01:57:46
2ce4ccbe041f2809868f296e1b19b79dbbc67bce3ecec70f9dfea8b24cb90a05,tp16_hbm4_80t_split4_bw1500_mesh2d_4x4_onering_llama4_gqa_tp16_fwd_block2x2_bs1_sl131072_split4_bw1500,/home/haotian/waferchip/mesh2D/astra_sim_picasso/examples/run_scripts/analytical/congestion_aware/configs/gqa_seq_scaling/tp16_hbm4_80t_split4_bw1500_mesh2d_4x4_onering_llama4_gqa_tp16_fwd_block2x2_bs1_sl131072_split4_bw1500.json,mesh2d,4x4_onering_llama4_gqa_tp16_fwd_block2x2_split4_bw1500,1,131072,16,,,,,80t,split4,bw1500,10547,8902,1645,,29.331,81.279,SUCCESS,2026-03-29 01:57:46
3fded4ec73030a411282f348b18aa0a4a813bf5dcc8fbee23d15967b436d3542,tp16_hbm4_80t_split4_bw1500_mesh2d_4x4_onering_llama4_gqa_tp16_fwd_block2x2_bs1_sl16384_split4_bw1500,/home/haotian/waferchip/mesh2D/astra_sim_picasso/examples/run_scripts/analytical/congestion_aware/configs/gqa_seq_scaling/tp16_hbm4_80t_split4_bw1500_mesh2d_4x4_onering_llama4_gqa_tp16_fwd_block2x2_bs1_sl16384_split4_bw1500.json,mesh2d,4x4_onering_llama4_gqa_tp16_fwd_block2x2_split4_bw1500,1,16384,16,,,,,80t,split4,bw1500,1856,1196,660,,34.284,75.673,SUCCESS,2026-03-29 01:57:47
cec046d9b98b9f7c97fe3e759de65357c26c3f737cbcf6000443a4d25a24c354,tp16_hbm4_80t_split4_bw1500_mesh2d_4x4_onering_llama4_gqa_tp16_fwd_block2x2_bs1_sl2048_split4_bw1500,/home/haotian/waferchip/mesh2D/astra_sim_picasso/examples/run_scripts/analytical/congestion_aware/configs/gqa_seq_scaling/tp16_hbm4_80t_split4_bw1500_mesh2d_4x4_onering_llama4_gqa_tp16_fwd_block2x2_bs1_sl2048_split4_bw1500.json,mesh2d,4x4_onering_llama4_gqa_tp16_fwd_block2x2_split4_bw1500,1,2048,16,,,,,80t,split4,bw1500,802,232,570,,57.725,49.056,SUCCESS,2026-03-29 01:57:47
0fbf9ab8b8d20435c25dbcd57512c136cc610bd031a751a5adbe56507b2681f8,tp16_hbm4_80t_split4_bw1500_mesh2d_4x4_onering_llama4_gqa_tp16_fwd_block2x2_bs1_sl262144_split4_bw1500,/home/haotian/waferchip/mesh2D/astra_sim_picasso/examples/run_scripts/analytical/congestion_aware/configs/gqa_seq_scaling/tp16_hbm4_80t_split4_bw1500_mesh2d_4x4_onering_llama4_gqa_tp16_fwd_block2x2_bs1_sl262144_split4_bw1500.json,mesh2d,4x4_onering_llama4_gqa_tp16_fwd_block2x2_split4_bw1500,1,262144,16,,,,,80t,split4,bw1500,20579,17710,2869,,28.958,81.705,SUCCESS,2026-03-29 01:57:48
d8cefa21044b4de942f4c53bff44b96d4d55cfae8d5f62c7cf590bd62f08e90c,tp16_hbm4_80t_split4_bw1500_mesh2d_4x4_onering_llama4_gqa_tp16_fwd_block2x2_bs1_sl32768_split4_bw1500,/home/haotian/waferchip/mesh2D/astra_sim_picasso/examples/run_scripts/analytical/congestion_aware/configs/gqa_seq_scaling/tp16_hbm4_80t_split4_bw1500_mesh2d_4x4_onering_llama4_gqa_tp16_fwd_block2x2_bs1_sl32768_split4_bw1500.json,mesh2d,4x4_onering_llama4_gqa_tp16_fwd_block2x2_split4_bw1500,1,32768,16,,,,,80t,split4,bw1500,3068,2296,772,,31.552,78.768,SUCCESS,2026-03-29 01:57:48
2eee9a90d040e2cb0df77531e5dfb59636220fa74da65e7c08dab5c57d131706,tp16_hbm4_80t_split4_bw1500_mesh2d_4x4_onering_llama4_gqa_tp16_fwd_block2x2_bs1_sl4096_split4_bw1500,/home/haotian/waferchip/mesh2D/astra_sim_picasso/examples/run_scripts/analytical/congestion_aware/configs/gqa_seq_scaling/tp16_hbm4_80t_split4_bw1500_mesh2d_4x4_onering_llama4_gqa_tp16_fwd_block2x2_bs1_sl4096_split4_bw1500.json,mesh2d,4x4_onering_llama4_gqa_tp16_fwd_block2x2_split4_bw1500,1,4096,16,,,,,80t,split4,bw1500,956,368,588,,46.883,61.328,SUCCESS,2026-03-29 01:57:49
4a4af0d5372e3dd0b566add07b956503ff80410266dcae56b265993f81076ba5,tp16_hbm4_80t_split4_bw1500_mesh2d_4x4_onering_llama4_gqa_tp16_fwd_block2x2_bs1_sl524288_split4_bw1500,/home/haotian/waferchip/mesh2D/astra_sim_picasso/examples/run_scripts/analytical/congestion_aware/configs/gqa_seq_scaling/tp16_hbm4_80t_split4_bw1500_mesh2d_4x4_onering_llama4_gqa_tp16_fwd_block2x2_bs1_sl524288_split4_bw1500.json,mesh2d,4x4_onering_llama4_gqa_tp16_fwd_block2x2_split4_bw1500,1,524288,16,,,,,80t,split4,bw1500,40643,35326,5317,,28.764,81.924,SUCCESS,2026-03-29 01:57:49
765a81aaf9adf27e573b72816b290ab9f86e2a5e2c386ba1b4b0ed5271503059,tp16_hbm4_80t_split4_bw1500_mesh2d_4x4_onering_llama4_gqa_tp16_fwd_block2x2_bs1_sl65536_split4_bw1500,/home/haotian/waferchip/mesh2D/astra_sim_picasso/examples/run_scripts/analytical/congestion_aware/configs/gqa_seq_scaling/tp16_hbm4_80t_split4_bw1500_mesh2d_4x4_onering_llama4_gqa_tp16_fwd_block2x2_bs1_sl65536_split4_bw1500.json,mesh2d,4x4_onering_llama4_gqa_tp16_fwd_block2x2_split4_bw1500,1,65536,16,,,,,80t,split4,bw1500,5543,4498,1045,,30.087,80.425,SUCCESS,2026-03-29 01:57:50
7757ec377e1323646d20e6b9e2841c0be4ba5cb3975682aab50791284f2a8df7,tp16_hbm4_80t_split4_bw1500_mesh2d_4x4_onering_llama4_gqa_tp16_fwd_block2x2_bs1_sl8192_split4_bw1500,/home/haotian/waferchip/mesh2D/astra_sim_picasso/examples/run_scripts/analytical/congestion_aware/configs/gqa_seq_scaling/tp16_hbm4_80t_split4_bw1500_mesh2d_4x4_onering_llama4_gqa_tp16_fwd_block2x2_bs1_sl8192_split4_bw1500.json,mesh2d,4x4_onering_llama4_gqa_tp16_fwd_block2x2_split4_bw1500,1,8192,16,,,,,80t,split4,bw1500,1259,644,615,,39.089,70.202,SUCCESS,2026-03-29 01:57:50
c1702d3a420fce772c693a4e2317664f5daba87107e38b642260164175ec5f4e,tp16_hbm4_80t_split4_bw1500_mesh2d_4x4_onering_qwen_gqa_baseline_fwd_block2x2_bs32_sl1024,/home/haotian/waferchip/mesh2D/astra_sim_picasso/examples/run_scripts/analytical/congestion_aware/configs/gqa_seq_scaling/tp16_hbm4_80t_split4_bw1500_mesh2d_4x4_onering_qwen_gqa_baseline_fwd_block2x2_bs32_sl1024.json,mesh2d,4x4_onering_qwen_gqa_baseline_fwd_block2x2,32,1024,16,,,,,80t,split4,bw1500,6445,5878,567,,86.524,16.087,SUCCESS,2026-03-29 01:57:51
58bfc2fa28e8db4a29007fa4e70b95795b84c3277317eb75338045b9fd467b81,tp16_hbm4_80t_split4_bw1500_mesh2d_4x4_onering_qwen_gqa_baseline_fwd_block2x2_bs32_sl1048576,/home/haotian/waferchip/mesh2D/astra_sim_picasso/examples/run_scripts/analytical/congestion_aware/configs/gqa_seq_scaling/tp16_hbm4_80t_split4_bw1500_mesh2d_4x4_onering_qwen_gqa_baseline_fwd_block2x2_bs32_sl1048576.json,mesh2d,4x4_onering_qwen_gqa_baseline_fwd_block2x2,32,1048576,16,,,,,80t,split4,bw1500,1722753,1722186,567,,53.239,52.999,SUCCESS,2026-03-29 01:57:51
0f394d66147d021eb6078635f6731d461ea481406cd6068bdb3c7eb3da080c1d,tp16_hbm4_80t_split4_bw1500_mesh2d_4x4_onering_qwen_gqa_baseline_fwd_block2x2_bs32_sl16384,/home/haotian/waferchip/mesh2D/astra_sim_picasso/examples/run_scripts/analytical/congestion_aware/configs/gqa_seq_scaling/tp16_hbm4_80t_split4_bw1500_mesh2d_4x4_onering_qwen_gqa_baseline_fwd_block2x2_bs32_sl16384.json,mesh2d,4x4_onering_qwen_gqa_baseline_fwd_block2x2,32,16384,16,,,,,80t,split4,bw1500,31609,31042,567,,59.45,46.111,SUCCESS,2026-03-29 01:57:51
fec5a65c2d405240e238b437636c75d6238879d3f7e0406ff7bbca33d94158e6,tp16_hbm4_80t_split4_bw1500_mesh2d_4x4_onering_qwen_gqa_baseline_fwd_block2x2_bs32_sl262144,/home/haotian/waferchip/mesh2D/astra_sim_picasso/examples/run_scripts/analytical/congestion_aware/configs/gqa_seq_scaling/tp16_hbm4_80t_split4_bw1500_mesh2d_4x4_onering_qwen_gqa_baseline_fwd_block2x2_bs32_sl262144.json,mesh2d,4x4_onering_qwen_gqa_baseline_fwd_block2x2,32,262144,16,,,,,80t,split4,bw1500,434261,433694,567,,53.578,52.623,SUCCESS,2026-03-29 01:57:51
c1dac80aaba931e75644e24c4b0ff37592892c4052a8e0af85a645ee829a599c,tp16_hbm4_80t_split4_bw1500_mesh2d_4x4_onering_qwen_gqa_baseline_fwd_block2x2_bs32_sl4096,/home/haotian/waferchip/mesh2D/astra_sim_picasso/examples/run_scripts/analytical/congestion_aware/configs/gqa_seq_scaling/tp16_hbm4_80t_split4_bw1500_mesh2d_4x4_onering_qwen_gqa_baseline_fwd_block2x2_bs32_sl4096.json,mesh2d,4x4_onering_qwen_gqa_baseline_fwd_block2x2,32,4096,16,,,,,80t,split4,bw1500,11477,10910,567,,71.121,33.168,SUCCESS,2026-03-29 01:57:52
cd06c2b876856a0eddffa42eeb5d23b5f657a76b790b711516b8e1a9ab6000a0,tp16_hbm4_80t_split4_bw1500_mesh2d_4x4_onering_qwen_gqa_baseline_fwd_block2x2_bs32_sl65536,/home/haotian/waferchip/mesh2D/astra_sim_picasso/examples/run_scripts/analytical/congestion_aware/configs/gqa_seq_scaling/tp16_hbm4_80t_split4_bw1500_mesh2d_4x4_onering_qwen_gqa_baseline_fwd_block2x2_bs32_sl65536.json,mesh2d,4x4_onering_qwen_gqa_baseline_fwd_block2x2,32,65536,16,,,,,80t,split4,bw1500,112141,111574,567,,54.885,51.173,SUCCESS,2026-03-29 01:57:52
6a7718fc84399eabab0f208818f93caa6225731d05a6049b9b4634093c5fa1ce,tp16_hbm4_80t_split4_bw1500_mesh2d_4x4_onering_qwen_gqa_baseline_fwd_block2x2_bs64_sl1024,/home/haotian/waferchip/mesh2D/astra_sim_picasso/examples/run_scripts/analytical/congestion_aware/configs/gqa_seq_scaling/tp16_hbm4_80t_split4_bw1500_mesh2d_4x4_onering_qwen_gqa_baseline_fwd_block2x2_bs64_sl1024.json,mesh2d,4x4_onering_qwen_gqa_baseline_fwd_block2x2,64,1024,16,,,,,80t,split4,bw1500,12437,11761,676,,86.521,16.099,SUCCESS,2026-03-29 01:57:52
1a3b4f6ce7522f5bc0b95bf64d8c654345b6a5753caed3c90ece97edea2f99ee,tp16_hbm4_80t_split4_bw1500_mesh2d_4x4_onering_qwen_gqa_baseline_fwd_block2x2_bs64_sl1048576,/home/haotian/waferchip/mesh2D/astra_sim_picasso/examples/run_scripts/analytical/congestion_aware/configs/gqa_seq_scaling/tp16_hbm4_80t_split4_bw1500_mesh2d_4x4_onering_qwen_gqa_baseline_fwd_block2x2_bs64_sl1048576.json,mesh2d,4x4_onering_qwen_gqa_baseline_fwd_block2x2,64,1048576,16,,,,,80t,split4,bw1500,3445053,3444377,676,,53.239,52.999,SUCCESS,2026-03-29 01:57:53
beec9f874a83862ada38d7a45eeda4997260b3ea1a3db306334a5efcedde1bff,tp16_hbm4_80t_split4_bw1500_mesh2d_4x4_onering_qwen_gqa_baseline_fwd_block2x2_bs64_sl16384,/home/haotian/waferchip/mesh2D/astra_sim_picasso/examples/run_scripts/analytical/congestion_aware/configs/gqa_seq_scaling/tp16_hbm4_80t_split4_bw1500_mesh2d_4x4_onering_qwen_gqa_baseline_fwd_block2x2_bs64_sl16384.json,mesh2d,4x4_onering_qwen_gqa_baseline_fwd_block2x2,64,16384,16,,,,,80t,split4,bw1500,62769,62093,676,,59.451,46.111,SUCCESS,2026-03-29 01:57:53
6451c21c32c8ac583b8ed9fbea0fa39a8119b2bccc3bd5db6265cb9ad6cde51c,tp16_hbm4_80t_split4_bw1500_mesh2d_4x4_onering_qwen_gqa_baseline_fwd_block2x2_bs64_sl262144,/home/haotian/waferchip/mesh2D/astra_sim_picasso/examples/run_scripts/analytical/congestion_aware/configs/gqa_seq_scaling/tp16_hbm4_80t_split4_bw1500_mesh2d_4x4_onering_qwen_gqa_baseline_fwd_block2x2_bs64_sl262144.json,mesh2d,4x4_onering_qwen_gqa_baseline_fwd_block2x2,64,262144,16,,,,,80t,split4,bw1500,868073,867397,676,,53.578,52.623,SUCCESS,2026-03-29 01:57:53
7025df6bd9af9c9a838ebed57957ec4c103c1c4c14b10299fa895933e2f4cf91,tp16_hbm4_80t_split4_bw1500_mesh2d_4x4_onering_qwen_gqa_baseline_fwd_block2x2_bs64_sl4096,/home/haotian/waferchip/mesh2D/astra_sim_picasso/examples/run_scripts/analytical/congestion_aware/configs/gqa_seq_scaling/tp16_hbm4_80t_split4_bw1500_mesh2d_4x4_onering_qwen_gqa_baseline_fwd_block2x2_bs64_sl4096.json,mesh2d,4x4_onering_qwen_gqa_baseline_fwd_block2x2,64,4096,16,,,,,80t,split4,bw1500,22501,21825,676,,71.122,33.172,SUCCESS,2026-03-29 01:57:53
9f52f3b933a4aca19a9eb2571f005a9cc2e0c47e52fc85c8abcd13f9a668cd3c,tp16_hbm4_80t_split4_bw1500_mesh2d_4x4_onering_qwen_gqa_baseline_fwd_block2x2_bs64_sl65536,/home/haotian/waferchip/mesh2D/astra_sim_picasso/examples/run_scripts/analytical/congestion_aware/configs/gqa_seq_scaling/tp16_hbm4_80t_split4_bw1500_mesh2d_4x4_onering_qwen_gqa_baseline_fwd_block2x2_bs64_sl65536.json,mesh2d,4x4_onering_qwen_gqa_baseline_fwd_block2x2,64,65536,16,,,,,80t,split4,bw1500,223829,223153,676,,54.885,51.173,SUCCESS,2026-03-29 01:57:54
94ed7ef6f14472da2b9d45b0bf101a08e7ce46baba34f22a003b33eeaad36252,tp16_hbm4_80t_split4_bw1500_mesh2d_4x4_onering_qwen_gqa_baseline_fwd_block2x2_bs8_sl1024,/home/haotian/waferchip/mesh2D/astra_sim_picasso/examples/run_scripts/analytical/congestion_aware/configs/gqa_seq_scaling/tp16_hbm4_80t_split4_bw1500_mesh2d_4x4_onering_qwen_gqa_baseline_fwd_block2x2_bs8_sl1024.json,mesh2d,4x4_onering_qwen_gqa_baseline_fwd_block2x2,8,1024,16,,,,,80t,split4,bw1500,1968,1467,501,,86.521,16.035,SUCCESS,2026-03-29 01:57:54
20ebfe542810004374195655176cbeee01164c54f651ed6c0e27d9c76fb81fb2,tp16_hbm4_80t_split4_bw1500_mesh2d_4x4_onering_qwen_gqa_baseline_fwd_block2x2_bs8_sl1048576,/home/haotian/waferchip/mesh2D/astra_sim_picasso/examples/run_scripts/analytical/congestion_aware/configs/gqa_seq_scaling/tp16_hbm4_80t_split4_bw1500_mesh2d_4x4_onering_qwen_gqa_baseline_fwd_block2x2_bs8_sl1048576.json,mesh2d,4x4_onering_qwen_gqa_baseline_fwd_block2x2,8,1048576,16,,,,,80t,split4,bw1500,431044,430543,501,,53.239,52.999,SUCCESS,2026-03-29 01:57:54
700dcfa4b39c18f8564121fb57956b1ba545f7d7a41c65ecd07ba35002675396,tp16_hbm4_80t_split4_bw1500_mesh2d_4x4_onering_qwen_gqa_baseline_fwd_block2x2_bs8_sl16384,/home/haotian/waferchip/mesh2D/astra_sim_picasso/examples/run_scripts/analytical/congestion_aware/configs/gqa_seq_scaling/tp16_hbm4_80t_split4_bw1500_mesh2d_4x4_onering_qwen_gqa_baseline_fwd_block2x2_bs8_sl16384.json,mesh2d,4x4_onering_qwen_gqa_baseline_fwd_block2x2,8,16384,16,,,,,80t,split4,bw1500,8260,7759,501,,59.443,46.109,SUCCESS,2026-03-29 01:57:55
ee8a05c6625aeb883b2a1ba584bca74de4bad7e2cb69e915326ffd7207e09e93,tp16_hbm4_80t_split4_bw1500_mesh2d_4x4_onering_qwen_gqa_baseline_fwd_block2x2_bs8_sl262144,/home/haotian/waferchip/mesh2D/astra_sim_picasso/examples/run_scripts/analytical/congestion_aware/configs/gqa_seq_scaling/tp16_hbm4_80t_split4_bw1500_mesh2d_4x4_onering_qwen_gqa_baseline_fwd_block2x2_bs8_sl262144.json,mesh2d,4x4_onering_qwen_gqa_baseline_fwd_block2x2,8,262144,16,,,,,80t,split4,bw1500,108920,108419,501,,53.577,52.623,SUCCESS,2026-03-29 01:57:55
94503af3d828272103fd271c40dc255939a64f76bd91b69518eadd1ab82b4b0b,tp16_hbm4_80t_split4_bw1500_mesh2d_4x4_onering_qwen_gqa_baseline_fwd_block2x2_bs8_sl4096,/home/haotian/waferchip/mesh2D/astra_sim_picasso/examples/run_scripts/analytical/congestion_aware/configs/gqa_seq_scaling/tp16_hbm4_80t_split4_bw1500_mesh2d_4x4_onering_qwen_gqa_baseline_fwd_block2x2_bs8_sl4096.json,mesh2d,4x4_onering_qwen_gqa_baseline_fwd_block2x2,8,4096,16,,,,,80t,split4,bw1500,3224,2723,501,,71.122,33.137,SUCCESS,2026-03-29 01:57:55
9f268f216a874147eba4e7cfab4b96171a9fc673cd62103fbb58520b2fa35c94,tp16_hbm4_80t_split4_bw1500_mesh2d_4x4_onering_qwen_gqa_baseline_fwd_block2x2_bs8_sl65536,/home/haotian/waferchip/mesh2D/astra_sim_picasso/examples/run_scripts/analytical/congestion_aware/configs/gqa_seq_scaling/tp16_hbm4_80t_split4_bw1500_mesh2d_4x4_onering_qwen_gqa_baseline_fwd_block2x2_bs8_sl65536.json,mesh2d,4x4_onering_qwen_gqa_baseline_fwd_block2x2,8,65536,16,,,,,80t,split4,bw1500,28392,27891,501,,54.883,51.173,SUCCESS,2026-03-29 01:57:56
2226b642a092e24ae8a02b4df1dc1cb8a2aa17eb0008e951a683a371f01f7422,tp16_hbm4_80t_split4_bw1500_mesh2d_4x4_onering_qwen_gqa_hmp_fwd_block2x2_bs32_sl1024,/home/haotian/waferchip/mesh2D/astra_sim_picasso/examples/run_scripts/analytical/congestion_aware/configs/gqa_seq_scaling/tp16_hbm4_80t_split4_bw1500_mesh2d_4x4_onering_qwen_gqa_hmp_fwd_block2x2_bs32_sl1024.json,mesh2d,4x4_onering_qwen_gqa_hmp_fwd_block2x2,32,1024,16,,,,,80t,split4,bw1500,10963,10963,,,92.418,9.459,SUCCESS,2026-03-29 01:57:56
359cd9129051489c221972e146344c331c1a781986c77f1b4e6f512a11ce8077,tp16_hbm4_80t_split4_bw1500_mesh2d_4x4_onering_qwen_gqa_hmp_fwd_block2x2_bs32_sl1048576,/home/haotian/waferchip/mesh2D/astra_sim_picasso/examples/run_scripts/analytical/congestion_aware/configs/gqa_seq_scaling/tp16_hbm4_80t_split4_bw1500_mesh2d_4x4_onering_qwen_gqa_hmp_fwd_block2x2_bs32_sl1048576.json,mesh2d,4x4_onering_qwen_gqa_hmp_fwd_block2x2,32,1048576,16,,,,,80t,split4,bw1500,1727271,1727271,,,53.374,52.848,SUCCESS,2026-03-29 01:57:56
8f2de64ff983d56d10deaf52f7236854974334b355d69b47ba5c447e0e6e689f,tp16_hbm4_80t_split4_bw1500_mesh2d_4x4_onering_qwen_gqa_hmp_fwd_block2x2_bs32_sl16384,/home/haotian/waferchip/mesh2D/astra_sim_picasso/examples/run_scripts/analytical/congestion_aware/configs/gqa_seq_scaling/tp16_hbm4_80t_split4_bw1500_mesh2d_4x4_onering_qwen_gqa_hmp_fwd_block2x2_bs32_sl16384.json,mesh2d,4x4_onering_qwen_gqa_hmp_fwd_block2x2,32,16384,16,,,,,80t,split4,bw1500,36127,36127,,,65.05,39.873,SUCCESS,2026-03-29 01:57:56
4ea5bff6ab0bc676ec3a537b311ece98a7e099f112c57b6a3cde315f0603d79c,tp16_hbm4_80t_split4_bw1500_mesh2d_4x4_onering_qwen_gqa_hmp_fwd_block2x2_bs32_sl262144,/home/haotian/waferchip/mesh2D/astra_sim_picasso/examples/run_scripts/analytical/congestion_aware/configs/gqa_seq_scaling/tp16_hbm4_80t_split4_bw1500_mesh2d_4x4_onering_qwen_gqa_hmp_fwd_block2x2_bs32_sl262144.json,mesh2d,4x4_onering_qwen_gqa_hmp_fwd_block2x2,32,262144,16,,,,,80t,split4,bw1500,438779,438779,,,54.107,52.034,SUCCESS,2026-03-29 01:57:56
8768408ae8995f7621230b71bae04119a5a75cde4a9bd5222100bfe9895ae784,tp16_hbm4_80t_split4_bw1500_mesh2d_4x4_onering_qwen_gqa_hmp_fwd_block2x2_bs32_sl4096,/home/haotian/waferchip/mesh2D/astra_sim_picasso/examples/run_scripts/analytical/congestion_aware/configs/gqa_seq_scaling/tp16_hbm4_80t_split4_bw1500_mesh2d_4x4_onering_qwen_gqa_hmp_fwd_block2x2_bs32_sl4096.json,mesh2d,4x4_onering_qwen_gqa_hmp_fwd_block2x2,32,4096,16,,,,,80t,split4,bw1500,15995,15995,,,80.058,23.195,SUCCESS,2026-03-29 01:57:56
0300de80cac5136f06e2131b39a8123621baf2b0e293f083c800c93e6f302a61,tp16_hbm4_80t_split4_bw1500_mesh2d_4x4_onering_qwen_gqa_hmp_fwd_block2x2_bs32_sl65536,/home/haotian/waferchip/mesh2D/astra_sim_picasso/examples/run_scripts/analytical/congestion_aware/configs/gqa_seq_scaling/tp16_hbm4_80t_split4_bw1500_mesh2d_4x4_onering_qwen_gqa_hmp_fwd_block2x2_bs32_sl65536.json,mesh2d,4x4_onering_qwen_gqa_hmp_fwd_block2x2,32,65536,16,,,,,80t,split4,bw1500,116659,116659,,,56.818,49.021,SUCCESS,2026-03-29 01:57:56
6b8fc34dff51090f5ce986cbf15c65f4920b7e68a1d3a36128c7e42fc19ae2a7,tp16_hbm4_80t_split4_bw1500_mesh2d_4x4_onering_qwen_gqa_hmp_fwd_block2x2_bs64_sl1024,/home/haotian/waferchip/mesh2D/astra_sim_picasso/examples/run_scripts/analytical/congestion_aware/configs/gqa_seq_scaling/tp16_hbm4_80t_split4_bw1500_mesh2d_4x4_onering_qwen_gqa_hmp_fwd_block2x2_bs64_sl1024.json,mesh2d,4x4_onering_qwen_gqa_hmp_fwd_block2x2,64,1024,16,,,,,80t,split4,bw1500,21931,21931,,,92.416,9.466,SUCCESS,2026-03-29 01:57:56
996a89756a0c624c073951d2270e6720409d51445315df636df0e37e5be331ec,tp16_hbm4_80t_split4_bw1500_mesh2d_4x4_onering_qwen_gqa_hmp_fwd_block2x2_bs64_sl1048576,/home/haotian/waferchip/mesh2D/astra_sim_picasso/examples/run_scripts/analytical/congestion_aware/configs/gqa_seq_scaling/tp16_hbm4_80t_split4_bw1500_mesh2d_4x4_onering_qwen_gqa_hmp_fwd_block2x2_bs64_sl1048576.json,mesh2d,4x4_onering_qwen_gqa_hmp_fwd_block2x2,64,1048576,16,,,,,80t,split4,bw1500,3454547,3454547,,,53.374,52.848,SUCCESS,2026-03-29 01:57:56
e34e373b854f642f86249534f5d042706b17f2a8f8393ddb0a6a8a0c5366410e,tp16_hbm4_80t_split4_bw1500_mesh2d_4x4_onering_qwen_gqa_hmp_fwd_block2x2_bs64_sl16384,/home/haotian/waferchip/mesh2D/astra_sim_picasso/examples/run_scripts/analytical/congestion_aware/configs/gqa_seq_scaling/tp16_hbm4_80t_split4_bw1500_mesh2d_4x4_onering_qwen_gqa_hmp_fwd_block2x2_bs64_sl16384.json,mesh2d,4x4_onering_qwen_gqa_hmp_fwd_block2x2,64,16384,16,,,,,80t,split4,bw1500,72263,72263,,,65.05,39.875,SUCCESS,2026-03-29 01:57:56
61380a1a211f59cad0c087a6e08cafe38c172b1c8a2683959721435cee7d6c0c,tp16_hbm4_80t_split4_bw1500_mesh2d_4x4_onering_qwen_gqa_hmp_fwd_block2x2_bs64_sl262144,/home/haotian/waferchip/mesh2D/astra_sim_picasso/examples/run_scripts/analytical/congestion_aware/configs/gqa_seq_scaling/tp16_hbm4_80t_split4_bw1500_mesh2d_4x4_onering_qwen_gqa_hmp_fwd_block2x2_bs64_sl262144.json,mesh2d,4x4_onering_qwen_gqa_hmp_fwd_block2x2,64,262144,16,,,,,80t,split4,bw1500,877567,877567,,,54.107,52.034,SUCCESS,2026-03-29 01:57:56
75ad888fc1f76846cff42251992a8f0870bad870822e25766fa16b18c752b4d5,tp16_hbm4_80t_split4_bw1500_mesh2d_4x4_onering_qwen_gqa_hmp_fwd_block2x2_bs64_sl4096,/home/haotian/waferchip/mesh2D/astra_sim_picasso/examples/run_scripts/analytical/congestion_aware/configs/gqa_seq_scaling/tp16_hbm4_80t_split4_bw1500_mesh2d_4x4_onering_qwen_gqa_hmp_fwd_block2x2_bs64_sl4096.json,mesh2d,4x4_onering_qwen_gqa_hmp_fwd_block2x2,64,4096,16,,,,,80t,split4,bw1500,31995,31995,,,80.057,23.199,SUCCESS,2026-03-29 01:57:56
a892d77dd5259dd98de894bb37f55bee0e6daf4ea8466750a01747f4b4672796,tp16_hbm4_80t_split4_bw1500_mesh2d_4x4_onering_qwen_gqa_hmp_fwd_block2x2_bs64_sl65536,/home/haotian/waferchip/mesh2D/astra_sim_picasso/examples/run_scripts/analytical/congestion_aware/configs/gqa_seq_scaling/tp16_hbm4_80t_split4_bw1500_mesh2d_4x4_onering_qwen_gqa_hmp_fwd_block2x2_bs64_sl65536.json,mesh2d,4x4_onering_qwen_gqa_hmp_fwd_block2x2,64,65536,16,,,,,80t,split4,bw1500,233323,233323,,,56.818,49.021,SUCCESS,2026-03-29 01:57:56
a8decbeddecfb0b50b9e8ef784603d0cce275da3d0e04c0b9163aea031a15dd2,tp16_hbm4_80t_split4_bw1500_mesh2d_4x4_onering_qwen_gqa_hmp_fwd_block2x2_bs8_sl1024,/home/haotian/waferchip/mesh2D/astra_sim_picasso/examples/run_scripts/analytical/congestion_aware/configs/gqa_seq_scaling/tp16_hbm4_80t_split4_bw1500_mesh2d_4x4_onering_qwen_gqa_hmp_fwd_block2x2_bs8_sl1024.json,mesh2d,4x4_onering_qwen_gqa_hmp_fwd_block2x2,8,1024,16,,,,,80t,split4,bw1500,2738,2738,,,92.42,9.427,SUCCESS,2026-03-29 01:57:56
9ca12b6c1ff2caf6664486cd506f7fe8c696066c581cc78f487106c58e172ce1,tp16_hbm4_80t_split4_bw1500_mesh2d_4x4_onering_qwen_gqa_hmp_fwd_block2x2_bs8_sl1048576,/home/haotian/waferchip/mesh2D/astra_sim_picasso/examples/run_scripts/analytical/congestion_aware/configs/gqa_seq_scaling/tp16_hbm4_80t_split4_bw1500_mesh2d_4x4_onering_qwen_gqa_hmp_fwd_block2x2_bs8_sl1048576.json,mesh2d,4x4_onering_qwen_gqa_hmp_fwd_block2x2,8,1048576,16,,,,,80t,split4,bw1500,431814,431814,,,53.374,52.848,SUCCESS,2026-03-29 01:57:56
1b1e2481c6cabb22c68c5d4a391a10c6776e7757312d85924c2f15e4d6e0c6a4,tp16_hbm4_80t_split4_bw1500_mesh2d_4x4_onering_qwen_gqa_hmp_fwd_block2x2_bs8_sl16384,/home/haotian/waferchip/mesh2D/astra_sim_picasso/examples/run_scripts/analytical/congestion_aware/configs/gqa_seq_scaling/tp16_hbm4_80t_split4_bw1500_mesh2d_4x4_onering_qwen_gqa_hmp_fwd_block2x2_bs8_sl16384.json,mesh2d,4x4_onering_qwen_gqa_hmp_fwd_block2x2,8,16384,16,,,,,80t,split4,bw1500,9030,9030,,,65.043,39.872,SUCCESS,2026-03-29 01:57:56
c87d87349031ae4d346838e0149a0c39510ff598b8f3c5daad9478102378b190,tp16_hbm4_80t_split4_bw1500_mesh2d_4x4_onering_qwen_gqa_hmp_fwd_block2x2_bs8_sl262144,/home/haotian/waferchip/mesh2D/astra_sim_picasso/examples/run_scripts/analytical/congestion_aware/configs/gqa_seq_scaling/tp16_hbm4_80t_split4_bw1500_mesh2d_4x4_onering_qwen_gqa_hmp_fwd_block2x2_bs8_sl262144.json,mesh2d,4x4_onering_qwen_gqa_hmp_fwd_block2x2,8,262144,16,,,,,80t,split4,bw1500,109690,109690,,,54.106,52.034,SUCCESS,2026-03-29 01:57:56
2c335cc72b3aea9c4518e2d3fe6985734a9ec5c9846161b1465de1bb0b98b927,tp16_hbm4_80t_split4_bw1500_mesh2d_4x4_onering_qwen_gqa_hmp_fwd_block2x2_bs8_sl4096,/home/haotian/waferchip/mesh2D/astra_sim_picasso/examples/run_scripts/analytical/congestion_aware/configs/gqa_seq_scaling/tp16_hbm4_80t_split4_bw1500_mesh2d_4x4_onering_qwen_gqa_hmp_fwd_block2x2_bs8_sl4096.json,mesh2d,4x4_onering_qwen_gqa_hmp_fwd_block2x2,8,4096,16,,,,,80t,split4,bw1500,3994,3994,,,80.066,23.166,SUCCESS,2026-03-29 01:57:56
d1e14df1f632d21611a9592c64a878348d30e6799728b52dbe2d98e40feb6b96,tp16_hbm4_80t_split4_bw1500_mesh2d_4x4_onering_qwen_gqa_hmp_fwd_block2x2_bs8_sl65536,/home/haotian/waferchip/mesh2D/astra_sim_picasso/examples/run_scripts/analytical/congestion_aware/configs/gqa_seq_scaling/tp16_hbm4_80t_split4_bw1500_mesh2d_4x4_onering_qwen_gqa_hmp_fwd_block2x2_bs8_sl65536.json,mesh2d,4x4_onering_qwen_gqa_hmp_fwd_block2x2,8,65536,16,,,,,80t,split4,bw1500,29162,29162,,,56.816,49.021,SUCCESS,2026-03-29 01:57:56
8f6d9c19a1d775125e3a414012241bab57ef324a88746ade02975b25b769094a,tp16_hbm4_80t_split4_bw1500_mesh2d_4x4_onering_qwen_gqa_tp16_fwd_block2x2_bs32_sl1024,/home/haotian/waferchip/mesh2D/astra_sim_picasso/examples/run_scripts/analytical/congestion_aware/configs/gqa_seq_scaling/tp16_hbm4_80t_split4_bw1500_mesh2d_4x4_onering_qwen_gqa_tp16_fwd_block2x2_bs32_sl1024.json,mesh2d,4x4_onering_qwen_gqa_tp16_fwd_block2x2,32,1024,16,,,,,80t,split4,bw1500,6350,5239,1111,,84.988,21.256,SUCCESS,2026-03-29 01:57:57
6cb73150b092b67929038049ba47455fda11c8b651ed315168db97246bbb5a04,tp16_hbm4_80t_split4_bw1500_mesh2d_4x4_onering_qwen_gqa_tp16_fwd_block2x2_bs32_sl1048576,/home/haotian/waferchip/mesh2D/astra_sim_picasso/examples/run_scripts/analytical/congestion_aware/configs/gqa_seq_scaling/tp16_hbm4_80t_split4_bw1500_mesh2d_4x4_onering_qwen_gqa_tp16_fwd_block2x2_bs32_sl1048576.json,mesh2d,4x4_onering_qwen_gqa_tp16_fwd_block2x2,32,1048576,16,,,,,80t,split4,bw1500,2222158,1721547,500611,,53.222,62.374,SUCCESS,2026-03-29 01:57:57
fcf57753351a0f0b30daccb946989f370f77292d00cb44131044582859be17e7,tp16_hbm4_80t_split4_bw1500_mesh2d_4x4_onering_qwen_gqa_tp16_fwd_block2x2_bs32_sl16384,/home/haotian/waferchip/mesh2D/astra_sim_picasso/examples/run_scripts/analytical/congestion_aware/configs/gqa_seq_scaling/tp16_hbm4_80t_split4_bw1500_mesh2d_4x4_onering_qwen_gqa_tp16_fwd_block2x2_bs32_sl16384.json,mesh2d,4x4_onering_qwen_gqa_tp16_fwd_block2x2,32,16384,16,,,,,80t,split4,bw1500,38822,30403,8419,,58.616,55.392,SUCCESS,2026-03-29 01:57:57
f60f189f0ad3f4200f345aee6319e3ef31148f11d7ba7e8954f565a377605945,tp16_hbm4_80t_split4_bw1500_mesh2d_4x4_onering_qwen_gqa_tp16_fwd_block2x2_bs32_sl262144,/home/haotian/waferchip/mesh2D/astra_sim_picasso/examples/run_scripts/analytical/congestion_aware/configs/gqa_seq_scaling/tp16_hbm4_80t_split4_bw1500_mesh2d_4x4_onering_qwen_gqa_tp16_fwd_block2x2_bs32_sl262144.json,mesh2d,4x4_onering_qwen_gqa_tp16_fwd_block2x2,32,262144,16,,,,,80t,split4,bw1500,558670,433059,125611,,53.511,62.001,SUCCESS,2026-03-29 01:57:58
edde12fc81c3979de73fbcb0aadf7afe23d1c6e9089e0a518de24f999e38e06d,tp16_hbm4_80t_split4_bw1500_mesh2d_4x4_onering_qwen_gqa_tp16_fwd_block2x2_bs32_sl4096,/home/haotian/waferchip/mesh2D/astra_sim_picasso/examples/run_scripts/analytical/congestion_aware/configs/gqa_seq_scaling/tp16_hbm4_80t_split4_bw1500_mesh2d_4x4_onering_qwen_gqa_tp16_fwd_block2x2_bs32_sl4096.json,mesh2d,4x4_onering_qwen_gqa_tp16_fwd_block2x2,32,4096,16,,,,,80t,split4,bw1500,12834,10271,2563,,69.379,41.461,SUCCESS,2026-03-29 01:57:58
4db8528142009409d41668d03059fbc5535f6a0880b61296a0553d8d88b04085,tp16_hbm4_80t_split4_bw1500_mesh2d_4x4_onering_qwen_gqa_tp16_fwd_block2x2_bs32_sl65536,/home/haotian/waferchip/mesh2D/astra_sim_picasso/examples/run_scripts/analytical/congestion_aware/configs/gqa_seq_scaling/tp16_hbm4_80t_split4_bw1500_mesh2d_4x4_onering_qwen_gqa_tp16_fwd_block2x2_bs32_sl65536.json,mesh2d,4x4_onering_qwen_gqa_tp16_fwd_block2x2,32,65536,16,,,,,80t,split4,bw1500,142802,110935,31867,,54.63,60.552,SUCCESS,2026-03-29 01:57:58
698141ad52aecb2b821f65c38c5775e39b8612030f25e3f5721c2313e5d1367b,tp16_hbm4_80t_split4_bw1500_mesh2d_4x4_onering_qwen_gqa_tp16_fwd_block2x2_bs64_sl1024,/home/haotian/waferchip/mesh2D/astra_sim_picasso/examples/run_scripts/analytical/congestion_aware/configs/gqa_seq_scaling/tp16_hbm4_80t_split4_bw1500_mesh2d_4x4_onering_qwen_gqa_tp16_fwd_block2x2_bs64_sl1024.json,mesh2d,4x4_onering_qwen_gqa_tp16_fwd_block2x2,64,1024,16,,,,,80t,split4,bw1500,12344,10481,1863,,85.0,21.252,SUCCESS,2026-03-29 01:57:59
1400dfd02220837e16232e3172e707211654d34574976a820a758018e521dced,tp16_hbm4_80t_split4_bw1500_mesh2d_4x4_onering_qwen_gqa_tp16_fwd_block2x2_bs64_sl1048576,/home/haotian/waferchip/mesh2D/astra_sim_picasso/examples/run_scripts/analytical/congestion_aware/configs/gqa_seq_scaling/tp16_hbm4_80t_split4_bw1500_mesh2d_4x4_onering_qwen_gqa_tp16_fwd_block2x2_bs64_sl1048576.json,mesh2d,4x4_onering_qwen_gqa_tp16_fwd_block2x2,64,1048576,16,,,,,80t,split4,bw1500,4443988,3443101,1000887,,53.222,62.374,SUCCESS,2026-03-29 01:57:59
a68041bd13f3901cb03520a0507a8274d88b68fc3abf3268fbb09d2522f26398,tp16_hbm4_80t_split4_bw1500_mesh2d_4x4_onering_qwen_gqa_tp16_fwd_block2x2_bs64_sl16384,/home/haotian/waferchip/mesh2D/astra_sim_picasso/examples/run_scripts/analytical/congestion_aware/configs/gqa_seq_scaling/tp16_hbm4_80t_split4_bw1500_mesh2d_4x4_onering_qwen_gqa_tp16_fwd_block2x2_bs64_sl16384.json,mesh2d,4x4_onering_qwen_gqa_tp16_fwd_block2x2,64,16384,16,,,,,80t,split4,bw1500,77340,60813,16527,,58.619,55.391,SUCCESS,2026-03-29 01:57:59
368fbfe53b3b98aee463a6ea000e3340a88823b959134a067d41d2a061c83e29,tp16_hbm4_80t_split4_bw1500_mesh2d_4x4_onering_qwen_gqa_tp16_fwd_block2x2_bs64_sl262144,/home/haotian/waferchip/mesh2D/astra_sim_picasso/examples/run_scripts/analytical/congestion_aware/configs/gqa_seq_scaling/tp16_hbm4_80t_split4_bw1500_mesh2d_4x4_onering_qwen_gqa_tp16_fwd_block2x2_bs64_sl262144.json,mesh2d,4x4_onering_qwen_gqa_tp16_fwd_block2x2,64,262144,16,,,,,80t,split4,bw1500,1117008,866121,250887,,53.511,62.001,SUCCESS,2026-03-29 01:58:00
0ec34ac4e1f2b42b9cb44fb99cbcf89716d33b113d99f60f24ee6175e662ce99,tp16_hbm4_80t_split4_bw1500_mesh2d_4x4_onering_qwen_gqa_tp16_fwd_block2x2_bs64_sl4096,/home/haotian/waferchip/mesh2D/astra_sim_picasso/examples/run_scripts/analytical/congestion_aware/configs/gqa_seq_scaling/tp16_hbm4_80t_split4_bw1500_mesh2d_4x4_onering_qwen_gqa_tp16_fwd_block2x2_bs64_sl4096.json,mesh2d,4x4_onering_qwen_gqa_tp16_fwd_block2x2,64,4096,16,,,,,80t,split4,bw1500,25340,20549,4791,,69.384,41.461,SUCCESS,2026-03-29 01:58:00
8ff79e052fbecf1830b126c9e57ab8e0ec648ef44501afa1fd0b818e2e054513,tp16_hbm4_80t_split4_bw1500_mesh2d_4x4_onering_qwen_gqa_tp16_fwd_block2x2_bs64_sl65536,/home/haotian/waferchip/mesh2D/astra_sim_picasso/examples/run_scripts/analytical/congestion_aware/configs/gqa_seq_scaling/tp16_hbm4_80t_split4_bw1500_mesh2d_4x4_onering_qwen_gqa_tp16_fwd_block2x2_bs64_sl65536.json,mesh2d,4x4_onering_qwen_gqa_tp16_fwd_block2x2,64,65536,16,,,,,80t,split4,bw1500,285276,221877,63399,,54.631,60.551,SUCCESS,2026-03-29 01:58:01
b61a23bed90c959800189f0cc97d10561ac33c7eeff7d8352cc36d802e92a401,tp16_hbm4_80t_split4_bw1500_mesh2d_4x4_onering_qwen_gqa_tp16_fwd_block2x2_bs8_sl1024,/home/haotian/waferchip/mesh2D/astra_sim_picasso/examples/run_scripts/analytical/congestion_aware/configs/gqa_seq_scaling/tp16_hbm4_80t_split4_bw1500_mesh2d_4x4_onering_qwen_gqa_tp16_fwd_block2x2_bs8_sl1024.json,mesh2d,4x4_onering_qwen_gqa_tp16_fwd_block2x2,8,1024,16,,,,,80t,split4,bw1500,1972,1306,666,,85.004,21.16,SUCCESS,2026-03-29 01:58:01
1641c2ba9c9875ffaded47fd0b9bc7f3f3603c8d403841fda0f17126fc3da3e1,tp16_hbm4_80t_split4_bw1500_mesh2d_4x4_onering_qwen_gqa_tp16_fwd_block2x2_bs8_sl1048576,/home/haotian/waferchip/mesh2D/astra_sim_picasso/examples/run_scripts/analytical/congestion_aware/configs/gqa_seq_scaling/tp16_hbm4_80t_split4_bw1500_mesh2d_4x4_onering_qwen_gqa_tp16_fwd_block2x2_bs8_sl1048576.json,mesh2d,4x4_onering_qwen_gqa_tp16_fwd_block2x2,8,1048576,16,,,,,80t,split4,bw1500,555847,430386,125461,,53.222,62.374,SUCCESS,2026-03-29 01:58:01
6de5f6ea3bf2f7949be5083395c11c1752477db15723253a22f6f1efe12f338a,tp16_hbm4_80t_split4_bw1500_mesh2d_4x4_onering_qwen_gqa_tp16_fwd_block2x2_bs8_sl16384,/home/haotian/waferchip/mesh2D/astra_sim_picasso/examples/run_scripts/analytical/congestion_aware/configs/gqa_seq_scaling/tp16_hbm4_80t_split4_bw1500_mesh2d_4x4_onering_qwen_gqa_tp16_fwd_block2x2_bs8_sl16384.json,mesh2d,4x4_onering_qwen_gqa_tp16_fwd_block2x2,8,16384,16,,,,,80t,split4,bw1500,10011,7598,2413,,58.608,55.39,SUCCESS,2026-03-29 01:58:02
83d1e209dafa4445ab9866677496e12b9b3f1b24e3edf052525f7d1e1354b32d,tp16_hbm4_80t_split4_bw1500_mesh2d_4x4_onering_qwen_gqa_tp16_fwd_block2x2_bs8_sl262144,/home/haotian/waferchip/mesh2D/astra_sim_picasso/examples/run_scripts/analytical/congestion_aware/configs/gqa_seq_scaling/tp16_hbm4_80t_split4_bw1500_mesh2d_4x4_onering_qwen_gqa_tp16_fwd_block2x2_bs8_sl262144.json,mesh2d,4x4_onering_qwen_gqa_tp16_fwd_block2x2,8,262144,16,,,,,80t,split4,bw1500,139979,108262,31717,,53.51,62.001,SUCCESS,2026-03-29 01:58:02
75680b29a65dd4a3290d642946e33d3b80fe0f54f2b270c2810415ed0610d524,tp16_hbm4_80t_split4_bw1500_mesh2d_4x4_onering_qwen_gqa_tp16_fwd_block2x2_bs8_sl4096,/home/haotian/waferchip/mesh2D/astra_sim_picasso/examples/run_scripts/analytical/congestion_aware/configs/gqa_seq_scaling/tp16_hbm4_80t_split4_bw1500_mesh2d_4x4_onering_qwen_gqa_tp16_fwd_block2x2_bs8_sl4096.json,mesh2d,4x4_onering_qwen_gqa_tp16_fwd_block2x2,8,4096,16,,,,,80t,split4,bw1500,3527,2566,961,,69.356,41.452,SUCCESS,2026-03-29 01:58:02
2ba647ba523ef95674ac9d6c134d782faf4eaabfddc7da93c27625f4385cf187,tp16_hbm4_80t_split4_bw1500_mesh2d_4x4_onering_qwen_gqa_tp16_fwd_block2x2_bs8_sl65536,/home/haotian/waferchip/mesh2D/astra_sim_picasso/examples/run_scripts/analytical/congestion_aware/configs/gqa_seq_scaling/tp16_hbm4_80t_split4_bw1500_mesh2d_4x4_onering_qwen_gqa_tp16_fwd_block2x2_bs8_sl65536.json,mesh2d,4x4_onering_qwen_gqa_tp16_fwd_block2x2,8,65536,16,,,,,80t,split4,bw1500,35999,27730,8269,,54.627,60.552,SUCCESS,2026-03-29 01:58:03
d6a0763382f8933898993cd8ac30214563ad486dbb86a672d87a69f3e28db013,tp16_hbm4_mesh2d_4x4_onering_qwen_gqa_baseline_fwd_block2x2_bs64_sl1024,/home/haotian/waferchip/mesh2D/astra_sim_picasso/examples/run_scripts/analytical/congestion_aware/configs/gqa_seq_scaling/tp16_hbm4_mesh2d_4x4_onering_qwen_gqa_baseline_fwd_block2x2_bs64_sl1024.json,qwen,gqa_baseline_fwd_block2x2,64,1024,16,,,,,mesh2d,4x4,onering,40098,21833,18265,,93.223,8.672,SUCCESS,2026-03-29 01:58:04
036aeb1c1d9b4b5f37bdbcb88ffbf034118bad8c8a7ac3a0961c3b894bc3b04c,tp16_hbm4_mesh2d_4x4_onering_qwen_gqa_baseline_fwd_block2x2_bs64_sl16384,/home/haotian/waferchip/mesh2D/astra_sim_picasso/examples/run_scripts/analytical/congestion_aware/configs/gqa_seq_scaling/tp16_hbm4_mesh2d_4x4_onering_qwen_gqa_baseline_fwd_block2x2_bs64_sl16384.json,qwen,gqa_baseline_fwd_block2x2,64,16384,16,,,,,mesh2d,4x4,onering,115596,97331,18265,,75.856,29.417,SUCCESS,2026-03-29 01:58:06
2b33c3d6dfc0caca6d62228d99dc5860cefe211d18ccf357f122d42a7f9c910a,tp16_hbm4_mesh2d_4x4_onering_qwen_gqa_baseline_fwd_block2x2_bs64_sl2048,/home/haotian/waferchip/mesh2D/astra_sim_picasso/examples/run_scripts/analytical/congestion_aware/configs/gqa_seq_scaling/tp16_hbm4_mesh2d_4x4_onering_qwen_gqa_baseline_fwd_block2x2_bs64_sl2048.json,qwen,gqa_baseline_fwd_block2x2,64,2048,16,,,,,mesh2d,4x4,onering,45128,26863,18265,,89.033,13.678,SUCCESS,2026-03-29 01:58:07
5fb8363e761397e495b96e7dacbbf2aa4942682de129b1c92e891d4e1c6db363,tp16_hbm4_mesh2d_4x4_onering_qwen_gqa_baseline_fwd_block2x2_bs64_sl32768,/home/haotian/waferchip/mesh2D/astra_sim_picasso/examples/run_scripts/analytical/congestion_aware/configs/gqa_seq_scaling/tp16_hbm4_mesh2d_4x4_onering_qwen_gqa_baseline_fwd_block2x2_bs64_sl32768.json,qwen,gqa_baseline_fwd_block2x2,64,32768,16,,,,,mesh2d,4x4,onering,196124,177859,18265,,73.582,32.133,SUCCESS,2026-03-29 01:58:09
ce5699dd75d699fbdef68796f5561169a337697fb838dddda3d8d858b07f9cb7,tp16_hbm4_mesh2d_4x4_onering_qwen_gqa_baseline_fwd_block2x2_bs64_sl4096,/home/haotian/waferchip/mesh2D/astra_sim_picasso/examples/run_scripts/analytical/congestion_aware/configs/gqa_seq_scaling/tp16_hbm4_mesh2d_4x4_onering_qwen_gqa_baseline_fwd_block2x2_bs64_sl4096.json,qwen,gqa_baseline_fwd_block2x2,64,4096,16,,,,,mesh2d,4x4,onering,55196,36931,18265,,84.071,19.604,SUCCESS,2026-03-29 01:58:10
a1862be90727399c9de6da0ae0b9a87b97a315233240bebb7ff92470775dc082,tp16_hbm4_mesh2d_4x4_onering_qwen_gqa_baseline_fwd_block2x2_bs64_sl65536,/home/haotian/waferchip/mesh2D/astra_sim_picasso/examples/run_scripts/analytical/congestion_aware/configs/gqa_seq_scaling/tp16_hbm4_mesh2d_4x4_onering_qwen_gqa_baseline_fwd_block2x2_bs64_sl65536.json,qwen,gqa_baseline_fwd_block2x2,64,65536,16,,,,,mesh2d,4x4,onering,357186,338921,18265,,72.276,33.694,SUCCESS,2026-03-29 01:58:12
ebd066c19cf12fa7f59ae53f0c865961ecfbe34d055df117e91301b7ad20f65f,tp16_hbm4_mesh2d_4x4_onering_qwen_gqa_baseline_fwd_block2x2_bs64_sl8192,/home/haotian/waferchip/mesh2D/astra_sim_picasso/examples/run_scripts/analytical/congestion_aware/configs/gqa_seq_scaling/tp16_hbm4_mesh2d_4x4_onering_qwen_gqa_baseline_fwd_block2x2_bs64_sl8192.json,qwen,gqa_baseline_fwd_block2x2,64,8192,16,,,,,mesh2d,4x4,onering,75330,57065,18265,,79.4,25.184,SUCCESS,2026-03-29 01:58:14
a6fba6d5e490f1cc9f7db6a78751840c4f65516e33cd5c56c778fcfd00574422,tp16_hbm4_mesh2d_4x4_onering_qwen_gqa_baseline_fwd_bs64_sl16384,/home/haotian/waferchip/mesh2D/astra_sim_picasso/examples/run_scripts/analytical/congestion_aware/configs/gqa_seq_scaling/tp16_hbm4_mesh2d_4x4_onering_qwen_gqa_baseline_fwd_bs64_sl16384.json,qwen,gqa_baseline_fwd,64,16384,16,,,,,mesh2d,4x4,onering,116808,97331,19477,,75.856,29.417,SUCCESS,2026-03-29 01:58:15
2c72b2e87a547aacd3d8ca281fefeb135f2c3d8ab76e2c527f0011c09c976ad4,tp16_hbm4_mesh2d_4x4_onering_qwen_gqa_baseline_fwd_bs64_sl32768,/home/haotian/waferchip/mesh2D/astra_sim_picasso/examples/run_scripts/analytical/congestion_aware/configs/gqa_seq_scaling/tp16_hbm4_mesh2d_4x4_onering_qwen_gqa_baseline_fwd_bs64_sl32768.json,qwen,gqa_baseline_fwd,64,32768,16,,,,,mesh2d,4x4,onering,197336,177859,19477,,73.582,32.133,SUCCESS,2026-03-29 01:58:17
7f66b35437c3e70db1cc33b1c7dd0d6c82c013d156a53de6c113a6537756774c,tp16_hbm4_mesh2d_4x4_onering_qwen_gqa_hmp_fwd_block2x2_bs64_sl1024,/home/haotian/waferchip/mesh2D/astra_sim_picasso/examples/run_scripts/analytical/congestion_aware/configs/gqa_seq_scaling/tp16_hbm4_mesh2d_4x4_onering_qwen_gqa_hmp_fwd_block2x2_bs64_sl1024.json,qwen,gqa_hmp_fwd_block2x2,64,1024,16,,,,,mesh2d,4x4,onering,42070,42070,,,96.359,4.935,SUCCESS,2026-03-29 01:58:17
fe6b0fad12d310e09a1d02384e34a31353af5544aad8d96237bb8f93212b827e,tp16_hbm4_mesh2d_4x4_onering_qwen_gqa_hmp_fwd_block2x2_bs64_sl16384,/home/haotian/waferchip/mesh2D/astra_sim_picasso/examples/run_scripts/analytical/congestion_aware/configs/gqa_seq_scaling/tp16_hbm4_mesh2d_4x4_onering_qwen_gqa_hmp_fwd_block2x2_bs64_sl16384.json,qwen,gqa_hmp_fwd_block2x2,64,16384,16,,,,,mesh2d,4x4,onering,117568,117568,,,79.968,24.509,SUCCESS,2026-03-29 01:58:17
e6c2af9d85060625649454924a76f83ee9a8e26c24713c96cad233e95272eddb,tp16_hbm4_mesh2d_4x4_onering_qwen_gqa_hmp_fwd_block2x2_bs64_sl2048,/home/haotian/waferchip/mesh2D/astra_sim_picasso/examples/run_scripts/analytical/congestion_aware/configs/gqa_seq_scaling/tp16_hbm4_mesh2d_4x4_onering_qwen_gqa_hmp_fwd_block2x2_bs64_sl2048.json,qwen,gqa_hmp_fwd_block2x2,64,2048,16,,,,,mesh2d,4x4,onering,47100,47100,,,93.634,8.189,SUCCESS,2026-03-29 01:58:17
f597288a8b586e4a1ea0845f4c582307535394ccdf3515034157cf4deecaa56d,tp16_hbm4_mesh2d_4x4_onering_qwen_gqa_hmp_fwd_block2x2_bs64_sl32768,/home/haotian/waferchip/mesh2D/astra_sim_picasso/examples/run_scripts/analytical/congestion_aware/configs/gqa_seq_scaling/tp16_hbm4_mesh2d_4x4_onering_qwen_gqa_hmp_fwd_block2x2_bs64_sl32768.json,qwen,gqa_hmp_fwd_block2x2,64,32768,16,,,,,mesh2d,4x4,onering,198096,198096,,,76.255,28.943,SUCCESS,2026-03-29 01:58:17
b41cc6b3256d461e89aff5753f2afa16e6a47a3291c9f4d212642475b1e3b8b0,tp16_hbm4_mesh2d_4x4_onering_qwen_gqa_hmp_fwd_block2x2_bs64_sl4096,/home/haotian/waferchip/mesh2D/astra_sim_picasso/examples/run_scripts/analytical/congestion_aware/configs/gqa_seq_scaling/tp16_hbm4_mesh2d_4x4_onering_qwen_gqa_hmp_fwd_block2x2_bs64_sl4096.json,qwen,gqa_hmp_fwd_block2x2,64,4096,16,,,,,mesh2d,4x4,onering,57168,57168,,,89.619,12.984,SUCCESS,2026-03-29 01:58:17
656a866d58b152948e8ad18fb2c3781affee11be2eef4dc00a9274103afd260c,tp16_hbm4_mesh2d_4x4_onering_qwen_gqa_hmp_fwd_block2x2_bs64_sl65536,/home/haotian/waferchip/mesh2D/astra_sim_picasso/examples/run_scripts/analytical/congestion_aware/configs/gqa_seq_scaling/tp16_hbm4_mesh2d_4x4_onering_qwen_gqa_hmp_fwd_block2x2_bs64_sl65536.json,qwen,gqa_hmp_fwd_block2x2,64,65536,16,,,,,mesh2d,4x4,onering,359158,359158,,,73.823,31.846,SUCCESS,2026-03-29 01:58:17
31768a1c2d5985a05eed8fbafcb96bef8319834c57735565cdf188b4fd4b40b8,tp16_hbm4_mesh2d_4x4_onering_qwen_gqa_hmp_fwd_block2x2_bs64_sl8192,/home/haotian/waferchip/mesh2D/astra_sim_picasso/examples/run_scripts/analytical/congestion_aware/configs/gqa_seq_scaling/tp16_hbm4_mesh2d_4x4_onering_qwen_gqa_hmp_fwd_block2x2_bs64_sl8192.json,qwen,gqa_hmp_fwd_block2x2,64,8192,16,,,,,mesh2d,4x4,onering,77302,77302,,,84.725,18.827,SUCCESS,2026-03-29 01:58:17
37c1ecbf8355a0ad9cd6a6fe5937df753ca3d0bafbac1ae06119eb29b1f05492,tp16_hbm4_mesh2d_4x4_onering_qwen_gqa_hmp_fwd_bs64_sl16384,/home/haotian/waferchip/mesh2D/astra_sim_picasso/examples/run_scripts/analytical/congestion_aware/configs/gqa_seq_scaling/tp16_hbm4_mesh2d_4x4_onering_qwen_gqa_hmp_fwd_bs64_sl16384.json,qwen,gqa_hmp_fwd,64,16384,16,,,,,mesh2d,4x4,onering,117568,117568,,,79.968,24.509,SUCCESS,2026-03-29 01:58:17
00a9af9c5afe4ec688c7ac9a54be3d8e8dd37956d636f4da63b88e8d7d48f86a,tp16_hbm4_mesh2d_4x4_onering_qwen_gqa_hmp_fwd_bs64_sl32768,/home/haotian/waferchip/mesh2D/astra_sim_picasso/examples/run_scripts/analytical/congestion_aware/configs/gqa_seq_scaling/tp16_hbm4_mesh2d_4x4_onering_qwen_gqa_hmp_fwd_bs64_sl32768.json,qwen,gqa_hmp_fwd,64,32768,16,,,,,mesh2d,4x4,onering,198096,198096,,,76.255,28.943,SUCCESS,2026-03-29 01:58:17
7486b3b291408135cb30e634381fa41dfdce0c3c768dab81ea4a391499cb382a,tp16_hbm4_mesh2d_4x4_onering_qwen_gqa_tp16_fwd_bs64_sl1024,/home/haotian/waferchip/mesh2D/astra_sim_picasso/examples/run_scripts/analytical/congestion_aware/configs/gqa_seq_scaling/tp16_hbm4_mesh2d_4x4_onering_qwen_gqa_tp16_fwd_bs64_sl1024.json,qwen,gqa_tp16_fwd,64,1024,16,,,,,mesh2d,4x4,onering,43801,19288,24513,,92.392,11.55,SUCCESS,2026-03-29 01:58:19
09937efd2591d18a0bc77ca91431e9c88da85e3d8b588b489e528a91b8704d57,tp16_hbm4_mesh2d_4x4_onering_qwen_gqa_tp16_fwd_bs64_sl16384,/home/haotian/waferchip/mesh2D/astra_sim_picasso/examples/run_scripts/analytical/congestion_aware/configs/gqa_seq_scaling/tp16_hbm4_mesh2d_4x4_onering_qwen_gqa_tp16_fwd_bs64_sl16384.json,qwen,gqa_tp16_fwd,64,16384,16,,,,,mesh2d,4x4,onering,134786,94786,40000,,75.22,35.538,SUCCESS,2026-03-29 01:58:21
0959ec13256dd6419f14f05bfead1c57353d9982dcff0e61cb0564853be31d52,tp16_hbm4_mesh2d_4x4_onering_qwen_gqa_tp16_fwd_bs64_sl2048,/home/haotian/waferchip/mesh2D/astra_sim_picasso/examples/run_scripts/analytical/congestion_aware/configs/gqa_seq_scaling/tp16_hbm4_mesh2d_4x4_onering_qwen_gqa_tp16_fwd_bs64_sl2048.json,qwen,gqa_tp16_fwd,64,2048,16,,,,,mesh2d,4x4,onering,49923,24322,25601,,87.93,17.783,SUCCESS,2026-03-29 01:58:23
23dce48afb961b7a977eb02c9212ff3d00991c4e321d25e2a81fcf4f198cd6b6,tp16_hbm4_mesh2d_4x4_onering_qwen_gqa_tp16_fwd_bs64_sl32768,/home/haotian/waferchip/mesh2D/astra_sim_picasso/examples/run_scripts/analytical/congestion_aware/configs/gqa_seq_scaling/tp16_hbm4_mesh2d_4x4_onering_qwen_gqa_tp16_fwd_bs64_sl32768.json,qwen,gqa_tp16_fwd,64,32768,16,,,,,mesh2d,4x4,onering,232150,175318,56832,,73.205,38.353,SUCCESS,2026-03-29 01:58:25
f28628bda6b33d8e0687d6447e5a9163f0cb135d9e1b560c2fc2eefc786ae1e1,tp16_hbm4_mesh2d_4x4_onering_qwen_gqa_tp16_fwd_bs64_sl4096,/home/haotian/waferchip/mesh2D/astra_sim_picasso/examples/run_scripts/analytical/congestion_aware/configs/gqa_seq_scaling/tp16_hbm4_mesh2d_4x4_onering_qwen_gqa_tp16_fwd_bs64_sl4096.json,qwen,gqa_tp16_fwd,64,4096,16,,,,,mesh2d,4x4,onering,62020,34388,27632,,82.924,24.776,SUCCESS,2026-03-29 01:58:27
d7ef4a0654998aa5d3257ac90ff9dea9cd31da8fbc1791647e50a75924916935,tp16_hbm4_mesh2d_4x4_onering_qwen_gqa_tp16_fwd_bs64_sl65536,/home/haotian/waferchip/mesh2D/astra_sim_picasso/examples/run_scripts/analytical/congestion_aware/configs/gqa_seq_scaling/tp16_hbm4_mesh2d_4x4_onering_qwen_gqa_tp16_fwd_bs64_sl65536.json,qwen,gqa_tp16_fwd,64,65536,16,,,,,mesh2d,4x4,onering,428486,336380,92106,,72.069,39.94,SUCCESS,2026-03-29 01:58:29
fab814d36822e0021c2446745112b75aef57a4dc38f64b73685bd6b2990bca05,tp16_hbm4_mesh2d_4x4_onering_qwen_gqa_tp16_fwd_bs64_sl8192,/home/haotian/waferchip/mesh2D/astra_sim_picasso/examples/run_scripts/analytical/congestion_aware/configs/gqa_seq_scaling/tp16_hbm4_mesh2d_4x4_onering_qwen_gqa_tp16_fwd_bs64_sl8192.json,qwen,gqa_tp16_fwd,64,8192,16,,,,,mesh2d,4x4,onering,86287,54520,31767,,78.461,31.012,SUCCESS,2026-03-29 01:58:30
67aef3d26bef850ace2666b3750e6fb1a59595b88c66ca4a13dfca845a4a03bb,tp16_hbm4_real_mesh2d_4x4_onering_qwen_gqa_baseline_fwd_bs64_sl1022,/home/haotian/waferchip/mesh2D/astra_sim_picasso/examples/run_scripts/analytical/congestion_aware/configs/gqa_seq_scaling/tp16_hbm4_real_mesh2d_4x4_onering_qwen_gqa_baseline_fwd_bs64_sl1022.json,onering,qwen_gqa_baseline_fwd,64,1022,16,,,,,real,mesh2d,4x4,41298,21821,19477,,93.235,8.658,SUCCESS,2026-03-29 01:58:32
bd2ea5090cc499dae154f21f7b644048e492e16441ce3993144b27c3036a1674,tp16_hbm4_real_mesh2d_4x4_onering_qwen_gqa_baseline_fwd_bs64_sl1023,/home/haotian/waferchip/mesh2D/astra_sim_picasso/examples/run_scripts/analytical/congestion_aware/configs/gqa_seq_scaling/tp16_hbm4_real_mesh2d_4x4_onering_qwen_gqa_baseline_fwd_bs64_sl1023.json,onering,qwen_gqa_baseline_fwd,64,1023,16,,,,,real,mesh2d,4x4,41304,21827,19477,,93.229,8.665,SUCCESS,2026-03-29 01:58:34
3fbb54714745f9efc9a58e8ad804262a15157fd97045c00f94c0e39d76a07c52,tp16_hbm4_real_mesh2d_4x4_onering_qwen_gqa_baseline_fwd_bs64_sl1024,/home/haotian/waferchip/mesh2D/astra_sim_picasso/examples/run_scripts/analytical/congestion_aware/configs/gqa_seq_scaling/tp16_hbm4_real_mesh2d_4x4_onering_qwen_gqa_baseline_fwd_bs64_sl1024.json,onering,qwen_gqa_baseline_fwd,64,1024,16,,,,,real,mesh2d,4x4,41310,21833,19477,,93.223,8.672,SUCCESS,2026-03-29 01:58:35
c52a6a9ca08ae82ea6b55e5128c85b2e6cd782655a460a7e75f9e4ee7d4d0f49,tp16_hbm4_real_mesh2d_4x4_onering_qwen_gqa_baseline_fwd_bs64_sl10240,/home/haotian/waferchip/mesh2D/astra_sim_picasso/examples/run_scripts/analytical/congestion_aware/configs/gqa_seq_scaling/tp16_hbm4_real_mesh2d_4x4_onering_qwen_gqa_baseline_fwd_bs64_sl10240.json,onering,qwen_gqa_baseline_fwd,64,10240,16,,,,,real,mesh2d,4x4,86606,67129,19477,,78.116,26.717,SUCCESS,2026-03-29 01:58:37
e25e86bc0e48e38755133738ea8d2073f9778778f760d1781cbdfa3ec579ea3b,tp16_hbm4_real_mesh2d_4x4_onering_qwen_gqa_baseline_fwd_bs64_sl11264,/home/haotian/waferchip/mesh2D/astra_sim_picasso/examples/run_scripts/analytical/congestion_aware/configs/gqa_seq_scaling/tp16_hbm4_real_mesh2d_4x4_onering_qwen_gqa_baseline_fwd_bs64_sl11264.json,onering,qwen_gqa_baseline_fwd,64,11264,16,,,,,real,mesh2d,4x4,91640,72163,19477,,77.608,27.324,SUCCESS,2026-03-29 01:58:38
f55735139236ae00bbd82b4d7a59ef8bb539a56ae313ed4e1b02149313db164c,tp16_hbm4_real_mesh2d_4x4_onering_qwen_gqa_baseline_fwd_bs64_sl12288,/home/haotian/waferchip/mesh2D/astra_sim_picasso/examples/run_scripts/analytical/congestion_aware/configs/gqa_seq_scaling/tp16_hbm4_real_mesh2d_4x4_onering_qwen_gqa_baseline_fwd_bs64_sl12288.json,onering,qwen_gqa_baseline_fwd,64,12288,16,,,,,real,mesh2d,4x4,96674,77197,19477,,77.167,27.852,SUCCESS,2026-03-29 01:58:40
0d511d9b063177111b52ccb6cd32b3ddb7dc389dfcc1b31964aa40669867b8ea,tp16_hbm4_real_mesh2d_4x4_onering_qwen_gqa_baseline_fwd_bs64_sl13312,/home/haotian/waferchip/mesh2D/astra_sim_picasso/examples/run_scripts/analytical/congestion_aware/configs/gqa_seq_scaling/tp16_hbm4_real_mesh2d_4x4_onering_qwen_gqa_baseline_fwd_bs64_sl13312.json,onering,qwen_gqa_baseline_fwd,64,13312,16,,,,,real,mesh2d,4x4,101706,82229,19477,,76.778,28.315,SUCCESS,2026-03-29 01:58:42
ce407b069d596b7aa099df02c633858b9b4990e2ce38ee9fd4f4cc0b16beb531,tp16_hbm4_real_mesh2d_4x4_onering_qwen_gqa_baseline_fwd_bs64_sl14336,/home/haotian/waferchip/mesh2D/astra_sim_picasso/examples/run_scripts/analytical/congestion_aware/configs/gqa_seq_scaling/tp16_hbm4_real_mesh2d_4x4_onering_qwen_gqa_baseline_fwd_bs64_sl14336.json,onering,qwen_gqa_baseline_fwd,64,14336,16,,,,,real,mesh2d,4x4,106740,87263,19477,,76.435,28.725,SUCCESS,2026-03-29 01:58:43
c5c5dbbc6f775e71ad21730ab48ac1cb840ee5a81e742bc5d18b370418928fc4,tp16_hbm4_real_mesh2d_4x4_onering_qwen_gqa_baseline_fwd_bs64_sl15360,/home/haotian/waferchip/mesh2D/astra_sim_picasso/examples/run_scripts/analytical/congestion_aware/configs/gqa_seq_scaling/tp16_hbm4_real_mesh2d_4x4_onering_qwen_gqa_baseline_fwd_bs64_sl15360.json,onering,qwen_gqa_baseline_fwd,64,15360,16,,,,,real,mesh2d,4x4,111774,92297,19477,,76.13,29.09,SUCCESS,2026-03-29 01:58:45
061459413fffc464ab7f69252f8a3f72efa8bf279c3a5c269fb6ab33d9fd2b53,tp16_hbm4_real_mesh2d_4x4_onering_qwen_gqa_baseline_fwd_bs64_sl2048,/home/haotian/waferchip/mesh2D/astra_sim_picasso/examples/run_scripts/analytical/congestion_aware/configs/gqa_seq_scaling/tp16_hbm4_real_mesh2d_4x4_onering_qwen_gqa_baseline_fwd_bs64_sl2048.json,onering,qwen_gqa_baseline_fwd,64,2048,16,,,,,real,mesh2d,4x4,46340,26863,19477,,89.033,13.678,SUCCESS,2026-03-29 01:58:46
c2909c20871ddd4383c0292cc8bcffafe92f623b144bbd664fc2036a24df21c1,tp16_hbm4_real_mesh2d_4x4_onering_qwen_gqa_baseline_fwd_bs64_sl3072,/home/haotian/waferchip/mesh2D/astra_sim_picasso/examples/run_scripts/analytical/congestion_aware/configs/gqa_seq_scaling/tp16_hbm4_real_mesh2d_4x4_onering_qwen_gqa_baseline_fwd_bs64_sl3072.json,onering,qwen_gqa_baseline_fwd,64,3072,16,,,,,real,mesh2d,4x4,51374,31897,19477,,86.161,17.108,SUCCESS,2026-03-29 01:58:48
68f27c9f4eaba66883bab49bf0e6a6b3cb16745ef2e38d4f5825f0897043e0ba,tp16_hbm4_real_mesh2d_4x4_onering_qwen_gqa_baseline_fwd_bs64_sl4096,/home/haotian/waferchip/mesh2D/astra_sim_picasso/examples/run_scripts/analytical/congestion_aware/configs/gqa_seq_scaling/tp16_hbm4_real_mesh2d_4x4_onering_qwen_gqa_baseline_fwd_bs64_sl4096.json,onering,qwen_gqa_baseline_fwd,64,4096,16,,,,,real,mesh2d,4x4,56408,36931,19477,,84.071,19.604,SUCCESS,2026-03-29 01:58:50
cbc18d04366e84f64b7fb6158b60e253848804a2a67d152b4bbd5f6d42f17bb5,tp16_hbm4_real_mesh2d_4x4_onering_qwen_gqa_baseline_fwd_bs64_sl5120,/home/haotian/waferchip/mesh2D/astra_sim_picasso/examples/run_scripts/analytical/congestion_aware/configs/gqa_seq_scaling/tp16_hbm4_real_mesh2d_4x4_onering_qwen_gqa_baseline_fwd_bs64_sl5120.json,onering,qwen_gqa_baseline_fwd,64,5120,16,,,,,real,mesh2d,4x4,61442,41965,19477,,82.483,21.501,SUCCESS,2026-03-29 01:58:51
43be11bd74e660f2859b3a27d0762b7026037a6ed2832f115ab288d6a0ff1695,tp16_hbm4_real_mesh2d_4x4_onering_qwen_gqa_baseline_fwd_bs64_sl6144,/home/haotian/waferchip/mesh2D/astra_sim_picasso/examples/run_scripts/analytical/congestion_aware/configs/gqa_seq_scaling/tp16_hbm4_real_mesh2d_4x4_onering_qwen_gqa_baseline_fwd_bs64_sl6144.json,onering,qwen_gqa_baseline_fwd,64,6144,16,,,,,real,mesh2d,4x4,66474,46997,19477,,81.235,22.992,SUCCESS,2026-03-29 01:58:53
f23dd62175af1e2e5d3bc2d87fe6ec91530d84eecb51e6ee5bc2e54b1dd9e7d5,tp16_hbm4_real_mesh2d_4x4_onering_qwen_gqa_baseline_fwd_bs64_sl65536,/home/haotian/waferchip/mesh2D/astra_sim_picasso/examples/run_scripts/analytical/congestion_aware/configs/gqa_seq_scaling/tp16_hbm4_real_mesh2d_4x4_onering_qwen_gqa_baseline_fwd_bs64_sl65536.json,onering,qwen_gqa_baseline_fwd,64,65536,16,,,,,real,mesh2d,4x4,358398,338921,19477,,72.276,33.694,SUCCESS,2026-03-29 01:58:54
18d175a6ef954155230cd7ed2132855a1d57b54e902a0f40e736edc43daee365,tp16_hbm4_real_mesh2d_4x4_onering_qwen_gqa_baseline_fwd_bs64_sl7168,/home/haotian/waferchip/mesh2D/astra_sim_picasso/examples/run_scripts/analytical/congestion_aware/configs/gqa_seq_scaling/tp16_hbm4_real_mesh2d_4x4_onering_qwen_gqa_baseline_fwd_bs64_sl7168.json,onering,qwen_gqa_baseline_fwd,64,7168,16,,,,,real,mesh2d,4x4,71508,52031,19477,,80.229,24.194,SUCCESS,2026-03-29 01:58:56
db63185ec8c7af9ed6c449d2cb6b9d4854551c599eac4dae9c22aae95580c6e7,tp16_hbm4_real_mesh2d_4x4_onering_qwen_gqa_baseline_fwd_bs64_sl8192,/home/haotian/waferchip/mesh2D/astra_sim_picasso/examples/run_scripts/analytical/congestion_aware/configs/gqa_seq_scaling/tp16_hbm4_real_mesh2d_4x4_onering_qwen_gqa_baseline_fwd_bs64_sl8192.json,onering,qwen_gqa_baseline_fwd,64,8192,16,,,,,real,mesh2d,4x4,76542,57065,19477,,79.4,25.184,SUCCESS,2026-03-29 01:58:58
ccfb986c365edb468b72ec0c453a18a2cecdd49c4e9c5cf6e417274cb7a5e76d,tp16_hbm4_real_mesh2d_4x4_onering_qwen_gqa_baseline_fwd_bs64_sl9216,/home/haotian/waferchip/mesh2D/astra_sim_picasso/examples/run_scripts/analytical/congestion_aware/configs/gqa_seq_scaling/tp16_hbm4_real_mesh2d_4x4_onering_qwen_gqa_baseline_fwd_bs64_sl9216.json,onering,qwen_gqa_baseline_fwd,64,9216,16,,,,,real,mesh2d,4x4,81576,62099,19477,,78.705,26.014,SUCCESS,2026-03-29 01:58:59
c5300dd572a2142ccd2be00bfbc39f3c951b024ae174c1fd7127ba12fce4d4af,tp16_hbm4_real_mesh2d_4x4_onering_qwen_gqa_hmp_fwd_bs64_sl1024,/home/haotian/waferchip/mesh2D/astra_sim_picasso/examples/run_scripts/analytical/congestion_aware/configs/gqa_seq_scaling/tp16_hbm4_real_mesh2d_4x4_onering_qwen_gqa_hmp_fwd_bs64_sl1024.json,onering,qwen_gqa_hmp_fwd,64,1024,16,,,,,real,mesh2d,4x4,42070,42070,,,96.359,4.935,SUCCESS,2026-03-29 01:58:59
e3c56c4d6d3aee5321cae299108b529f085eee7adac8b144527cce8e407f73e2,tp16_hbm4_real_mesh2d_4x4_onering_qwen_gqa_hmp_fwd_bs64_sl10240,/home/haotian/waferchip/mesh2D/astra_sim_picasso/examples/run_scripts/analytical/congestion_aware/configs/gqa_seq_scaling/tp16_hbm4_real_mesh2d_4x4_onering_qwen_gqa_hmp_fwd_bs64_sl10240.json,onering,qwen_gqa_hmp_fwd,64,10240,16,,,,,real,mesh2d,4x4,87366,87366,,,83.126,20.738,SUCCESS,2026-03-29 01:58:59
a42cab100486b099284152c6d5b2d1a0be427ad4cde316bd42c8ed15a6eb5c57,tp16_hbm4_real_mesh2d_4x4_onering_qwen_gqa_hmp_fwd_bs64_sl11264,/home/haotian/waferchip/mesh2D/astra_sim_picasso/examples/run_scripts/analytical/congestion_aware/configs/gqa_seq_scaling/tp16_hbm4_real_mesh2d_4x4_onering_qwen_gqa_hmp_fwd_bs64_sl11264.json,onering,qwen_gqa_hmp_fwd,64,11264,16,,,,,real,mesh2d,4x4,92400,92400,,,82.456,21.537,SUCCESS,2026-03-29 01:58:59
53704a8a64d0cf78b2e9380d13ab1b417d1205e960836b15b23f1f56a00e42bd,tp16_hbm4_real_mesh2d_4x4_onering_qwen_gqa_hmp_fwd_bs64_sl12288,/home/haotian/waferchip/mesh2D/astra_sim_picasso/examples/run_scripts/analytical/congestion_aware/configs/gqa_seq_scaling/tp16_hbm4_real_mesh2d_4x4_onering_qwen_gqa_hmp_fwd_bs64_sl12288.json,onering,qwen_gqa_hmp_fwd,64,12288,16,,,,,real,mesh2d,4x4,97434,97434,,,81.856,22.254,SUCCESS,2026-03-29 01:58:59
586c33463a57832714892f6769f3a2eab111d1ba1b8da77781e2bc7f0aae1824,tp16_hbm4_real_mesh2d_4x4_onering_qwen_gqa_hmp_fwd_bs64_sl13312,/home/haotian/waferchip/mesh2D/astra_sim_picasso/examples/run_scripts/analytical/congestion_aware/configs/gqa_seq_scaling/tp16_hbm4_real_mesh2d_4x4_onering_qwen_gqa_hmp_fwd_bs64_sl13312.json,onering,qwen_gqa_hmp_fwd,64,13312,16,,,,,real,mesh2d,4x4,102466,102466,,,81.314,22.901,SUCCESS,2026-03-29 01:58:59
11fa250a0ff4b99de9322f308645fe3bfeb469a578de63e3b65251e5de5552b3,tp16_hbm4_real_mesh2d_4x4_onering_qwen_gqa_hmp_fwd_bs64_sl14336,/home/haotian/waferchip/mesh2D/astra_sim_picasso/examples/run_scripts/analytical/congestion_aware/configs/gqa_seq_scaling/tp16_hbm4_real_mesh2d_4x4_onering_qwen_gqa_hmp_fwd_bs64_sl14336.json,onering,qwen_gqa_hmp_fwd,64,14336,16,,,,,real,mesh2d,4x4,107500,107500,,,80.823,23.488,SUCCESS,2026-03-29 01:58:59
1620aa472d4c1a38b33c45e7e8be9d5e18f36749162cf6e53bd674d263f1ce7b,tp16_hbm4_real_mesh2d_4x4_onering_qwen_gqa_hmp_fwd_bs64_sl15360,/home/haotian/waferchip/mesh2D/astra_sim_picasso/examples/run_scripts/analytical/congestion_aware/configs/gqa_seq_scaling/tp16_hbm4_real_mesh2d_4x4_onering_qwen_gqa_hmp_fwd_bs64_sl15360.json,onering,qwen_gqa_hmp_fwd,64,15360,16,,,,,real,mesh2d,4x4,112534,112534,,,80.376,24.021,SUCCESS,2026-03-29 01:58:59
7546133deab5b16d244ba15523eff50abd35b045ac004a257df86e71806f0942,tp16_hbm4_real_mesh2d_4x4_onering_qwen_gqa_hmp_fwd_bs64_sl2048,/home/haotian/waferchip/mesh2D/astra_sim_picasso/examples/run_scripts/analytical/congestion_aware/configs/gqa_seq_scaling/tp16_hbm4_real_mesh2d_4x4_onering_qwen_gqa_hmp_fwd_bs64_sl2048.json,onering,qwen_gqa_hmp_fwd,64,2048,16,,,,,real,mesh2d,4x4,47100,47100,,,93.634,8.189,SUCCESS,2026-03-29 01:58:59
b9be96608f3269f0a4cd56868ba4bcd4020775e7fe8140cfb7c1d3b899aa8dfd,tp16_hbm4_real_mesh2d_4x4_onering_qwen_gqa_hmp_fwd_bs64_sl3072,/home/haotian/waferchip/mesh2D/astra_sim_picasso/examples/run_scripts/analytical/congestion_aware/configs/gqa_seq_scaling/tp16_hbm4_real_mesh2d_4x4_onering_qwen_gqa_hmp_fwd_bs64_sl3072.json,onering,qwen_gqa_hmp_fwd,64,3072,16,,,,,real,mesh2d,4x4,52134,52134,,,91.433,10.818,SUCCESS,2026-03-29 01:59:00
234ddae2f54dbeda0c6aecd36827f87619ec2b04df4f208cc75dbf7f89374901,tp16_hbm4_real_mesh2d_4x4_onering_qwen_gqa_hmp_fwd_bs64_sl4096,/home/haotian/waferchip/mesh2D/astra_sim_picasso/examples/run_scripts/analytical/congestion_aware/configs/gqa_seq_scaling/tp16_hbm4_real_mesh2d_4x4_onering_qwen_gqa_hmp_fwd_bs64_sl4096.json,onering,qwen_gqa_hmp_fwd,64,4096,16,,,,,real,mesh2d,4x4,57168,57168,,,89.619,12.984,SUCCESS,2026-03-29 01:59:00
3f5184b6de20b669f5c24ccf258aeffa9d8520dcb5a17f2e095446745b8f7dcc,tp16_hbm4_real_mesh2d_4x4_onering_qwen_gqa_hmp_fwd_bs64_sl5120,/home/haotian/waferchip/mesh2D/astra_sim_picasso/examples/run_scripts/analytical/congestion_aware/configs/gqa_seq_scaling/tp16_hbm4_real_mesh2d_4x4_onering_qwen_gqa_hmp_fwd_bs64_sl5120.json,onering,qwen_gqa_hmp_fwd,64,5120,16,,,,,real,mesh2d,4x4,62202,62202,,,88.099,14.799,SUCCESS,2026-03-29 01:59:00
9e0a163bd9a0f63ad4947546b64b33043131da8b1894d73268441d595f335013,tp16_hbm4_real_mesh2d_4x4_onering_qwen_gqa_hmp_fwd_bs64_sl6144,/home/haotian/waferchip/mesh2D/astra_sim_picasso/examples/run_scripts/analytical/congestion_aware/configs/gqa_seq_scaling/tp16_hbm4_real_mesh2d_4x4_onering_qwen_gqa_hmp_fwd_bs64_sl6144.json,onering,qwen_gqa_hmp_fwd,64,6144,16,,,,,real,mesh2d,4x4,67234,67234,,,86.806,16.343,SUCCESS,2026-03-29 01:59:00
22e086222b46f992027136ee360bac3f5a21461679283c5dabf6b8551cf29edb,tp16_hbm4_real_mesh2d_4x4_onering_qwen_gqa_hmp_fwd_bs64_sl65536,/home/haotian/waferchip/mesh2D/astra_sim_picasso/examples/run_scripts/analytical/congestion_aware/configs/gqa_seq_scaling/tp16_hbm4_real_mesh2d_4x4_onering_qwen_gqa_hmp_fwd_bs64_sl65536.json,onering,qwen_gqa_hmp_fwd,64,65536,16,,,,,real,mesh2d,4x4,359158,359158,,,73.823,31.846,SUCCESS,2026-03-29 01:59:00
6ce2c2df4cb0a34cb265fd59b88674873f6b85d15b90907bb6734b764b3bdf97,tp16_hbm4_real_mesh2d_4x4_onering_qwen_gqa_hmp_fwd_bs64_sl7168,/home/haotian/waferchip/mesh2D/astra_sim_picasso/examples/run_scripts/analytical/congestion_aware/configs/gqa_seq_scaling/tp16_hbm4_real_mesh2d_4x4_onering_qwen_gqa_hmp_fwd_bs64_sl7168.json,onering,qwen_gqa_hmp_fwd,64,7168,16,,,,,real,mesh2d,4x4,72268,72268,,,85.693,17.672,SUCCESS,2026-03-29 01:59:00
f2e02262b6b5bec8e997e28a24dc8d1856cb34c16a1c632e5bd9ee40bf9d8e42,tp16_hbm4_real_mesh2d_4x4_onering_qwen_gqa_hmp_fwd_bs64_sl8192,/home/haotian/waferchip/mesh2D/astra_sim_picasso/examples/run_scripts/analytical/congestion_aware/configs/gqa_seq_scaling/tp16_hbm4_real_mesh2d_4x4_onering_qwen_gqa_hmp_fwd_bs64_sl8192.json,onering,qwen_gqa_hmp_fwd,64,8192,16,,,,,real,mesh2d,4x4,77302,77302,,,84.725,18.827,SUCCESS,2026-03-29 01:59:00
6a089f05dbf752c9bb1a80ae8eebb868d882109b5e0408c4b828943a9ca22c57,tp16_hbm4_real_mesh2d_4x4_onering_qwen_gqa_hmp_fwd_bs64_sl9216,/home/haotian/waferchip/mesh2D/astra_sim_picasso/examples/run_scripts/analytical/congestion_aware/configs/gqa_seq_scaling/tp16_hbm4_real_mesh2d_4x4_onering_qwen_gqa_hmp_fwd_bs64_sl9216.json,onering,qwen_gqa_hmp_fwd,64,9216,16,,,,,real,mesh2d,4x4,82336,82336,,,83.876,19.842,SUCCESS,2026-03-29 01:59:00
0be021edf46ed150efd39ef7c56d4330a414a97a43b7b4b5364d2f2ba90afd59,tp16_hbm4_real_mesh2d_4x4_onering_qwen_gqa_tp16_fwd_bs64_sl1024,/home/haotian/waferchip/mesh2D/astra_sim_picasso/examples/run_scripts/analytical/congestion_aware/configs/gqa_seq_scaling/tp16_hbm4_real_mesh2d_4x4_onering_qwen_gqa_tp16_fwd_bs64_sl1024.json,onering,qwen_gqa_tp16_fwd,64,1024,16,,,,,real,mesh2d,4x4,43801,19288,24513,,92.392,11.55,SUCCESS,2026-03-29 01:59:02
3e08a169e76899539644c3ef81a7ea351e0c3016fb22c3333aba64ae07047a5c,tp16_hbm4_real_mesh2d_4x4_onering_qwen_gqa_tp16_fwd_bs64_sl10240,/home/haotian/waferchip/mesh2D/astra_sim_picasso/examples/run_scripts/analytical/congestion_aware/configs/gqa_seq_scaling/tp16_hbm4_real_mesh2d_4x4_onering_qwen_gqa_tp16_fwd_bs64_sl10240.json,onering,qwen_gqa_tp16_fwd,64,10240,16,,,,,real,mesh2d,4x4,98386,64588,33798,,77.272,32.673,SUCCESS,2026-03-29 01:59:04
89b087816f78da858b7ce3d3aa0e9f3a8fd7ea681f7fe9c4c2d3887c37c3ac0f,tp16_hbm4_real_mesh2d_4x4_onering_qwen_gqa_tp16_fwd_bs64_sl11264,/home/haotian/waferchip/mesh2D/astra_sim_picasso/examples/run_scripts/analytical/congestion_aware/configs/gqa_seq_scaling/tp16_hbm4_real_mesh2d_4x4_onering_qwen_gqa_tp16_fwd_bs64_sl11264.json,onering,qwen_gqa_tp16_fwd,64,11264,16,,,,,real,mesh2d,4x4,104433,69620,34813,,76.805,33.324,SUCCESS,2026-03-29 01:59:06
0cff1ca93b46337a6eb169eca0f513944d90625bff1353ba6cc87edf6e323023,tp16_hbm4_real_mesh2d_4x4_onering_qwen_gqa_tp16_fwd_bs64_sl12288,/home/haotian/waferchip/mesh2D/astra_sim_picasso/examples/run_scripts/analytical/congestion_aware/configs/gqa_seq_scaling/tp16_hbm4_real_mesh2d_4x4_onering_qwen_gqa_tp16_fwd_bs64_sl12288.json,onering,qwen_gqa_tp16_fwd,64,12288,16,,,,,real,mesh2d,4x4,110483,74654,35829,,76.403,33.886,SUCCESS,2026-03-29 01:59:07
b7cd400138f82a214595117c902e4e0bc9beaba0e7772423ef350c6bbd3df61b,tp16_hbm4_real_mesh2d_4x4_onering_qwen_gqa_tp16_fwd_bs64_sl13312,/home/haotian/waferchip/mesh2D/astra_sim_picasso/examples/run_scripts/analytical/congestion_aware/configs/gqa_seq_scaling/tp16_hbm4_real_mesh2d_4x4_onering_qwen_gqa_tp16_fwd_bs64_sl13312.json,onering,qwen_gqa_tp16_fwd,64,13312,16,,,,,real,mesh2d,4x4,116605,79688,36917,,76.051,34.378,SUCCESS,2026-03-29 01:59:09
4a115da2ad539afac462002163ae3ef39ecc99f31a5a4959879ccda5aa249a28,tp16_hbm4_real_mesh2d_4x4_onering_qwen_gqa_tp16_fwd_bs64_sl14336,/home/haotian/waferchip/mesh2D/astra_sim_picasso/examples/run_scripts/analytical/congestion_aware/configs/gqa_seq_scaling/tp16_hbm4_real_mesh2d_4x4_onering_qwen_gqa_tp16_fwd_bs64_sl14336.json,onering,qwen_gqa_tp16_fwd,64,14336,16,,,,,real,mesh2d,4x4,122582,84722,37860,,75.741,34.811,SUCCESS,2026-03-29 01:59:11
39cbeefeedb6d18bb6db5cf9a887e5cd1528cb32368c550443e029f3a74bdd88,tp16_hbm4_real_mesh2d_4x4_onering_qwen_gqa_tp16_fwd_bs64_sl15360,/home/haotian/waferchip/mesh2D/astra_sim_picasso/examples/run_scripts/analytical/congestion_aware/configs/gqa_seq_scaling/tp16_hbm4_real_mesh2d_4x4_onering_qwen_gqa_tp16_fwd_bs64_sl15360.json,onering,qwen_gqa_tp16_fwd,64,15360,16,,,,,real,mesh2d,4x4,128712,89752,38960,,75.467,35.194,SUCCESS,2026-03-29 01:59:13
3261472f002bd678bf833289f34117e433c7676d8b890a70536c7c14f98396d4,tp16_hbm4_real_mesh2d_4x4_onering_qwen_gqa_tp16_fwd_bs64_sl2048,/home/haotian/waferchip/mesh2D/astra_sim_picasso/examples/run_scripts/analytical/congestion_aware/configs/gqa_seq_scaling/tp16_hbm4_real_mesh2d_4x4_onering_qwen_gqa_tp16_fwd_bs64_sl2048.json,onering,qwen_gqa_tp16_fwd,64,2048,16,,,,,real,mesh2d,4x4,49923,24322,25601,,87.93,17.783,SUCCESS,2026-03-29 01:59:15
7f2a5e37c435b5c6b9b662c89ac25e460004846839f97fcf4346f440bfc2c138,tp16_hbm4_real_mesh2d_4x4_onering_qwen_gqa_tp16_fwd_bs64_sl3072,/home/haotian/waferchip/mesh2D/astra_sim_picasso/examples/run_scripts/analytical/congestion_aware/configs/gqa_seq_scaling/tp16_hbm4_real_mesh2d_4x4_onering_qwen_gqa_tp16_fwd_bs64_sl3072.json,onering,qwen_gqa_tp16_fwd,64,3072,16,,,,,real,mesh2d,4x4,55900,29356,26544,,84.998,21.879,SUCCESS,2026-03-29 01:59:17
14299f2baf023f8b800be0f196501ce90a672055e353ecae6a73e3e97d75f631,tp16_hbm4_real_mesh2d_4x4_onering_qwen_gqa_tp16_fwd_bs64_sl4096,/home/haotian/waferchip/mesh2D/astra_sim_picasso/examples/run_scripts/analytical/congestion_aware/configs/gqa_seq_scaling/tp16_hbm4_real_mesh2d_4x4_onering_qwen_gqa_tp16_fwd_bs64_sl4096.json,onering,qwen_gqa_tp16_fwd,64,4096,16,,,,,real,mesh2d,4x4,62020,34388,27632,,82.924,24.776,SUCCESS,2026-03-29 01:59:19
b05584689faa3e4c3fecdc4469aade01ce8ae76fc64cdbc226f4a60fc7d0c3f1,tp16_hbm4_real_mesh2d_4x4_onering_qwen_gqa_tp16_fwd_bs64_sl5120,/home/haotian/waferchip/mesh2D/astra_sim_picasso/examples/run_scripts/analytical/congestion_aware/configs/gqa_seq_scaling/tp16_hbm4_real_mesh2d_4x4_onering_qwen_gqa_tp16_fwd_bs64_sl5120.json,onering,qwen_gqa_tp16_fwd,64,5120,16,,,,,real,mesh2d,4x4,68070,39422,28648,,81.38,26.933,SUCCESS,2026-03-29 01:59:21
ffc62f7face5e0e7e6e1a4e90aec2135c11dea901ba391592e2e0c839366a326,tp16_hbm4_real_mesh2d_4x4_onering_qwen_gqa_tp16_fwd_bs64_sl6144,/home/haotian/waferchip/mesh2D/astra_sim_picasso/examples/run_scripts/analytical/congestion_aware/configs/gqa_seq_scaling/tp16_hbm4_real_mesh2d_4x4_onering_qwen_gqa_tp16_fwd_bs64_sl6144.json,onering,qwen_gqa_tp16_fwd,64,6144,16,,,,,real,mesh2d,4x4,74119,44456,29663,,80.186,28.601,SUCCESS,2026-03-29 01:59:22
afe07da16ff52a3cea4c1ddacd2b0810e858ab2367a420971fc1e67c66f0daa2,tp16_hbm4_real_mesh2d_4x4_onering_qwen_gqa_tp16_fwd_bs64_sl65536,/home/haotian/waferchip/mesh2D/astra_sim_picasso/examples/run_scripts/analytical/congestion_aware/configs/gqa_seq_scaling/tp16_hbm4_real_mesh2d_4x4_onering_qwen_gqa_tp16_fwd_bs64_sl65536.json,onering,qwen_gqa_tp16_fwd,64,65536,16,,,,,real,mesh2d,4x4,428486,336380,92106,,72.069,39.94,SUCCESS,2026-03-29 01:59:24
7e0476528a27ad3fb3afece2137d65d3643e07dc21e29811d44bdb48d12ceb8a,tp16_hbm4_real_mesh2d_4x4_onering_qwen_gqa_tp16_fwd_bs64_sl7168,/home/haotian/waferchip/mesh2D/astra_sim_picasso/examples/run_scripts/analytical/congestion_aware/configs/gqa_seq_scaling/tp16_hbm4_real_mesh2d_4x4_onering_qwen_gqa_tp16_fwd_bs64_sl7168.json,onering,qwen_gqa_tp16_fwd,64,7168,16,,,,,real,mesh2d,4x4,80169,49490,30679,,79.235,29.93,SUCCESS,2026-03-29 01:59:26
6274d80d39710ca98fca585d0c5d089606a2679dcfbac0a351758ac01aa285ac,tp16_hbm4_real_mesh2d_4x4_onering_qwen_gqa_tp16_fwd_bs64_sl8192,/home/haotian/waferchip/mesh2D/astra_sim_picasso/examples/run_scripts/analytical/congestion_aware/configs/gqa_seq_scaling/tp16_hbm4_real_mesh2d_4x4_onering_qwen_gqa_tp16_fwd_bs64_sl8192.json,onering,qwen_gqa_tp16_fwd,64,8192,16,,,,,real,mesh2d,4x4,86287,54520,31767,,78.461,31.012,SUCCESS,2026-03-29 01:59:28
b3c02f8679d15149adc9b795e81f04758d25217534c5860134fd073520e6cc48,tp16_hbm4_real_mesh2d_4x4_onering_qwen_gqa_tp16_fwd_bs64_sl9216,/home/haotian/waferchip/mesh2D/astra_sim_picasso/examples/run_scripts/analytical/congestion_aware/configs/gqa_seq_scaling/tp16_hbm4_real_mesh2d_4x4_onering_qwen_gqa_tp16_fwd_bs64_sl9216.json,onering,qwen_gqa_tp16_fwd,64,9216,16,,,,,real,mesh2d,4x4,92264,59554,32710,,77.816,31.912,SUCCESS,2026-03-29 01:59:30
5fe784bed6eafe322a996fca30771105e01bccb2d66f2dc7247ad5e00ffee7ea,tp16_hbm4_ring_mesh2d_4x4_onering_qwen_gqa_tp16_fwd_bs64_sl1024,/home/haotian/waferchip/mesh2D/astra_sim_picasso/examples/run_scripts/analytical/congestion_aware/configs/gqa_seq_scaling/tp16_hbm4_ring_mesh2d_4x4_onering_qwen_gqa_tp16_fwd_bs64_sl1024.json,onering,qwen_gqa_tp16_fwd,64,1024,16,,,,,ring,mesh2d,4x4,68761,19288,49473,,92.392,11.55,SUCCESS,2026-03-29 01:59:30
cce334c97d561b4a778fa72065f283a8c88c157de02531ee5300a3a560fb7265,tp16_hbm4_ring_mesh2d_4x4_onering_qwen_gqa_tp16_fwd_bs64_sl16384,/home/haotian/waferchip/mesh2D/astra_sim_picasso/examples/run_scripts/analytical/congestion_aware/configs/gqa_seq_scaling/tp16_hbm4_ring_mesh2d_4x4_onering_qwen_gqa_tp16_fwd_bs64_sl16384.json,onering,qwen_gqa_tp16_fwd,64,16384,16,,,,,ring,mesh2d,4x4,176884,94786,82098,,75.22,35.538,SUCCESS,2026-03-29 01:59:30
0301622519e17e39d719638d353e4373270ae43d72327db1ff05a3e266660457,tp16_hbm4_ring_mesh2d_4x4_onering_qwen_gqa_tp16_fwd_bs64_sl2048,/home/haotian/waferchip/mesh2D/astra_sim_picasso/examples/run_scripts/analytical/congestion_aware/configs/gqa_seq_scaling/tp16_hbm4_ring_mesh2d_4x4_onering_qwen_gqa_tp16_fwd_bs64_sl2048.json,onering,qwen_gqa_tp16_fwd,64,2048,16,,,,,ring,mesh2d,4x4,75843,24322,51521,,87.93,17.783,SUCCESS,2026-03-29 01:59:30
d2c73bf8301542dfd7e9c5a753b2c430fac082e664c50a321aaa079125a515a2,tp16_hbm4_ring_mesh2d_4x4_onering_qwen_gqa_tp16_fwd_bs64_sl32768,/home/haotian/waferchip/mesh2D/astra_sim_picasso/examples/run_scripts/analytical/congestion_aware/configs/gqa_seq_scaling/tp16_hbm4_ring_mesh2d_4x4_onering_qwen_gqa_tp16_fwd_bs64_sl32768.json,onering,qwen_gqa_tp16_fwd,64,32768,16,,,,,ring,mesh2d,4x4,308896,175318,133578,,73.205,38.353,SUCCESS,2026-03-29 01:59:30
e014143e2f4213953bb4292d614a221606e51444bf36866ce1db03443fb978e7,tp16_hbm4_ring_mesh2d_4x4_onering_qwen_gqa_tp16_fwd_bs64_sl4096,/home/haotian/waferchip/mesh2D/astra_sim_picasso/examples/run_scripts/analytical/congestion_aware/configs/gqa_seq_scaling/tp16_hbm4_ring_mesh2d_4x4_onering_qwen_gqa_tp16_fwd_bs64_sl4096.json,onering,qwen_gqa_tp16_fwd,64,4096,16,,,,,ring,mesh2d,4x4,89740,34388,55352,,82.924,24.776,SUCCESS,2026-03-29 01:59:30
894192ad087c5bea7e9518f3f2fe4c7dd8769bd892a83fa8cf859170eeb74660,tp16_hbm4_ring_mesh2d_4x4_onering_qwen_gqa_tp16_fwd_bs64_sl65536,/home/haotian/waferchip/mesh2D/astra_sim_picasso/examples/run_scripts/analytical/congestion_aware/configs/gqa_seq_scaling/tp16_hbm4_ring_mesh2d_4x4_onering_qwen_gqa_tp16_fwd_bs64_sl65536.json,onering,qwen_gqa_tp16_fwd,64,65536,16,,,,,ring,mesh2d,4x4,572918,336380,236538,,72.069,39.94,SUCCESS,2026-03-29 01:59:30
060f5b05bedb6a679719f609cf4ca73f1ac7f45e89d92905d3d141d825f76845,tp16_hbm4_ring_mesh2d_4x4_onering_qwen_gqa_tp16_fwd_bs64_sl8192,/home/haotian/waferchip/mesh2D/astra_sim_picasso/examples/run_scripts/analytical/congestion_aware/configs/gqa_seq_scaling/tp16_hbm4_ring_mesh2d_4x4_onering_qwen_gqa_tp16_fwd_bs64_sl8192.json,onering,qwen_gqa_tp16_fwd,64,8192,16,,,,,ring,mesh2d,4x4,117727,54520,63207,,78.461,31.012,SUCCESS,2026-03-29 01:59:30
cc1d8225030a10d8ba2f2d110fbcb5f039f68cf331b2e3335a7fb18e55851478,tp16_hbm4_ring_real_mesh2d_4x4_onering_qwen_gqa_tp16_fwd_bs64_sl1024,/home/haotian/waferchip/mesh2D/astra_sim_picasso/examples/run_scripts/analytical/congestion_aware/configs/gqa_seq_scaling/tp16_hbm4_ring_real_mesh2d_4x4_onering_qwen_gqa_tp16_fwd_bs64_sl1024.json,4x4,onering_qwen_gqa_tp16_fwd,64,1024,16,,,,,ring,real,mesh2d,68761,19288,49473,,92.392,11.55,SUCCESS,2026-03-29 01:59:30
ac0121897f6a90a52cdfc8b7c1509200ebe8f356d3e5abe89ec2819f8541b6de,tp16_hbm4_ring_real_mesh2d_4x4_onering_qwen_gqa_tp16_fwd_bs64_sl10240,/home/haotian/waferchip/mesh2D/astra_sim_picasso/examples/run_scripts/analytical/congestion_aware/configs/gqa_seq_scaling/tp16_hbm4_ring_real_mesh2d_4x4_onering_qwen_gqa_tp16_fwd_bs64_sl10240.json,4x4,onering_qwen_gqa_tp16_fwd,64,10240,16,,,,,ring,real,mesh2d,131626,64588,67038,,77.272,32.673,SUCCESS,2026-03-29 01:59:30
6ac74589e7773cc3f141a88bd688791534056abe8fa287b3b5e700cd878c18a3,tp16_hbm4_ring_real_mesh2d_4x4_onering_qwen_gqa_tp16_fwd_bs64_sl11264,/home/haotian/waferchip/mesh2D/astra_sim_picasso/examples/run_scripts/analytical/congestion_aware/configs/gqa_seq_scaling/tp16_hbm4_ring_real_mesh2d_4x4_onering_qwen_gqa_tp16_fwd_bs64_sl11264.json,4x4,onering_qwen_gqa_tp16_fwd,64,11264,16,,,,,ring,real,mesh2d,138513,69620,68893,,76.805,33.324,SUCCESS,2026-03-29 01:59:31
d54ea538aef1e2c3beb7f90ea8d5b2ad37230ac869c27b68c6b8ab9aaab710ac,tp16_hbm4_ring_real_mesh2d_4x4_onering_qwen_gqa_tp16_fwd_bs64_sl12288,/home/haotian/waferchip/mesh2D/astra_sim_picasso/examples/run_scripts/analytical/congestion_aware/configs/gqa_seq_scaling/tp16_hbm4_ring_real_mesh2d_4x4_onering_qwen_gqa_tp16_fwd_bs64_sl12288.json,4x4,onering_qwen_gqa_tp16_fwd,64,12288,16,,,,,ring,real,mesh2d,145523,74654,70869,,76.403,33.886,SUCCESS,2026-03-29 01:59:31
cd13913879420e6ff4960dd02929186c055b10bcac98825122e172770922e913,tp16_hbm4_ring_real_mesh2d_4x4_onering_qwen_gqa_tp16_fwd_bs64_sl13312,/home/haotian/waferchip/mesh2D/astra_sim_picasso/examples/run_scripts/analytical/congestion_aware/configs/gqa_seq_scaling/tp16_hbm4_ring_real_mesh2d_4x4_onering_qwen_gqa_tp16_fwd_bs64_sl13312.json,4x4,onering_qwen_gqa_tp16_fwd,64,13312,16,,,,,ring,real,mesh2d,152605,79688,72917,,76.051,34.378,SUCCESS,2026-03-29 01:59:31
43bc1ec775eb881c3e6373de0a66c80e9ac11bb57e8890fcb5f7ac09d09299de,tp16_hbm4_ring_real_mesh2d_4x4_onering_qwen_gqa_tp16_fwd_bs64_sl14336,/home/haotian/waferchip/mesh2D/astra_sim_picasso/examples/run_scripts/analytical/congestion_aware/configs/gqa_seq_scaling/tp16_hbm4_ring_real_mesh2d_4x4_onering_qwen_gqa_tp16_fwd_bs64_sl14336.json,4x4,onering_qwen_gqa_tp16_fwd,64,14336,16,,,,,ring,real,mesh2d,160286,84722,75564,,75.741,34.811,SUCCESS,2026-03-29 01:59:31
e9d652dfa74efa7dcb5f754262ea247757c234fe4349ab6bdfb9d54311461452,tp16_hbm4_ring_real_mesh2d_4x4_onering_qwen_gqa_tp16_fwd_bs64_sl15360,/home/haotian/waferchip/mesh2D/astra_sim_picasso/examples/run_scripts/analytical/congestion_aware/configs/gqa_seq_scaling/tp16_hbm4_ring_real_mesh2d_4x4_onering_qwen_gqa_tp16_fwd_bs64_sl15360.json,4x4,onering_qwen_gqa_tp16_fwd,64,15360,16,,,,,ring,real,mesh2d,168580,89752,78828,,75.467,35.194,SUCCESS,2026-03-29 01:59:31
0178f6bcb52d24daa3d57114fecdd4a46e03aab7bb6f2903c53a601f82692bf9,tp16_hbm4_ring_real_mesh2d_4x4_onering_qwen_gqa_tp16_fwd_bs64_sl2048,/home/haotian/waferchip/mesh2D/astra_sim_picasso/examples/run_scripts/analytical/congestion_aware/configs/gqa_seq_scaling/tp16_hbm4_ring_real_mesh2d_4x4_onering_qwen_gqa_tp16_fwd_bs64_sl2048.json,4x4,onering_qwen_gqa_tp16_fwd,64,2048,16,,,,,ring,real,mesh2d,75843,24322,51521,,87.93,17.783,SUCCESS,2026-03-29 01:59:31
72c533c047a59069ddb2c9490516d0cd3addd645b5116d30157b3553fca31c05,tp16_hbm4_ring_real_mesh2d_4x4_onering_qwen_gqa_tp16_fwd_bs64_sl3072,/home/haotian/waferchip/mesh2D/astra_sim_picasso/examples/run_scripts/analytical/congestion_aware/configs/gqa_seq_scaling/tp16_hbm4_ring_real_mesh2d_4x4_onering_qwen_gqa_tp16_fwd_bs64_sl3072.json,4x4,onering_qwen_gqa_tp16_fwd,64,3072,16,,,,,ring,real,mesh2d,82660,29356,53304,,84.998,21.879,SUCCESS,2026-03-29 01:59:31
e1c7d5a93f5948249120dc2976d03bf3de5ff60cfda06d86f6570839450e9148,tp16_hbm4_ring_real_mesh2d_4x4_onering_qwen_gqa_tp16_fwd_bs64_sl4096,/home/haotian/waferchip/mesh2D/astra_sim_picasso/examples/run_scripts/analytical/congestion_aware/configs/gqa_seq_scaling/tp16_hbm4_ring_real_mesh2d_4x4_onering_qwen_gqa_tp16_fwd_bs64_sl4096.json,4x4,onering_qwen_gqa_tp16_fwd,64,4096,16,,,,,ring,real,mesh2d,89740,34388,55352,,82.924,24.776,SUCCESS,2026-03-29 01:59:31
19ed178db9ceaf78ac9c486d6b08aae0d4728dab37ba841cb19e4cedc07d37fd,tp16_hbm4_ring_real_mesh2d_4x4_onering_qwen_gqa_tp16_fwd_bs64_sl5120,/home/haotian/waferchip/mesh2D/astra_sim_picasso/examples/run_scripts/analytical/congestion_aware/configs/gqa_seq_scaling/tp16_hbm4_ring_real_mesh2d_4x4_onering_qwen_gqa_tp16_fwd_bs64_sl5120.json,4x4,onering_qwen_gqa_tp16_fwd,64,5120,16,,,,,ring,real,mesh2d,96750,39422,57328,,81.38,26.933,SUCCESS,2026-03-29 01:59:31
0ec9fe6c587c5b3784bd7024665b549635dbd2673f64797cb402e7c78afe4a13,tp16_hbm4_ring_real_mesh2d_4x4_onering_qwen_gqa_tp16_fwd_bs64_sl6144,/home/haotian/waferchip/mesh2D/astra_sim_picasso/examples/run_scripts/analytical/congestion_aware/configs/gqa_seq_scaling/tp16_hbm4_ring_real_mesh2d_4x4_onering_qwen_gqa_tp16_fwd_bs64_sl6144.json,4x4,onering_qwen_gqa_tp16_fwd,64,6144,16,,,,,ring,real,mesh2d,103639,44456,59183,,80.186,28.601,SUCCESS,2026-03-29 01:59:31
ac335e4ceff6d4935c9b284e9984bccd27e5e1d1dbf04da87293087e6543fe0c,tp16_hbm4_ring_real_mesh2d_4x4_onering_qwen_gqa_tp16_fwd_bs64_sl65536,/home/haotian/waferchip/mesh2D/astra_sim_picasso/examples/run_scripts/analytical/congestion_aware/configs/gqa_seq_scaling/tp16_hbm4_ring_real_mesh2d_4x4_onering_qwen_gqa_tp16_fwd_bs64_sl65536.json,4x4,onering_qwen_gqa_tp16_fwd,64,65536,16,,,,,ring,real,mesh2d,572918,336380,236538,,72.069,39.94,SUCCESS,2026-03-29 01:59:31
3a11ece67196065231a795f29774b1db903486b9faa0194a02887879e5a6fd53,tp16_hbm4_ring_real_mesh2d_4x4_onering_qwen_gqa_tp16_fwd_bs64_sl7168,/home/haotian/waferchip/mesh2D/astra_sim_picasso/examples/run_scripts/analytical/congestion_aware/configs/gqa_seq_scaling/tp16_hbm4_ring_real_mesh2d_4x4_onering_qwen_gqa_tp16_fwd_bs64_sl7168.json,4x4,onering_qwen_gqa_tp16_fwd,64,7168,16,,,,,ring,real,mesh2d,110649,49490,61159,,79.235,29.93,SUCCESS,2026-03-29 01:59:31
0220219989e4ddd0932030ce089b5732f464662098179ee340b3677e70f4a8de,tp16_hbm4_ring_real_mesh2d_4x4_onering_qwen_gqa_tp16_fwd_bs64_sl8192,/home/haotian/waferchip/mesh2D/astra_sim_picasso/examples/run_scripts/analytical/congestion_aware/configs/gqa_seq_scaling/tp16_hbm4_ring_real_mesh2d_4x4_onering_qwen_gqa_tp16_fwd_bs64_sl8192.json,4x4,onering_qwen_gqa_tp16_fwd,64,8192,16,,,,,ring,real,mesh2d,117727,54520,63207,,78.461,31.012,SUCCESS,2026-03-29 01:59:31
d449b8e6a3687999e8dee0a7324c6a3e77a663b985b4286bc98e718f41e9a419,tp16_hbm4_ring_real_mesh2d_4x4_onering_qwen_gqa_tp16_fwd_bs64_sl9216,/home/haotian/waferchip/mesh2D/astra_sim_picasso/examples/run_scripts/analytical/congestion_aware/configs/gqa_seq_scaling/tp16_hbm4_ring_real_mesh2d_4x4_onering_qwen_gqa_tp16_fwd_bs64_sl9216.json,4x4,onering_qwen_gqa_tp16_fwd,64,9216,16,,,,,ring,real,mesh2d,124544,59554,64990,,77.816,31.912,SUCCESS,2026-03-29 01:59:31
